date,open,close
1990-12-19,96.05,99.98
1990-12-20,104.3,104.39
1990-12-21,109.07,109.13
1990-12-24,113.57,114.55
1990-12-25,120.09,120.25
1990-12-26,125.27,125.27
1990-12-27,125.27,125.28
1990-12-28,126.39,126.45
1990-12-31,126.56,127.61
1991-01-02,127.61,128.84
1991-01-03,128.84,130.14
1991-01-04,131.27,131.44
1991-01-07,131.99,132.06
1991-01-08,132.62,132.68
1991-01-09,133.3,133.34
1991-01-10,133.93,133.97
1991-01-11,134.61,134.6
1991-01-14,134.11,134.67
1991-01-15,134.21,134.74
1991-01-16,134.19,134.24
1991-01-17,133.67,134.25
1991-01-18,133.7,134.24
1991-01-21,133.7,134.24
1991-01-22,133.72,133.72
1991-01-23,133.17,133.17
1991-01-24,132.61,132.61
1991-01-25,132.05,132.05
1991-01-28,131.46,131.46
1991-01-29,130.95,130.95
1991-01-30,130.44,130.44
1991-01-31,129.93,129.97
1991-02-01,129.5,129.51
1991-02-04,129.05,129.05
1991-02-05,128.56,128.58
1991-02-06,129.13,129.14
1991-02-07,129.74,129.79
1991-02-08,130.36,130.38
1991-02-11,130.92,130.97
1991-02-12,131.54,131.35
1991-02-13,131.93,131.92
1991-02-14,132.53,132.53
1991-02-19,133.12,133.13
1991-02-20,133.63,133.67
1991-02-21,134.24,134.28
1991-02-22,134.85,134.87
1991-02-25,134.37,134.4
1991-02-26,133.9,133.93
1991-02-27,133.44,133.47
1991-02-28,132.99,133.01
1991-03-01,132.53,132.53
1991-03-04,132.09,131.99
1991-03-05,131.42,131.46
1991-03-06,130.89,130.94
1991-03-07,130.41,130.41
1991-03-08,129.84,129.89
1991-03-11,129.3,129.31
1991-03-12,128.73,128.77
1991-03-13,126.13,126.15
1991-03-14,125.61,125.63
1991-03-15,125.08,125.17
1991-03-18,124.7,124.71
1991-03-19,124.23,124.22
1991-03-20,123.66,123.66
1991-03-21,123.14,123.12
1991-03-22,122.62,122.62
1991-03-25,122.12,122.12
1991-03-26,121.62,121.62
1991-03-27,121.12,121.12
1991-03-28,120.65,120.61
1991-03-29,120.16,120.19
1991-04-01,120.69,120.73
1991-04-02,121.21,121.21
1991-04-03,121.71,121.71
1991-04-04,122.2,121.72
1991-04-05,121.07,121.54
1991-04-08,121.11,121.09
1991-04-09,120.6,120.62
1991-04-10,120.15,120.16
1991-04-11,119.64,119.64
1991-04-12,119.2,119.21
1991-04-15,118.73,118.77
1991-04-16,118.36,118.34
1991-04-17,117.92,117.9
1991-04-18,117.45,117.45
1991-04-19,117.08,117.08
1991-04-22,116.63,116.63
1991-04-23,116.21,116.19
1991-04-24,115.7,115.79
1991-04-25,115.38,115.36
1991-04-26,116.31,115.56
1991-04-29,114.86,114.75
1991-04-30,113.89,113.94
1991-05-02,113.04,113.16
1991-05-03,112.46,112.41
1991-05-06,111.65,111.61
1991-05-07,110.8,110.82
1991-05-08,110.16,110.03
1991-05-09,109.36,109.29
1991-05-10,108.61,108.53
1991-05-13,107.88,107.84
1991-05-14,107.21,107.19
1991-05-15,106.56,106.57
1991-05-16,105.83,105.77
1991-05-17,105.12,106.75
1991-05-20,107.76,107.82
1991-05-21,108.89,108.81
1991-05-22,109.71,108.25
1991-05-23,107.52,109.08
1991-05-24,110.07,110.08
1991-05-27,111.05,110.66
1991-05-28,111.61,111.68
1991-05-29,112.75,112.75
1991-05-30,113.74,113.82
1991-05-31,114.83,114.83
1991-06-03,115.9,115.97
1991-06-04,117.12,117.12
1991-06-05,118.17,118.17
1991-06-06,118.17,118.17
1991-06-07,120.46,120.47
1991-06-10,121.65,121.67
1991-06-11,122.89,122.89
1991-06-12,123.9,124.11
1991-06-13,125.33,125.34
1991-06-14,124.47,124.53
1991-06-17,125.63,125.77
1991-06-18,127.03,127.03
1991-06-19,128.12,128.29
1991-06-20,129.55,129.57
1991-06-21,130.72,130.86
1991-06-24,132.1,132.17
1991-06-25,133.48,133.49
1991-06-26,134.83,134.83
1991-06-27,136.04,136.19
1991-06-28,137.41,137.56
1991-07-01,136.64,136.85
1991-07-02,135.91,135.96
1991-07-03,135.28,135.27
1991-07-04,136.63,136.63
1991-07-05,136.01,135.96
1991-07-08,135.26,135.28
1991-07-09,136.56,134.64
1991-07-10,134.4,133.99
1991-07-11,133.22,133.38
1991-07-12,132.8,132.8
1991-07-15,133.9,133.14
1991-07-16,134.39,134.47
1991-07-17,135.81,135.81
1991-07-18,137.17,137.17
1991-07-19,137.66,136.7
1991-07-22,138.07,138.07
1991-07-23,139.35,139.39
1991-07-24,140.66,140.68
1991-07-25,140.2,140.19
1991-07-26,140.11,140.66
1991-07-29,141.22,141.52
1991-07-30,142.39,142.39
1991-07-31,143.72,143.8
1991-08-01,145.12,145.24
1991-08-02,146.49,146.68
1991-08-05,148.06,148.15
1991-08-06,149.62,149.62
1991-08-07,150.93,151.12
1991-08-08,152.57,152.61
1991-08-09,153.9,154.1
1991-08-12,155.34,155.54
1991-08-13,156.87,157.07
1991-08-14,158.3,158.63
1991-08-15,159.92,160.21
1991-08-16,161.56,161.6
1991-08-19,163.21,163.21
1991-08-20,164.74,164.84
1991-08-21,166.49,166.49
1991-08-22,167.81,168.16
1991-08-23,169.81,169.81
1991-08-26,171.51,171.51
1991-08-27,173.06,173.19
1991-08-28,174.82,174.92
1991-08-29,176.53,176.66
1991-08-30,178.2,178.43
1991-09-02,180.08,180.22
1991-09-03,181.71,181.97
1991-09-04,183.66,183.69
1991-09-05,185.48,185.51
1991-09-06,187.09,187.36
1991-09-09,189.1,189.24
1991-09-10,190.98,188.33
1991-09-11,187.29,187.22
1991-09-12,186.22,186.22
1991-09-13,188.0,187.79
1991-09-16,189.55,189.66
1991-09-17,191.16,188.65
1991-09-18,187.26,187.63
1991-09-19,187.65,186.88
1991-09-20,185.77,185.92
1991-09-23,185.0,185.0
1991-09-24,183.96,184.08
1991-09-25,182.8,183.19
1991-09-26,182.21,182.33
1991-09-27,183.12,181.82
1991-09-30,180.28,180.92
1991-10-03,181.55,182.48
1991-10-04,184.29,184.29
1991-10-07,185.95,186.0
1991-10-08,187.59,187.49
1991-10-09,188.49,189.12
1991-10-10,190.71,191.01
1991-10-11,192.84,192.85
1991-10-14,194.06,194.67
1991-10-15,196.58,196.61
1991-10-16,198.51,198.57
1991-10-17,200.5,200.51
1991-10-18,202.5,202.51
1991-10-21,204.53,204.53
1991-10-22,206.06,206.53
1991-10-23,208.06,208.25
1991-10-24,210.2,210.07
1991-10-25,210.34,211.86
1991-10-28,213.5,213.98
1991-10-29,215.63,215.78
1991-10-30,216.37,216.43
1991-10-31,218.59,218.6
1991-11-01,220.71,220.72
1991-11-04,222.77,222.77
1991-11-05,224.44,224.65
1991-11-06,226.83,226.88
1991-11-07,228.93,228.93
1991-11-08,230.99,231.22
1991-11-11,233.48,233.55
1991-11-12,235.75,235.8
1991-11-13,236.51,236.67
1991-11-14,237.39,237.45
1991-11-15,238.25,238.25
1991-11-18,240.04,240.62
1991-11-19,242.24,242.24
1991-11-20,244.5,244.5
1991-11-21,246.26,246.31
1991-11-22,248.24,248.53
1991-11-25,250.84,250.85
1991-11-26,252.9,252.97
1991-11-27,255.27,255.45
1991-11-28,257.28,257.35
1991-11-29,259.68,259.6
1991-12-02,261.78,262.19
1991-12-03,264.64,264.81
1991-12-04,265.53,265.77
1991-12-05,266.48,266.66
1991-12-06,269.34,269.35
1991-12-09,270.27,270.27
1991-12-10,270.27,272.91
1991-12-11,273.53,273.71
1991-12-12,274.41,274.41
1991-12-13,276.81,277.0
1991-12-16,277.53,277.85
1991-12-17,278.67,278.68
1991-12-18,279.32,279.51
1991-12-19,279.98,280.17
1991-12-20,282.83,282.83
1991-12-23,285.65,285.65
1991-12-24,285.74,286.22
1991-12-25,287.09,287.15
1991-12-26,288.03,288.03
1991-12-27,290.65,290.85
1991-12-30,291.71,291.71
1991-12-31,292.48,292.75
1992-01-02,293.74,293.75
1992-01-03,296.24,296.52
1992-01-06,297.68,297.68
1992-01-07,298.54,298.77
1992-01-08,299.65,299.66
1992-01-09,300.61,300.62
1992-01-10,301.82,301.83
1992-01-13,302.83,303.06
1992-01-14,304.77,305.74
1992-01-15,306.62,306.63
1992-01-16,306.85,306.85
1992-01-17,307.37,307.38
1992-01-20,307.38,307.39
1992-01-21,307.87,307.87
1992-01-22,307.95,307.95
1992-01-23,308.53,308.53
1992-01-24,309.05,309.05
1992-01-27,311.6,311.61
1992-01-28,311.67,311.84
1992-01-29,312.41,312.42
1992-01-30,312.73,312.73
1992-01-31,313.24,313.24
1992-02-03,314.18,314.18
1992-02-07,314.72,314.72
1992-02-10,315.55,315.56
1992-02-11,316.12,316.43
1992-02-12,316.43,316.44
1992-02-13,317.57,317.06
1992-02-14,319.45,319.68
1992-02-17,319.77,319.77
1992-02-18,338.98,337.11
1992-02-19,340.5,342.41
1992-02-20,345.22,347.99
1992-02-21,358.91,359.59
1992-02-24,361.11,360.5
1992-02-25,359.66,360.37
1992-02-26,359.85,360.1
1992-02-27,361.0,362.45
1992-02-28,364.15,364.66
1992-03-02,365.15,365.39
1992-03-03,366.79,367.0
1992-03-04,367.56,368.32
1992-03-05,369.31,369.76
1992-03-06,370.79,371.76
1992-03-09,372.26,373.53
1992-03-10,374.48,375.23
1992-03-11,375.87,376.14
1992-03-12,377.55,376.92
1992-03-13,376.58,376.38
1992-03-16,377.0,377.05
1992-03-17,377.5,377.49
1992-03-18,377.94,377.66
1992-03-19,377.26,377.31
1992-03-20,377.91,377.99
1992-03-23,378.61,378.89
1992-03-24,378.53,378.69
1992-03-25,378.33,378.12
1992-03-26,379.29,379.13
1992-03-27,379.65,380.77
1992-03-30,381.54,381.44
1992-03-31,381.87,381.24
1992-04-01,381.55,381.01
1992-04-02,381.47,381.12
1992-04-03,381.44,381.33
1992-04-06,381.97,381.47
1992-04-07,381.95,381.93
1992-04-08,382.53,382.43
1992-04-09,381.93,381.65
1992-04-10,381.52,382.03
1992-04-13,387.27,391.11
1992-04-14,393.1,400.61
1992-04-15,400.35,406.72
1992-04-16,404.07,410.55
1992-04-17,408.56,414.42
1992-04-20,417.19,413.85
1992-04-21,417.99,410.06
1992-04-22,400.12,399.88
1992-04-23,407.13,407.25
1992-04-24,405.88,414.4
1992-04-27,422.45,424.58
1992-04-28,434.9,436.09
1992-04-29,445.25,444.16
1992-04-30,435.73,445.38
1992-05-04,454.86,453.62
1992-05-05,447.42,449.21
1992-05-06,449.78,449.96
1992-05-07,452.86,454.65
1992-05-08,461.05,468.11
1992-05-11,483.29,491.5
1992-05-12,502.8,506.53
1992-05-13,505.27,514.04
1992-05-14,514.48,523.36
1992-05-15,529.39,544.35
1992-05-18,560.09,571.82
1992-05-19,590.41,598.11
1992-05-20,617.28,616.99
1992-05-21,1260.32,1266.49
1992-05-22,1306.37,1339.99
1992-05-25,1411.98,1421.57
1992-05-26,1332.39,1301.35
1992-05-27,1250.56,1193.17
1992-05-28,1123.04,1160.17
1992-05-29,1243.65,1234.71
1992-06-01,1175.69,1183.24
1992-06-02,1155.88,1141.02
1992-06-03,1075.9,1059.07
1992-06-04,1087.49,1104.46
1992-06-05,1125.01,1105.76
1992-06-08,1092.07,1093.46
1992-06-09,1116.92,1126.62
1992-06-10,1199.23,1187.02
1992-06-11,1179.28,1178.3
1992-06-12,1164.12,1171.71
1992-06-15,1174.41,1171.85
1992-06-16,1171.29,1169.57
1992-06-17,1171.29,1169.57
1992-06-18,1167.16,1168.43
1992-06-19,1169.97,1171.94
1992-06-22,1173.68,1169.9
1992-06-23,1162.83,1158.17
1992-06-24,1150.89,1151.06
1992-06-25,1153.48,1160.23
1992-06-26,1164.29,1164.67
1992-06-29,1168.89,1169.51
1992-06-30,1186.62,1191.19
1992-07-01,1199.54,1194.18
1992-07-02,1187.3,1187.48
1992-07-03,1189.09,1189.16
1992-07-06,1197.76,1201.01
1992-07-07,1201.01,1206.46
1992-07-08,1192.37,1185.5
1992-07-09,1172.44,1178.53
1992-07-10,1175.14,1188.62
1992-07-13,1156.83,1136.33
1992-07-14,1124.65,1114.05
1992-07-15,1107.18,1107.69
1992-07-16,1114.13,1124.64
1992-07-17,1121.49,1125.56
1992-07-20,1100.6,1098.82
1992-07-21,1087.61,1082.39
1992-07-22,1059.22,1035.66
1992-07-23,1020.07,1014.57
1992-07-24,1165.89,1142.02
1992-07-27,1169.42,1149.33
1992-07-28,1126.88,1105.95
1992-07-29,1078.31,1087.12
1992-07-30,1067.45,1057.4
1992-07-31,1045.67,1052.07
1992-08-03,1034.7,1031.55
1992-08-04,1018.3,1035.63
1992-08-05,1015.76,1012.55
1992-08-06,988.38,1002.17
1992-08-07,1003.22,1005.23
1992-08-10,992.73,964.09
1992-08-11,926.81,863.41
1992-08-12,675.0,781.21
1992-08-13,797.17,850.94
1992-08-14,857.1,858.38
1992-08-17,898.66,939.46
1992-08-18,954.89,933.44
1992-08-19,920.66,939.51
1992-08-20,930.7,932.32
1992-08-21,916.99,916.25
1992-08-24,888.95,884.1
1992-08-25,868.1,849.57
1992-08-26,841.42,877.25
1992-08-27,874.75,863.77
1992-08-28,851.6,848.2
1992-08-31,833.5,823.27
1992-09-01,826.96,824.96
1992-09-02,803.83,787.67
1992-09-03,749.22,764.11
1992-09-04,759.54,753.58
1992-09-07,745.69,702.83
1992-09-08,653.36,640.12
1992-09-09,613.44,635.74
1992-09-10,643.21,692.78
1992-09-11,773.22,776.29
1992-09-14,762.82,734.98
1992-09-15,727.11,738.16
1992-09-16,762.29,769.04
1992-09-17,770.65,761.72
1992-09-18,715.89,754.4
1992-09-21,740.97,733.44
1992-09-22,730.71,722.7
1992-09-23,719.41,712.37
1992-09-24,720.51,730.57
1992-09-25,730.28,729.79
1992-09-28,724.45,724.7
1992-09-29,719.99,710.63
1992-09-30,703.63,702.32
1992-10-05,676.47,679.62
1992-10-06,682.92,674.24
1992-10-07,676.56,665.26
1992-10-08,648.96,643.69
1992-10-09,664.44,660.29
1992-10-12,687.45,690.57
1992-10-13,694.1,673.99
1992-10-14,661.07,663.75
1992-10-15,654.33,663.53
1992-10-16,664.0,664.75
1992-10-19,643.8,632.4
1992-10-20,634.43,616.29
1992-10-21,597.15,585.7
1992-10-22,557.03,539.8
1992-10-23,534.41,559.73
1992-10-26,539.5,506.94
1992-10-27,465.75,450.28
1992-10-28,466.73,463.21
1992-10-29,468.72,484.25
1992-10-30,494.66,507.25
1992-11-02,471.18,477.61
1992-11-03,481.34,479.81
1992-11-04,474.82,469.9
1992-11-05,460.96,462.63
1992-11-06,460.54,457.05
1992-11-09,439.81,428.61
1992-11-10,404.49,400.53
1992-11-11,402.79,410.16
1992-11-12,408.42,415.79
1992-11-13,418.49,414.09
1992-11-16,402.02,399.32
1992-11-17,390.09,393.52
1992-11-18,400.01,407.61
1992-11-19,409.61,398.95
1992-11-20,394.9,401.44
1992-11-23,404.05,410.39
1992-11-24,414.84,440.04
1992-11-25,485.16,571.63
1992-11-26,674.74,562.01
1992-11-27,593.68,637.67
1992-11-30,682.08,724.6
1992-12-01,718.99,716.74
1992-12-02,694.88,722.2
1992-12-03,760.65,808.2
1992-12-04,833.23,807.02
1992-12-07,765.87,793.25
1992-12-08,796.63,753.94
1992-12-09,737.94,676.45
1992-12-10,668.46,625.23
1992-12-11,664.61,722.28
1992-12-14,741.06,705.07
1992-12-15,699.83,682.24
1992-12-16,671.45,685.82
1992-12-17,689.14,707.82
1992-12-18,715.72,698.13
1992-12-21,709.87,731.68
1992-12-22,731.58,725.78
1992-12-23,723.84,732.05
1992-12-24,731.55,758.59
1992-12-25,768.68,764.28
1992-12-28,764.43,757.31
1992-12-29,759.54,768.91
1992-12-30,775.07,767.52
1992-12-31,765.86,780.39
1993-01-04,784.13,814.04
1993-01-05,813.34,847.44
1993-01-06,881.0,847.44
1993-01-07,855.8,868.97
1993-01-08,882.57,889.47
1993-01-11,913.44,977.42
1993-01-12,1001.93,987.26
1993-01-13,996.41,1024.05
1993-01-14,1053.91,1086.43
1993-01-15,1083.6,1063.76
1993-01-18,1067.98,1055.32
1993-01-19,1053.52,991.83
1993-01-20,990.09,1043.31
1993-01-21,1051.6,1074.26
1993-01-22,1074.36,1100.31
1993-01-27,1126.37,1162.44
1993-01-28,1182.39,1150.37
1993-01-29,1156.84,1198.48
1993-02-01,1242.35,1278.5
1993-02-02,1292.4,1310.58
1993-02-03,1321.63,1300.56
1993-02-04,1323.13,1371.58
1993-02-05,1371.34,1332.96
1993-02-08,1339.59,1393.17
1993-02-09,1427.33,1474.92
1993-02-10,1500.52,1454.46
1993-02-11,1495.92,1397.38
1993-02-12,1378.2,1458.76
1993-02-15,1544.1,1536.82
1993-02-16,1555.15,1513.48
1993-02-17,1515.25,1504.0
1993-02-18,1503.72,1508.22
1993-02-19,1471.56,1499.74
1993-02-22,1487.84,1456.29
1993-02-23,1420.63,1367.36
1993-02-24,1310.04,1264.96
1993-02-25,1271.2,1410.36
1993-02-26,1436.99,1339.88
1993-03-01,1328.22,1199.73
1993-03-02,1207.57,1245.11
1993-03-03,1263.74,1231.77
1993-03-04,1231.92,1159.13
1993-03-05,1116.41,1109.54
1993-03-08,1133.52,1209.65
1993-03-09,1160.13,1137.79
1993-03-10,1099.52,1188.97
1993-03-11,1219.47,1261.8
1993-03-12,1280.37,1236.37
1993-03-15,1226.66,1171.73
1993-03-16,1167.91,1222.55
1993-03-17,1238.8,1202.85
1993-03-18,1203.2,1184.48
1993-03-19,1188.37,1174.99
1993-03-22,1148.29,1036.92
1993-03-23,1035.6,971.25
1993-03-24,965.58,956.97
1993-03-25,963.53,945.42
1993-03-26,969.24,1039.76
1993-03-29,1008.4,970.45
1993-03-30,973.08,958.05
1993-03-31,953.29,925.91
1993-04-01,921.59,947.23
1993-04-02,953.51,944.01
1993-04-05,945.58,947.87
1993-04-06,949.81,1059.62
1993-04-07,1108.64,1099.62
1993-04-08,1322.07,1243.02
1993-04-09,1322.07,1243.02
1993-04-12,1254.62,1203.54
1993-04-13,1204.75,1297.36
1993-04-14,1304.33,1272.39
1993-04-15,1265.3,1278.84
1993-04-16,1282.79,1214.75
1993-04-19,1203.85,1223.22
1993-04-20,1257.1,1235.52
1993-04-21,1234.71,1222.56
1993-04-22,1227.1,1267.35
1993-04-23,1288.51,1260.25
1993-04-26,1298.92,1345.61
1993-04-27,1379.43,1363.44
1993-04-28,1371.1,1372.5
1993-04-29,1377.04,1349.68
1993-04-30,1341.54,1358.78
1993-05-03,1365.15,1352.24
1993-05-04,1352.08,1241.16
1993-05-05,1232.65,1246.82
1993-05-06,1250.39,1162.92
1993-05-07,1194.26,1199.81
1993-05-10,1216.72,1128.29
1993-05-11,1124.85,1136.74
1993-05-12,1138.52,1140.19
1993-05-13,1140.21,1177.28
1993-05-14,1180.46,1167.47
1993-05-17,1162.07,1140.04
1993-05-18,1140.04,1130.26
1993-05-19,1129.1,1147.22
1993-05-20,1148.56,1165.4
1993-05-21,1177.3,1143.97
1993-05-24,1136.29,1026.13
1993-05-25,1020.32,997.95
1993-05-26,1003.89,995.45
1993-05-27,1001.19,963.61
1993-05-28,962.21,972.77
1993-05-31,975.05,935.48
1993-06-01,935.9,928.58
1993-06-02,958.61,1081.2
1993-06-03,1102.08,1018.29
1993-06-04,1024.74,1004.3
1993-06-07,1006.26,1064.98
1993-06-08,1094.11,1074.58
1993-06-09,1071.33,1065.19
1993-06-10,1069.36,1044.44
1993-06-11,1043.94,1047.0
1993-06-14,1046.07,1000.43
1993-06-15,998.7,1001.61
1993-06-16,1004.4,1004.24
1993-06-17,998.21,998.0
1993-06-18,994.2,1005.98
1993-06-21,1003.98,977.61
1993-06-22,972.1,981.13
1993-06-23,981.4,986.02
1993-06-24,985.62,980.17
1993-06-25,979.93,1006.64
1993-06-28,1006.63,1002.42
1993-06-29,1008.23,1028.44
1993-06-30,1037.89,1007.05
1993-07-01,1000.8,997.53
1993-07-02,995.7,986.98
1993-07-05,976.67,952.31
1993-07-06,938.42,897.64
1993-07-07,897.22,903.79
1993-07-08,904.46,896.16
1993-07-09,896.16,868.57
1993-07-12,855.5,845.52
1993-07-13,853.66,870.05
1993-07-14,870.05,836.39
1993-07-15,833.89,838.7
1993-07-16,841.62,846.87
1993-07-19,846.87,836.98
1993-07-20,835.79,808.21
1993-07-21,809.53,811.74
1993-07-22,812.1,815.53
1993-07-23,816.08,813.54
1993-07-26,810.07,787.81
1993-07-27,788.19,791.62
1993-07-28,792.88,798.33
1993-07-29,801.16,806.67
1993-07-30,810.09,881.07
1993-08-02,885.31,843.27
1993-08-03,842.29,832.72
1993-08-04,833.4,850.54
1993-08-05,853.71,849.3
1993-08-06,841.39,855.52
1993-08-09,866.65,885.27
1993-08-10,897.46,862.08
1993-08-11,862.4,883.02
1993-08-12,896.74,917.04
1993-08-13,929.42,947.26
1993-08-16,969.9,1023.87
1993-08-17,1042.42,974.11
1993-08-18,974.11,947.93
1993-08-19,944.58,968.51
1993-08-20,973.0,946.54
1993-08-23,933.72,893.23
1993-08-24,878.09,894.44
1993-08-25,904.74,911.4
1993-08-26,913.27,903.91
1993-08-27,903.47,894.59
1993-08-30,901.09,899.27
1993-08-31,895.76,895.68
1993-09-01,898.01,893.97
1993-09-02,894.27,901.39
1993-09-03,907.89,922.69
1993-09-06,940.46,947.53
1993-09-07,947.12,909.04
1993-09-08,907.98,909.13
1993-09-09,911.95,901.66
1993-09-10,887.83,903.56
1993-09-13,895.62,879.24
1993-09-14,875.14,876.62
1993-09-15,876.38,880.78
1993-09-16,885.02,875.08
1993-09-17,874.51,881.41
1993-09-20,875.97,875.0
1993-09-21,875.13,890.23
1993-09-22,891.05,881.24
1993-09-23,882.68,884.02
1993-09-24,873.16,875.81
1993-09-27,876.61,880.98
1993-09-28,886.11,898.15
1993-09-29,904.76,886.12
1993-09-30,887.13,890.27
1993-10-04,895.69,892.55
1993-10-05,894.37,885.86
1993-10-06,886.33,885.04
1993-10-07,887.0,887.62
1993-10-08,897.72,874.76
1993-10-11,872.95,868.38
1993-10-12,868.48,871.42
1993-10-13,874.36,859.7
1993-10-14,858.33,855.04
1993-10-15,855.67,856.92
1993-10-18,852.82,835.25
1993-10-19,839.2,839.6
1993-10-20,843.58,843.85
1993-10-21,846.25,832.25
1993-10-22,827.75,818.81
1993-10-25,792.78,784.97
1993-10-26,789.25,783.23
1993-10-27,787.79,778.38
1993-10-28,779.64,824.66
1993-10-29,834.51,814.82
1993-11-01,801.86,816.71
1993-11-02,821.85,812.67
1993-11-03,812.63,805.71
1993-11-04,804.66,804.26
1993-11-05,804.26,814.39
1993-11-08,833.26,836.99
1993-11-09,840.89,846.15
1993-11-10,848.45,833.17
1993-11-11,836.55,848.27
1993-11-12,858.2,865.97
1993-11-15,875.8,890.46
1993-11-16,890.92,880.33
1993-11-17,881.93,887.65
1993-11-18,895.69,903.07
1993-11-19,907.41,924.67
1993-11-22,924.67,949.77
1993-11-23,955.82,957.95
1993-11-24,955.24,953.23
1993-11-25,959.9,986.69
1993-11-26,986.69,965.39
1993-11-29,968.44,972.96
1993-11-30,984.54,984.93
1993-12-01,993.67,974.8
1993-12-02,974.35,972.8
1993-12-03,975.65,980.67
1993-12-06,986.12,995.72
1993-12-07,1006.7,1022.34
1993-12-08,1044.85,1009.67
1993-12-09,1016.78,984.9
1993-12-10,986.02,978.57
1993-12-13,982.38,950.77
1993-12-14,942.01,925.2
1993-12-15,926.05,940.61
1993-12-16,941.43,908.08
1993-12-17,884.47,901.7
1993-12-20,823.77,783.79
1993-12-21,786.82,840.34
1993-12-22,837.54,821.19
1993-12-23,820.54,833.77
1993-12-24,841.66,834.39
1993-12-27,841.49,839.9
1993-12-28,851.38,839.57
1993-12-29,839.56,821.16
1993-12-30,819.14,826.23
1993-12-31,829.16,833.8
1994-01-03,837.7,833.9
1994-01-04,835.97,832.69
1994-01-05,829.3,846.98
1994-01-06,850.78,869.33
1994-01-07,875.18,879.64
1994-01-10,891.99,900.3
1994-01-11,903.54,891.79
1994-01-12,891.83,888.04
1994-01-13,889.02,897.46
1994-01-14,900.13,849.23
1994-01-17,861.34,859.28
1994-01-18,859.3,835.06
1994-01-19,835.08,807.5
1994-01-20,791.0,802.61
1994-01-21,800.55,812.88
1994-01-24,830.16,839.2
1994-01-25,838.06,815.89
1994-01-26,828.34,812.41
1994-01-27,813.54,818.6
1994-01-28,818.32,799.26
1994-01-31,781.54,770.25
1994-02-01,770.25,755.15
1994-02-02,753.1,772.2
1994-02-03,775.2,780.17
1994-02-04,784.06,797.86
1994-02-14,813.95,779.91
1994-02-15,775.85,772.76
1994-02-16,775.14,776.1
1994-02-17,773.67,768.57
1994-02-18,768.13,769.18
1994-02-21,769.94,754.41
1994-02-22,751.68,768.17
1994-02-23,768.52,759.71
1994-02-24,761.41,758.84
1994-02-25,767.57,787.42
1994-02-28,785.82,770.98
1994-03-01,771.52,757.29
1994-03-02,755.53,742.06
1994-03-03,739.39,734.45
1994-03-04,729.14,726.3
1994-03-07,718.35,718.4
1994-03-08,721.65,711.27
1994-03-09,715.87,716.11
1994-03-10,717.72,698.89
1994-03-11,700.32,717.38
1994-03-14,774.77,788.42
1994-03-15,800.76,772.76
1994-03-16,767.66,793.87
1994-03-17,805.41,776.04
1994-03-18,777.05,765.22
1994-03-21,755.86,731.62
1994-03-22,726.16,739.31
1994-03-23,739.38,725.21
1994-03-24,725.2,724.3
1994-03-25,732.61,719.05
1994-03-28,702.42,702.23
1994-03-29,706.37,706.91
1994-03-30,710.35,706.34
1994-03-31,709.91,704.46
1994-04-01,704.93,698.84
1994-04-04,698.19,694.38
1994-04-05,695.2,682.75
1994-04-06,682.23,679.74
1994-04-07,678.11,677.31
1994-04-08,678.13,678.85
1994-04-11,668.85,659.05
1994-04-12,655.34,665.61
1994-04-13,673.6,656.79
1994-04-14,651.82,636.08
1994-04-15,630.57,626.79
1994-04-18,619.51,604.15
1994-04-19,597.78,572.73
1994-04-20,560.79,540.24
1994-04-21,536.34,582.43
1994-04-22,586.83,566.07
1994-04-25,566.63,560.8
1994-04-26,565.47,579.72
1994-04-27,590.99,598.5
1994-04-28,605.98,599.63
1994-04-29,598.35,592.56
1994-05-03,593.94,605.77
1994-05-04,615.81,619.58
1994-05-05,608.36,590.87
1994-05-06,589.23,585.8
1994-05-09,587.94,581.7
1994-05-10,584.77,595.38
1994-05-11,603.27,591.18
1994-05-12,586.15,582.16
1994-05-13,582.51,590.39
1994-05-16,597.12,592.57
1994-05-17,592.29,592.02
1994-05-18,590.32,583.32
1994-05-19,578.8,590.54
1994-05-20,592.38,594.22
1994-05-23,594.52,587.65
1994-05-24,586.5,590.46
1994-05-25,591.23,586.76
1994-05-26,586.09,577.46
1994-05-27,572.97,573.36
1994-05-30,565.63,544.26
1994-05-31,538.45,556.26
1994-06-01,554.08,545.05
1994-06-02,543.3,546.58
1994-06-03,547.21,548.75
1994-06-06,549.03,542.97
1994-06-07,541.16,529.76
1994-06-08,526.4,533.56
1994-06-09,534.24,523.0
1994-06-10,519.84,514.54
1994-06-13,505.54,492.03
1994-06-14,492.45,490.75
1994-06-15,492.84,496.11
1994-06-16,498.11,506.36
1994-06-17,509.09,527.85
1994-06-20,523.37,502.43
1994-06-21,498.56,498.07
1994-06-22,499.14,505.18
1994-06-23,507.03,500.39
1994-06-24,499.91,492.33
1994-06-27,483.45,472.1
1994-06-28,470.54,469.95
1994-06-29,472.48,468.2
1994-06-30,466.35,469.29
1994-07-01,469.27,458.37
1994-07-04,446.23,438.58
1994-07-05,437.64,443.61
1994-07-06,444.59,431.71
1994-07-07,428.3,425.98
1994-07-08,426.25,437.75
1994-07-11,436.54,428.15
1994-07-12,427.62,429.21
1994-07-13,430.55,437.62
1994-07-14,437.53,431.8
1994-07-15,431.01,413.93
1994-07-18,405.61,398.96
1994-07-19,398.9,400.48
1994-07-20,401.98,393.87
1994-07-21,390.94,380.9
1994-07-22,378.19,363.73
1994-07-25,357.4,375.39
1994-07-26,376.76,388.75
1994-07-27,387.81,371.1
1994-07-28,366.55,339.81
1994-07-29,335.45,333.92
1994-08-01,394.87,445.64
1994-08-02,451.18,432.61
1994-08-03,438.52,522.98
1994-08-04,558.69,562.77
1994-08-05,579.47,683.04
1994-08-08,720.48,711.8
1994-08-09,715.54,621.58
1994-08-10,619.34,739.66
1994-08-11,765.32,689.31
1994-08-12,676.07,689.66
1994-08-15,671.1,665.88
1994-08-16,670.0,693.01
1994-08-17,703.88,725.04
1994-08-18,734.84,748.56
1994-08-19,750.67,713.85
1994-08-22,680.07,681.8
1994-08-23,694.71,714.61
1994-08-24,718.61,705.71
1994-08-25,704.47,722.23
1994-08-26,728.26,707.41
1994-08-29,716.87,710.68
1994-08-30,715.45,756.2
1994-08-31,771.33,785.33
1994-09-01,785.61,790.19
1994-09-02,796.69,830.18
1994-09-05,871.16,940.61
1994-09-06,973.28,1004.92
1994-09-07,977.3,931.57
1994-09-08,967.9,972.84
1994-09-09,982.43,962.52
1994-09-12,996.68,1019.97
1994-09-13,1036.84,1033.47
1994-09-14,1040.95,974.86
1994-09-15,985.33,972.54
1994-09-16,983.79,978.99
1994-09-19,944.25,927.62
1994-09-20,922.8,914.39
1994-09-21,928.75,969.03
1994-09-22,974.21,918.44
1994-09-23,908.75,867.65
1994-09-26,856.17,880.6
1994-09-27,880.69,870.15
1994-09-28,921.81,839.37
1994-09-29,921.81,839.37
1994-09-30,811.83,791.15
1994-10-05,770.9,706.42
1994-10-06,731.65,660.5
1994-10-07,638.32,738.03
1994-10-10,678.02,698.93
1994-10-11,712.03,705.07
1994-10-12,712.39,711.01
1994-10-13,706.76,635.38
1994-10-14,608.07,663.75
1994-10-17,617.9,616.34
1994-10-18,625.49,624.52
1994-10-19,631.34,652.89
1994-10-20,663.31,718.99
1994-10-21,730.97,712.71
1994-10-24,741.05,785.85
1994-10-25,794.57,744.52
1994-10-26,725.94,686.31
1994-10-27,682.02,703.62
1994-10-28,695.66,677.45
1994-10-31,648.24,654.98
1994-11-01,667.66,673.79
1994-11-02,667.05,667.86
1994-11-03,675.32,717.36
1994-11-04,717.61,666.77
1994-11-07,649.14,674.67
1994-11-08,707.27,709.69
1994-11-09,691.98,723.91
1994-11-10,738.0,711.68
1994-11-11,725.88,731.16
1994-11-14,731.63,733.39
1994-11-15,717.3,705.43
1994-11-16,704.94,706.63
1994-11-17,707.16,697.17
1994-11-18,690.66,698.81
1994-11-21,695.75,699.1
1994-11-22,702.04,692.39
1994-11-23,690.98,679.61
1994-11-24,676.16,678.02
1994-11-25,697.09,685.33
1994-11-28,683.83,681.49
1994-11-29,671.7,687.56
1994-11-30,687.04,683.59
1994-12-01,684.02,682.3
1994-12-02,684.18,677.91
1994-12-05,674.54,663.13
1994-12-06,658.94,653.98
1994-12-07,655.14,652.85
1994-12-08,653.83,643.86
1994-12-09,639.75,640.67
1994-12-12,636.35,620.47
1994-12-13,632.69,636.68
1994-12-14,633.06,625.21
1994-12-15,626.44,666.68
1994-12-16,661.38,680.23
1994-12-19,684.62,653.37
1994-12-20,660.26,667.94
1994-12-21,665.79,672.47
1994-12-22,670.17,673.48
1994-12-23,675.94,677.84
1994-12-26,684.81,675.88
1994-12-27,679.18,660.88
1994-12-28,660.72,649.59
1994-12-29,651.33,645.06
1994-12-30,648.04,647.87
1995-01-03,637.72,639.88
1995-01-04,641.9,653.81
1995-01-05,656.2,646.89
1995-01-06,642.75,640.76
1995-01-09,637.52,625.97
1995-01-10,616.16,610.3
1995-01-11,610.3,613.13
1995-01-12,612.79,602.12
1995-01-13,597.32,597.84
1995-01-16,591.06,588.81
1995-01-17,591.81,587.94
1995-01-18,588.53,593.64
1995-01-19,589.7,571.72
1995-01-20,566.81,571.24
1995-01-23,564.86,553.44
1995-01-24,552.78,547.57
1995-01-25,550.27,555.77
1995-01-26,553.91,553.1
1995-01-27,552.95,562.59
1995-02-06,559.78,533.72
1995-02-07,532.11,532.49
1995-02-08,533.09,533.75
1995-02-09,533.79,553.35
1995-02-10,548.77,541.38
1995-02-13,537.95,548.84
1995-02-14,549.76,548.11
1995-02-15,547.83,542.84
1995-02-16,542.25,538.37
1995-02-17,537.87,533.76
1995-02-20,534.57,534.96
1995-02-21,536.07,541.14
1995-02-22,541.21,594.64
1995-02-23,583.43,589.12
1995-02-24,591.91,558.43
1995-02-27,584.02,561.27
1995-02-28,558.42,549.26
1995-03-01,548.91,556.95
1995-03-02,557.5,560.85
1995-03-03,562.3,577.22
1995-03-06,585.24,616.3
1995-03-07,614.73,632.96
1995-03-08,632.95,620.8
1995-03-09,617.22,605.59
1995-03-10,600.45,586.29
1995-03-13,596.64,586.23
1995-03-14,588.18,588.24
1995-03-15,588.78,572.6
1995-03-16,570.51,579.88
1995-03-17,579.62,593.52
1995-03-20,597.84,585.45
1995-03-21,581.8,591.95
1995-03-22,595.32,613.7
1995-03-23,617.54,611.13
1995-03-24,609.9,611.77
1995-03-27,618.47,629.36
1995-03-28,625.57,626.55
1995-03-29,624.84,637.15
1995-03-30,641.36,630.93
1995-03-31,629.93,646.92
1995-04-03,651.04,656.88
1995-04-04,652.43,660.16
1995-04-05,658.44,649.7
1995-04-06,645.14,659.06
1995-04-07,663.45,673.72
1995-04-10,678.74,667.39
1995-04-11,661.01,641.08
1995-04-12,633.82,644.74
1995-04-13,647.21,632.76
1995-04-14,630.72,640.04
1995-04-17,640.17,631.26
1995-04-18,629.87,625.52
1995-04-19,625.24,631.51
1995-04-20,634.04,645.2
1995-04-21,646.9,635.99
1995-04-24,627.39,619.73
1995-04-25,617.01,619.84
1995-04-26,621.12,601.83
1995-04-27,579.64,573.31
1995-04-28,577.43,579.93
1995-05-02,576.69,579.04
1995-05-03,580.79,580.38
1995-05-04,579.51,571.2
1995-05-05,569.53,574.17
1995-05-08,573.12,571.51
1995-05-09,572.1,578.5
1995-05-10,577.76,565.14
1995-05-11,568.75,568.06
1995-05-12,569.35,584.84
1995-05-15,583.19,582.04
1995-05-16,583.17,578.85
1995-05-17,578.84,582.89
1995-05-18,741.81,763.51
1995-05-19,768.82,855.81
1995-05-22,919.75,897.42
1995-05-23,791.74,750.3
1995-05-24,761.16,741.93
1995-05-25,747.06,696.85
1995-05-26,681.37,727.62
1995-05-29,719.64,710.59
1995-05-30,712.26,711.0
1995-05-31,701.22,700.51
1995-06-01,703.72,708.67
1995-06-02,710.82,716.82
1995-06-05,718.14,691.64
1995-06-06,678.37,689.13
1995-06-07,688.86,716.45
1995-06-08,711.18,695.93
1995-06-09,695.7,702.62
1995-06-12,696.65,698.72
1995-06-13,697.89,698.95
1995-06-14,699.32,689.22
1995-06-15,685.45,646.85
1995-06-16,638.3,646.54
1995-06-19,637.58,638.96
1995-06-20,641.41,640.66
1995-06-21,640.88,651.81
1995-06-22,650.85,644.47
1995-06-23,643.68,650.14
1995-06-26,650.91,653.4
1995-06-27,655.96,649.93
1995-06-28,649.28,647.64
1995-06-29,647.82,643.92
1995-06-30,641.6,630.58
1995-07-03,623.14,613.18
1995-07-04,612.24,620.62
1995-07-05,624.02,636.03
1995-07-06,638.03,637.77
1995-07-07,637.48,666.78
1995-07-10,669.06,666.24
1995-07-11,668.77,649.19
1995-07-12,645.85,648.91
1995-07-13,649.53,656.15
1995-07-14,658.92,652.8
1995-07-17,651.95,695.45
1995-07-18,693.97,715.47
1995-07-19,717.47,690.98
1995-07-20,686.56,690.3
1995-07-21,694.1,693.56
1995-07-24,699.84,709.92
1995-07-25,709.72,703.58
1995-07-26,703.29,691.12
1995-07-27,686.9,697.72
1995-07-28,699.85,695.42
1995-07-31,699.61,695.55
1995-08-01,697.22,715.4
1995-08-02,721.15,699.99
1995-08-03,699.41,703.44
1995-08-04,707.19,709.88
1995-08-07,708.27,718.08
1995-08-08,724.79,712.53
1995-08-09,711.8,717.46
1995-08-10,718.75,735.15
1995-08-11,736.64,744.99
1995-08-14,759.12,776.13
1995-08-15,773.74,751.48
1995-08-16,752.41,767.66
1995-08-17,775.8,769.45
1995-08-18,772.57,757.43
1995-08-21,752.06,739.06
1995-08-22,738.94,739.86
1995-08-23,741.72,729.89
1995-08-24,728.76,733.85
1995-08-25,733.19,727.58
1995-08-28,724.1,725.62
1995-08-29,728.11,722.08
1995-08-30,721.75,715.73
1995-08-31,715.56,723.87
1995-09-01,726.05,728.84
1995-09-04,731.42,737.89
1995-09-05,743.21,739.53
1995-09-06,738.99,753.75
1995-09-07,758.29,753.84
1995-09-08,753.28,751.08
1995-09-11,756.68,775.45
1995-09-12,791.36,763.69
1995-09-13,764.91,763.18
1995-09-14,765.14,758.13
1995-09-15,756.65,755.93
1995-09-18,757.99,757.4
1995-09-19,761.17,736.74
1995-09-20,730.28,726.14
1995-09-21,726.32,731.17
1995-09-22,732.07,730.01
1995-09-25,730.01,723.35
1995-09-26,723.22,728.86
1995-09-27,727.47,708.46
1995-09-28,705.02,711.19
1995-09-29,711.91,722.43
1995-10-04,724.04,717.79
1995-10-05,718.0,724.88
1995-10-06,724.88,719.96
1995-10-09,717.99,706.29
1995-10-10,704.55,708.63
1995-10-11,705.56,710.89
1995-10-12,713.25,704.4
1995-10-13,702.49,702.98
1995-10-16,702.13,701.34
1995-10-17,700.86,702.4
1995-10-18,705.72,716.83
1995-10-19,719.76,702.79
1995-10-20,700.33,726.29
1995-10-23,729.76,723.09
1995-10-24,724.79,723.57
1995-10-25,765.21,760.41
1995-10-26,757.11,731.47
1995-10-27,730.96,722.37
1995-10-30,722.86,722.78
1995-10-31,723.43,717.32
1995-11-01,716.46,723.39
1995-11-02,723.96,721.7
1995-11-03,720.77,727.78
1995-11-06,729.04,736.15
1995-11-07,736.9,729.69
1995-11-08,725.33,711.61
1995-11-09,708.58,711.2
1995-11-10,710.75,708.76
1995-11-13,705.89,688.7
1995-11-14,687.06,688.87
1995-11-15,688.5,692.2
1995-11-16,690.11,682.44
1995-11-17,680.08,676.19
1995-11-20,671.8,674.74
1995-11-21,675.18,678.42
1995-11-22,678.64,663.32
1995-11-23,662.61,658.37
1995-11-24,656.96,659.37
1995-11-27,658.08,645.03
1995-11-28,643.73,652.57
1995-11-29,652.1,641.59
1995-11-30,639.51,641.14
1995-12-01,631.55,633.81
1995-12-04,632.72,634.92
1995-12-05,636.43,637.22
1995-12-06,637.3,628.43
1995-12-07,628.63,631.84
1995-12-08,631.95,636.78
1995-12-11,636.82,619.26
1995-12-12,616.34,629.45
1995-12-13,629.84,613.8
1995-12-14,613.07,614.75
1995-12-15,612.6,603.89
1995-12-18,600.65,592.14
1995-12-19,592.72,592.06
1995-12-20,593.51,601.04
1995-12-21,601.91,597.43
1995-12-22,596.26,594.24
1995-12-25,590.76,580.03
1995-12-26,578.79,572.22
1995-12-27,571.68,570.4
1995-12-28,568.77,556.82
1995-12-29,555.74,555.29
1996-01-02,550.26,537.87
1996-01-03,535.23,542.42
1996-01-04,541.94,558.76
1996-01-05,559.03,536.37
1996-01-08,533.33,539.17
1996-01-09,541.35,558.62
1996-01-10,552.3,547.62
1996-01-11,547.46,545.64
1996-01-12,545.23,547.11
1996-01-15,545.05,551.04
1996-01-16,551.82,547.76
1996-01-17,546.21,537.31
1996-01-18,533.38,517.63
1996-01-19,515.0,523.51
1996-01-22,520.95,516.46
1996-01-23,515.48,519.6
1996-01-24,519.94,522.63
1996-01-25,523.75,521.37
1996-01-26,516.44,525.57
1996-01-29,526.2,529.14
1996-01-30,531.3,532.57
1996-01-31,531.46,537.35
1996-02-01,536.24,536.68
1996-02-02,535.12,536.04
1996-02-05,537.23,522.85
1996-02-06,520.08,520.69
1996-02-07,520.37,524.3
1996-02-08,523.74,521.86
1996-02-09,522.0,525.41
1996-02-12,523.57,523.85
1996-02-13,525.14,529.58
1996-02-14,530.09,529.25
1996-02-15,529.32,536.98
1996-02-16,537.13,552.94
1996-03-04,583.38,601.98
1996-03-05,600.46,587.06
1996-03-06,582.37,559.7
1996-03-07,558.12,569.33
1996-03-08,566.89,573.13
1996-03-11,574.19,568.12
1996-03-12,566.3,563.88
1996-03-13,562.77,563.2
1996-03-14,562.98,562.3
1996-03-15,561.44,562.39
1996-03-18,561.81,567.87
1996-03-19,568.14,566.55
1996-03-20,566.28,569.67
1996-03-21,570.22,569.76
1996-03-22,569.51,570.18
1996-03-25,570.77,570.24
1996-03-26,570.25,563.52
1996-03-27,562.73,562.35
1996-03-28,562.31,554.04
1996-03-29,553.79,556.39
1996-04-01,566.21,566.19
1996-04-02,564.94,557.21
1996-04-03,557.56,560.98
1996-04-04,561.19,563.19
1996-04-05,563.67,582.53
1996-04-08,583.63,581.38
1996-04-09,580.63,578.07
1996-04-10,578.37,579.82
1996-04-11,579.51,583.38
1996-04-12,584.39,586.96
1996-04-15,585.95,584.67
1996-04-16,584.27,590.85
1996-04-17,594.15,593.38
1996-04-18,592.81,600.28
1996-04-19,602.15,618.12
1996-04-22,624.93,613.97
1996-04-23,611.37,623.77
1996-04-24,633.8,664.65
1996-04-25,674.47,652.67
1996-04-26,660.14,707.61
1996-04-29,722.57,738.62
1996-04-30,728.39,681.16
1996-05-02,715.97,654.43
1996-05-03,654.43,650.04
1996-05-06,648.23,671.28
1996-05-07,677.44,661.16
1996-05-08,659.7,661.27
1996-05-09,659.4,656.9
1996-05-10,656.33,661.47
1996-05-13,665.49,666.1
1996-05-14,668.58,665.41
1996-05-15,665.75,682.05
1996-05-16,687.51,683.07
1996-05-17,685.205,711.93
1996-05-20,719.192,703.084
1996-05-21,701.959,661.852
1996-05-22,658.146,668.621
1996-05-23,668.698,642.673
1996-05-24,638.759,639.802
1996-05-27,639.513,637.959
1996-05-28,638.569,646.912
1996-05-29,648.546,650.555
1996-05-30,650.61,636.364
1996-05-31,633.916,643.65
1996-06-03,643.955,641.092
1996-06-04,642.063,651.511
1996-06-05,654.782,696.97
1996-06-06,703.031,702.637
1996-06-07,720.436,727.341
1996-06-10,740.108,764.386
1996-06-11,765.325,752.26
1996-06-12,761.385,755.772
1996-06-13,758.222,768.681
1996-06-14,781.984,777.275
1996-06-17,779.711,751.996
1996-06-18,749.298,793.564
1996-06-19,801.098,796.911
1996-06-20,788.92,793.585
1996-06-21,797.901,796.108
1996-06-24,797.867,793.339
1996-06-25,764.658,780.65
1996-06-26,782.152,801.463
1996-06-27,811.509,806.461
1996-06-28,809.603,804.251
1996-07-01,800.909,761.115
1996-07-02,758.467,759.713
1996-07-03,767.108,786.134
1996-07-04,790.277,785.429
1996-07-05,788.102,785.379
1996-07-08,794.128,807.339
1996-07-09,815.02,817.612
1996-07-10,821.096,820.046
1996-07-11,822.175,792.068
1996-07-12,784.264,796.41
1996-07-15,794.88,789.158
1996-07-16,796.757,823.08
1996-07-17,830.646,808.99
1996-07-18,808.092,818.044
1996-07-19,824.009,856.928
1996-07-22,871.478,884.939
1996-07-23,888.918,871.487
1996-07-24,874.972,887.596
1996-07-25,887.25,868.159
1996-07-26,868.275,845.123
1996-07-29,846.188,855.421
1996-07-30,861.721,836.932
1996-07-31,836.672,822.477
1996-08-01,823.172,835.105
1996-08-02,842.395,838.875
1996-08-05,846.031,853.193
1996-08-06,854.775,862.223
1996-08-07,865.493,867.267
1996-08-08,871.029,875.999
1996-08-09,875.187,871.604
1996-08-12,880.13,886.046
1996-08-13,885.89,874.805
1996-08-14,875.785,871.645
1996-08-15,872.831,865.827
1996-08-16,862.681,853.87
1996-08-19,852.335,835.209
1996-08-20,834.73,822.442
1996-08-21,825.691,833.606
1996-08-22,838.196,818.196
1996-08-23,824.887,803.693
1996-08-26,789.148,773.068
1996-08-27,769.787,787.467
1996-08-28,790.716,796.839
1996-08-29,797.314,788.734
1996-08-30,791.392,809.938
1996-09-02,812.942,804.778
1996-09-03,805.533,800.223
1996-09-04,797.898,812.015
1996-09-05,817.37,814.383
1996-09-06,813.592,801.234
1996-09-09,798.597,793.586
1996-09-10,793.219,764.449
1996-09-11,762.806,769.245
1996-09-12,780.324,757.087
1996-09-13,756.391,779.069
1996-09-16,779.853,778.293
1996-09-17,777.728,776.479
1996-09-18,781.335,760.756
1996-09-19,756.113,769.099
1996-09-20,772.289,805.538
1996-09-23,812.942,851.986
1996-09-24,857.416,849.924
1996-09-25,855.345,835.181
1996-09-26,837.683,854.664
1996-09-27,861.623,875.525
1996-10-03,887.852,865.486
1996-10-04,864.194,863.459
1996-10-07,866.072,864.663
1996-10-08,869.075,877.607
1996-10-09,882.187,874.011
1996-10-10,878.052,904.095
1996-10-11,909.061,909.894
1996-10-14,919.704,940.786
1996-10-15,943.806,937.293
1996-10-16,944.347,933.883
1996-10-17,931.114,952.322
1996-10-18,960.551,939.932
1996-10-21,943.028,964.392
1996-10-22,952.934,976.471
1996-10-23,989.32,1010.834
1996-10-24,1017.458,1007.914
1996-10-25,1006.301,1012.672
1996-10-28,1001.228,1022.864
1996-10-29,1032.611,1017.518
1996-10-30,1017.064,958.939
1996-10-31,972.165,976.71
1996-11-01,935.169,930.789
1996-11-04,930.996,945.117
1996-11-05,947.442,928.029
1996-11-06,925.755,915.051
1996-11-07,919.95,928.141
1996-11-08,927.241,919.674
1996-11-11,923.368,933.969
1996-11-12,937.699,943.003
1996-11-13,945.976,940.522
1996-11-14,944.463,953.19
1996-11-15,951.513,950.827
1996-11-18,952.726,1004.689
1996-11-19,1019.619,1015.958
1996-11-20,1010.81,1014.925
1996-11-21,1018.051,940.773
1996-11-22,928.515,951.832
1996-11-25,948.587,976.55
1996-11-26,981.467,967.589
1996-11-27,966.935,980.381
1996-11-28,983.01,992.639
1996-11-29,997.851,1032.947
1996-12-02,1056.675,1134.523
1996-12-03,1157.125,1122.989
1996-12-04,1117.03,1169.92
1996-12-05,1199.384,1212.081
1996-12-06,1207.303,1212.889
1996-12-09,1227.479,1247.658
1996-12-10,1244.114,1230.254
1996-12-11,1225.385,1244.9
1996-12-12,1248.139,1177.136
1996-12-13,1164.343,1110.038
1996-12-16,1005.009,1000.022
1996-12-17,907.653,905.579
1996-12-18,872.355,972.73
1996-12-19,971.148,902.423
1996-12-20,881.086,885.238
1996-12-23,900.32,902.014
1996-12-24,907.632,865.577
1996-12-25,870.444,895.177
1996-12-26,904.022,924.235
1996-12-27,925.8,922.348
1996-12-30,929.724,934.213
1996-12-31,935.907,917.018
1997-01-02,914.06,919.435
1997-01-03,921.1,899.613
1997-01-06,890.98,876.495
1997-01-07,872.805,898.171
1997-01-08,899.834,896.408
1997-01-09,897.99,906.975
1997-01-10,908.557,918.401
1997-01-13,923.545,929.521
1997-01-14,929.55,907.85
1997-01-15,905.475,916.718
1997-01-16,917.483,915.006
1997-01-17,916.105,919.851
1997-01-20,922.469,933.28
1997-01-21,937.04,929.113
1997-01-22,929.359,942.436
1997-01-23,945.594,945.8
1997-01-24,945.525,953.918
1997-01-27,957.248,959.057
1997-01-28,957.877,956.311
1997-01-29,955.959,962.102
1997-01-30,960.494,960.171
1997-01-31,960.259,964.742
1997-02-17,969.531,982.404
1997-02-18,980.481,894.847
1997-02-19,911.576,962.691
1997-02-20,870.184,965.082
1997-02-21,967.676,1017.131
1997-02-24,1028.354,1009.564
1997-02-25,1009.053,1017.958
1997-02-26,1019.863,1031.514
1997-02-27,1035.318,1025.3
1997-02-28,1023.367,1040.273
1997-03-03,1044.613,1063.045
1997-03-04,1063.285,1068.163
1997-03-05,1067.583,1052.147
1997-03-06,1045.889,1079.134
1997-03-07,1083.007,1077.72
1997-03-10,1085.91,1099.679
1997-03-11,1103.43,1109.733
1997-03-12,1112.713,1126.162
1997-03-13,1128.709,1117.281
1997-03-14,1114.74,1125.8
1997-03-17,1138.275,1158.476
1997-03-18,1164.963,1162.634
1997-03-19,1167.042,1161.265
1997-03-20,1162.256,1120.719
1997-03-21,1116.721,1167.168
1997-03-24,1186.951,1191.732
1997-03-25,1198.159,1197.844
1997-03-26,1204.211,1215.308
1997-03-27,1220.552,1214.257
1997-03-28,1213.812,1202.668
1997-03-31,1210.015,1234.617
1997-04-01,1243.873,1241.028
1997-04-02,1246.407,1233.847
1997-04-03,1233.819,1246.03
1997-04-04,1258.071,1260.963
1997-04-07,1259.589,1276.409
1997-04-08,1277.055,1247.264
1997-04-09,1251.571,1286.849
1997-04-10,1293.257,1281.891
1997-04-11,1279.341,1278.525
1997-04-14,1293.977,1316.92
1997-04-15,1318.572,1324.956
1997-04-16,1334.307,1327.784
1997-04-17,1323.419,1323.369
1997-04-18,1325.226,1338.033
1997-04-21,1355.559,1362.075
1997-04-22,1362.982,1365.497
1997-04-23,1370.047,1378.842
1997-04-24,1370.174,1380.281
1997-04-25,1382.925,1364.975
1997-04-28,1372.26,1351.997
1997-04-29,1353.998,1376.77
1997-04-30,1385.302,1393.749
1997-05-05,1398.141,1448.926
1997-05-06,1462.025,1482.993
1997-05-07,1495.218,1495.457
1997-05-08,1496.978,1405.184
1997-05-09,1412.899,1467.227
1997-05-12,1490.781,1500.398
1997-05-13,1501.247,1464.282
1997-05-14,1447.607,1379.22
1997-05-15,1371.193,1417.674
1997-05-16,1309.598,1315.921
1997-05-19,1330.789,1344.611
1997-05-20,1351.659,1381.115
1997-05-21,1386.845,1354.882
1997-05-22,1248.969,1235.223
1997-05-23,1238.69,1254.266
1997-05-26,1268.592,1251.551
1997-05-27,1258.381,1281.744
1997-05-28,1283.003,1270.351
1997-05-29,1267.519,1263.349
1997-05-30,1261.29,1285.182
1997-06-02,1302.82,1336.283
1997-06-03,1341.68,1338.756
1997-06-04,1345.376,1361.186
1997-06-05,1362.185,1360.232
1997-06-06,1271.313,1275.304
1997-06-09,1275.252,1274.92
1997-06-10,1278.994,1241.742
1997-06-11,1239.504,1220.395
1997-06-12,1224.474,1212.766
1997-06-13,1154.984,1243.979
1997-06-16,1255.766,1261.466
1997-06-17,1260.406,1245.934
1997-06-18,1252.016,1232.68
1997-06-19,1233.676,1230.74
1997-06-20,1243.996,1291.199
1997-06-23,1313.238,1283.495
1997-06-24,1287.185,1303.928
1997-06-25,1309.342,1297.592
1997-06-26,1295.11,1284.459
1997-06-27,1287.923,1250.272
1997-07-02,1255.909,1199.061
1997-07-03,1194.676,1150.623
1997-07-04,1138.921,1159.342
1997-07-07,1161.707,1096.819
1997-07-08,1092.799,1109.666
1997-07-09,1113.641,1120.841
1997-07-10,1121.259,1120.154
1997-07-11,1116.415,1154.794
1997-07-14,1163.293,1185.72
1997-07-15,1189.474,1200.114
1997-07-16,1201.595,1190.826
1997-07-17,1188.267,1197.226
1997-07-18,1199.399,1209.857
1997-07-21,1215.839,1193.525
1997-07-22,1189.118,1208.248
1997-07-23,1219.055,1198.861
1997-07-24,1194.705,1174.217
1997-07-25,1166.566,1170.862
1997-07-28,1167.813,1141.777
1997-07-29,1137.319,1153.229
1997-07-30,1157.09,1179.421
1997-07-31,1184.937,1189.76
1997-08-01,1191.651,1192.828
1997-08-04,1196.254,1200.333
1997-08-05,1203.358,1196.274
1997-08-06,1196.035,1171.941
1997-08-07,1167.927,1199.24
1997-08-08,1205.952,1206.053
1997-08-11,1206.456,1184.083
1997-08-12,1177.261,1146.809
1997-08-13,1139.246,1120.127
1997-08-14,1120.471,1168.113
1997-08-15,1174.183,1143.064
1997-08-18,1139.606,1134.634
1997-08-19,1134.617,1132.905
1997-08-20,1135.05,1144.639
1997-08-21,1148.387,1164.545
1997-08-22,1159.386,1171.833
1997-08-25,1175.445,1184.096
1997-08-26,1186.069,1194.043
1997-08-27,1195.428,1198.513
1997-08-28,1201.059,1213.892
1997-08-29,1214.31,1221.064
1997-09-01,1224.177,1229.865
1997-09-02,1228.475,1226.303
1997-09-03,1223.621,1240.82
1997-09-04,1245.775,1251.298
1997-09-05,1250.604,1251.55
1997-09-08,1253.145,1255.229
1997-09-09,1255.181,1231.027
1997-09-10,1230.426,1256.041
1997-09-11,1260.519,1242.713
1997-09-12,1240.496,1208.697
1997-09-15,1205.901,1179.286
1997-09-16,1182.757,1187.22
1997-09-17,1188.885,1167.557
1997-09-18,1169.67,1172.366
1997-09-19,1174.769,1184.521
1997-09-22,1184.493,1103.974
1997-09-23,1096.187,1041.965
1997-09-24,1064.661,1110.012
1997-09-25,1118.369,1117.01
1997-09-26,1118.69,1109.634
1997-09-29,1106.342,1084.072
1997-09-30,1083.414,1097.383
1997-10-06,1100.7,1098.903
1997-10-07,1098.294,1102.573
1997-10-08,1122.968,1134.868
1997-10-09,1134.591,1122.466
1997-10-10,1121.338,1130.785
1997-10-13,1136.429,1119.817
1997-10-14,1116.299,1117.928
1997-10-15,1119.108,1125.782
1997-10-16,1131.4,1150.307
1997-10-17,1155.422,1176.489
1997-10-20,1183.744,1187.368
1997-10-21,1190.495,1191.87
1997-10-22,1193.701,1177.52
1997-10-23,1178.983,1173.364
1997-10-24,1172.884,1178.306
1997-10-27,1183.647,1235.827
1997-10-28,1239.585,1177.924
1997-10-29,1168.225,1184.086
1997-10-30,1189.265,1174.846
1997-10-31,1164.913,1180.393
1997-11-03,1181.162,1180.854
1997-11-04,1180.865,1184.7
1997-11-05,1186.095,1194.038
1997-11-06,1198.658,1181.123
1997-11-07,1181.776,1195.141
1997-11-10,1199.368,1185.784
1997-11-11,1183.418,1186.634
1997-11-12,1190.014,1174.189
1997-11-13,1169.704,1185.024
1997-11-14,1187.351,1197.832
1997-11-17,1210.677,1191.333
1997-11-18,1190.261,1183.349
1997-11-19,1185.103,1181.627
1997-11-20,1182.739,1172.427
1997-11-21,1168.968,1158.555
1997-11-24,1150.416,1124.941
1997-11-25,1120.864,1125.528
1997-11-26,1126.596,1143.818
1997-11-27,1141.77,1122.516
1997-11-28,1117.569,1139.628
1997-12-01,1137.588,1133.087
1997-12-02,1133.59,1130.167
1997-12-03,1129.777,1122.546
1997-12-04,1121.803,1135.873
1997-12-05,1139.477,1136.204
1997-12-08,1140.547,1139.364
1997-12-09,1139.806,1148.171
1997-12-10,1150.476,1157.842
1997-12-11,1159.054,1159.169
1997-12-12,1160.221,1153.84
1997-12-15,1155.72,1168.026
1997-12-16,1170.462,1174.802
1997-12-17,1169.644,1146.522
1997-12-18,1142.1,1154.166
1997-12-19,1154.703,1160.768
1997-12-22,1162.682,1169.007
1997-12-23,1171.902,1171.254
1997-12-24,1171.735,1169.664
1997-12-25,1170.561,1181.278
1997-12-26,1187.752,1191.919
1997-12-29,1196.297,1186.606
1997-12-30,1186.139,1181.143
1997-12-31,1182.253,1194.102
1998-01-05,1200.948,1220.473
1998-01-06,1223.73,1233.62
1998-01-07,1233.956,1244.07
1998-01-08,1243.121,1237.164
1998-01-09,1233.701,1239.901
1998-01-12,1242.21,1226.966
1998-01-13,1211.883,1167.647
1998-01-14,1170.346,1202.215
1998-01-15,1210.421,1215.431
1998-01-16,1215.82,1213.962
1998-01-19,1215.408,1213.129
1998-01-20,1211.276,1203.715
1998-01-21,1201.988,1200.203
1998-01-22,1200.521,1204.43
1998-01-23,1206.495,1222.913
1998-02-09,1257.995,1248.04
1998-02-10,1248.596,1236.513
1998-02-11,1234.181,1250.238
1998-02-12,1253.385,1246.295
1998-02-13,1246.733,1245.911
1998-02-16,1246.796,1236.236
1998-02-17,1234.837,1238.5
1998-02-18,1239.633,1229.831
1998-02-19,1229.809,1232.584
1998-02-20,1234.601,1226.02
1998-02-23,1217.859,1208.603
1998-02-24,1206.925,1208.218
1998-02-25,1208.524,1194.673
1998-02-26,1193.003,1206.674
1998-02-27,1209.442,1206.53
1998-03-02,1196.742,1188.306
1998-03-03,1186.52,1201.789
1998-03-04,1204.945,1213.253
1998-03-05,1217.851,1207.541
1998-03-06,1208.749,1206.452
1998-03-09,1207.959,1200.834
1998-03-10,1199.625,1199.832
1998-03-11,1201.262,1190.037
1998-03-12,1187.538,1178.97
1998-03-13,1177.817,1184.961
1998-03-16,1186.186,1188.482
1998-03-17,1193.668,1202.835
1998-03-18,1204.103,1193.909
1998-03-19,1192.397,1188.715
1998-03-20,1188.595,1187.501
1998-03-23,1186.561,1179.869
1998-03-24,1180.093,1194.017
1998-03-25,1207.616,1191.553
1998-03-26,1191.001,1188.865
1998-03-27,1189.409,1223.565
1998-03-30,1230.944,1249.435
1998-03-31,1251.343,1243.016
1998-04-01,1243.373,1254.965
1998-04-02,1259.593,1269.015
1998-04-03,1268.569,1286.084
1998-04-06,1291.614,1306.378
1998-04-07,1308.556,1303.14
1998-04-08,1303.408,1322.793
1998-04-09,1326.444,1297.225
1998-04-10,1294.617,1311.514
1998-04-13,1319.945,1318.748
1998-04-14,1318.274,1313.721
1998-04-15,1314.165,1324.707
1998-04-16,1324.037,1316.246
1998-04-17,1311.544,1298.107
1998-04-20,1292.162,1296.005
1998-04-21,1296.772,1305.223
1998-04-22,1307.832,1332.182
1998-04-23,1337.489,1324.559
1998-04-24,1324.455,1315.167
1998-04-27,1314.35,1310.378
1998-04-28,1315.346,1332.99
1998-04-29,1337.894,1332.499
1998-04-30,1336.01,1343.448
1998-05-04,1353.056,1352.926
1998-05-05,1355.045,1352.52
1998-05-06,1352.723,1348.412
1998-05-07,1348.888,1327.873
1998-05-08,1324.742,1357.595
1998-05-11,1367.242,1354.606
1998-05-12,1358.958,1349.649
1998-05-13,1351.18,1369.262
1998-05-14,1373.171,1367.127
1998-05-15,1373.427,1368.087
1998-05-18,1373.67,1368.183
1998-05-19,1370.675,1362.292
1998-05-20,1362.694,1357.431
1998-05-21,1356.959,1366.656
1998-05-22,1371.365,1375.817
1998-05-25,1380.126,1389.366
1998-05-26,1392.75,1390.416
1998-05-27,1393.738,1399.542
1998-05-28,1402.853,1397.895
1998-05-29,1402.675,1411.206
1998-06-01,1418.354,1415.575
1998-06-02,1419.221,1413.08
1998-06-03,1415.019,1420.0
1998-06-04,1420.986,1406.303
1998-06-05,1404.075,1408.614
1998-06-08,1411.956,1403.73
1998-06-09,1400.347,1369.65
1998-06-10,1367.741,1368.297
1998-06-11,1367.555,1347.677
1998-06-12,1373.11,1383.388
1998-06-15,1385.327,1365.341
1998-06-16,1362.591,1348.588
1998-06-17,1349.003,1348.942
1998-06-18,1352.235,1370.685
1998-06-19,1376.194,1392.878
1998-06-22,1400.468,1399.356
1998-06-23,1398.238,1397.956
1998-06-24,1399.708,1401.742
1998-06-25,1402.952,1382.036
1998-06-26,1383.29,1385.618
1998-06-29,1387.024,1361.432
1998-06-30,1360.615,1339.202
1998-07-01,1363.265,1316.441
1998-07-02,1314.1,1331.65
1998-07-03,1335.836,1335.125
1998-07-06,1339.261,1315.283
1998-07-07,1313.649,1324.4
1998-07-08,1326.817,1338.984
1998-07-09,1341.354,1343.232
1998-07-10,1344.749,1360.619
1998-07-13,1362.688,1358.813
1998-07-14,1360.614,1336.558
1998-07-15,1332.412,1335.466
1998-07-16,1335.299,1325.633
1998-07-17,1325.88,1314.715
1998-07-20,1311.059,1287.073
1998-07-21,1285.785,1313.01
1998-07-22,1312.226,1299.148
1998-07-23,1299.217,1316.271
1998-07-24,1317.848,1326.821
1998-07-27,1328.336,1321.899
1998-07-28,1321.634,1317.946
1998-07-29,1317.929,1311.94
1998-07-30,1312.855,1315.302
1998-07-31,1316.307,1316.919
1998-08-03,1315.135,1302.102
1998-08-04,1299.729,1293.457
1998-08-05,1293.704,1307.44
1998-08-06,1310.296,1294.162
1998-08-07,1292.082,1271.069
1998-08-10,1262.008,1234.581
1998-08-11,1230.379,1207.672
1998-08-12,1204.362,1190.554
1998-08-13,1193.369,1204.18
1998-08-14,1202.378,1168.026
1998-08-17,1152.673,1070.41
1998-08-18,1054.182,1071.3
1998-08-19,1072.74,1126.081
1998-08-20,1128.753,1149.907
1998-08-21,1149.622,1177.623
1998-08-24,1178.551,1178.554
1998-08-25,1174.408,1179.066
1998-08-26,1174.847,1160.288
1998-08-27,1152.358,1145.216
1998-08-28,1139.815,1129.722
1998-08-31,1117.97,1150.223
1998-09-01,1142.5,1143.125
1998-09-02,1137.305,1136.89
1998-09-03,1136.442,1147.197
1998-09-04,1148.954,1163.527
1998-09-07,1168.365,1178.375
1998-09-08,1181.067,1167.597
1998-09-09,1165.656,1190.683
1998-09-10,1194.875,1213.674
1998-09-11,1214.832,1218.005
1998-09-14,1219.318,1239.605
1998-09-15,1240.944,1230.126
1998-09-16,1226.904,1252.138
1998-09-17,1257.379,1233.703
1998-09-18,1227.56,1207.001
1998-09-21,1199.168,1222.379
1998-09-22,1224.395,1222.634
1998-09-23,1223.99,1229.862
1998-09-24,1231.049,1199.061
1998-09-25,1194.313,1221.578
1998-09-28,1224.266,1230.211
1998-09-29,1231.899,1231.747
1998-09-30,1233.589,1242.896
1998-10-05,1245.737,1234.779
1998-10-06,1234.142,1217.457
1998-10-07,1214.363,1213.785
1998-10-08,1215.952,1228.71
1998-10-09,1231.942,1236.932
1998-10-12,1239.565,1247.146
1998-10-13,1250.676,1244.068
1998-10-14,1243.714,1240.595
1998-10-15,1243.195,1254.814
1998-10-16,1259.144,1251.525
1998-10-19,1255.051,1246.236
1998-10-20,1248.235,1243.645
1998-10-21,1243.538,1207.825
1998-10-22,1202.208,1216.094
1998-10-23,1217.128,1217.429
1998-10-26,1215.559,1208.266
1998-10-27,1207.202,1216.788
1998-10-28,1218.496,1225.929
1998-10-29,1226.924,1216.76
1998-10-30,1216.014,1217.316
1998-11-02,1217.338,1223.478
1998-11-03,1225.263,1236.872
1998-11-04,1239.498,1235.804
1998-11-05,1237.544,1253.275
1998-11-06,1258.695,1259.765
1998-11-09,1263.963,1283.121
1998-11-10,1283.918,1286.559
1998-11-11,1287.422,1286.199
1998-11-12,1286.557,1282.988
1998-11-13,1281.99,1282.508
1998-11-16,1284.335,1293.743
1998-11-17,1296.626,1290.595
1998-11-18,1291.002,1285.503
1998-11-19,1283.962,1275.607
1998-11-20,1272.656,1275.374
1998-11-23,1275.903,1273.785
1998-11-24,1274.446,1278.916
1998-11-25,1280.265,1263.85
1998-11-26,1260.075,1252.818
1998-11-27,1252.373,1245.081
1998-11-30,1244.922,1247.417
1998-12-01,1249.007,1234.358
1998-12-02,1233.162,1236.969
1998-12-03,1238.292,1232.506
1998-12-04,1232.433,1219.196
1998-12-07,1234.759,1209.541
1998-12-08,1209.835,1223.258
1998-12-09,1224.357,1224.087
1998-12-10,1224.149,1204.635
1998-12-11,1201.846,1214.21
1998-12-14,1214.603,1196.296
1998-12-15,1193.638,1194.844
1998-12-16,1194.942,1183.062
1998-12-17,1180.166,1160.09
1998-12-18,1155.751,1155.92
1998-12-21,1153.663,1154.428
1998-12-22,1155.63,1185.966
1998-12-23,1186.979,1172.512
1998-12-24,1171.708,1168.981
1998-12-25,1169.602,1173.913
1998-12-28,1175.63,1159.937
1998-12-29,1157.477,1142.729
1998-12-30,1141.885,1148.264
1998-12-31,1149.832,1146.7
1999-01-04,1144.888,1125.819
1999-01-05,1123.696,1119.965
1999-01-06,1120.668,1132.59
1999-01-07,1133.165,1137.729
1999-01-08,1138.768,1168.814
1999-01-11,1169.913,1172.813
1999-01-12,1171.743,1158.868
1999-01-13,1153.294,1148.154
1999-01-14,1145.898,1148.655
1999-01-15,1149.782,1137.309
1999-01-18,1135.085,1153.119
1999-01-19,1154.16,1158.551
1999-01-20,1159.025,1151.374
1999-01-21,1150.302,1158.499
1999-01-22,1159.917,1162.35
1999-01-25,1161.98,1148.123
1999-01-26,1145.067,1138.21
1999-01-27,1137.692,1146.493
1999-01-28,1147.866,1140.975
1999-01-29,1139.835,1134.673
1999-02-01,1131.651,1120.531
1999-02-02,1119.779,1126.404
1999-02-03,1126.842,1116.865
1999-02-04,1114.647,1103.497
1999-02-05,1101.478,1081.442
1999-02-08,1076.816,1065.816
1999-02-09,1065.907,1090.087
1999-03-01,1092.145,1097.975
1999-03-02,1098.294,1100.919
1999-03-03,1101.132,1128.736
1999-03-04,1130.343,1128.954
1999-03-05,1128.618,1132.357
1999-03-08,1133.508,1142.107
1999-03-09,1143.102,1136.941
1999-03-10,1136.022,1132.736
1999-03-11,1133.287,1149.925
1999-03-12,1151.99,1158.702
1999-03-15,1161.494,1164.639
1999-03-16,1164.791,1166.93
1999-03-17,1167.719,1159.096
1999-03-18,1155.271,1151.991
1999-03-19,1150.609,1172.933
1999-03-22,1175.675,1172.743
1999-03-23,1172.977,1170.949
1999-03-24,1171.302,1169.034
1999-03-25,1167.864,1156.854
1999-03-26,1155.348,1161.12
1999-03-29,1160.576,1169.489
1999-03-30,1171.127,1157.507
1999-03-31,1156.37,1158.054
1999-04-01,1158.681,1168.504
1999-04-02,1170.76,1184.402
1999-04-05,1188.931,1194.469
1999-04-06,1195.948,1199.6
1999-04-07,1200.224,1201.634
1999-04-08,1203.02,1202.469
1999-04-09,1203.442,1205.139
1999-04-12,1205.319,1195.337
1999-04-13,1192.149,1178.192
1999-04-14,1176.771,1181.517
1999-04-15,1182.204,1170.616
1999-04-16,1168.908,1166.237
1999-04-19,1164.616,1159.473
1999-04-20,1160.052,1171.603
1999-04-21,1171.948,1144.065
1999-04-22,1137.91,1137.162
1999-04-23,1137.608,1139.997
1999-04-26,1139.647,1112.791
1999-04-27,1108.911,1091.695
1999-04-28,1090.873,1091.089
1999-04-29,1091.057,1116.405
1999-04-30,1116.107,1120.927
1999-05-04,1120.908,1111.757
1999-05-05,1110.937,1116.932
1999-05-06,1116.855,1128.224
1999-05-07,1129.532,1120.738
1999-05-10,1107.365,1071.927
1999-05-11,1072.044,1095.402
1999-05-12,1096.737,1099.996
1999-05-13,1100.857,1088.863
1999-05-14,1087.942,1063.277
1999-05-17,1057.485,1065.557
1999-05-18,1066.519,1059.874
1999-05-19,1058.7,1109.089
1999-05-20,1114.659,1147.707
1999-05-21,1154.806,1168.72
1999-05-24,1173.132,1213.654
1999-05-25,1223.129,1202.885
1999-05-26,1199.225,1236.046
1999-05-27,1247.322,1283.02
1999-05-28,1291.96,1277.15
1999-05-31,1287.075,1279.326
1999-06-01,1283.3,1311.594
1999-06-02,1319.832,1287.931
1999-06-03,1280.477,1268.324
1999-06-04,1271.168,1285.579
1999-06-07,1287.462,1326.518
1999-06-08,1336.03,1333.644
1999-06-09,1334.849,1348.606
1999-06-10,1371.003,1364.345
1999-06-11,1364.275,1370.39
1999-06-14,1382.532,1427.707
1999-06-15,1453.33,1387.592
1999-06-16,1402.345,1460.168
1999-06-17,1483.064,1501.007
1999-06-18,1511.881,1498.915
1999-06-21,1506.826,1546.408
1999-06-22,1551.875,1564.444
1999-06-23,1571.27,1606.5
1999-06-24,1615.63,1654.11
1999-06-25,1665.985,1593.859
1999-06-28,1606.283,1693.16
1999-06-29,1722.739,1739.205
1999-06-30,1755.561,1689.428
1999-07-01,1678.838,1560.787
1999-07-02,1570.564,1613.533
1999-07-05,1627.246,1581.819
1999-07-06,1568.83,1517.253
1999-07-07,1515.161,1568.652
1999-07-08,1579.143,1577.987
1999-07-09,1577.791,1584.75
1999-07-12,1588.38,1559.732
1999-07-13,1547.344,1524.821
1999-07-14,1526.977,1559.52
1999-07-15,1565.04,1549.336
1999-07-16,1547.46,1519.741
1999-07-19,1500.449,1479.076
1999-07-20,1476.027,1574.603
1999-07-21,1586.885,1609.811
1999-07-22,1606.856,1550.73
1999-07-23,1552.245,1585.98
1999-07-26,1592.414,1602.031
1999-07-27,1605.372,1590.713
1999-07-28,1592.452,1597.199
1999-07-29,1610.116,1595.86
1999-07-30,1599.938,1601.459
1999-08-02,1607.062,1616.276
1999-08-03,1622.301,1626.841
1999-08-04,1630.99,1649.128
1999-08-05,1654.526,1653.537
1999-08-06,1655.306,1646.593
1999-08-09,1650.277,1628.836
1999-08-10,1622.967,1602.147
1999-08-11,1598.015,1583.401
1999-08-12,1583.512,1575.642
1999-08-13,1581.23,1571.901
1999-08-16,1568.899,1560.068
1999-08-17,1562.56,1576.405
1999-08-18,1578.263,1581.929
1999-08-19,1587.898,1637.743
1999-08-20,1645.543,1628.934
1999-08-23,1631.435,1644.999
1999-08-24,1650.537,1648.469
1999-08-25,1649.609,1625.765
1999-08-26,1622.166,1638.233
1999-08-27,1642.061,1633.9
1999-08-30,1635.553,1619.039
1999-08-31,1622.877,1627.116
1999-09-01,1627.821,1599.552
1999-09-02,1591.583,1611.958
1999-09-03,1613.304,1587.887
1999-09-06,1577.505,1560.678
1999-09-07,1558.861,1562.794
1999-09-08,1563.621,1571.598
1999-09-09,1590.711,1675.122
1999-09-10,1690.025,1659.929
1999-09-13,1664.514,1670.143
1999-09-14,1675.706,1672.892
1999-09-15,1675.191,1662.803
1999-09-16,1662.463,1645.511
1999-09-17,1644.803,1648.558
1999-09-20,1649.121,1633.835
1999-09-21,1630.021,1625.588
1999-09-22,1625.165,1617.057
1999-09-23,1618.768,1604.203
1999-09-24,1609.827,1619.326
1999-09-27,1624.459,1602.158
1999-09-28,1602.794,1591.432
1999-09-29,1593.719,1584.954
1999-09-30,1588.986,1570.702
1999-10-08,1568.238,1534.515
1999-10-11,1529.22,1522.48
1999-10-12,1526.449,1537.796
1999-10-13,1540.599,1507.422
1999-10-14,1504.497,1508.726
1999-10-15,1515.908,1543.798
1999-10-18,1547.267,1501.665
1999-10-19,1493.47,1470.9
1999-10-20,1469.284,1485.827
1999-10-21,1486.925,1458.53
1999-10-22,1457.635,1497.462
1999-10-25,1499.138,1468.266
1999-10-26,1467.522,1482.667
1999-10-27,1509.64,1536.821
1999-10-28,1541.287,1514.525
1999-10-29,1515.184,1504.563
1999-11-01,1501.735,1493.096
1999-11-02,1491.758,1487.469
1999-11-03,1488.366,1475.684
1999-11-04,1474.135,1464.828
1999-11-05,1464.603,1465.232
1999-11-08,1464.493,1471.375
1999-11-09,1474.002,1464.03
1999-11-10,1463.688,1450.152
1999-11-11,1449.622,1443.905
1999-11-12,1446.26,1450.327
1999-11-15,1451.549,1451.536
1999-11-16,1463.337,1431.319
1999-11-17,1429.712,1462.79
1999-11-18,1466.488,1482.452
1999-11-19,1485.053,1468.472
1999-11-22,1468.218,1464.588
1999-11-23,1464.934,1466.434
1999-11-24,1466.091,1454.578
1999-11-25,1451.877,1444.241
1999-11-26,1443.442,1444.513
1999-11-29,1444.011,1435.468
1999-11-30,1433.896,1434.973
1999-12-01,1434.978,1447.116
1999-12-02,1446.686,1435.837
1999-12-03,1436.02,1437.233
1999-12-06,1436.802,1426.995
1999-12-07,1426.686,1428.261
1999-12-08,1428.773,1424.848
1999-12-09,1424.912,1416.726
1999-12-10,1416.37,1428.939
1999-12-13,1429.194,1417.107
1999-12-14,1415.712,1422.263
1999-12-15,1423.762,1451.057
1999-12-16,1451.725,1434.867
1999-12-17,1434.632,1419.551
1999-12-21,1416.5,1395.497
1999-12-22,1393.827,1387.51
1999-12-23,1386.79,1369.461
1999-12-24,1367.687,1355.367
1999-12-27,1353.527,1345.352
1999-12-28,1346.452,1348.821
1999-12-29,1350.267,1356.926
1999-12-30,1357.815,1366.58
2000-01-04,1368.693,1406.371
2000-01-05,1407.829,1409.682
2000-01-06,1406.036,1463.942
2000-01-07,1477.154,1516.604
2000-01-10,1531.712,1545.112
2000-01-11,1547.678,1479.781
2000-01-12,1473.761,1438.02
2000-01-13,1437.453,1424.442
2000-01-14,1426.224,1408.848
2000-01-17,1408.988,1433.33
2000-01-18,1436.888,1426.623
2000-01-19,1425.874,1440.724
2000-01-20,1443.094,1466.863
2000-01-21,1471.905,1465.085
2000-01-24,1465.858,1477.344
2000-01-25,1483.033,1476.506
2000-01-26,1477.295,1481.117
2000-01-27,1490.447,1506.767
2000-01-28,1514.558,1534.997
2000-02-14,1591.445,1673.943
2000-02-15,1709.224,1670.67
2000-02-16,1674.936,1693.109
2000-02-17,1734.268,1640.649
2000-02-18,1623.961,1668.091
2000-02-21,1681.361,1677.136
2000-02-22,1681.299,1632.294
2000-02-23,1618.008,1594.93
2000-02-24,1593.948,1634.309
2000-02-25,1639.919,1631.576
2000-02-28,1639.799,1704.855
2000-02-29,1728.136,1714.578
2000-03-01,1720.597,1697.744
2000-03-02,1697.562,1713.014
2000-03-03,1728.355,1738.021
2000-03-06,1756.313,1681.085
2000-03-07,1661.948,1694.798
2000-03-08,1699.462,1726.033
2000-03-09,1734.767,1732.346
2000-03-10,1731.94,1705.049
2000-03-13,1706.769,1728.875
2000-03-14,1690.653,1685.347
2000-03-15,1680.296,1681.471
2000-03-16,1671.097,1607.527
2000-03-17,1602.363,1658.601
2000-03-20,1646.31,1699.248
2000-03-21,1704.085,1710.324
2000-03-22,1713.241,1720.446
2000-03-23,1724.188,1747.241
2000-03-24,1761.444,1730.499
2000-03-27,1736.696,1775.914
2000-03-28,1788.827,1791.441
2000-03-29,1797.881,1788.807
2000-03-30,1793.676,1810.984
2000-03-31,1810.553,1800.225
2000-04-03,1799.575,1801.003
2000-04-04,1795.161,1760.692
2000-04-05,1756.3,1771.199
2000-04-06,1775.784,1809.141
2000-04-07,1816.786,1819.896
2000-04-10,1826.611,1826.061
2000-04-11,1826.403,1821.174
2000-04-12,1822.398,1807.328
2000-04-13,1807.837,1831.548
2000-04-14,1835.861,1833.665
2000-04-17,1829.615,1795.058
2000-04-18,1794.339,1813.495
2000-04-19,1819.081,1828.71
2000-04-20,1831.657,1847.027
2000-04-21,1851.307,1841.064
2000-04-24,1844.695,1837.398
2000-04-25,1838.05,1833.469
2000-04-26,1835.666,1832.779
2000-04-27,1835.601,1806.83
2000-04-28,1805.503,1836.321
2000-05-08,1848.173,1836.637
2000-05-09,1838.996,1806.638
2000-05-10,1801.426,1752.689
2000-05-11,1750.859,1724.048
2000-05-12,1725.868,1720.608
2000-05-15,1722.635,1704.587
2000-05-16,1706.728,1724.538
2000-05-17,1727.426,1725.398
2000-05-18,1725.604,1758.537
2000-05-19,1761.791,1777.828
2000-05-22,1785.894,1824.736
2000-05-23,1834.436,1832.075
2000-05-24,1835.563,1855.493
2000-05-25,1866.563,1880.704
2000-05-26,1885.752,1879.617
2000-05-29,1885.546,1898.748
2000-05-30,1903.53,1877.471
2000-05-31,1875.463,1894.554
2000-06-01,1900.533,1903.488
2000-06-02,1906.162,1916.25
2000-06-05,1921.969,1899.092
2000-06-06,1898.591,1925.544
2000-06-07,1934.376,1935.031
2000-06-08,1937.195,1925.206
2000-06-09,1926.15,1900.787
2000-06-12,1896.428,1912.557
2000-06-13,1918.192,1938.674
2000-06-14,1944.44,1932.29
2000-06-15,1933.059,1942.285
2000-06-16,1945.698,1926.944
2000-06-19,1924.693,1915.205
2000-06-20,1913.074,1895.348
2000-06-21,1894.779,1913.131
2000-06-22,1918.164,1913.901
2000-06-23,1915.307,1939.627
2000-06-26,1946.698,1948.639
2000-06-27,1949.778,1942.898
2000-06-28,1943.984,1947.481
2000-06-29,1949.847,1937.261
2000-06-30,1937.843,1928.106
2000-07-03,1917.442,1895.637
2000-07-04,1891.205,1907.931
2000-07-05,1910.42,1909.187
2000-07-06,1909.237,1902.552
2000-07-07,1904.085,1932.792
2000-07-10,1938.843,1948.021
2000-07-11,1952.259,1960.541
2000-07-12,1965.231,1973.374
2000-07-13,1978.552,1979.201
2000-07-14,1981.776,1987.192
2000-07-17,1992.894,1982.479
2000-07-18,1982.497,1993.986
2000-07-19,2000.33,1998.426
2000-07-20,1999.089,1991.56
2000-07-21,1994.423,1996.336
2000-07-24,1998.245,1989.239
2000-07-25,1990.149,1996.577
2000-07-26,1999.442,2012.319
2000-07-27,2017.457,2012.35
2000-07-28,2014.113,2012.793
2000-07-31,2016.144,2023.539
2000-08-01,2027.013,2028.151
2000-08-02,2030.789,2030.683
2000-08-03,2032.937,2036.301
2000-08-04,2037.468,2026.361
2000-08-07,2025.182,2039.419
2000-08-08,2042.745,2049.916
2000-08-09,2051.654,2061.18
2000-08-10,2065.305,2065.943
2000-08-11,2067.784,2062.666
2000-08-14,2065.935,2076.3
2000-08-15,2079.069,2076.823
2000-08-16,2078.485,2083.467
2000-08-17,2086.809,2091.586
2000-08-18,2093.632,2090.183
2000-08-21,2095.378,2108.69
2000-08-22,2112.017,2074.703
2000-08-23,2064.045,2057.919
2000-08-24,2058.529,2071.161
2000-08-25,2073.715,2086.703
2000-08-28,2092.122,2100.585
2000-08-29,2103.033,2105.476
2000-08-30,2107.019,2076.143
2000-08-31,2062.835,2021.199
2000-09-01,2009.151,1999.859
2000-09-04,1994.885,2010.602
2000-09-05,2015.062,1963.792
2000-09-06,1955.499,1925.907
2000-09-07,1929.296,1950.663
2000-09-08,1955.153,1959.312
2000-09-11,1963.271,1972.043
2000-09-12,1975.412,1979.095
2000-09-13,1980.528,1988.936
2000-09-14,1989.974,1979.505
2000-09-15,1978.037,1978.434
2000-09-18,1979.53,1946.753
2000-09-19,1937.319,1903.154
2000-09-20,1902.912,1922.289
2000-09-21,1924.83,1907.306
2000-09-22,1904.573,1891.984
2000-09-25,1889.904,1875.911
2000-09-26,1878.311,1887.829
2000-09-27,1889.875,1914.086
2000-09-28,1915.497,1889.289
2000-09-29,1888.201,1910.161
2000-10-09,1912.076,1915.35
2000-10-10,1917.896,1942.149
2000-10-11,1944.248,1933.726
2000-10-12,1933.143,1926.324
2000-10-13,1927.354,1918.157
2000-10-16,1917.446,1902.809
2000-10-17,1902.073,1909.49
2000-10-18,1911.705,1922.845
2000-10-19,1925.214,1913.42
2000-10-20,1913.162,1947.455
2000-10-23,1952.956,1958.938
2000-10-24,1960.366,1956.344
2000-10-25,1957.378,1977.254
2000-10-26,1979.296,1967.673
2000-10-27,1968.171,1967.405
2000-10-30,1967.653,1973.578
2000-10-31,1974.527,1961.287
2000-11-01,1961.081,1977.363
2000-11-02,1981.765,1984.26
2000-11-03,1984.986,1981.631
2000-11-06,1983.073,1991.173
2000-11-07,1993.454,1997.077
2000-11-08,1999.153,2012.908
2000-11-09,2016.22,2032.482
2000-11-10,2037.084,2047.458
2000-11-13,2054.479,2070.788
2000-11-14,2072.793,2085.118
2000-11-15,2087.277,2081.905
2000-11-16,2081.139,2095.984
2000-11-17,2098.888,2093.235
2000-11-20,2092.591,2101.389
2000-11-21,2104.068,2097.982
2000-11-22,2097.281,2113.303
2000-11-23,2119.156,2119.439
2000-11-24,2119.01,2053.37
2000-11-27,2041.155,2049.671
2000-11-28,2052.776,2079.396
2000-11-29,2081.496,2067.495
2000-11-30,2067.07,2070.613
2000-12-01,2073.089,2081.843
2000-12-04,2084.484,2092.139
2000-12-05,2094.994,2091.67
2000-12-06,2092.996,2075.627
2000-12-07,2072.531,2075.044
2000-12-08,2074.566,2073.163
2000-12-11,2072.283,2046.076
2000-12-12,2045.17,2059.053
2000-12-13,2057.383,2056.12
2000-12-14,2056.998,2051.079
2000-12-15,2052.793,2039.364
2000-12-18,2038.448,2044.545
2000-12-19,2047.348,2049.032
2000-12-20,2050.068,2071.268
2000-12-21,2075.562,2076.886
2000-12-22,2078.426,2069.768
2000-12-25,2071.567,2068.174
2000-12-26,2070.377,2076.266
2000-12-27,2077.718,2058.244
2000-12-28,2054.517,2053.704
2000-12-29,2055.828,2073.477
2001-01-02,2077.076,2103.469
2001-01-03,2108.254,2123.899
2001-01-04,2125.485,2117.405
2001-01-05,2117.664,2125.3
2001-01-08,2128.602,2102.064
2001-01-09,2099.323,2101.135
2001-01-10,2102.085,2125.615
2001-01-11,2129.61,2119.141
2001-01-12,2116.846,2104.747
2001-01-15,2097.091,2032.443
2001-01-16,2018.298,2045.887
2001-01-17,2046.377,2034.584
2001-01-18,2033.686,2043.11
2001-01-19,2046.581,2065.606
2001-02-05,2069.856,2008.032
2001-02-06,1999.723,1995.315
2001-02-07,1995.603,1979.939
2001-02-08,1977.559,1930.138
2001-02-09,1935.188,1956.97
2001-02-12,1958.655,1961.221
2001-02-13,1962.527,1963.528
2001-02-14,1962.738,1963.2
2001-02-15,1963.449,1946.479
2001-02-16,1942.049,1941.964
2001-02-19,1942.579,1967.55
2001-02-20,1969.777,1953.218
2001-02-21,1948.417,1909.326
2001-02-22,1901.993,1907.26
2001-02-23,1906.914,1936.346
2001-02-26,1940.77,1953.341
2001-02-27,1956.272,1962.042
2001-02-28,1964.356,1959.18
2001-03-01,1959.009,1965.121
2001-03-02,1969.056,1985.111
2001-03-05,1991.28,1984.2
2001-03-06,1986.732,1990.06
2001-03-07,1991.276,1991.177
2001-03-08,1990.637,2000.9
2001-03-09,2003.205,2011.66
2001-03-12,2013.312,2012.552
2001-03-13,2012.155,1998.699
2001-03-14,1996.152,2018.616
2001-03-15,2019.725,2022.601
2001-03-16,2023.029,2020.236
2001-03-19,2019.851,2036.617
2001-03-20,2039.554,2045.793
2001-03-21,2047.633,2066.39
2001-03-22,2071.202,2087.532
2001-03-23,2091.176,2053.539
2001-03-26,2052.055,2089.881
2001-03-27,2096.502,2107.258
2001-03-28,2109.755,2106.874
2001-03-29,2107.224,2101.658
2001-03-30,2101.1,2112.775
2001-04-02,2117.45,2125.084
2001-04-03,2127.781,2123.052
2001-04-04,2123.885,2090.719
2001-04-05,2084.807,2112.6
2001-04-06,2116.377,2108.606
2001-04-09,2108.969,2117.367
2001-04-10,2119.538,2128.479
2001-04-11,2130.895,2131.397
2001-04-12,2132.808,2134.798
2001-04-13,2135.669,2145.4
2001-04-16,2150.292,2168.059
2001-04-17,2173.304,2176.679
2001-04-18,2177.987,2172.564
2001-04-19,2172.431,2172.87
2001-04-20,2173.956,2152.335
2001-04-23,2150.341,2150.426
2001-04-24,2151.341,2166.174
2001-04-25,2168.051,2119.18
2001-04-26,2113.391,2105.056
2001-04-27,2104.034,2115.109
2001-04-30,2117.168,2119.184
2001-05-08,2119.898,2137.994
2001-05-09,2140.554,2132.89
2001-05-10,2134.191,2147.283
2001-05-11,2150.322,2155.405
2001-05-14,2161.614,2178.466
2001-05-15,2184.787,2191.064
2001-05-16,2195.365,2199.505
2001-05-17,2201.983,2194.647
2001-05-18,2194.62,2203.372
2001-05-21,2207.781,2213.595
2001-05-22,2215.775,2210.337
2001-05-23,2210.851,2197.595
2001-05-24,2198.008,2198.297
2001-05-25,2199.661,2193.576
2001-05-28,2194.453,2179.699
2001-05-29,2177.647,2180.276
2001-05-30,2180.62,2211.201
2001-05-31,2217.873,2214.257
2001-06-01,2216.56,2219.591
2001-06-04,2223.911,2226.779
2001-06-05,2229.247,2234.987
2001-06-06,2237.989,2238.501
2001-06-07,2241.014,2229.812
2001-06-08,2229.205,2223.068
2001-06-11,2223.795,2214.623
2001-06-12,2213.545,2222.959
2001-06-13,2227.071,2242.423
2001-06-14,2243.299,2202.398
2001-06-15,2196.685,2210.97
2001-06-18,2211.892,2167.647
2001-06-19,2163.319,2170.454
2001-06-20,2171.011,2163.123
2001-06-21,2164.123,2189.145
2001-06-22,2191.356,2206.067
2001-06-25,2210.069,2230.197
2001-06-26,2234.071,2233.591
2001-06-27,2234.708,2229.828
2001-06-28,2231.368,2219.25
2001-06-29,2218.573,2218.029
2001-07-02,2220.419,2205.985
2001-07-03,2206.848,2211.83
2001-07-04,2212.971,2202.058
2001-07-05,2202.303,2181.663
2001-07-06,2179.81,2170.521
2001-07-09,2169.467,2169.655
2001-07-10,2172.608,2189.785
2001-07-11,2190.977,2168.74
2001-07-12,2164.915,2165.491
2001-07-13,2167.7,2161.34
2001-07-16,2176.337,2146.236
2001-07-17,2145.485,2140.981
2001-07-18,2142.011,2146.541
2001-07-19,2146.515,2150.265
2001-07-20,2153.237,2179.624
2001-07-23,2183.74,2169.01
2001-07-24,2162.75,2136.45
2001-07-25,2130.45,2112.26
2001-07-26,2109.92,2094.01
2001-07-27,2093.87,2065.73
2001-07-30,2056.76,1956.8
2001-07-31,1939.26,1920.32
2001-08-01,1925.24,1986.93
2001-08-02,1989.64,1957.02
2001-08-03,1956.54,1958.69
2001-08-06,1953.41,1882.13
2001-08-07,1872.67,1903.93
2001-08-08,1902.87,1895.17
2001-08-09,1894.69,1924.59
2001-08-10,1929.96,1955.036
2001-08-13,1956.925,1955.1
2001-08-14,1955.507,1939.542
2001-08-15,1938.544,1947.359
2001-08-16,1948.267,1919.645
2001-08-17,1916.843,1924.003
2001-08-20,1923.099,1934.489
2001-08-21,1936.056,1938.871
2001-08-22,1935.535,1903.446
2001-08-23,1892.37,1902.99
2001-08-24,1903.38,1886.8
2001-08-27,1881.309,1827.25
2001-08-28,1816.659,1843.385
2001-08-29,1846.817,1847.536
2001-08-30,1846.187,1839.631
2001-08-31,1838.214,1834.138
2001-09-03,1831.703,1817.19
2001-09-04,1815.27,1862.36
2001-09-05,1868.361,1868.27
2001-09-06,1867.633,1861.561
2001-09-07,1858.242,1808.844
2001-09-10,1790.21,1856.529
2001-09-11,1859.966,1863.78
2001-09-12,1822.129,1852.604
2001-09-13,1851.615,1839.909
2001-09-14,1838.674,1818.382
2001-09-17,1811.904,1784.608
2001-09-18,1784.591,1798.622
2001-09-19,1800.239,1822.695
2001-09-20,1826.417,1818.419
2001-09-21,1815.562,1807.019
2001-09-24,1804.887,1794.961
2001-09-25,1799.979,1793.884
2001-09-26,1793.651,1767.814
2001-09-27,1765.622,1764.932
2001-09-28,1766.13,1764.867
2001-10-08,1766.133,1726.533
2001-10-09,1724.173,1744.64
2001-10-10,1744.042,1686.612
2001-10-11,1682.317,1638.326
2001-10-12,1637.749,1691.326
2001-10-15,1692.173,1687.28
2001-10-16,1689.187,1655.902
2001-10-17,1654.929,1643.066
2001-10-18,1642.012,1615.579
2001-10-19,1610.445,1572.453
2001-10-22,1558.468,1520.669
2001-10-23,1642.22,1670.562
2001-10-24,1733.637,1718.06
2001-10-25,1708.028,1676.499
2001-10-26,1669.157,1677.878
2001-10-29,1678.725,1700.477
2001-10-30,1702.862,1682.769
2001-10-31,1678.926,1689.17
2001-11-01,1692.351,1707.754
2001-11-02,1703.924,1691.351
2001-11-05,1687.84,1679.572
2001-11-06,1678.173,1671.278
2001-11-07,1669.427,1594.05
2001-11-08,1566.521,1605.871
2001-11-09,1605.076,1630.359
2001-11-12,1631.799,1621.195
2001-11-13,1609.953,1615.931
2001-11-14,1615.752,1617.102
2001-11-15,1619.263,1621.344
2001-11-16,1725.448,1646.763
2001-11-19,1645.092,1669.894
2001-11-20,1672.212,1699.732
2001-11-21,1700.661,1705.664
2001-11-22,1705.924,1715.813
2001-11-23,1715.646,1712.564
2001-11-26,1710.132,1705.885
2001-11-27,1705.509,1722.589
2001-11-28,1725.535,1735.0
2001-11-29,1735.383,1732.296
2001-11-30,1732.134,1747.993
2001-12-03,1751.051,1762.562
2001-12-04,1763.789,1769.681
2001-12-05,1765.563,1745.227
2001-12-06,1740.077,1751.182
2001-12-07,1752.015,1745.407
2001-12-10,1743.625,1748.682
2001-12-11,1748.021,1728.878
2001-12-12,1724.875,1715.172
2001-12-13,1713.78,1688.013
2001-12-14,1683.728,1675.514
2001-12-17,1673.242,1665.938
2001-12-18,1666.514,1687.29
2001-12-19,1688.917,1672.698
2001-12-20,1669.475,1631.537
2001-12-21,1627.439,1640.142
2001-12-24,1639.522,1606.104
2001-12-25,1604.667,1611.17
2001-12-26,1610.648,1633.643
2001-12-27,1635.461,1627.923
2001-12-28,1626.955,1639.484
2001-12-31,1641.428,1645.971
2002-01-04,1643.485,1611.393
2002-01-07,1605.741,1596.76
2002-01-08,1594.867,1583.461
2002-01-09,1580.711,1561.349
2002-01-10,1556.737,1576.437
2002-01-11,1574.261,1535.593
2002-01-14,1519.932,1485.108
2002-01-15,1475.338,1459.653
2002-01-16,1458.843,1479.619
2002-01-17,1476.358,1419.519
2002-01-18,1405.55,1415.438
2002-01-21,1406.997,1366.968
2002-01-22,1360.294,1358.691
2002-01-23,1355.863,1444.965
2002-01-24,1435.319,1456.404
2002-01-25,1449.882,1451.484
2002-01-28,1444.501,1359.549
2002-01-29,1343.358,1392.775
2002-01-30,1392.95,1396.605
2002-01-31,1413.224,1491.665
2002-02-01,1494.577,1485.77
2002-02-04,1485.676,1511.327
2002-02-05,1510.567,1518.28
2002-02-06,1517.813,1485.802
2002-02-07,1482.357,1515.394
2002-02-08,1520.717,1506.615
2002-02-25,1540.493,1530.284
2002-02-26,1529.376,1531.43
2002-02-27,1531.317,1538.319
2002-02-28,1537.926,1524.701
2002-03-01,1521.528,1502.54
2002-03-04,1497.827,1526.804
2002-03-05,1529.298,1560.079
2002-03-06,1564.694,1569.208
2002-03-07,1569.172,1613.001
2002-03-08,1622.869,1640.256
2002-03-11,1643.59,1664.094
2002-03-12,1665.237,1643.692
2002-03-13,1636.945,1623.432
2002-03-14,1621.079,1665.151
2002-03-15,1671.825,1620.976
2002-03-18,1641.429,1623.884
2002-03-19,1624.319,1665.357
2002-03-20,1673.265,1682.51
2002-03-21,1686.946,1685.017
2002-03-22,1684.071,1669.694
2002-03-25,1667.853,1675.289
2002-03-26,1674.704,1649.484
2002-03-27,1646.679,1654.231
2002-03-28,1653.983,1650.673
2002-03-29,1648.087,1603.905
2002-04-01,1598.026,1608.506
2002-04-02,1608.519,1582.883
2002-04-03,1582.744,1594.508
2002-04-04,1595.018,1641.699
2002-04-05,1650.504,1634.643
2002-04-08,1633.831,1640.65
2002-04-09,1641.847,1667.522
2002-04-10,1670.802,1677.658
2002-04-11,1679.341,1649.53
2002-04-12,1648.454,1658.979
2002-04-15,1660.572,1649.5
2002-04-16,1647.508,1640.285
2002-04-17,1641.724,1644.395
2002-04-18,1644.147,1628.137
2002-04-19,1625.249,1635.172
2002-04-22,1633.642,1627.48
2002-04-23,1626.63,1624.546
2002-04-24,1623.468,1611.051
2002-04-25,1609.936,1615.919
2002-04-26,1615.519,1640.589
2002-04-29,1643.549,1665.812
2002-04-30,1668.313,1667.749
2002-05-08,1669.871,1652.368
2002-05-09,1648.46,1650.578
2002-05-10,1650.913,1638.198
2002-05-13,1634.901,1623.94
2002-05-14,1622.331,1616.231
2002-05-15,1614.9,1598.354
2002-05-16,1592.236,1549.501
2002-05-17,1549.083,1567.497
2002-05-20,1564.968,1541.53
2002-05-21,1575.022,1588.108
2002-05-22,1590.794,1564.489
2002-05-23,1571.075,1571.611
2002-05-24,1572.938,1549.466
2002-05-27,1555.042,1555.048
2002-05-28,1557.624,1558.524
2002-05-29,1558.131,1524.806
2002-05-30,1524.218,1523.522
2002-05-31,1523.014,1515.733
2002-06-03,1510.247,1483.348
2002-06-04,1484.008,1490.514
2002-06-05,1491.074,1462.0
2002-06-06,1458.611,1521.263
2002-06-07,1522.879,1529.507
2002-06-10,1529.336,1517.23
2002-06-11,1515.993,1530.963
2002-06-12,1531.75,1524.842
2002-06-13,1524.772,1511.711
2002-06-14,1508.642,1494.246
2002-06-17,1489.135,1496.242
2002-06-18,1496.831,1524.068
2002-06-19,1523.953,1507.668
2002-06-20,1511.115,1516.151
2002-06-21,1517.275,1562.722
2002-06-24,1704.698,1707.313
2002-06-25,1718.234,1706.591
2002-06-26,1698.11,1712.91
2002-06-27,1714.744,1723.545
2002-06-28,1724.727,1732.755
2002-07-01,1736.293,1713.705
2002-07-02,1707.447,1724.949
2002-07-03,1727.09,1730.919
2002-07-04,1731.899,1713.135
2002-07-05,1709.842,1722.188
2002-07-08,1723.579,1732.934
2002-07-09,1733.834,1729.986
2002-07-10,1728.517,1701.824
2002-07-11,1698.213,1696.94
2002-07-12,1696.644,1698.298
2002-07-15,1696.808,1687.945
2002-07-16,1687.666,1691.623
2002-07-17,1692.447,1701.718
2002-07-18,1703.808,1704.912
2002-07-19,1706.359,1713.861
2002-07-22,1712.018,1681.009
2002-07-23,1676.904,1673.861
2002-07-24,1673.682,1672.4
2002-07-25,1675.473,1665.109
2002-07-26,1665.089,1657.499
2002-07-29,1654.925,1665.674
2002-07-30,1666.579,1669.002
2002-07-31,1667.623,1651.594
2002-08-01,1650.054,1653.008
2002-08-02,1653.638,1661.871
2002-08-05,1661.404,1653.957
2002-08-06,1652.942,1670.619
2002-08-07,1670.173,1668.065
2002-08-08,1668.513,1659.802
2002-08-09,1658.443,1647.046
2002-08-12,1642.477,1634.566
2002-08-13,1633.677,1636.632
2002-08-14,1636.889,1646.722
2002-08-15,1646.616,1634.366
2002-08-16,1632.961,1646.792
2002-08-19,1645.931,1644.301
2002-08-20,1644.616,1671.351
2002-08-21,1671.991,1673.549
2002-08-22,1672.696,1686.111
2002-08-23,1686.296,1683.207
2002-08-26,1682.136,1670.685
2002-08-27,1670.627,1679.691
2002-08-28,1680.754,1676.77
2002-08-29,1676.858,1667.318
2002-08-30,1666.979,1666.618
2002-09-02,1666.341,1668.774
2002-09-03,1669.585,1674.07
2002-09-04,1674.453,1663.972
2002-09-05,1662.892,1641.807
2002-09-06,1639.888,1631.384
2002-09-09,1628.452,1621.582
2002-09-10,1620.282,1625.111
2002-09-11,1625.326,1620.355
2002-09-12,1619.94,1624.558
2002-09-13,1624.502,1625.759
2002-09-16,1624.133,1604.083
2002-09-17,1603.457,1604.881
2002-09-18,1603.613,1594.584
2002-09-19,1593.573,1619.354
2002-09-20,1618.2,1604.913
2002-09-23,1602.276,1602.591
2002-09-24,1602.203,1596.732
2002-09-25,1595.806,1597.837
2002-09-26,1597.854,1587.649
2002-09-27,1587.243,1581.618
2002-10-08,1577.052,1562.993
2002-10-09,1570.649,1535.366
2002-10-10,1532.181,1530.407
2002-10-11,1532.136,1524.051
2002-10-14,1522.872,1531.676
2002-10-15,1531.581,1524.728
2002-10-16,1524.908,1537.388
2002-10-17,1537.965,1513.097
2002-10-18,1511.177,1519.539
2002-10-21,1519.205,1524.925
2002-10-22,1525.08,1548.104
2002-10-23,1549.766,1548.965
2002-10-24,1549.785,1536.52
2002-10-25,1535.796,1520.313
2002-10-28,1518.086,1502.716
2002-10-29,1501.381,1510.882
2002-10-30,1511.112,1509.707
2002-10-31,1510.03,1507.496
2002-11-01,1507.383,1510.76
2002-11-04,1516.22,1531.842
2002-11-05,1533.81,1558.239
2002-11-06,1558.914,1552.561
2002-11-07,1554.043,1554.237
2002-11-08,1569.999,1522.187
2002-11-11,1519.603,1504.403
2002-11-12,1504.576,1485.913
2002-11-13,1483.712,1490.464
2002-11-14,1488.914,1460.795
2002-11-15,1455.98,1463.691
2002-11-18,1463.724,1451.29
2002-11-19,1450.703,1462.174
2002-11-20,1459.212,1425.843
2002-11-21,1421.233,1390.629
2002-11-22,1392.574,1395.497
2002-11-25,1393.341,1398.438
2002-11-26,1398.438,1371.167
2002-11-27,1365.824,1378.752
2002-11-28,1378.142,1417.525
2002-11-29,1420.429,1434.182
2002-12-02,1432.029,1395.675
2002-12-03,1391.718,1408.843
2002-12-04,1414.887,1414.454
2002-12-05,1411.89,1404.88
2002-12-06,1404.925,1405.525
2002-12-09,1404.513,1400.867
2002-12-10,1400.558,1383.84
2002-12-11,1381.399,1379.195
2002-12-12,1378.817,1383.91
2002-12-13,1375.779,1396.898
2002-12-16,1397.721,1408.515
2002-12-17,1409.173,1416.096
2002-12-18,1416.671,1411.719
2002-12-19,1411.276,1413.597
2002-12-20,1414.345,1427.936
2002-12-23,1429.951,1430.199
2002-12-24,1429.531,1430.827
2002-12-25,1431.588,1421.515
2002-12-26,1419.965,1384.152
2002-12-27,1379.328,1382.971
2002-12-30,1379.737,1366.362
2002-12-31,1364.968,1357.654
2003-01-02,1347.433,1320.63
2003-01-03,1317.583,1319.868
2003-01-06,1319.688,1334.679
2003-01-07,1335.632,1332.061
2003-01-08,1331.441,1372.067
2003-01-09,1374.618,1397.384
2003-01-10,1398.377,1384.859
2003-01-13,1381.87,1386.314
2003-01-14,1386.897,1466.851
2003-01-15,1477.454,1459.92
2003-01-16,1458.866,1485.618
2003-01-17,1488.265,1478.675
2003-01-20,1475.711,1482.681
2003-01-21,1485.87,1454.891
2003-01-22,1448.826,1460.53
2003-01-23,1460.249,1450.616
2003-01-24,1449.504,1479.07
2003-01-27,1481.609,1496.157
2003-01-28,1497.098,1500.639
2003-01-29,1501.286,1499.815
2003-02-10,1499.166,1480.169
2003-02-11,1478.046,1492.764
2003-02-12,1493.248,1510.671
2003-02-13,1512.285,1504.338
2003-02-14,1503.373,1510.95
2003-02-17,1510.64,1496.523
2003-02-18,1495.141,1496.468
2003-02-19,1496.651,1510.803
2003-02-20,1513.007,1509.486
2003-02-21,1508.077,1478.871
2003-02-24,1476.07,1481.936
2003-02-25,1481.106,1511.275
2003-02-26,1513.493,1513.175
2003-02-27,1514.024,1513.704
2003-02-28,1512.865,1511.932
2003-03-03,1511.585,1525.483
2003-03-04,1527.449,1524.304
2003-03-05,1524.077,1517.179
2003-03-06,1516.601,1498.343
2003-03-07,1495.694,1493.093
2003-03-10,1492.209,1468.919
2003-03-11,1467.551,1469.548
2003-03-12,1468.747,1475.008
2003-03-13,1475.037,1464.649
2003-03-14,1464.992,1466.044
2003-03-17,1465.144,1469.274
2003-03-18,1468.986,1459.892
2003-03-19,1458.582,1469.96
2003-03-20,1469.663,1464.54
2003-03-21,1464.184,1474.657
2003-03-24,1474.591,1477.766
2003-03-25,1478.053,1462.4
2003-03-26,1461.321,1456.271
2003-03-27,1455.439,1499.347
2003-03-28,1498.455,1491.941
2003-03-31,1491.391,1510.578
2003-04-01,1513.001,1522.546
2003-04-02,1522.491,1521.32
2003-04-03,1521.356,1511.729
2003-04-04,1510.222,1521.128
2003-04-07,1521.898,1515.132
2003-04-08,1515.645,1520.551
2003-04-09,1519.985,1543.674
2003-04-10,1546.507,1551.18
2003-04-11,1552.004,1576.86
2003-04-14,1581.38,1616.072
2003-04-15,1619.95,1631.47
2003-04-16,1633.53,1606.24
2003-04-17,1606.233,1613.604
2003-04-18,1616.905,1603.077
2003-04-21,1598.504,1571.714
2003-04-22,1570.574,1568.692
2003-04-23,1568.133,1541.96
2003-04-24,1538.58,1503.59
2003-04-25,1501.569,1487.147
2003-04-28,1483.466,1537.691
2003-04-29,1535.88,1509.313
2003-04-30,1511.154,1521.444
2003-05-12,1522.981,1531.867
2003-05-13,1533.08,1485.307
2003-05-14,1480.111,1522.924
2003-05-15,1524.499,1555.285
2003-05-16,1555.907,1554.452
2003-05-19,1557.294,1555.447
2003-05-20,1553.691,1535.52
2003-05-21,1534.601,1533.483
2003-05-22,1532.185,1546.113
2003-05-23,1547.155,1560.955
2003-05-26,1563.205,1569.512
2003-05-27,1572.308,1568.341
2003-05-28,1569.328,1551.811
2003-05-29,1549.052,1568.156
2003-05-30,1570.92,1576.261
2003-06-02,1577.987,1576.528
2003-06-03,1577.078,1562.237
2003-06-04,1560.667,1574.111
2003-06-05,1575.308,1556.249
2003-06-06,1553.195,1538.92
2003-06-09,1536.273,1530.215
2003-06-10,1529.533,1538.762
2003-06-11,1540.716,1565.84
2003-06-12,1566.921,1562.106
2003-06-13,1562.609,1566.766
2003-06-16,1568.188,1559.705
2003-06-17,1559.122,1557.175
2003-06-18,1556.894,1553.877
2003-06-19,1554.016,1538.754
2003-06-20,1537.498,1529.47
2003-06-23,1524.577,1511.365
2003-06-24,1509.107,1512.429
2003-06-25,1512.487,1502.077
2003-06-26,1500.343,1515.375
2003-06-27,1516.814,1497.054
2003-06-30,1493.69,1486.024
2003-07-01,1485.521,1484.704
2003-07-02,1485.445,1499.682
2003-07-03,1501.903,1504.436
2003-07-04,1504.597,1502.349
2003-07-07,1500.851,1501.484
2003-07-08,1501.621,1512.019
2003-07-09,1512.338,1503.314
2003-07-10,1503.509,1531.927
2003-07-11,1532.641,1528.854
2003-07-14,1528.393,1521.414
2003-07-15,1521.564,1525.439
2003-07-16,1525.499,1529.491
2003-07-17,1529.972,1539.358
2003-07-18,1539.049,1507.162
2003-07-21,1501.39,1495.885
2003-07-22,1499.893,1498.485
2003-07-23,1499.307,1502.148
2003-07-24,1503.058,1493.451
2003-07-25,1494.578,1477.651
2003-07-28,1474.736,1470.393
2003-07-29,1470.392,1477.296
2003-07-30,1477.414,1479.652
2003-07-31,1480.013,1476.742
2003-08-01,1476.47,1476.969
2003-08-04,1476.824,1494.365
2003-08-05,1494.486,1494.312
2003-08-06,1493.026,1486.252
2003-08-07,1485.741,1487.37
2003-08-08,1487.166,1471.272
2003-08-11,1469.262,1474.413
2003-08-12,1473.987,1479.283
2003-08-13,1479.669,1465.827
2003-08-14,1464.381,1455.899
2003-08-15,1454.684,1450.203
2003-08-18,1449.668,1445.089
2003-08-19,1444.659,1449.712
2003-08-20,1449.496,1441.664
2003-08-21,1441.776,1441.09
2003-08-22,1438.786,1438.883
2003-08-25,1434.212,1422.176
2003-08-26,1420.854,1425.212
2003-08-27,1425.145,1425.362
2003-08-28,1425.734,1415.693
2003-08-29,1414.414,1421.983
2003-09-01,1423.353,1449.816
2003-09-02,1450.506,1446.512
2003-09-03,1446.278,1447.85
2003-09-04,1447.765,1447.425
2003-09-05,1446.937,1431.533
2003-09-08,1429.463,1425.727
2003-09-09,1424.693,1420.074
2003-09-10,1419.519,1423.177
2003-09-11,1422.9,1423.96
2003-09-12,1426.34,1409.162
2003-09-15,1407.807,1397.54
2003-09-16,1396.753,1406.104
2003-09-17,1406.248,1389.822
2003-09-18,1388.092,1390.485
2003-09-19,1390.84,1391.37
2003-09-22,1392.897,1381.443
2003-09-23,1380.849,1390.174
2003-09-24,1391.404,1394.229
2003-09-25,1394.494,1376.291
2003-09-26,1374.602,1370.843
2003-09-29,1369.437,1355.335
2003-09-30,1354.648,1367.161
2003-10-08,1366.201,1371.685
2003-10-09,1371.681,1369.174
2003-10-10,1369.004,1404.008
2003-10-13,1405.329,1399.658
2003-10-14,1399.843,1388.172
2003-10-15,1388.245,1383.098
2003-10-16,1381.46,1365.505
2003-10-17,1365.313,1370.582
2003-10-20,1369.711,1359.498
2003-10-21,1359.51,1364.301
2003-10-22,1366.105,1398.01
2003-10-23,1398.587,1386.653
2003-10-24,1385.898,1381.83
2003-10-27,1381.836,1369.463
2003-10-28,1365.998,1369.325
2003-10-29,1372.346,1361.487
2003-10-30,1360.018,1344.633
2003-10-31,1341.504,1348.303
2003-11-03,1346.481,1364.055
2003-11-04,1363.957,1389.545
2003-11-05,1389.72,1385.11
2003-11-06,1384.67,1356.79
2003-11-07,1353.43,1335.205
2003-11-10,1330.957,1340.097
2003-11-11,1340.32,1343.616
2003-11-12,1341.569,1317.792
2003-11-13,1313.929,1319.608
2003-11-14,1318.722,1331.051
2003-11-17,1330.487,1328.103
2003-11-18,1334.654,1316.562
2003-11-19,1313.836,1338.87
2003-11-20,1338.604,1376.506
2003-11-21,1379.937,1361.559
2003-11-24,1360.328,1404.008
2003-11-25,1407.755,1408.415
2003-11-26,1407.302,1411.909
2003-11-27,1412.308,1389.103
2003-11-28,1388.312,1397.225
2003-12-01,1398.706,1432.703
2003-12-02,1437.24,1435.314
2003-12-03,1434.697,1445.026
2003-12-04,1445.4,1452.809
2003-12-05,1454.413,1451.118
2003-12-08,1452.113,1436.663
2003-12-09,1435.099,1443.366
2003-12-10,1449.567,1469.422
2003-12-11,1472.385,1470.023
2003-12-12,1469.702,1470.792
2003-12-15,1471.244,1470.357
2003-12-16,1469.119,1466.337
2003-12-17,1465.606,1453.995
2003-12-18,1450.854,1457.301
2003-12-19,1463.448,1446.285
2003-12-22,1444.173,1492.963
2003-12-23,1497.572,1500.64
2003-12-24,1501.355,1513.825
2003-12-25,1514.929,1512.597
2003-12-26,1513.113,1514.775
2003-12-29,1509.281,1496.427
2003-12-30,1495.669,1511.691
2003-12-31,1513.616,1497.044
2004-01-02,1492.724,1517.193
2004-01-05,1516.797,1568.353
2004-01-06,1568.899,1574.523
2004-01-07,1574.102,1587.204
2004-01-08,1587.451,1610.126
2004-01-09,1612.39,1581.466
2004-01-12,1579.875,1618.518
2004-01-13,1622.047,1612.683
2004-01-14,1612.916,1592.423
2004-01-15,1591.818,1586.493
2004-01-16,1589.377,1600.425
2004-01-29,1605.247,1628.837
2004-01-30,1631.11,1590.729
2004-02-02,1630.654,1623.88
2004-02-03,1625.288,1649.282
2004-02-04,1652.614,1685.159
2004-02-05,1690.938,1693.428
2004-02-06,1690.559,1679.193
2004-02-09,1679.581,1703.529
2004-02-10,1708.896,1691.009
2004-02-11,1691.608,1677.759
2004-02-12,1679.081,1663.832
2004-02-13,1664.603,1658.539
2004-02-16,1661.452,1696.827
2004-02-17,1701.409,1703.774
2004-02-18,1704.745,1717.096
2004-02-19,1719.309,1717.015
2004-02-20,1715.806,1721.752
2004-02-23,1725.594,1681.654
2004-02-24,1675.635,1682.297
2004-02-25,1684.902,1647.381
2004-02-26,1642.409,1654.898
2004-02-27,1657.262,1675.067
2004-03-01,1676.222,1689.76
2004-03-02,1692.616,1687.278
2004-03-03,1686.964,1661.812
2004-03-04,1658.634,1668.874
2004-03-05,1671.061,1662.096
2004-03-08,1660.642,1637.144
2004-03-09,1636.206,1637.099
2004-03-10,1639.68,1678.073
2004-03-11,1680.313,1691.643
2004-03-12,1692.87,1694.743
2004-03-15,1696.942,1736.22
2004-03-16,1741.623,1745.543
2004-03-17,1746.74,1745.098
2004-03-18,1746.176,1717.26
2004-03-19,1715.473,1747.872
2004-03-22,1749.709,1755.685
2004-03-23,1755.321,1741.695
2004-03-24,1740.89,1740.054
2004-03-25,1737.488,1736.477
2004-03-26,1737.058,1734.047
2004-03-29,1734.59,1719.674
2004-03-30,1718.783,1724.277
2004-03-31,1726.569,1741.623
2004-04-01,1744.709,1758.147
2004-04-02,1760.467,1768.645
2004-04-05,1771.737,1766.483
2004-04-06,1767.322,1777.516
2004-04-07,1779.427,1774.552
2004-04-08,1774.398,1770.279
2004-04-09,1770.911,1727.348
2004-04-12,1717.203,1722.986
2004-04-13,1724.578,1715.136
2004-04-14,1714.526,1697.156
2004-04-15,1697.244,1679.076
2004-04-16,1678.972,1693.861
2004-04-19,1695.333,1675.885
2004-04-20,1674.363,1669.422
2004-04-21,1669.382,1651.577
2004-04-22,1649.051,1657.785
2004-04-23,1653.944,1635.501
2004-04-26,1633.269,1635.499
2004-04-27,1636.438,1611.86
2004-04-28,1606.421,1606.801
2004-04-29,1605.302,1579.447
2004-04-30,1579.966,1595.587
2004-05-10,1600.626,1560.215
2004-05-11,1556.717,1568.059
2004-05-12,1568.409,1603.768
2004-05-13,1605.704,1597.57
2004-05-14,1596.734,1562.688
2004-05-17,1556.673,1539.959
2004-05-18,1537.338,1555.442
2004-05-19,1559.262,1558.287
2004-05-20,1556.685,1549.061
2004-05-21,1548.563,1558.33
2004-05-24,1559.552,1550.348
2004-05-25,1549.021,1518.045
2004-05-26,1515.156,1524.436
2004-05-27,1524.943,1557.178
2004-05-28,1558.416,1548.722
2004-05-31,1549.031,1555.906
2004-06-01,1555.562,1579.658
2004-06-02,1580.209,1567.067
2004-06-03,1566.421,1543.527
2004-06-04,1541.093,1542.086
2004-06-07,1538.463,1517.145
2004-06-08,1514.783,1493.814
2004-06-09,1492.199,1468.071
2004-06-10,1465.556,1468.344
2004-06-11,1471.689,1472.072
2004-06-14,1471.446,1438.736
2004-06-15,1436.082,1463.777
2004-06-16,1465.227,1475.416
2004-06-17,1475.273,1445.501
2004-06-18,1442.476,1427.301
2004-06-21,1421.828,1433.467
2004-06-22,1434.416,1450.683
2004-06-23,1450.069,1440.729
2004-06-24,1438.311,1427.754
2004-06-25,1426.554,1401.113
2004-06-28,1396.361,1385.181
2004-06-29,1384.643,1408.689
2004-06-30,1408.272,1399.162
2004-07-01,1398.198,1441.068
2004-07-02,1441.121,1441.19
2004-07-05,1440.17,1444.59
2004-07-06,1445.398,1450.501
2004-07-07,1448.95,1438.398
2004-07-08,1436.473,1439.783
2004-07-09,1439.735,1430.654
2004-07-12,1426.251,1397.148
2004-07-13,1395.353,1399.461
2004-07-14,1399.865,1403.755
2004-07-15,1404.471,1421.544
2004-07-16,1423.687,1456.13
2004-07-19,1456.771,1457.537
2004-07-20,1457.227,1447.941
2004-07-21,1446.517,1448.037
2004-07-22,1448.128,1407.438
2004-07-23,1403.36,1407.396
2004-07-26,1401.843,1387.67
2004-07-27,1386.995,1384.128
2004-07-28,1385.504,1388.81
2004-07-29,1388.617,1407.331
2004-07-30,1408.489,1386.202
2004-08-02,1381.877,1373.217
2004-08-03,1371.275,1366.258
2004-08-04,1365.665,1404.505
2004-08-05,1402.374,1389.039
2004-08-06,1388.073,1390.461
2004-08-09,1388.084,1395.848
2004-08-10,1396.623,1400.769
2004-08-11,1401.021,1384.964
2004-08-12,1378.794,1368.196
2004-08-13,1361.985,1368.45
2004-08-16,1366.516,1354.511
2004-08-17,1354.382,1360.2
2004-08-18,1359.871,1358.216
2004-08-19,1357.231,1340.45
2004-08-20,1338.307,1341.738
2004-08-23,1339.933,1325.413
2004-08-24,1323.791,1344.626
2004-08-25,1344.462,1339.784
2004-08-26,1339.616,1334.422
2004-08-27,1333.307,1320.614
2004-08-30,1318.318,1319.407
2004-08-31,1342.302,1342.062
2004-09-01,1340.75,1321.462
2004-09-02,1319.071,1327.927
2004-09-03,1327.807,1327.116
2004-09-06,1326.459,1321.465
2004-09-07,1321.208,1324.294
2004-09-08,1322.84,1309.333
2004-09-09,1307.468,1284.307
2004-09-10,1281.583,1287.081
2004-09-13,1285.319,1260.316
2004-09-14,1266.232,1300.357
2004-09-15,1303.288,1355.226
2004-09-16,1364.25,1371.201
2004-09-17,1373.499,1414.702
2004-09-20,1423.972,1463.221
2004-09-21,1466.203,1448.562
2004-09-22,1444.254,1420.148
2004-09-23,1417.391,1464.779
2004-09-24,1475.091,1435.563
2004-09-27,1452.508,1427.398
2004-09-28,1430.221,1435.589
2004-09-29,1436.706,1420.009
2004-09-30,1418.108,1396.7
2004-10-08,1395.669,1422.929
2004-10-11,1424.225,1413.154
2004-10-12,1410.61,1384.439
2004-10-13,1382.356,1386.721
2004-10-14,1386.858,1332.938
2004-10-15,1328.472,1330.518
2004-10-18,1332.521,1335.394
2004-10-19,1339.064,1337.618
2004-10-20,1337.714,1330.584
2004-10-21,1331.22,1310.545
2004-10-22,1310.854,1329.355
2004-10-25,1337.254,1311.151
2004-10-26,1309.622,1324.783
2004-10-27,1326.917,1342.799
2004-10-28,1340.815,1341.737
2004-10-29,1316.599,1320.536
2004-11-01,1317.658,1305.291
2004-11-02,1303.878,1301.528
2004-11-03,1304.575,1326.749
2004-11-04,1328.115,1304.776
2004-11-05,1308.654,1305.128
2004-11-08,1303.522,1304.229
2004-11-09,1304.371,1307.429
2004-11-10,1310.319,1354.386
2004-11-11,1358.647,1347.07
2004-11-12,1346.843,1352.217
2004-11-15,1354.478,1370.046
2004-11-16,1372.576,1370.389
2004-11-17,1370.698,1356.138
2004-11-18,1353.498,1367.828
2004-11-19,1369.806,1379.96
2004-11-22,1381.579,1383.02
2004-11-23,1383.525,1371.244
2004-11-24,1371.323,1359.125
2004-11-25,1358.408,1358.333
2004-11-26,1357.536,1356.727
2004-11-29,1354.575,1337.434
2004-11-30,1335.998,1340.771
2004-12-01,1340.916,1334.944
2004-12-02,1333.573,1333.09
2004-12-03,1333.009,1337.197
2004-12-06,1337.807,1339.644
2004-12-07,1339.818,1323.752
2004-12-08,1331.277,1326.438
2004-12-09,1326.744,1338.81
2004-12-10,1336.628,1317.717
2004-12-13,1312.605,1309.695
2004-12-14,1309.066,1307.553
2004-12-15,1307.34,1313.045
2004-12-16,1311.027,1305.018
2004-12-17,1303.94,1290.49
2004-12-20,1286.066,1275.459
2004-12-21,1275.087,1275.17
2004-12-22,1277.183,1307.57
2004-12-23,1308.576,1282.719
2004-12-24,1281.318,1285.036
2004-12-27,1285.41,1280.272
2004-12-28,1280.931,1278.943
2004-12-29,1278.688,1274.313
2004-12-30,1273.154,1273.709
2004-12-31,1275.386,1266.496
2005-01-04,1260.782,1242.774
2005-01-05,1241.682,1251.937
2005-01-06,1252.493,1239.43
2005-01-07,1239.323,1244.746
2005-01-10,1243.576,1252.401
2005-01-11,1252.711,1257.462
2005-01-12,1257.17,1256.923
2005-01-13,1255.718,1256.314
2005-01-14,1255.871,1245.62
2005-01-17,1235.574,1216.652
2005-01-18,1215.776,1225.454
2005-01-19,1225.075,1218.108
2005-01-20,1213.368,1204.394
2005-01-21,1201.933,1234.476
2005-01-24,1258.024,1255.777
2005-01-25,1252.354,1254.234
2005-01-26,1252.372,1241.958
2005-01-27,1239.579,1225.891
2005-01-28,1223.727,1213.673
2005-01-31,1210.755,1191.823
2005-02-01,1189.501,1188.931
2005-02-02,1189.502,1252.5
2005-02-03,1253.813,1242.307
2005-02-04,1238.609,1269.004
2005-02-16,1276.015,1278.88
2005-02-17,1280.028,1276.134
2005-02-18,1275.664,1258.969
2005-02-21,1259.528,1284.48
2005-02-22,1285.629,1309.277
2005-02-23,1309.624,1309.475
2005-02-24,1307.036,1309.949
2005-02-25,1311.367,1312.445
2005-02-28,1311.439,1306.003
2005-03-01,1305.249,1303.412
2005-03-02,1303.31,1287.45
2005-03-03,1285.197,1294.339
2005-03-04,1294.156,1287.714
2005-03-07,1288.408,1293.739
2005-03-08,1298.25,1318.271
2005-03-09,1321.208,1316.791
2005-03-10,1316.9,1286.233
2005-03-11,1284.513,1289.941
2005-03-14,1288.985,1293.5
2005-03-15,1293.132,1269.144
2005-03-16,1267.052,1255.589
2005-03-17,1255.985,1243.475
2005-03-18,1242.453,1227.403
2005-03-21,1226.143,1231.046
2005-03-22,1230.682,1206.922
2005-03-23,1205.755,1201.649
2005-03-24,1200.257,1208.192
2005-03-25,1207.203,1205.634
2005-03-28,1204.85,1200.113
2005-03-29,1199.691,1195.018
2005-03-30,1192.447,1172.574
2005-03-31,1168.828,1181.236
2005-04-01,1180.373,1223.566
2005-04-04,1212.118,1202.967
2005-04-05,1200.691,1191.745
2005-04-06,1191.198,1214.868
2005-04-07,1216.728,1225.487
2005-04-08,1225.049,1248.521
2005-04-11,1248.15,1240.972
2005-04-12,1239.134,1219.511
2005-04-13,1228.974,1248.203
2005-04-14,1252.206,1234.332
2005-04-15,1229.68,1216.962
2005-04-18,1212.392,1197.735
2005-04-19,1196.281,1199.902
2005-04-20,1198.956,1184.193
2005-04-21,1182.205,1172.556
2005-04-22,1171.028,1169.187
2005-04-25,1166.342,1157.971
2005-04-26,1155.644,1165.335
2005-04-27,1165.099,1148.757
2005-04-28,1145.746,1169.118
2005-04-29,1168.331,1159.146
2005-05-09,1160.62,1130.835
2005-05-10,1126.818,1135.561
2005-05-11,1134.595,1124.271
2005-05-12,1122.178,1103.993
2005-05-13,1101.606,1107.627
2005-05-16,1105.397,1095.468
2005-05-17,1091.258,1099.64
2005-05-18,1099.74,1102.965
2005-05-19,1101.753,1103.475
2005-05-20,1100.491,1099.269
2005-05-23,1095.308,1070.844
2005-05-24,1065.998,1073.847
2005-05-25,1072.521,1072.137
2005-05-26,1071.212,1058.867
2005-05-27,1056.323,1051.946
2005-05-30,1049.721,1060.162
2005-05-31,1061.612,1060.738
2005-06-01,1059.61,1039.187
2005-06-02,1036.73,1016.063
2005-06-03,1013.903,1013.637
2005-06-06,1010.381,1034.378
2005-06-07,1036.617,1030.941
2005-06-08,1044.179,1115.582
2005-06-09,1118.806,1131.052
2005-06-10,1130.554,1108.286
2005-06-13,1105.961,1106.291
2005-06-14,1108.337,1093.464
2005-06-15,1090.458,1072.836
2005-06-16,1071.772,1086.01
2005-06-17,1090.114,1085.61
2005-06-20,1087.849,1115.62
2005-06-21,1115.665,1101.486
2005-06-22,1098.958,1102.033
2005-06-23,1100.559,1093.702
2005-06-24,1091.989,1101.882
2005-06-27,1108.465,1124.64
2005-06-28,1120.945,1108.588
2005-06-29,1111.667,1104.992
2005-06-30,1103.477,1080.938
2005-07-01,1077.313,1055.594
2005-07-04,1050.242,1047.278
2005-07-05,1043.883,1039.043
2005-07-06,1040.699,1033.545
2005-07-07,1033.218,1038.597
2005-07-08,1036.412,1017.983
2005-07-11,1026.79,1011.499
2005-07-12,1007.901,1046.161
2005-07-13,1044.578,1037.394
2005-07-14,1035.527,1040.416
2005-07-15,1039.609,1026.115
2005-07-18,1023.38,1012.097
2005-07-19,1011.005,1014.355
2005-07-20,1013.984,1021.052
2005-07-21,1020.693,1020.632
2005-07-22,1026.129,1046.321
2005-07-25,1045.269,1045.4
2005-07-26,1046.536,1072.807
2005-07-27,1072.564,1089.909
2005-07-28,1090.11,1086.548
2005-07-29,1084.972,1083.033
2005-08-01,1082.796,1088.948
2005-08-02,1089.528,1104.038
2005-08-03,1106.317,1107.699
2005-08-04,1104.91,1102.589
2005-08-05,1102.62,1128.743
2005-08-08,1131.803,1138.882
2005-08-09,1139.122,1152.534
2005-08-10,1153.209,1165.033
2005-08-11,1165.443,1183.579
2005-08-12,1185.266,1167.915
2005-08-15,1167.033,1187.006
2005-08-16,1188.02,1177.278
2005-08-17,1175.176,1192.834
2005-08-18,1194.436,1148.035
2005-08-19,1144.459,1150.184
2005-08-22,1148.972,1158.597
2005-08-23,1158.829,1149.957
2005-08-24,1151.448,1167.137
2005-08-25,1167.999,1172.475
2005-08-26,1173.01,1171.86
2005-08-29,1171.999,1154.428
2005-08-30,1151.621,1146.385
2005-08-31,1145.813,1162.798
2005-09-01,1163.7,1184.933
2005-09-02,1187.062,1188.848
2005-09-05,1189.065,1196.224
2005-09-06,1197.231,1173.322
2005-09-07,1170.77,1194.309
2005-09-08,1196.273,1194.411
2005-09-09,1194.495,1189.625
2005-09-12,1189.747,1188.212
2005-09-13,1188.25,1207.164
2005-09-14,1209.267,1217.261
2005-09-15,1217.519,1217.281
2005-09-16,1217.419,1212.947
2005-09-19,1213.486,1220.627
2005-09-20,1222.255,1212.617
2005-09-21,1210.852,1187.988
2005-09-22,1185.688,1159.96
2005-09-23,1157.295,1151.98
2005-09-26,1150.933,1155.042
2005-09-27,1155.053,1133.237
2005-09-28,1131.317,1131.774
2005-09-29,1134.441,1155.485
2005-09-30,1156.77,1155.614
2005-10-10,1153.672,1138.95
2005-10-11,1137.948,1157.192
2005-10-12,1157.485,1161.853
2005-10-13,1162.023,1152.607
2005-10-14,1152.374,1139.547
2005-10-17,1138.379,1131.375
2005-10-18,1131.263,1141.201
2005-10-19,1141.052,1134.608
2005-10-20,1133.453,1135.949
2005-10-21,1135.61,1141.318
2005-10-24,1141.331,1141.171
2005-10-25,1140.173,1121.918
2005-10-26,1119.429,1097.161
2005-10-27,1093.93,1097.782
2005-10-28,1097.585,1080.867
2005-10-31,1079.04,1092.817
2005-11-01,1091.677,1089.95
2005-11-02,1089.997,1104.792
2005-11-03,1104.594,1095.273
2005-11-04,1094.258,1100.045
2005-11-07,1099.527,1100.65
2005-11-08,1099.94,1110.147
2005-11-09,1110.547,1108.153
2005-11-10,1106.944,1088.301
2005-11-11,1085.694,1090.195
2005-11-14,1089.559,1088.653
2005-11-15,1088.512,1087.508
2005-11-16,1086.826,1095.89
2005-11-17,1094.878,1095.31
2005-11-18,1095.521,1116.999
2005-11-21,1117.776,1119.936
2005-11-22,1119.689,1098.655
2005-11-23,1096.56,1105.746
2005-11-24,1105.335,1113.374
2005-11-25,1113.283,1114.916
2005-11-28,1113.829,1110.823
2005-11-29,1109.569,1096.986
2005-11-30,1095.299,1099.261
2005-12-01,1098.784,1098.747
2005-12-02,1099.756,1094.287
2005-12-05,1093.101,1079.197
2005-12-06,1077.578,1087.794
2005-12-07,1087.741,1099.615
2005-12-08,1100.685,1098.323
2005-12-09,1097.515,1113.477
2005-12-12,1115.751,1116.367
2005-12-13,1115.765,1117.846
2005-12-14,1117.47,1125.387
2005-12-15,1125.672,1123.555
2005-12-16,1122.733,1127.508
2005-12-19,1127.837,1131.751
2005-12-20,1131.796,1136.342
2005-12-21,1135.977,1130.759
2005-12-22,1129.564,1135.238
2005-12-23,1135.705,1144.871
2005-12-26,1145.77,1156.823
2005-12-27,1157.489,1154.288
2005-12-28,1155.117,1157.034
2005-12-29,1157.506,1169.862
2005-12-30,1171.575,1161.057
2006-01-04,1163.878,1180.963
2006-01-05,1183.305,1197.269
2006-01-06,1198.811,1209.422
2006-01-09,1210.32,1215.668
2006-01-10,1215.848,1220.618
2006-01-11,1219.811,1211.053
2006-01-12,1208.766,1226.704
2006-01-13,1228.157,1221.459
2006-01-16,1221.11,1202.869
2006-01-17,1200.255,1208.438
2006-01-18,1207.525,1233.35
2006-01-19,1235.083,1251.576
2006-01-20,1251.409,1255.308
2006-01-23,1254.777,1255.774
2006-01-24,1256.005,1252.062
2006-01-25,1251.269,1258.046
2006-02-06,1263.003,1287.626
2006-02-07,1289.453,1282.096
2006-02-08,1282.121,1290.055
2006-02-09,1288.966,1269.454
2006-02-10,1269.536,1282.656
2006-02-13,1283.776,1279.64
2006-02-14,1279.627,1286.327
2006-02-15,1289.138,1299.166
2006-02-16,1298.497,1270.633
2006-02-17,1269.4,1267.408
2006-02-20,1268.107,1267.542
2006-02-21,1266.645,1288.419
2006-02-22,1288.853,1284.226
2006-02-23,1284.13,1288.847
2006-02-24,1289.434,1296.866
2006-02-27,1297.687,1297.186
2006-02-28,1294.807,1299.03
2006-03-01,1299.154,1306.586
2006-03-02,1306.585,1285.666
2006-03-03,1284.606,1293.297
2006-03-06,1292.747,1288.955
2006-03-07,1288.255,1259.916
2006-03-08,1256.685,1250.384
2006-03-09,1247.462,1245.166
2006-03-10,1245.188,1245.653
2006-03-13,1245.3,1259.674
2006-03-14,1260.422,1259.044
2006-03-15,1259.231,1274.812
2006-03-16,1274.615,1274.19
2006-03-17,1273.01,1269.462
2006-03-20,1269.581,1288.418
2006-03-21,1288.555,1290.395
2006-03-22,1289.461,1296.706
2006-03-23,1296.194,1302.457
2006-03-24,1302.141,1294.704
2006-03-27,1296.066,1295.915
2006-03-28,1295.76,1298.791
2006-03-29,1299.383,1305.567
2006-03-30,1305.843,1294.718
2006-03-31,1291.518,1298.295
2006-04-03,1298.684,1319.471
2006-04-04,1319.837,1329.798
2006-04-05,1330.561,1340.162
2006-04-06,1341.736,1339.737
2006-04-07,1340.646,1342.965
2006-04-10,1344.239,1359.081
2006-04-11,1360.978,1362.229
2006-04-12,1361.741,1360.132
2006-04-13,1359.278,1332.33
2006-04-14,1330.095,1359.538
2006-04-17,1360.644,1378.614
2006-04-18,1379.813,1385.114
2006-04-19,1389.134,1396.702
2006-04-20,1398.098,1385.9
2006-04-21,1385.923,1416.793
2006-04-24,1423.409,1409.786
2006-04-25,1405.898,1399.767
2006-04-26,1399.068,1417.477
2006-04-27,1418.903,1416.732
2006-04-28,1403.523,1440.223
2006-05-08,1446.992,1497.104
2006-05-09,1503.239,1531.161
2006-05-10,1537.561,1545.687
2006-05-11,1547.556,1537.377
2006-05-12,1532.878,1602.832
2006-05-15,1616.259,1664.088
2006-05-16,1658.692,1613.251
2006-05-17,1613.23,1625.146
2006-05-18,1611.657,1617.281
2006-05-19,1620.213,1659.545
2006-05-22,1656.754,1657.689
2006-05-23,1647.962,1604.552
2006-05-24,1609.742,1590.924
2006-05-25,1585.466,1591.425
2006-05-26,1596.565,1613.894
2006-05-29,1622.108,1648.538
2006-05-30,1654.98,1657.288
2006-05-31,1656.284,1641.3
2006-06-01,1639.673,1684.195
2006-06-02,1688.782,1669.399
2006-06-05,1669.236,1684.624
2006-06-06,1681.22,1679.126
2006-06-07,1678.238,1589.545
2006-06-08,1576.435,1591.49
2006-06-09,1583.956,1551.384
2006-06-12,1540.216,1552.798
2006-06-13,1552.098,1548.495
2006-06-14,1540.635,1531.327
2006-06-15,1531.247,1533.98
2006-06-16,1540.187,1574.467
2006-06-19,1559.985,1586.286
2006-06-20,1583.871,1592.332
2006-06-21,1590.607,1598.116
2006-06-22,1593.097,1596.066
2006-06-23,1594.495,1605.711
2006-06-26,1607.786,1633.449
2006-06-27,1636.703,1639.551
2006-06-28,1638.23,1639.286
2006-06-29,1641.928,1671.618
2006-06-30,1679.724,1672.211
2006-07-03,1677.311,1697.282
2006-07-04,1700.323,1681.547
2006-07-05,1755.222,1718.555
2006-07-06,1715.279,1741.47
2006-07-07,1746.521,1730.19
2006-07-10,1730.698,1734.329
2006-07-11,1736.986,1745.806
2006-07-12,1745.878,1740.0
2006-07-13,1736.207,1655.773
2006-07-14,1641.138,1665.208
2006-07-17,1662.047,1682.887
2006-07-18,1682.36,1684.252
2006-07-19,1681.771,1645.16
2006-07-20,1642.624,1655.122
2006-07-21,1653.811,1665.328
2006-07-24,1648.749,1665.944
2006-07-25,1668.138,1685.461
2006-07-26,1688.538,1686.654
2006-07-27,1685.347,1675.168
2006-07-28,1674.43,1662.031
2006-07-31,1659.535,1612.733
2006-08-01,1619.635,1600.614
2006-08-02,1598.758,1600.872
2006-08-03,1599.746,1601.058
2006-08-04,1601.608,1570.15
2006-08-07,1561.801,1547.436
2006-08-08,1547.905,1580.577
2006-08-09,1581.803,1578.566
2006-08-10,1578.354,1606.065
2006-08-11,1605.597,1605.926
2006-08-14,1605.202,1570.738
2006-08-15,1568.267,1595.657
2006-08-16,1596.056,1616.41
2006-08-17,1612.412,1603.332
2006-08-18,1601.567,1598.018
2006-08-21,1565.457,1601.15
2006-08-22,1601.523,1613.355
2006-08-23,1614.393,1612.396
2006-08-24,1612.699,1623.017
2006-08-25,1622.481,1623.034
2006-08-28,1627.123,1650.438
2006-08-29,1652.672,1651.024
2006-08-30,1648.348,1655.195
2006-08-31,1655.903,1658.638
2006-09-01,1658.66,1636.691
2006-09-04,1635.332,1657.52
2006-09-05,1659.737,1664.078
2006-09-06,1665.13,1672.121
2006-09-07,1683.782,1661.19
2006-09-08,1659.702,1667.984
2006-09-11,1668.161,1674.966
2006-09-12,1675.198,1695.862
2006-09-13,1695.351,1689.389
2006-09-14,1689.631,1689.692
2006-09-15,1689.605,1721.045
2006-09-18,1727.915,1732.987
2006-09-19,1735.301,1735.241
2006-09-20,1733.637,1732.453
2006-09-21,1731.585,1740.901
2006-09-22,1744.605,1725.361
2006-09-25,1722.744,1722.366
2006-09-26,1720.781,1712.637
2006-09-27,1711.514,1725.039
2006-09-28,1725.515,1736.963
2006-09-29,1740.059,1752.424
2006-10-09,1768.144,1785.385
2006-10-10,1784.22,1784.862
2006-10-11,1784.518,1790.104
2006-10-12,1790.631,1778.181
2006-10-13,1776.511,1784.656
2006-10-16,1787.7,1771.299
2006-10-17,1768.628,1763.901
2006-10-18,1762.404,1787.185
2006-10-19,1788.582,1792.253
2006-10-20,1792.6,1790.364
2006-10-23,1789.645,1759.394
2006-10-24,1756.457,1805.181
2006-10-25,1807.03,1806.646
2006-10-26,1804.893,1810.646
2006-10-27,1836.214,1807.175
2006-10-30,1804.367,1809.656
2006-10-31,1811.469,1837.993
2006-11-01,1838.68,1855.713
2006-11-02,1856.921,1851.314
2006-11-03,1851.404,1866.362
2006-11-06,1853.186,1886.307
2006-11-07,1889.534,1889.53
2006-11-08,1885.855,1866.817
2006-11-09,1860.954,1896.482
2006-11-10,1896.929,1883.347
2006-11-13,1878.704,1863.765
2006-11-14,1868.173,1888.239
2006-11-15,1888.539,1922.935
2006-11-16,1930.926,1941.547
2006-11-17,1934.637,1971.793
2006-11-20,1977.529,2017.279
2006-11-21,2013.067,2037.552
2006-11-22,2031.297,2041.355
2006-11-23,2045.081,2062.363
2006-11-24,2051.471,2050.812
2006-11-27,2042.193,2047.277
2006-11-28,2042.379,2038.721
2006-11-29,2005.987,2054.091
2006-11-30,2058.77,2099.289
2006-12-01,2106.295,2102.049
2006-12-04,2103.817,2161.648
2006-12-05,2167.363,2173.285
2006-12-06,2175.379,2156.604
2006-12-07,2152.594,2156.75
2006-12-08,2133.355,2093.638
2006-12-11,2085.058,2180.496
2006-12-12,2189.694,2218.951
2006-12-13,2224.429,2223.455
2006-12-14,2226.001,2249.11
2006-12-15,2255.24,2273.908
2006-12-18,2277.282,2332.434
2006-12-19,2342.18,2364.177
2006-12-20,2356.262,2373.205
2006-12-21,2372.464,2342.938
2006-12-22,2334.273,2343.668
2006-12-25,2350.128,2435.762
2006-12-26,2437.854,2479.732
2006-12-27,2478.063,2536.387
2006-12-28,2538.952,2567.594
2006-12-29,2585.417,2675.474
2007-01-04,2728.188,2715.719
2007-01-05,2668.577,2641.334
2007-01-08,2621.068,2707.199
2007-01-09,2711.049,2807.804
2007-01-10,2838.113,2825.576
2007-01-11,2819.367,2770.11
2007-01-12,2745.321,2668.11
2007-01-15,2660.07,2794.701
2007-01-16,2818.663,2821.017
2007-01-17,2828.401,2778.9
2007-01-18,2760.944,2756.983
2007-01-19,2761.886,2832.207
2007-01-22,2857.896,2933.19
2007-01-23,2964.687,2949.144
2007-01-24,2955.424,2975.129
2007-01-25,2946.504,2857.365
2007-01-26,2805.956,2882.558
2007-01-29,2897.254,2945.263
2007-01-30,2959.398,2930.562
2007-01-31,2926.075,2786.335
2007-02-01,2744.814,2785.432
2007-02-02,2791.49,2673.212
2007-02-05,2658.074,2612.537
2007-02-06,2612.839,2675.697
2007-02-07,2688.96,2716.175
2007-02-08,2725.14,2737.732
2007-02-09,2741.48,2730.386
2007-02-12,2729.836,2807.174
2007-02-13,2819.138,2831.872
2007-02-14,2836.819,2905.093
2007-02-15,2923.666,2993.008
2007-02-16,3018.18,2998.474
2007-02-26,2999.086,3040.599
2007-02-27,3048.829,2771.791
2007-02-28,2734.595,2881.073
2007-03-01,2877.203,2797.19
2007-03-02,2792.941,2831.526
2007-03-05,2827.675,2785.306
2007-03-06,2776.167,2840.175
2007-03-07,2851.747,2896.594
2007-03-08,2904.185,2928.015
2007-03-09,2934.493,2937.91
2007-03-12,2945.923,2954.914
2007-03-13,2958.096,2964.794
2007-03-14,2933.679,2906.334
2007-03-15,2905.976,2951.698
2007-03-16,2964.094,2930.481
2007-03-19,2864.256,3014.442
2007-03-20,3024.781,3032.195
2007-03-21,3042.098,3057.38
2007-03-22,3080.602,3071.225
2007-03-23,3071.808,3074.286
2007-03-26,3083.938,3122.811
2007-03-27,3126.025,3138.826
2007-03-28,3140.68,3173.018
2007-03-29,3179.803,3197.537
2007-03-30,3178.496,3183.983
2007-04-02,3196.587,3252.595
2007-04-03,3265.676,3291.299
2007-04-04,3295.976,3291.542
2007-04-05,3286.163,3319.14
2007-04-06,3287.684,3323.585
2007-04-09,3333.422,3398.95
2007-04-10,3405.233,3444.291
2007-04-11,3454.417,3495.224
2007-04-12,3503.227,3531.029
2007-04-13,3537.22,3518.267
2007-04-16,3523.217,3596.441
2007-04-17,3611.63,3611.87
2007-04-18,3614.678,3612.396
2007-04-19,3610.024,3449.016
2007-04-20,3460.904,3584.204
2007-04-23,3615.789,3710.886
2007-04-24,3736.154,3720.532
2007-04-25,3708.571,3743.959
2007-04-26,3766.476,3783.063
2007-04-27,3788.748,3759.867
2007-04-30,3784.272,3841.272
2007-05-08,3937.938,3950.011
2007-05-09,3961.103,4013.085
2007-05-10,4021.422,4049.701
2007-05-11,4024.422,4021.678
2007-05-14,3970.661,4046.392
2007-05-15,4055.834,3899.178
2007-05-16,3890.809,3986.043
2007-05-17,4002.485,4048.293
2007-05-18,4041.39,4030.258
2007-05-21,3902.347,4072.225
2007-05-22,4091.143,4110.379
2007-05-23,4125.426,4173.709
2007-05-24,4188.677,4151.133
2007-05-25,4133.192,4179.776
2007-05-28,4221.578,4272.111
2007-05-29,4288.98,4334.924
2007-05-30,4087.405,4053.088
2007-05-31,4006.28,4109.654
2007-06-01,4120.628,4000.742
2007-06-04,3981.817,3670.401
2007-06-05,3564.433,3767.101
2007-06-06,3781.375,3776.317
2007-06-07,3787.702,3890.803
2007-06-08,3900.027,3913.135
2007-06-11,3942.005,3995.68
2007-06-12,4011.679,4072.138
2007-06-13,4110.742,4176.48
2007-06-14,4162.207,4115.209
2007-06-15,4085.656,4132.869
2007-06-18,4195.391,4253.348
2007-06-19,4247.745,4269.524
2007-06-20,4269.455,4181.323
2007-06-21,4170.894,4230.823
2007-06-22,4230.967,4091.445
2007-06-25,4102.787,3941.081
2007-06-26,3863.248,3973.371
2007-06-27,3985.716,4078.599
2007-06-28,4080.194,3914.204
2007-06-29,3824.29,3820.703
2007-07-02,3800.233,3836.294
2007-07-03,3854.716,3899.724
2007-07-04,3906.012,3816.165
2007-07-05,3769.639,3615.872
2007-07-06,3599.818,3781.348
2007-07-09,3809.67,3883.216
2007-07-10,3895.909,3853.021
2007-07-11,3837.796,3865.723
2007-07-12,3874.039,3915.991
2007-07-13,3920.827,3914.395
2007-07-16,3920.653,3821.916
2007-07-17,3809.558,3896.191
2007-07-18,3880.852,3930.06
2007-07-19,3918.539,3912.941
2007-07-20,3918.409,4058.853
2007-07-23,4091.242,4213.361
2007-07-24,4238.32,4210.329
2007-07-25,4212.95,4323.966
2007-07-26,4347.778,4346.458
2007-07-27,4315.373,4345.357
2007-07-30,4348.607,4440.769
2007-07-31,4432.265,4471.032
2007-08-01,4488.774,4300.563
2007-08-02,4316.567,4407.73
2007-08-03,4440.976,4560.774
2007-08-06,4600.118,4628.108
2007-08-07,4642.01,4651.225
2007-08-08,4614.586,4663.162
2007-08-09,4658.592,4754.095
2007-08-10,4745.181,4749.369
2007-08-13,4768.619,4820.064
2007-08-14,4820.15,4872.785
2007-08-15,4875.511,4869.883
2007-08-16,4845.016,4765.448
2007-08-17,4733.137,4656.574
2007-08-20,4773.832,4904.855
2007-08-21,4944.214,4955.207
2007-08-22,4876.345,4980.075
2007-08-23,5002.841,5032.494
2007-08-24,5070.651,5107.668
2007-08-27,5144.824,5150.118
2007-08-28,5134.141,5194.689
2007-08-29,5147.713,5109.427
2007-08-30,5144.111,5167.884
2007-08-31,5184.091,5218.825
2007-09-03,5257.777,5321.055
2007-09-04,5333.4,5294.045
2007-09-05,5296.07,5310.716
2007-09-06,5336.669,5393.66
2007-09-07,5381.186,5277.176
2007-09-10,5208.318,5355.287
2007-09-11,5362.941,5113.968
2007-09-12,5092.576,5172.627
2007-09-13,5193.409,5273.592
2007-09-14,5290.256,5312.182
2007-09-17,5309.057,5421.392
2007-09-18,5446.732,5425.208
2007-09-19,5439.018,5395.265
2007-09-20,5408.484,5470.065
2007-09-21,5482.507,5454.674
2007-09-24,5469.837,5485.013
2007-09-25,5500.269,5425.88
2007-09-26,5407.829,5338.52
2007-09-27,5338.108,5409.403
2007-09-28,5461.58,5552.301
2007-10-08,5683.31,5692.755
2007-10-09,5678.913,5715.892
2007-10-10,5742.648,5771.464
2007-10-11,5798.386,5913.23
2007-10-12,5950.902,5903.264
2007-10-15,5934.775,6030.086
2007-10-16,6056.946,6092.057
2007-10-17,6057.428,6036.281
2007-10-18,6031.916,5825.282
2007-10-19,5869.124,5818.047
2007-10-22,5742.791,5667.332
2007-10-23,5660.066,5773.387
2007-10-24,5804.015,5843.109
2007-10-25,5794.223,5562.394
2007-10-26,5498.858,5589.631
2007-10-29,5641.983,5747.997
2007-10-30,5769.203,5897.193
2007-10-31,5984.713,5954.765
2007-11-01,5978.939,5914.285
2007-11-02,5812.465,5777.809
2007-11-05,5748.176,5634.452
2007-11-06,5593.347,5536.569
2007-11-07,5565.648,5601.783
2007-11-08,5559.151,5330.023
2007-11-09,5276.008,5315.54
2007-11-12,5181.175,5187.735
2007-11-13,5239.343,5158.118
2007-11-14,5246.574,5412.694
2007-11-15,5391.017,5365.267
2007-11-16,5273.082,5316.274
2007-11-19,5325.302,5269.817
2007-11-20,5230.742,5293.703
2007-11-21,5307.793,5214.225
2007-11-22,5113.882,4984.161
2007-11-23,4946.258,5032.13
2007-11-26,5102.526,4958.849
2007-11-27,4919.913,4861.111
2007-11-28,4870.842,4803.394
2007-11-29,4870.861,5003.333
2007-11-30,4993.74,4871.778
2007-12-03,4838.564,4868.611
2007-12-04,4882.149,4915.889
2007-12-05,4917.365,5042.654
2007-12-06,5055.835,5035.073
2007-12-07,5038.478,5091.756
2007-12-10,5010.826,5161.919
2007-12-11,5180.541,5175.076
2007-12-12,5148.254,5095.543
2007-12-13,5078.182,4958.043
2007-12-14,4899.75,5007.911
2007-12-17,5007.285,4876.761
2007-12-18,4856.471,4836.174
2007-12-19,4878.066,4941.784
2007-12-20,4965.29,5043.535
2007-12-21,5017.195,5101.779
2007-12-24,5132.913,5234.262
2007-12-25,5233.175,5201.181
2007-12-26,5209.035,5233.351
2007-12-27,5248.222,5308.889
2007-12-28,5320.007,5261.563
2008-01-02,5265.0,5272.814
2008-01-03,5269.801,5319.861
2008-01-04,5328.411,5361.574
2008-01-07,5357.45,5393.343
2008-01-08,5414.558,5386.531
2008-01-09,5365.222,5435.807
2008-01-10,5449.16,5456.541
2008-01-11,5471.387,5484.677
2008-01-14,5507.578,5497.901
2008-01-15,5503.931,5443.791
2008-01-16,5395.277,5290.606
2008-01-17,5235.908,5151.626
2008-01-18,5141.371,5180.514
2008-01-21,5188.795,4914.435
2008-01-22,4817.997,4559.751
2008-01-23,4572.902,4703.047
2008-01-24,4753.445,4717.734
2008-01-25,4716.977,4761.688
2008-01-28,4720.564,4419.294
2008-01-29,4426.267,4457.944
2008-01-30,4505.635,4417.849
2008-01-31,4408.024,4383.393
2008-02-01,4388.254,4320.767
2008-02-04,4415.023,4672.17
2008-02-05,4622.539,4599.696
2008-02-13,4525.026,4490.721
2008-02-14,4527.054,4552.316
2008-02-15,4523.792,4497.127
2008-02-18,4546.752,4568.151
2008-02-19,4582.284,4664.295
2008-02-20,4682.588,4567.026
2008-02-21,4534.169,4527.177
2008-02-22,4500.385,4370.285
2008-02-25,4370.188,4192.533
2008-02-26,4302.735,4238.179
2008-02-27,4256.532,4334.047
2008-02-28,4343.277,4299.513
2008-02-29,4293.533,4348.543
2008-03-03,4323.698,4438.265
2008-03-04,4454.18,4335.446
2008-03-05,4316.25,4292.654
2008-03-06,4310.354,4360.986
2008-03-07,4315.808,4300.515
2008-03-10,4265.611,4146.299
2008-03-11,4121.653,4165.878
2008-03-12,4254.673,4070.116
2008-03-13,4033.319,3971.257
2008-03-14,3956.746,3962.673
2008-03-17,3941.258,3820.048
2008-03-18,3789.565,3668.897
2008-03-19,3746.047,3761.605
2008-03-20,3721.504,3804.054
2008-03-21,3790.111,3796.576
2008-03-24,3830.346,3626.188
2008-03-25,3559.942,3629.619
2008-03-26,3644.13,3606.857
2008-03-27,3541.276,3411.493
2008-03-28,3378.628,3580.146
2008-03-31,3465.908,3472.713
2008-04-01,3461.085,3329.162
2008-04-02,3370.604,3347.882
2008-04-03,3323.426,3446.244
2008-04-07,3418.516,3599.618
2008-04-08,3604.263,3612.539
2008-04-09,3585.847,3413.907
2008-04-10,3378.139,3471.743
2008-04-11,3498.555,3492.893
2008-04-14,3419.047,3296.672
2008-04-15,3282.572,3348.353
2008-04-16,3349.931,3291.599
2008-04-17,3286.414,3222.741
2008-04-18,3200.57,3094.668
2008-04-21,3305.152,3116.977
2008-04-22,3076.715,3147.793
2008-04-23,3116.412,3278.33
2008-04-24,3539.868,3583.028
2008-04-25,3572.547,3557.749
2008-04-28,3497.383,3474.722
2008-04-29,3457.351,3523.405
2008-04-30,3545.573,3693.106
2008-05-05,3739.797,3761.009
2008-05-06,3735.849,3733.503
2008-05-07,3716.446,3579.147
2008-05-08,3538.916,3656.839
2008-05-09,3682.955,3613.494
2008-05-12,3548.614,3626.982
2008-05-13,3515.711,3560.243
2008-05-14,3549.668,3657.432
2008-05-15,3676.839,3637.324
2008-05-16,3637.636,3624.233
2008-05-19,3615.594,3604.761
2008-05-20,3601.549,3443.162
2008-05-21,3414.344,3544.186
2008-05-22,3493.067,3485.63
2008-05-23,3473.801,3473.091
2008-05-26,3442.291,3364.544
2008-05-27,3355.114,3375.407
2008-05-28,3382.774,3459.026
2008-05-29,3447.768,3401.437
2008-05-30,3414.254,3433.354
2008-06-02,3426.195,3459.044
2008-06-03,3456.58,3436.398
2008-06-04,3424.037,3369.913
2008-06-05,3355.928,3351.645
2008-06-06,3362.005,3329.67
2008-06-10,3202.113,3072.333
2008-06-11,3042.158,3024.24
2008-06-12,3011.558,2957.532
2008-06-13,2960.905,2868.8
2008-06-16,2876.294,2874.103
2008-06-17,2873.129,2794.751
2008-06-18,2772.367,2941.115
2008-06-19,2921.721,2748.874
2008-06-20,2811.084,2831.736
2008-06-23,2780.148,2760.417
2008-06-24,2747.322,2803.019
2008-06-25,2794.04,2905.014
2008-06-26,2904.094,2901.85
2008-06-27,2809.309,2748.432
2008-06-30,2724.404,2736.103
2008-07-01,2743.164,2651.605
2008-07-02,2656.038,2651.725
2008-07-03,2610.815,2703.529
2008-07-04,2691.207,2669.892
2008-07-07,2673.55,2792.397
2008-07-08,2805.608,2814.947
2008-07-09,2838.863,2920.546
2008-07-10,2879.624,2875.45
2008-07-11,2863.813,2856.634
2008-07-14,2837.495,2878.256
2008-07-15,2886.112,2779.448
2008-07-16,2753.898,2705.867
2008-07-17,2747.951,2684.778
2008-07-18,2711.742,2778.367
2008-07-21,2759.883,2861.418
2008-07-22,2852.442,2846.117
2008-07-23,2870.934,2837.849
2008-07-24,2861.81,2910.292
2008-07-25,2875.77,2865.101
2008-07-28,2883.761,2903.012
2008-07-29,2868.008,2850.311
2008-07-30,2884.586,2836.668
2008-07-31,2844.651,2775.717
2008-08-01,2751.02,2801.817
2008-08-04,2782.985,2741.74
2008-08-05,2751.2,2690.746
2008-08-06,2711.602,2719.368
2008-08-07,2717.502,2727.577
2008-08-08,2724.43,2605.719
2008-08-11,2595.895,2470.074
2008-08-12,2445.216,2457.198
2008-08-13,2440.525,2446.297
2008-08-14,2432.197,2437.082
2008-08-15,2434.408,2450.61
2008-08-18,2451.778,2319.868
2008-08-19,2297.245,2344.469
2008-08-20,2332.484,2523.282
2008-08-21,2484.485,2431.716
2008-08-22,2414.459,2405.226
2008-08-25,2408.095,2413.374
2008-08-26,2384.946,2350.084
2008-08-27,2343.882,2342.147
2008-08-28,2341.956,2350.143
2008-08-29,2361.046,2397.369
2008-09-01,2380.468,2325.135
2008-09-02,2312.102,2304.891
2008-09-03,2301.941,2276.672
2008-09-04,2270.524,2277.411
2008-09-05,2224.527,2202.446
2008-09-08,2210.344,2143.421
2008-09-09,2152.277,2145.779
2008-09-10,2131.8,2150.759
2008-09-11,2143.4,2078.981
2008-09-12,2077.55,2079.673
2008-09-16,2049.813,1986.636
2008-09-17,1971.944,1929.047
2008-09-18,1876.122,1895.837
2008-09-19,2067.643,2075.091
2008-09-22,2241.723,2236.41
2008-09-23,2209.122,2201.51
2008-09-24,2133.098,2216.811
2008-09-25,2214.584,2297.501
2008-09-26,2304.119,2293.784
2008-10-06,2267.394,2173.738
2008-10-07,2101.093,2157.839
2008-10-08,2095.911,2092.224
2008-10-09,2125.567,2074.583
2008-10-10,1995.957,2000.572
2008-10-13,1978.56,2073.568
2008-10-14,2139.065,2017.321
2008-10-15,1995.885,1994.667
2008-10-16,1916.133,1909.941
2008-10-17,1921.842,1930.651
2008-10-20,1924.177,1974.006
2008-10-21,1978.674,1958.529
2008-10-22,1932.677,1895.822
2008-10-23,1851.259,1875.561
2008-10-24,1875.631,1839.621
2008-10-27,1809.225,1723.351
2008-10-28,1671.396,1771.821
2008-10-29,1786.2,1719.812
2008-10-30,1732.772,1763.607
2008-10-31,1754.206,1728.786
2008-11-03,1713.763,1719.774
2008-11-04,1707.925,1706.703
2008-11-05,1716.219,1760.609
2008-11-06,1720.421,1717.722
2008-11-07,1686.524,1747.713
2008-11-10,1782.305,1874.801
2008-11-11,1872.067,1843.607
2008-11-12,1820.439,1859.11
2008-11-13,1837.274,1927.613
2008-11-14,1943.964,1986.438
2008-11-17,1981.264,2030.485
2008-11-18,2020.986,1902.43
2008-11-19,1889.351,2017.474
2008-11-20,1977.208,1983.76
2008-11-21,1932.596,1969.389
2008-11-24,1961.206,1897.06
2008-11-25,1925.248,1888.715
2008-11-26,1890.333,1897.884
2008-11-27,2012.686,1917.861
2008-11-28,1901.675,1871.156
2008-12-01,1865.743,1894.615
2008-12-02,1856.97,1889.638
2008-12-03,1903.429,1965.414
2008-12-04,1992.72,2001.504
2008-12-05,1984.258,2018.656
2008-12-08,2049.162,2090.773
2008-12-09,2100.772,2037.74
2008-12-10,2025.027,2079.117
2008-12-11,2072.577,2031.681
2008-12-12,2014.58,1954.215
2008-12-15,1977.028,1964.374
2008-12-16,1948.859,1975.006
2008-12-17,1983.836,1976.819
2008-12-18,1978.974,2015.694
2008-12-19,2006.208,2018.463
2008-12-22,2016.454,1987.755
2008-12-23,1990.049,1897.225
2008-12-24,1873.577,1863.8
2008-12-25,1865.721,1852.419
2008-12-26,1852.911,1851.518
2008-12-29,1846.304,1850.48
2008-12-30,1851.909,1832.91
2008-12-31,1834.949,1820.805
2009-01-05,1849.02,1880.716
2009-01-06,1878.827,1937.145
2009-01-07,1938.974,1924.012
2009-01-08,1890.242,1878.181
2009-01-09,1875.164,1904.861
2009-01-12,1897.703,1900.347
2009-01-13,1880.868,1863.367
2009-01-14,1862.31,1928.869
2009-01-15,1912.772,1920.206
2009-01-16,1928.922,1954.438
2009-01-19,1971.0,1986.672
2009-01-20,1981.147,1994.107
2009-01-21,1965.944,1985.016
2009-01-22,1996.086,2004.951
2009-01-23,2001.172,1990.657
2009-02-02,2008.134,2011.683
2009-02-03,2011.77,2060.808
2009-02-04,2068.086,2107.749
2009-02-05,2106.835,2098.018
2009-02-06,2102.078,2181.239
2009-02-09,2211.317,2224.714
2009-02-10,2218.489,2265.161
2009-02-11,2230.49,2260.82
2009-02-12,2265.789,2248.091
2009-02-13,2249.185,2320.792
2009-02-16,2338.758,2389.387
2009-02-17,2387.354,2319.441
2009-02-18,2271.26,2209.862
2009-02-19,2224.49,2227.125
2009-02-20,2234.365,2261.478
2009-02-23,2249.289,2305.777
2009-02-24,2273.755,2200.654
2009-02-25,2222.506,2206.574
2009-02-26,2201.672,2121.251
2009-02-27,2100.063,2082.852
2009-03-02,2066.229,2093.447
2009-03-03,2047.213,2071.431
2009-03-04,2076.616,2198.107
2009-03-05,2220.15,2221.076
2009-03-06,2180.788,2193.007
2009-03-09,2205.746,2118.748
2009-03-10,2097.139,2158.568
2009-03-11,2199.983,2139.025
2009-03-12,2127.726,2133.881
2009-03-13,2148.418,2128.848
2009-03-16,2122.408,2153.291
2009-03-17,2156.774,2218.326
2009-03-18,2227.981,2223.725
2009-03-19,2227.344,2265.759
2009-03-20,2272.437,2281.087
2009-03-23,2286.246,2325.48
2009-03-24,2359.679,2338.42
2009-03-25,2333.163,2291.555
2009-03-26,2296.047,2361.704
2009-03-27,2380.626,2374.438
2009-03-30,2377.964,2358.04
2009-03-31,2313.883,2373.213
2009-04-01,2380.979,2408.017
2009-04-02,2417.217,2425.291
2009-04-03,2446.124,2419.778
2009-04-07,2422.1,2439.182
2009-04-08,2429.879,2347.385
2009-04-09,2345.009,2379.876
2009-04-10,2400.014,2444.226
2009-04-13,2468.083,2513.701
2009-04-14,2512.009,2527.181
2009-04-15,2514.591,2536.056
2009-04-16,2542.336,2534.134
2009-04-17,2524.626,2503.935
2009-04-20,2500.173,2557.456
2009-04-21,2523.262,2535.828
2009-04-22,2548.105,2461.346
2009-04-23,2440.676,2463.954
2009-04-24,2477.156,2448.595
2009-04-27,2443.436,2405.348
2009-04-28,2382.884,2401.438
2009-04-29,2401.658,2468.192
2009-04-30,2477.928,2477.569
2009-05-04,2486.685,2559.911
2009-05-05,2577.429,2567.337
2009-05-06,2563.564,2592.52
2009-05-07,2612.123,2597.447
2009-05-08,2586.759,2625.645
2009-05-11,2646.287,2579.747
2009-05-12,2562.363,2618.172
2009-05-13,2629.031,2663.766
2009-05-14,2631.445,2639.887
2009-05-15,2646.891,2645.263
2009-05-18,2632.569,2652.779
2009-05-19,2679.396,2676.682
2009-05-20,2680.547,2651.414
2009-05-21,2639.141,2610.622
2009-05-22,2595.988,2597.601
2009-05-25,2555.342,2610.01
2009-05-26,2615.006,2588.575
2009-05-27,2601.24,2632.93
2009-06-01,2668.4,2721.28
2009-06-02,2739.442,2724.302
2009-06-03,2722.266,2778.589
2009-06-04,2753.248,2767.244
2009-06-05,2783.859,2753.891
2009-06-08,2753.345,2768.336
2009-06-09,2766.51,2787.887
2009-06-10,2796.903,2816.247
2009-06-11,2812.279,2797.32
2009-06-12,2793.968,2743.762
2009-06-15,2743.031,2789.549
2009-06-16,2762.741,2776.022
2009-06-17,2771.521,2810.123
2009-06-18,2812.989,2853.903
2009-06-19,2861.177,2880.492
2009-06-22,2900.572,2896.302
2009-06-23,2853.491,2892.697
2009-06-24,2889.046,2922.299
2009-06-25,2926.62,2925.046
2009-06-26,2930.502,2928.211
2009-06-29,2930.313,2975.314
2009-06-30,2990.118,2959.362
2009-07-01,2950.169,3008.15
2009-07-02,3015.077,3060.254
2009-07-03,3035.814,3088.367
2009-07-06,3091.478,3124.667
2009-07-07,3118.268,3089.45
2009-07-08,3057.46,3080.774
2009-07-09,3073.518,3123.035
2009-07-10,3124.789,3113.932
2009-07-13,3098.956,3080.556
2009-07-14,3088.58,3145.157
2009-07-15,3156.625,3188.551
2009-07-16,3209.775,3183.742
2009-07-17,3181.063,3189.741
2009-07-20,3203.888,3266.92
2009-07-21,3275.667,3213.206
2009-07-22,3207.987,3296.615
2009-07-23,3301.103,3328.49
2009-07-24,3343.756,3372.603
2009-07-27,3377.716,3435.212
2009-07-28,3434.32,3438.371
2009-07-29,3419.991,3266.432
2009-07-30,3281.203,3321.56
2009-07-31,3354.679,3412.062
2009-08-03,3429.693,3462.59
2009-08-04,3477.112,3471.442
2009-08-05,3467.047,3428.501
2009-08-06,3401.479,3356.33
2009-08-07,3352.659,3260.69
2009-08-10,3287.759,3249.76
2009-08-11,3261.406,3264.726
2009-08-12,3255.985,3112.719
2009-08-13,3112.573,3140.56
2009-08-14,3138.146,3046.972
2009-08-17,2994.866,2870.63
2009-08-18,2845.335,2910.884
2009-08-19,2916.095,2785.584
2009-08-20,2798.37,2911.582
2009-08-21,2905.053,2960.771
2009-08-24,2982.192,2993.429
2009-08-25,2980.1,2915.803
2009-08-26,2889.735,2967.595
2009-08-27,2947.827,2946.395
2009-08-28,2938.423,2860.688
2009-08-31,2817.629,2667.745
2009-09-01,2649.168,2683.724
2009-09-02,2681.33,2714.974
2009-09-03,2722.305,2845.024
2009-09-04,2841.171,2861.609
2009-09-07,2877.622,2881.116
2009-09-08,2865.695,2930.475
2009-09-09,2944.174,2946.259
2009-09-10,2934.958,2924.883
2009-09-11,2917.193,2989.792
2009-09-14,2990.933,3026.741
2009-09-15,3029.097,3033.728
2009-09-16,3027.506,2999.71
2009-09-17,3015.586,3060.26
2009-09-18,3063.309,2962.667
2009-09-21,2937.926,2967.011
2009-09-22,2956.129,2897.553
2009-09-23,2897.808,2842.721
2009-09-24,2824.583,2853.554
2009-09-25,2836.699,2838.842
2009-09-28,2844.37,2763.525
2009-09-29,2763.764,2754.54
2009-09-30,2772.569,2779.426
2009-10-09,2840.131,2911.715
2009-10-12,2927.021,2894.483
2009-10-13,2889.788,2936.191
2009-10-14,2945.669,2970.532
2009-10-15,2994.89,2979.788
2009-10-16,2992.745,2976.633
2009-10-19,2974.644,3038.273
2009-10-20,3062.551,3084.454
2009-10-21,3080.52,3070.589
2009-10-22,3068.678,3051.412
2009-10-23,3057.387,3107.847
2009-10-26,3114.294,3109.566
2009-10-27,3086.091,3021.459
2009-10-28,3014.182,3031.329
2009-10-29,2975.199,2960.466
2009-10-30,3007.25,2995.848
2009-11-02,2933.817,3076.649
2009-11-03,3085.744,3114.227
2009-11-04,3119.313,3128.537
2009-11-05,3133.505,3155.053
2009-11-06,3176.137,3164.037
2009-11-09,3162.146,3175.585
2009-11-10,3203.171,3178.61
2009-11-11,3176.311,3175.192
2009-11-12,3181.457,3172.945
2009-11-13,3164.65,3187.647
2009-11-16,3206.428,3275.048
2009-11-17,3291.044,3282.889
2009-11-18,3287.265,3303.234
2009-11-19,3311.188,3320.612
2009-11-20,3309.376,3308.346
2009-11-23,3312.974,3338.663
2009-11-24,3352.22,3223.526
2009-11-25,3214.815,3290.165
2009-11-26,3296.014,3170.98
2009-11-27,3137.297,3096.265
2009-11-30,3114.29,3195.301
2009-12-01,3191.058,3235.363
2009-12-02,3252.979,3269.752
2009-12-03,3267.995,3264.628
2009-12-04,3256.614,3317.044
2009-12-07,3313.06,3331.897
2009-12-08,3330.326,3296.664
2009-12-09,3258.003,3239.568
2009-12-10,3258.354,3254.264
2009-12-11,3260.448,3247.318
2009-12-14,3246.951,3302.904
2009-12-15,3283.598,3274.46
2009-12-16,3262.862,3255.213
2009-12-17,3261.608,3179.078
2009-12-18,3154.815,3113.886
2009-12-21,3108.067,3122.973
2009-12-22,3126.615,3050.52
2009-12-23,3048.199,3073.777
2009-12-24,3080.874,3153.41
2009-12-25,3149.226,3141.353
2009-12-28,3148.86,3188.785
2009-12-29,3190.172,3211.761
2009-12-30,3211.828,3262.6
2009-12-31,3264.998,3277.139
2010-01-04,3289.75,3243.76
2010-01-05,3254.468,3282.179
2010-01-06,3277.517,3254.215
2010-01-07,3253.991,3192.776
2010-01-08,3177.259,3195.997
2010-01-11,3301.611,3212.75
2010-01-12,3205.705,3273.966
2010-01-13,3204.976,3172.658
2010-01-14,3183.381,3215.55
2010-01-15,3217.19,3224.152
2010-01-18,3213.637,3237.098
2010-01-19,3242.216,3246.874
2010-01-20,3252.037,3151.85
2010-01-21,3154.189,3158.863
2010-01-22,3118.724,3128.588
2010-01-25,3103.32,3094.411
2010-01-26,3094.848,3019.394
2010-01-27,3020.54,2986.607
2010-01-28,2985.214,2994.143
2010-01-29,2979.743,2989.292
2010-02-01,2981.374,2941.36
2010-02-02,2955.753,2934.713
2010-02-03,2945.034,3003.835
2010-02-04,2983.05,2995.308
2010-02-05,2936.197,2939.402
2010-02-08,2936.452,2935.174
2010-02-09,2932.09,2948.842
2010-02-10,2967.138,2982.5
2010-02-11,2985.082,2985.499
2010-02-12,2996.088,3018.133
2010-02-22,3016.703,3003.398
2010-02-23,2998.907,2982.575
2010-02-24,2964.984,3022.177
2010-02-25,3026.656,3060.618
2010-02-26,3053.498,3051.943
2010-03-01,3057.006,3087.842
2010-03-02,3089.706,3073.108
2010-03-03,3074.099,3097.005
2010-03-04,3098.069,3023.373
2010-03-05,3026.639,3031.065
2010-03-08,3036.415,3053.232
2010-03-09,3053.26,3069.141
2010-03-10,3067.15,3048.927
2010-03-11,3050.644,3051.282
2010-03-12,3051.474,3013.412
2010-03-15,3010.722,2976.939
2010-03-16,2974.487,2992.841
2010-03-17,2999.815,3050.479
2010-03-18,3053.158,3046.089
2010-03-19,3046.749,3067.75
2010-03-22,3069.66,3074.576
2010-03-23,3076.957,3053.125
2010-03-24,3058.928,3056.808
2010-03-25,3051.356,3019.176
2010-03-26,3017.215,3059.715
2010-03-29,3076.048,3123.798
2010-03-30,3123.832,3128.468
2010-03-31,3129.574,3109.105
2010-04-01,3111.935,3147.416
2010-04-02,3154.77,3157.957
2010-04-06,3170.612,3158.681
2010-04-07,3156.314,3148.222
2010-04-08,3143.451,3118.709
2010-04-09,3118.926,3145.347
2010-04-12,3151.888,3129.263
2010-04-13,3129.692,3161.251
2010-04-14,3161.551,3166.183
2010-04-15,3168.139,3164.966
2010-04-16,3159.672,3130.302
2010-04-19,3096.785,2980.297
2010-04-20,2980.081,2979.533
2010-04-21,2984.618,3033.278
2010-04-22,3021.289,2999.484
2010-04-23,2995.568,2983.537
2010-04-26,2988.077,2969.503
2010-04-27,2962.145,2907.928
2010-04-28,2883.167,2900.331
2010-04-29,2912.196,2868.432
2010-04-30,2867.649,2870.611
2010-05-04,2821.354,2835.277
2010-05-05,2804.514,2857.151
2010-05-06,2838.951,2739.702
2010-05-07,2685.992,2688.383
2010-05-10,2690.859,2698.757
2010-05-11,2745.604,2647.574
2010-05-12,2628.019,2655.714
2010-05-13,2653.579,2710.507
2010-05-14,2692.096,2696.629
2010-05-17,2663.882,2559.931
2010-05-18,2555.141,2594.783
2010-05-19,2581.63,2587.807
2010-05-20,2571.54,2555.94
2010-05-21,2492.575,2583.522
2010-05-24,2596.318,2673.423
2010-05-25,2654.359,2622.63
2010-05-26,2620.853,2625.793
2010-05-27,2615.105,2655.918
2010-05-28,2680.403,2655.767
2010-05-31,2647.868,2592.147
2010-06-01,2577.763,2568.283
2010-06-02,2548.542,2571.423
2010-06-03,2575.77,2552.656
2010-06-04,2536.231,2553.593
2010-06-07,2508.329,2511.729
2010-06-08,2510.084,2513.947
2010-06-09,2523.879,2583.87
2010-06-10,2561.549,2562.58
2010-06-11,2574.899,2569.942
2010-06-17,2588.965,2560.245
2010-06-18,2556.602,2513.222
2010-06-21,2517.292,2586.21
2010-06-22,2579.631,2588.698
2010-06-23,2576.343,2569.872
2010-06-24,2563.639,2566.745
2010-06-25,2556.54,2552.817
2010-06-28,2550.649,2535.278
2010-06-29,2534.496,2427.053
2010-06-30,2409.542,2398.37
2010-07-01,2393.947,2373.792
2010-07-02,2371.323,2382.901
2010-07-05,2358.757,2363.947
2010-07-06,2358.284,2409.424
2010-07-07,2407.665,2421.117
2010-07-08,2429.676,2415.15
2010-07-09,2416.58,2470.923
2010-07-12,2468.541,2490.718
2010-07-13,2468.69,2450.286
2010-07-14,2456.103,2470.44
2010-07-15,2465.989,2424.304
2010-07-16,2414.681,2424.271
2010-07-19,2399.58,2475.421
2010-07-20,2477.753,2528.73
2010-07-21,2529.619,2535.394
2010-07-22,2525.976,2562.406
2010-07-23,2566.851,2572.028
2010-07-26,2576.372,2588.683
2010-07-27,2581.59,2575.368
2010-07-28,2574.322,2633.663
2010-07-29,2635.048,2648.116
2010-07-30,2642.852,2637.503
2010-08-02,2635.807,2672.516
2010-08-03,2678.791,2627.002
2010-08-04,2620.499,2638.522
2010-08-05,2636.243,2620.757
2010-08-06,2618.713,2658.392
2010-08-09,2656.364,2672.533
2010-08-10,2672.793,2595.274
2010-08-11,2587.615,2607.497
2010-08-12,2584.919,2575.475
2010-08-13,2576.687,2606.7
2010-08-16,2603.792,2661.708
2010-08-17,2663.184,2671.893
2010-08-18,2674.501,2666.301
2010-08-19,2669.431,2687.979
2010-08-20,2677.019,2642.307
2010-08-23,2637.82,2639.366
2010-08-24,2636.532,2650.307
2010-08-25,2634.95,2596.58
2010-08-26,2604.882,2603.481
2010-08-27,2602.501,2610.742
2010-08-30,2622.266,2652.664
2010-08-31,2644.787,2638.798
2010-09-01,2641.053,2622.882
2010-09-02,2646.893,2655.776
2010-09-03,2658.129,2655.394
2010-09-06,2667.195,2696.25
2010-09-07,2698.218,2698.363
2010-09-08,2687.711,2695.291
2010-09-09,2698.638,2656.352
2010-09-10,2657.235,2663.209
2010-09-13,2665.655,2688.32
2010-09-14,2694.069,2688.522
2010-09-15,2688.386,2652.503
2010-09-16,2646.921,2602.465
2010-09-17,2607.551,2598.689
2010-09-20,2601.482,2588.713
2010-09-21,2593.763,2591.55
2010-09-27,2600.54,2627.967
2010-09-28,2625.326,2611.354
2010-09-29,2608.919,2610.678
2010-09-30,2599.715,2655.658
2010-10-08,2681.253,2738.744
2010-10-11,2755.026,2806.942
2010-10-12,2795.764,2841.407
2010-10-13,2842.138,2861.361
2010-10-14,2881.552,2879.636
2010-10-15,2863.738,2971.16
2010-10-18,2985.462,2955.227
2010-10-19,2949.63,3001.853
2010-10-20,2947.511,3003.951
2010-10-21,3009.225,2983.533
2010-10-22,2976.754,2975.043
2010-10-25,2979.706,3051.419
2010-10-26,3065.844,3041.543
2010-10-27,3031.645,2997.048
2010-10-28,2989.29,2992.579
2010-10-29,2993.296,2978.835
2010-11-01,2986.886,3054.021
2010-11-02,3061.631,3045.434
2010-11-03,3044.022,3030.988
2010-11-04,3035.366,3086.939
2010-11-05,3129.87,3129.497
2010-11-08,3140.395,3159.512
2010-11-09,3159.019,3135.0
2010-11-10,3120.44,3115.356
2010-11-11,3108.511,3147.744
2010-11-12,3121.922,2985.435
2010-11-15,2984.872,3014.413
2010-11-16,3007.643,2894.538
2010-11-17,2852.478,2838.857
2010-11-18,2855.605,2865.452
2010-11-19,2879.655,2888.566
2010-11-22,2861.606,2884.371
2010-11-23,2872.172,2828.282
2010-11-24,2794.864,2859.936
2010-11-25,2875.858,2898.261
2010-11-26,2890.287,2871.698
2010-11-29,2861.149,2866.356
2010-11-30,2863.412,2820.181
2010-12-01,2810.543,2823.449
2010-12-02,2860.464,2843.607
2010-12-03,2846.725,2842.431
2010-12-06,2850.382,2857.178
2010-12-07,2843.767,2875.861
2010-12-08,2868.733,2848.546
2010-12-09,2837.615,2810.949
2010-12-10,2798.736,2841.04
2010-12-13,2850.325,2922.954
2010-12-14,2928.3,2927.077
2010-12-15,2927.264,2911.414
2010-12-16,2908.865,2898.138
2010-12-17,2896.77,2893.74
2010-12-20,2901.47,2852.916
2010-12-21,2857.589,2904.115
2010-12-22,2910.731,2877.9
2010-12-23,2874.202,2855.22
2010-12-24,2841.346,2835.157
2010-12-27,2842.807,2781.402
2010-12-28,2768.031,2732.99
2010-12-29,2735.476,2751.527
2010-12-30,2751.973,2759.575
2010-12-31,2759.162,2808.077
2011-01-04,2825.329,2852.648
2011-01-05,2833.117,2838.593
2011-01-06,2838.435,2824.197
2011-01-07,2820.665,2838.801
2011-01-10,2832.622,2791.809
2011-01-11,2783.476,2804.047
2011-01-12,2811.785,2821.305
2011-01-13,2830.534,2827.713
2011-01-14,2817.048,2791.344
2011-01-17,2772.45,2706.66
2011-01-18,2696.147,2708.979
2011-01-19,2707.816,2758.097
2011-01-20,2752.799,2677.652
2011-01-21,2668.677,2715.294
2011-01-24,2716.524,2695.72
2011-01-25,2691.693,2677.432
2011-01-26,2677.172,2708.814
2011-01-27,2690.825,2749.15
2011-01-28,2741.314,2752.75
2011-01-31,2751.527,2790.694
2011-02-01,2795.071,2798.96
2011-02-09,2778.701,2774.065
2011-02-10,2769.646,2818.163
2011-02-11,2815.119,2827.328
2011-02-14,2828.571,2899.134
2011-02-15,2900.427,2899.237
2011-02-16,2893.682,2923.896
2011-02-17,2929.255,2926.964
2011-02-18,2924.23,2899.792
2011-02-21,2886.54,2932.246
2011-02-22,2941.318,2855.516
2011-02-23,2844.99,2862.634
2011-02-24,2861.393,2878.603
2011-02-25,2876.777,2878.565
2011-02-28,2880.17,2905.053
2011-03-01,2906.285,2918.92
2011-03-02,2905.514,2913.808
2011-03-03,2918.731,2902.978
2011-03-04,2902.19,2942.306
2011-03-07,2952.722,2996.211
2011-03-08,2996.727,2999.942
2011-03-09,3002.546,3002.154
2011-03-10,2995.768,2957.143
2011-03-11,2942.419,2933.796
2011-03-14,2923.982,2937.627
2011-03-15,2927.984,2896.256
2011-03-16,2894.252,2930.804
2011-03-17,2906.955,2897.298
2011-03-18,2920.806,2906.886
2011-03-21,2913.913,2909.137
2011-03-22,2917.687,2919.142
2011-03-23,2919.016,2948.477
2011-03-24,2949.85,2946.706
2011-03-25,2948.543,2977.814
2011-03-28,2985.356,2984.005
2011-03-29,2979.865,2958.077
2011-03-30,2955.453,2955.771
2011-03-31,2954.653,2928.111
2011-04-01,2932.481,2967.41
2011-04-06,2964.212,3001.36
2011-04-07,3003.204,3007.909
2011-04-08,3005.368,3030.021
2011-04-11,3037.91,3022.746
2011-04-12,3012.795,3021.369
2011-04-13,3006.83,3050.398
2011-04-14,3049.667,3042.635
2011-04-15,3036.345,3050.526
2011-04-18,3040.531,3057.329
2011-04-19,3038.807,2999.041
2011-04-20,3005.975,3007.037
2011-04-21,3021.77,3026.668
2011-04-22,3025.699,3010.517
2011-04-25,3003.031,2964.951
2011-04-26,2956.949,2938.981
2011-04-27,2946.327,2925.408
2011-04-28,2937.947,2887.044
2011-04-29,2886.629,2911.511
2011-05-03,2911.51,2932.188
2011-05-04,2916.845,2866.017
2011-05-05,2854.768,2872.404
2011-05-06,2842.765,2863.886
2011-05-09,2868.235,2872.46
2011-05-10,2876.98,2890.634
2011-05-11,2890.353,2883.42
2011-05-12,2864.976,2844.083
2011-05-13,2846.311,2871.031
2011-05-16,2864.377,2849.067
2011-05-17,2846.447,2852.773
2011-05-18,2846.725,2872.771
2011-05-19,2879.387,2859.574
2011-05-20,2858.311,2858.459
2011-05-23,2853.286,2774.569
2011-05-24,2766.059,2767.056
2011-05-25,2764.56,2741.741
2011-05-26,2755.394,2736.527
2011-05-27,2739.387,2709.947
2011-05-30,2704.485,2706.361
2011-05-31,2707.559,2743.472
2011-06-01,2737.057,2743.572
2011-06-02,2715.316,2705.181
2011-06-03,2701.773,2728.02
2011-06-07,2720.97,2744.3
2011-06-08,2742.043,2750.288
2011-06-09,2743.539,2703.345
2011-06-10,2696.13,2705.143
2011-06-13,2687.653,2700.379
2011-06-14,2696.223,2730.04
2011-06-15,2717.677,2705.431
2011-06-16,2685.632,2664.283
2011-06-17,2661.414,2642.818
2011-06-20,2635.834,2621.253
2011-06-21,2628.022,2646.483
2011-06-22,2648.534,2649.321
2011-06-23,2640.66,2688.249
2011-06-24,2678.052,2746.211
2011-06-27,2746.787,2758.23
2011-06-28,2759.713,2759.202
2011-06-29,2757.4,2728.483
2011-06-30,2729.992,2762.076
2011-07-01,2767.834,2759.362
2011-07-04,2770.94,2812.818
2011-07-05,2812.722,2816.355
2011-07-06,2811.815,2810.479
2011-07-07,2813.193,2794.267
2011-07-08,2797.026,2797.774
2011-07-11,2789.454,2802.692
2011-07-12,2783.722,2754.582
2011-07-13,2756.032,2795.476
2011-07-14,2798.212,2810.444
2011-07-15,2803.585,2820.169
2011-07-18,2821.358,2816.688
2011-07-19,2804.923,2796.983
2011-07-20,2810.436,2794.205
2011-07-21,2795.896,2765.894
2011-07-22,2769.863,2770.79
2011-07-25,2759.628,2688.746
2011-07-26,2685.754,2703.026
2011-07-27,2690.144,2723.492
2011-07-28,2701.771,2708.777
2011-07-29,2706.497,2701.729
2011-08-01,2697.575,2703.783
2011-08-02,2689.971,2679.259
2011-08-03,2659.118,2678.485
2011-08-04,2683.192,2684.039
2011-08-05,2620.277,2626.423
2011-08-08,2599.289,2526.816
2011-08-09,2468.032,2526.07
2011-08-10,2562.393,2549.176
2011-08-11,2508.857,2581.508
2011-08-12,2593.395,2593.173
2011-08-15,2598.138,2626.77
2011-08-16,2627.854,2608.166
2011-08-17,2603.961,2601.261
2011-08-18,2601.99,2559.472
2011-08-19,2519.645,2534.358
2011-08-22,2534.57,2515.863
2011-08-23,2524.877,2554.019
2011-08-24,2562.411,2541.091
2011-08-25,2546.402,2615.261
2011-08-26,2602.208,2612.188
2011-08-29,2595.466,2576.413
2011-08-30,2592.597,2566.595
2011-08-31,2566.529,2567.34
2011-09-01,2569.799,2556.042
2011-09-02,2551.556,2528.28
2011-09-05,2510.1,2478.739
2011-09-06,2465.565,2470.524
2011-09-07,2480.941,2516.09
2011-09-08,2523.962,2498.943
2011-09-09,2506.969,2497.753
2011-09-13,2467.73,2471.305
2011-09-14,2478.586,2484.827
2011-09-15,2482.859,2479.055
2011-09-16,2490.177,2482.343
2011-09-19,2469.6,2437.795
2011-09-20,2433.721,2447.755
2011-09-21,2450.116,2512.963
2011-09-22,2491.212,2443.057
2011-09-23,2411.833,2433.159
2011-09-26,2416.226,2393.183
2011-09-27,2410.991,2415.054
2011-09-28,2427.289,2392.062
2011-09-29,2378.423,2365.343
2011-09-30,2368.398,2359.22
2011-10-10,2363.078,2344.787
2011-10-11,2401.738,2348.516
2011-10-12,2335.488,2420.0
2011-10-13,2412.832,2438.79
2011-10-14,2429.885,2431.375
2011-10-17,2434.486,2440.402
2011-10-18,2423.282,2383.485
2011-10-19,2387.831,2377.512
2011-10-20,2365.909,2331.366
2011-10-21,2330.512,2317.275
2011-10-24,2322.02,2370.333
2011-10-25,2366.398,2409.672
2011-10-26,2398.187,2427.48
2011-10-27,2432.473,2435.614
2011-10-28,2462.085,2473.41
2011-10-31,2470.254,2468.25
2011-11-01,2450.331,2470.019
2011-11-02,2437.87,2504.108
2011-11-03,2510.842,2508.09
2011-11-04,2525.244,2528.294
2011-11-07,2518.898,2509.799
2011-11-08,2514.259,2503.836
2011-11-09,2512.587,2524.919
2011-11-10,2498.594,2479.536
2011-11-11,2483.957,2481.084
2011-11-14,2498.672,2528.714
2011-11-15,2525.948,2529.761
2011-11-16,2529.073,2466.959
2011-11-17,2467.704,2463.046
2011-11-18,2448.387,2416.562
2011-11-21,2416.732,2415.13
2011-11-22,2400.984,2412.625
2011-11-23,2415.197,2395.065
2011-11-24,2379.146,2397.554
2011-11-25,2393.327,2380.224
2011-11-28,2383.893,2383.034
2011-11-29,2398.994,2412.393
2011-11-30,2406.329,2333.414
2011-12-01,2392.485,2386.86
2011-12-02,2374.899,2360.664
2011-12-05,2363.111,2333.229
2011-12-06,2326.66,2325.905
2011-12-07,2325.562,2332.73
2011-12-08,2329.911,2329.82
2011-12-09,2315.513,2315.27
2011-12-12,2312.151,2291.545
2011-12-13,2283.223,2248.59
2011-12-14,2241.387,2228.525
2011-12-15,2215.792,2180.895
2011-12-16,2179.509,2224.84
2011-12-19,2208.071,2218.235
2011-12-20,2209.699,2215.93
2011-12-21,2230.18,2191.148
2011-12-22,2178.572,2186.297
2011-12-23,2183.911,2204.784
2011-12-26,2193.659,2190.11
2011-12-27,2186.709,2166.205
2011-12-28,2157.65,2170.013
2011-12-29,2161.184,2173.561
2011-12-30,2177.517,2199.417
2012-01-04,2211.995,2169.39
2012-01-05,2160.898,2148.452
2012-01-06,2148.147,2163.395
2012-01-09,2164.741,2225.89
2012-01-10,2221.832,2285.744
2012-01-11,2282.913,2276.046
2012-01-12,2268.739,2275.01
2012-01-13,2277.08,2244.58
2012-01-16,2230.433,2206.193
2012-01-17,2206.531,2298.376
2012-01-18,2298.834,2266.384
2012-01-19,2266.076,2296.075
2012-01-20,2300.5,2319.118
2012-01-30,2324.493,2285.038
2012-01-31,2285.954,2292.61
2012-02-01,2288.066,2268.08
2012-02-02,2273.85,2312.556
2012-02-03,2306.656,2330.405
2012-02-06,2334.248,2331.136
2012-02-07,2319.421,2291.902
2012-02-08,2291.812,2347.53
2012-02-09,2344.224,2349.589
2012-02-10,2342.011,2351.981
2012-02-13,2332.055,2351.855
2012-02-14,2348.877,2344.771
2012-02-15,2340.455,2366.702
2012-02-16,2363.897,2356.86
2012-02-17,2366.63,2357.181
2012-02-20,2383.686,2363.597
2012-02-21,2365.487,2381.43
2012-02-22,2380.504,2403.587
2012-02-23,2401.738,2409.554
2012-02-24,2410.881,2439.628
2012-02-27,2447.406,2447.057
2012-02-28,2440.914,2451.857
2012-02-29,2446.228,2428.487
2012-03-01,2418.788,2426.115
2012-03-02,2430.098,2460.693
2012-03-05,2464.849,2445.002
2012-03-06,2439.779,2410.445
2012-03-07,2391.203,2394.794
2012-03-08,2401.102,2420.276
2012-03-09,2425.885,2439.462
2012-03-12,2438.546,2434.859
2012-03-13,2432.843,2455.795
2012-03-14,2464.915,2391.23
2012-03-15,2388.063,2373.774
2012-03-16,2377.757,2404.736
2012-03-19,2401.217,2410.184
2012-03-20,2407.542,2376.839
2012-03-21,2384.709,2378.195
2012-03-22,2376.991,2375.772
2012-03-23,2369.077,2349.539
2012-03-26,2349.086,2350.599
2012-03-27,2358.545,2347.179
2012-03-28,2341.003,2284.881
2012-03-29,2276.74,2252.16
2012-03-30,2256.042,2262.788
2012-04-05,2258.031,2302.241
2012-04-06,2299.055,2306.553
2012-04-09,2300.051,2285.777
2012-04-10,2281.024,2305.863
2012-04-11,2286.716,2308.925
2012-04-12,2310.484,2350.864
2012-04-13,2351.513,2359.161
2012-04-16,2346.307,2357.026
2012-04-17,2355.369,2334.985
2012-04-18,2341.135,2380.848
2012-04-19,2378.632,2378.634
2012-04-20,2374.662,2406.863
2012-04-23,2403.521,2388.588
2012-04-24,2380.236,2388.834
2012-04-25,2382.211,2406.813
2012-04-26,2408.558,2404.697
2012-04-27,2402.431,2396.316
2012-05-02,2421.082,2438.436
2012-05-03,2433.589,2440.08
2012-05-04,2437.465,2452.014
2012-05-07,2441.757,2451.947
2012-05-08,2451.575,2448.884
2012-05-09,2432.472,2408.587
2012-05-10,2409.945,2410.23
2012-05-11,2406.074,2394.983
2012-05-14,2408.262,2380.725
2012-05-15,2367.083,2374.843
2012-05-16,2369.295,2346.192
2012-05-17,2347.177,2378.886
2012-05-18,2364.899,2344.52
2012-05-21,2343.576,2348.3
2012-05-22,2355.732,2373.307
2012-05-23,2369.265,2363.437
2012-05-24,2359.682,2350.973
2012-05-25,2350.541,2333.553
2012-05-28,2325.317,2361.367
2012-05-29,2361.003,2389.636
2012-05-30,2385.392,2384.668
2012-05-31,2370.007,2372.234
2012-06-01,2373.224,2373.436
2012-06-04,2346.984,2308.55
2012-06-05,2313.741,2311.916
2012-06-06,2315.561,2309.555
2012-06-07,2324.672,2293.13
2012-06-08,2306.219,2281.447
2012-06-11,2282.891,2305.856
2012-06-12,2295.07,2289.791
2012-06-13,2289.707,2318.924
2012-06-14,2306.781,2295.946
2012-06-15,2299.781,2306.85
2012-06-18,2313.53,2316.052
2012-06-19,2313.455,2300.795
2012-06-20,2300.406,2292.877
2012-06-21,2288.454,2260.877
2012-06-25,2253.514,2224.114
2012-06-26,2214.649,2222.067
2012-06-27,2219.944,2216.934
2012-06-28,2220.236,2195.843
2012-06-29,2190.576,2225.431
2012-07-02,2234.32,2226.11
2012-07-03,2225.568,2229.193
2012-07-04,2233.335,2227.315
2012-07-05,2218.216,2201.353
2012-07-06,2203.73,2223.579
2012-07-09,2210.714,2170.814
2012-07-10,2166.947,2164.437
2012-07-11,2160.02,2175.383
2012-07-12,2172.064,2185.491
2012-07-13,2180.172,2185.895
2012-07-16,2187.887,2147.955
2012-07-17,2142.43,2161.186
2012-07-18,2159.857,2169.099
2012-07-19,2164.274,2184.841
2012-07-20,2180.012,2168.638
2012-07-23,2154.171,2141.402
2012-07-24,2132.317,2146.589
2012-07-25,2141.036,2136.151
2012-07-26,2134.987,2126.004
2012-07-27,2132.009,2128.765
2012-07-30,2128.159,2109.914
2012-07-31,2109.325,2103.634
2012-08-01,2101.723,2123.36
2012-08-02,2120.146,2111.182
2012-08-03,2113.964,2132.796
2012-08-06,2129.148,2154.916
2012-08-07,2153.093,2157.62
2012-08-08,2158.982,2160.99
2012-08-09,2159.434,2174.102
2012-08-10,2172.964,2168.814
2012-08-13,2164.043,2136.078
2012-08-14,2137.047,2142.525
2012-08-15,2138.278,2118.945
2012-08-16,2116.08,2112.197
2012-08-17,2111.653,2114.891
2012-08-20,2102.231,2106.957
2012-08-21,2106.381,2118.268
2012-08-22,2118.881,2107.711
2012-08-23,2106.96,2113.072
2012-08-24,2108.36,2092.104
2012-08-27,2085.373,2055.708
2012-08-28,2054.967,2073.154
2012-08-29,2066.82,2053.235
2012-08-30,2044.033,2052.585
2012-08-31,2046.289,2047.522
2012-09-03,2044.825,2059.147
2012-09-04,2060.613,2043.649
2012-09-05,2038.873,2037.681
2012-09-06,2040.668,2051.918
2012-09-07,2062.99,2127.762
2012-09-10,2128.065,2134.893
2012-09-11,2127.519,2120.554
2012-09-12,2129.687,2126.554
2012-09-13,2123.84,2110.379
2012-09-14,2127.389,2123.847
2012-09-17,2120.617,2078.5
2012-09-18,2069.343,2059.543
2012-09-19,2061.061,2067.831
2012-09-20,2060.306,2024.837
2012-09-21,2020.554,2026.69
2012-09-24,2015.767,2033.192
2012-09-25,2028.633,2029.293
2012-09-26,2027.855,2004.172
2012-09-27,2003.099,2056.323
2012-09-28,2042.886,2086.169
2012-10-08,2084.849,2074.419
2012-10-09,2081.589,2115.23
2012-10-10,2111.587,2119.942
2012-10-11,2114.232,2102.868
2012-10-12,2109.07,2104.932
2012-10-15,2105.024,2098.703
2012-10-16,2097.05,2098.808
2012-10-17,2104.28,2105.618
2012-10-18,2108.498,2131.688
2012-10-19,2129.82,2128.302
2012-10-22,2118.521,2132.758
2012-10-23,2132.108,2114.447
2012-10-24,2106.83,2115.99
2012-10-25,2114.764,2101.58
2012-10-26,2100.1,2066.209
2012-10-29,2061.847,2058.943
2012-10-30,2059.202,2062.347
2012-10-31,2061.124,2068.88
2012-11-01,2070.02,2104.428
2012-11-02,2105.449,2117.046
2012-11-05,2113.328,2114.027
2012-11-06,2113.658,2105.999
2012-11-07,2102.419,2105.73
2012-11-08,2091.254,2071.509
2012-11-09,2066.495,2069.067
2012-11-12,2069.214,2079.274
2012-11-13,2078.133,2047.889
2012-11-14,2047.257,2055.419
2012-11-15,2045.456,2030.29
2012-11-16,2026.563,2014.725
2012-11-19,2013.246,2016.982
2012-11-20,2020.433,2008.923
2012-11-21,2008.211,2030.319
2012-11-22,2021.209,2015.611
2012-11-23,2020.015,2027.384
2012-11-26,2023.339,2017.464
2012-11-27,2012.075,1991.165
2012-11-28,1984.48,1973.523
2012-11-29,1972.925,1963.488
2012-11-30,1961.815,1980.117
2012-12-03,1977.254,1959.767
2012-12-04,1956.616,1975.143
2012-12-05,1973.107,2031.907
2012-12-06,2029.562,2029.237
2012-12-07,2028.766,2061.786
2012-12-10,2067.324,2083.77
2012-12-11,2077.557,2074.704
2012-12-12,2073.271,2082.726
2012-12-13,2077.416,2061.476
2012-12-14,2062.689,2150.625
2012-12-17,2152.097,2160.342
2012-12-18,2155.858,2162.464
2012-12-19,2158.67,2162.239
2012-12-20,2156.193,2168.353
2012-12-21,2169.57,2153.31
2012-12-24,2150.654,2159.053
2012-12-25,2154.32,2213.611
2012-12-26,2211.594,2219.132
2012-12-27,2223.655,2205.897
2012-12-28,2207.913,2233.252
2012-12-31,2236.461,2269.128
2013-01-04,2289.51,2276.992
2013-01-07,2271.663,2285.364
2013-01-08,2284.654,2276.07
2013-01-09,2271.299,2275.34
2013-01-10,2274.377,2283.658
2013-01-11,2285.185,2242.997
2013-01-14,2236.288,2311.74
2013-01-15,2312.468,2325.682
2013-01-16,2322.158,2309.499
2013-01-17,2305.14,2284.909
2013-01-18,2295.809,2317.07
2013-01-21,2321.49,2328.221
2013-01-22,2326.49,2315.139
2013-01-23,2308.521,2320.911
2013-01-24,2320.258,2302.598
2013-01-25,2300.001,2291.304
2013-01-28,2295.352,2346.505
2013-01-29,2347.215,2358.977
2013-01-30,2360.748,2382.475
2013-01-31,2383.426,2385.422
2013-02-01,2377.414,2419.02
2013-02-04,2425.921,2428.154
2013-02-05,2411.001,2433.13
2013-02-06,2432.677,2434.477
2013-02-07,2430.688,2418.53
2013-02-08,2416.619,2432.402
2013-02-18,2441.906,2421.558
2013-02-19,2420.265,2382.914
2013-02-20,2383.493,2397.178
2013-02-21,2378.822,2325.951
2013-02-22,2322.94,2314.164
2013-02-25,2320.618,2325.819
2013-02-26,2313.74,2293.341
2013-02-27,2297.767,2313.22
2013-02-28,2322.323,2365.593
2013-03-01,2364.544,2359.506
2013-03-04,2332.08,2273.404
2013-03-05,2274.808,2326.306
2013-03-06,2333.615,2347.179
2013-03-07,2340.436,2324.293
2013-03-08,2326.417,2318.611
2013-03-11,2314.683,2310.593
2013-03-12,2309.158,2286.605
2013-03-13,2282.17,2263.968
2013-03-14,2255.775,2270.277
2013-03-15,2269.315,2278.401
2013-03-18,2267.287,2240.016
2013-03-19,2244.265,2257.434
2013-03-20,2257.737,2317.374
2013-03-21,2318.205,2324.242
2013-03-22,2321.403,2328.278
2013-03-25,2334.735,2326.715
2013-03-26,2318.578,2297.669
2013-03-27,2299.377,2301.259
2013-03-28,2273.552,2236.302
2013-03-29,2238.485,2236.621
2013-04-01,2229.46,2234.395
2013-04-02,2234.901,2227.74
2013-04-03,2232.694,2225.295
2013-04-08,2196.238,2211.592
2013-04-09,2215.467,2225.775
2013-04-10,2224.934,2226.126
2013-04-11,2236.983,2219.553
2013-04-12,2218.095,2206.78
2013-04-15,2199.914,2181.942
2013-04-16,2169.63,2194.846
2013-04-17,2195.032,2193.796
2013-04-18,2181.822,2197.602
2013-04-19,2201.122,2244.643
2013-04-22,2236.402,2242.169
2013-04-23,2242.616,2184.538
2013-04-24,2187.349,2218.318
2013-04-25,2213.185,2199.307
2013-04-26,2203.889,2177.912
2013-05-02,2170.783,2174.123
2013-05-03,2179.049,2205.497
2013-05-06,2212.495,2231.166
2013-05-07,2227.861,2235.575
2013-05-08,2242.393,2246.3
2013-05-09,2246.963,2232.971
2013-05-10,2228.819,2246.831
2013-05-13,2247.678,2241.92
2013-05-14,2238.904,2217.01
2013-05-15,2217.086,2224.797
2013-05-16,2221.337,2251.806
2013-05-17,2249.811,2282.87
2013-05-20,2286.328,2299.986
2013-05-21,2297.11,2305.114
2013-05-22,2303.75,2302.403
2013-05-23,2293.809,2275.667
2013-05-24,2281.445,2288.533
2013-05-27,2286.661,2293.077
2013-05-28,2293.4,2321.318
2013-05-29,2323.539,2324.017
2013-05-30,2316.253,2317.749
2013-05-31,2320.739,2300.595
2013-06-03,2300.209,2299.252
2013-06-04,2297.1,2272.416
2013-06-05,2270.712,2270.931
2013-06-06,2264.425,2242.11
2013-06-07,2242.263,2210.898
2013-06-13,2190.101,2148.355
2013-06-14,2150.06,2162.041
2013-06-17,2165.994,2156.215
2013-06-18,2158.546,2159.291
2013-06-19,2150.816,2143.454
2013-06-20,2132.813,2084.021
2013-06-21,2058.978,2073.095
2013-06-24,2068.862,1963.235
2013-06-25,1948.315,1959.508
2013-06-26,1954.474,1951.495
2013-06-27,1955.126,1950.013
2013-06-28,1935.516,1979.206
2013-07-01,1965.987,1995.242
2013-07-02,1992.89,2006.56
2013-07-03,1996.506,1994.268
2013-07-04,1982.87,2006.098
2013-07-05,2006.191,2007.199
2013-07-08,1983.215,1958.273
2013-07-09,1953.602,1965.454
2013-07-10,1962.84,2008.126
2013-07-11,2011.02,2072.991
2013-07-12,2068.044,2039.486
2013-07-15,2046.119,2059.39
2013-07-16,2054.6,2065.72
2013-07-17,2061.186,2044.922
2013-07-18,2038.4,2023.396
2013-07-19,2025.317,1992.648
2013-07-22,1977.733,2004.762
2013-07-23,2008.955,2043.876
2013-07-24,2035.691,2033.329
2013-07-25,2037.336,2021.174
2013-07-26,2013.19,2010.85
2013-07-29,1997.838,1976.306
2013-07-30,1981.452,1990.064
2013-07-31,2000.794,1993.799
2013-08-01,2000.818,2029.067
2013-08-02,2039.514,2029.418
2013-08-05,2031.724,2050.481
2013-08-06,2043.653,2060.5
2013-08-07,2056.367,2046.778
2013-08-08,2044.436,2044.895
2013-08-09,2052.244,2052.235
2013-08-12,2058.416,2101.283
2013-08-13,2101.324,2106.156
2013-08-14,2109.225,2100.137
2013-08-15,2099.279,2081.88
2013-08-16,2075.983,2068.452
2013-08-19,2055.128,2085.602
2013-08-20,2081.966,2072.595
2013-08-21,2076.271,2072.961
2013-08-22,2069.313,2067.124
2013-08-23,2075.929,2057.458
2013-08-26,2061.417,2096.474
2013-08-27,2095.44,2103.567
2013-08-28,2092.311,2101.301
2013-08-29,2108.436,2097.227
2013-08-30,2097.217,2098.382
2013-09-02,2104.09,2098.448
2013-09-03,2100.449,2123.112
2013-09-04,2121.68,2127.618
2013-09-05,2125.255,2122.43
2013-09-06,2119.333,2139.993
2013-09-09,2151.347,2212.516
2013-09-10,2214.814,2237.984
2013-09-11,2244.962,2241.268
2013-09-12,2236.171,2255.605
2013-09-13,2251.462,2236.217
2013-09-16,2244.463,2231.401
2013-09-17,2230.388,2185.56
2013-09-18,2185.936,2191.851
2013-09-23,2199.361,2221.044
2013-09-24,2219.467,2207.531
2013-09-25,2206.225,2198.515
2013-09-26,2192.226,2155.809
2013-09-27,2150.961,2160.027
2013-09-30,2167.734,2174.665
2013-10-08,2171.904,2198.199
2013-10-09,2191.392,2211.769
2013-10-10,2214.405,2190.929
2013-10-11,2201.409,2228.146
2013-10-14,2232.218,2237.773
2013-10-15,2237.931,2233.412
2013-10-16,2228.113,2193.074
2013-10-17,2201.71,2188.542
2013-10-18,2188.714,2193.78
2013-10-21,2198.114,2229.237
2013-10-22,2227.341,2210.652
2013-10-23,2213.274,2183.107
2013-10-24,2178.82,2164.322
2013-10-25,2163.689,2132.955
2013-10-28,2135.879,2133.869
2013-10-29,2135.226,2128.864
2013-10-30,2126.69,2160.463
2013-10-31,2155.511,2141.614
2013-11-01,2139.88,2149.562
2013-11-04,2156.087,2149.634
2013-11-05,2139.837,2157.24
2013-11-06,2149.39,2139.607
2013-11-07,2136.627,2129.4
2013-11-08,2120.923,2106.127
2013-11-11,2103.299,2109.471
2013-11-12,2110.724,2126.772
2013-11-13,2117.886,2087.941
2013-11-14,2087.119,2100.506
2013-11-15,2100.9,2135.827
2013-11-18,2147.373,2197.219
2013-11-19,2198.318,2193.125
2013-11-20,2201.474,2206.613
2013-11-21,2197.008,2205.766
2013-11-22,2206.471,2196.378
2013-11-25,2186.058,2186.115
2013-11-26,2184.332,2183.073
2013-11-27,2181.725,2201.07
2013-11-28,2204.378,2219.372
2013-11-29,2221.618,2220.504
2013-12-02,2203.122,2207.371
2013-12-03,2196.824,2222.67
2013-12-04,2219.965,2251.762
2013-12-05,2252.723,2247.063
2013-12-06,2242.563,2237.108
2013-12-09,2241.793,2238.2
2013-12-10,2239.864,2237.492
2013-12-11,2228.633,2204.166
2013-12-12,2199.317,2202.796
2013-12-13,2188.259,2196.075
2013-12-16,2197.234,2160.861
2013-12-17,2161.536,2151.079
2013-12-18,2150.412,2148.285
2013-12-19,2153.674,2127.792
2013-12-20,2128.374,2084.794
2013-12-23,2089.539,2089.707
2013-12-24,2094.073,2092.905
2013-12-25,2095.019,2106.354
2013-12-26,2102.66,2073.099
2013-12-27,2074.592,2101.251
2013-12-30,2108.883,2097.529
2013-12-31,2090.679,2115.978
2014-01-02,2112.126,2109.387
2014-01-03,2101.542,2083.136
2014-01-06,2078.684,2045.709
2014-01-07,2034.224,2047.317
2014-01-08,2047.256,2044.34
2014-01-09,2041.773,2027.622
2014-01-10,2023.535,2013.298
2014-01-13,2014.978,2009.564
2014-01-14,2007.156,2026.842
2014-01-15,2024.228,2023.348
2014-01-16,2022.538,2023.701
2014-01-17,2017.522,2004.949
2014-01-20,2001.894,1991.253
2014-01-21,1992.015,2008.313
2014-01-22,2009.969,2051.749
2014-01-23,2048.331,2042.18
2014-01-24,2037.667,2054.392
2014-01-27,2044.272,2033.3
2014-01-28,2036.402,2038.513
2014-01-29,2042.176,2049.914
2014-01-30,2045.931,2033.083
2014-02-07,2022.323,2044.497
2014-02-10,2049.984,2086.067
2014-02-11,2086.177,2103.671
2014-02-12,2103.828,2109.955
2014-02-13,2106.934,2098.401
2014-02-14,2097.32,2115.848
2014-02-17,2124.88,2135.415
2014-02-18,2134.143,2119.066
2014-02-19,2116.919,2142.554
2014-02-20,2152.891,2138.782
2014-02-21,2131.592,2113.693
2014-02-24,2099.717,2076.686
2014-02-25,2077.285,2034.219
2014-02-26,2026.61,2041.254
2014-02-27,2045.096,2047.354
2014-02-28,2040.624,2056.302
2014-03-03,2052.075,2075.235
2014-03-04,2068.107,2071.473
2014-03-05,2073.295,2053.084
2014-03-06,2050.032,2059.578
2014-03-07,2058.375,2057.908
2014-03-10,2042.352,1999.065
2014-03-11,1994.415,2001.157
2014-03-12,1996.239,1997.692
2014-03-13,2000.695,2019.111
2014-03-14,2008.825,2004.339
2014-03-17,2009.882,2023.673
2014-03-18,2026.224,2025.196
2014-03-19,2019.98,2021.734
2014-03-20,2017.22,1993.479
2014-03-21,1987.679,2047.619
2014-03-24,2050.827,2066.279
2014-03-25,2063.323,2067.311
2014-03-26,2070.574,2063.67
2014-03-27,2060.812,2046.588
2014-03-28,2046.851,2041.712
2014-03-31,2043.045,2033.306
2014-04-01,2031.005,2047.46
2014-04-02,2049.423,2058.988
2014-04-03,2063.497,2043.702
2014-04-04,2037.552,2058.831
2014-04-08,2054.53,2098.284
2014-04-09,2100.651,2105.237
2014-04-10,2105.876,2134.3
2014-04-11,2130.368,2130.542
2014-04-14,2127.409,2131.539
2014-04-15,2125.902,2101.601
2014-04-16,2097.213,2105.122
2014-04-17,2108.947,2098.885
2014-04-18,2091.48,2097.748
2014-04-21,2085.98,2065.826
2014-04-22,2062.787,2072.831
2014-04-23,2068.084,2067.382
2014-04-24,2064.156,2057.033
2014-04-25,2060.538,2036.519
2014-04-28,2033.337,2003.487
2014-04-29,2001.896,2020.341
2014-04-30,2020.438,2026.358
2014-05-05,2022.178,2027.353
2014-05-06,2024.256,2028.038
2014-05-07,2023.152,2010.083
2014-05-08,2006.853,2015.274
2014-05-09,2016.501,2011.135
2014-05-12,2022.932,2052.871
2014-05-13,2055.079,2050.728
2014-05-14,2049.27,2047.91
2014-05-15,2044.377,2024.974
2014-05-16,2023.596,2026.504
2014-05-19,2023.014,2005.183
2014-05-20,2011.846,2008.119
2014-05-21,2001.306,2024.951
2014-05-22,2023.148,2021.285
2014-05-23,2020.115,2034.569
2014-05-26,2042.028,2041.476
2014-05-27,2039.791,2034.565
2014-05-28,2034.561,2050.228
2014-05-29,2051.84,2040.595
2014-05-30,2040.394,2039.212
2014-06-03,2039.196,2038.305
2014-06-04,2037.989,2024.834
2014-06-05,2019.442,2040.878
2014-06-06,2040.864,2029.956
2014-06-09,2024.942,2030.502
2014-06-10,2033.207,2052.532
2014-06-11,2049.128,2054.948
2014-06-12,2051.582,2051.713
2014-06-13,2049.206,2070.715
2014-06-16,2070.699,2085.983
2014-06-17,2080.482,2066.698
2014-06-18,2064.383,2055.519
2014-06-19,2054.62,2023.735
2014-06-20,2013.414,2026.674
2014-06-23,2026.226,2024.365
2014-06-24,2023.699,2033.931
2014-06-25,2030.433,2025.502
2014-06-26,2025.662,2038.677
2014-06-27,2031.907,2036.51
2014-06-30,2038.613,2048.327
2014-07-01,2051.225,2050.381
2014-07-02,2049.485,2059.418
2014-07-03,2051.632,2063.229
2014-07-04,2062.358,2059.375
2014-07-07,2058.128,2059.927
2014-07-08,2058.134,2064.021
2014-07-09,2061.635,2038.612
2014-07-10,2036.54,2038.342
2014-07-11,2033.869,2046.961
2014-07-14,2047.744,2066.646
2014-07-15,2065.9,2070.357
2014-07-16,2068.343,2067.276
2014-07-17,2062.888,2055.591
2014-07-18,2047.498,2059.067
2014-07-21,2057.767,2054.479
2014-07-22,2050.5,2075.481
2014-07-23,2074.195,2078.489
2014-07-24,2079.632,2105.062
2014-07-25,2108.714,2126.614
2014-07-28,2135.249,2177.948
2014-07-29,2179.826,2183.192
2014-07-30,2178.179,2181.243
2014-07-31,2179.543,2201.562
2014-08-01,2194.17,2185.303
2014-08-04,2190.036,2223.331
2014-08-05,2224.632,2219.945
2014-08-06,2212.003,2217.465
2014-08-07,2216.659,2187.669
2014-08-08,2188.709,2194.425
2014-08-11,2199.433,2224.654
2014-08-12,2222.696,2221.595
2014-08-13,2223.051,2222.877
2014-08-14,2221.541,2206.466
2014-08-15,2207.226,2226.734
2014-08-18,2229.804,2239.466
2014-08-19,2242.34,2245.33
2014-08-20,2241.664,2240.211
2014-08-21,2239.568,2230.458
2014-08-22,2228.974,2240.812
2014-08-25,2241.1,2229.274
2014-08-26,2225.291,2207.106
2014-08-27,2207.03,2209.465
2014-08-28,2210.484,2195.818
2014-08-29,2198.946,2217.2
2014-09-01,2220.129,2235.511
2014-09-02,2239.684,2266.046
2014-09-03,2268.395,2288.627
2014-09-04,2290.029,2306.862
2014-09-05,2311.305,2326.432
2014-09-09,2328.426,2326.527
2014-09-10,2318.496,2318.305
2014-09-11,2315.732,2311.679
2014-09-12,2308.346,2331.95
2014-09-15,2330.187,2339.14
2014-09-16,2341.027,2296.555
2014-09-17,2298.982,2307.893
2014-09-18,2303.85,2315.928
2014-09-19,2312.984,2329.451
2014-09-22,2323.554,2289.866
2014-09-23,2289.091,2309.718
2014-09-24,2302.231,2343.575
2014-09-25,2352.865,2345.103
2014-09-26,2339.288,2347.718
2014-09-29,2353.708,2357.711
2014-09-30,2361.318,2363.87
2014-10-08,2368.576,2382.794
2014-10-09,2383.859,2389.371
2014-10-10,2380.755,2374.54
2014-10-13,2366.426,2366.009
2014-10-14,2362.802,2359.475
2014-10-15,2358.233,2373.67
2014-10-16,2361.13,2356.499
2014-10-17,2352.784,2341.184
2014-10-20,2346.052,2356.728
2014-10-21,2355.033,2339.657
2014-10-22,2339.223,2326.553
2014-10-23,2322.316,2302.418
2014-10-24,2303.08,2302.28
2014-10-27,2293.573,2290.437
2014-10-28,2294.012,2337.871
2014-10-29,2343.72,2373.03
2014-10-30,2371.891,2391.076
2014-10-31,2393.178,2420.178
2014-11-03,2425.225,2430.032
2014-11-04,2428.271,2430.677
2014-11-05,2432.169,2419.254
2014-11-06,2419.617,2425.864
2014-11-07,2427.898,2418.171
2014-11-10,2436.628,2473.673
2014-11-11,2483.648,2469.673
2014-11-12,2454.602,2494.476
2014-11-13,2494.998,2485.606
2014-11-14,2477.966,2478.824
2014-11-17,2506.864,2474.009
2014-11-18,2474.182,2456.366
2014-11-19,2452.15,2450.986
2014-11-20,2443.276,2452.66
2014-11-21,2452.635,2486.791
2014-11-24,2505.532,2532.879
2014-11-25,2531.998,2567.597
2014-11-26,2572.649,2604.345
2014-11-27,2615.367,2630.486
2014-11-28,2629.626,2682.835
2014-12-01,2691.725,2680.155
2014-12-02,2667.82,2763.545
2014-12-03,2768.678,2779.525
2014-12-04,2783.469,2899.456
2014-12-05,2926.573,2937.647
2014-12-08,2907.815,3020.258
2014-12-09,2992.49,2856.269
2014-12-10,2855.94,2940.006
2014-12-11,2912.346,2925.743
2014-12-12,2929.36,2938.173
2014-12-15,2921.446,2953.421
2014-12-16,2953.811,3021.518
2014-12-17,3031.952,3061.02
2014-12-18,3062.801,3057.521
2014-12-19,3053.075,3108.596
2014-12-22,3129.267,3127.445
2014-12-23,3085.08,3032.612
2014-12-24,3039.206,2972.532
2014-12-25,2992.462,3072.536
2014-12-26,3078.005,3157.603
2014-12-29,3212.559,3168.016
2014-12-30,3160.801,3165.815
2014-12-31,3172.597,3234.677
2015-01-05,3258.627,3350.519
2015-01-06,3330.799,3351.446
2015-01-07,3326.649,3373.954
2015-01-08,3371.957,3293.456
2015-01-09,3276.965,3285.412
2015-01-12,3258.213,3229.316
2015-01-13,3223.542,3235.301
2015-01-14,3242.337,3222.437
2015-01-15,3224.07,3336.455
2015-01-16,3343.603,3376.495
2015-01-19,3189.727,3116.351
2015-01-20,3114.56,3173.052
2015-01-21,3189.085,3323.611
2015-01-22,3327.319,3343.344
2015-01-23,3357.096,3351.764
2015-01-26,3347.257,3383.182
2015-01-27,3389.853,3352.96
2015-01-28,3325.722,3305.738
2015-01-29,3258.997,3262.305
2015-01-30,3273.747,3210.363
2015-02-02,3148.136,3128.3
2015-02-03,3156.086,3204.907
2015-02-04,3212.822,3174.126
2015-02-05,3251.212,3136.531
2015-02-06,3120.09,3075.907
2015-02-09,3063.51,3095.124
2015-02-10,3090.49,3141.593
2015-02-11,3145.765,3157.704
2015-02-12,3157.959,3173.416
2015-02-13,3186.808,3203.827
2015-02-16,3206.137,3222.363
2015-02-17,3230.884,3246.906
2015-02-25,3256.479,3228.843
2015-02-26,3222.151,3298.359
2015-02-27,3296.831,3310.303
2015-03-02,3332.721,3336.285
2015-03-03,3317.695,3263.052
2015-03-04,3264.182,3279.533
2015-03-05,3264.085,3248.476
2015-03-06,3248.036,3241.187
2015-03-09,3224.314,3302.408
2015-03-10,3289.085,3286.068
2015-03-11,3289.594,3290.9
2015-03-12,3314.813,3349.323
2015-03-13,3359.488,3372.911
2015-03-16,3391.158,3449.305
2015-03-17,3469.603,3502.847
2015-03-18,3510.501,3577.301
2015-03-19,3576.019,3582.271
2015-03-20,3587.084,3617.318
2015-03-23,3640.104,3687.728
2015-03-24,3692.569,3691.41
2015-03-25,3680.953,3660.727
2015-03-26,3641.942,3682.095
2015-03-27,3686.134,3691.096
2015-03-30,3710.612,3786.568
2015-03-31,3822.987,3747.899
2015-04-01,3748.34,3810.294
2015-04-02,3827.689,3825.784
2015-04-03,3803.383,3863.929
2015-04-07,3899.42,3961.378
2015-04-08,3976.532,3994.811
2015-04-09,4006.13,3957.534
2015-04-10,3947.492,4034.31
2015-04-13,4072.723,4121.715
2015-04-14,4125.782,4135.565
2015-04-15,4135.648,4084.163
2015-04-16,4055.916,4194.823
2015-04-17,4254.723,4287.296
2015-04-20,4301.352,4217.077
2015-04-21,4212.185,4293.623
2015-04-22,4304.597,4398.494
2015-04-23,4414.485,4414.508
2015-04-24,4355.951,4393.686
2015-04-27,4441.929,4527.396
2015-04-28,4527.635,4476.215
2015-04-29,4446.119,4476.62
2015-04-30,4483.013,4441.655
2015-05-04,4441.343,4480.464
2015-05-05,4479.848,4298.706
2015-05-06,4311.641,4229.266
2015-05-07,4197.896,4112.214
2015-05-08,4152.984,4205.917
2015-05-11,4231.271,4333.584
2015-05-12,4342.37,4401.219
2015-05-13,4402.378,4375.76
2015-05-14,4372.816,4378.311
2015-05-15,4366.822,4308.691
2015-05-18,4277.895,4283.491
2015-05-19,4285.777,4417.552
2015-05-20,4434.979,4446.288
2015-05-21,4456.435,4529.422
2015-05-22,4584.984,4657.596
2015-05-25,4660.075,4813.798
2015-05-26,4854.85,4910.897
2015-05-27,4932.846,4941.714
2015-05-28,4943.742,4620.266
2015-05-29,4603.465,4611.744
2015-06-01,4633.098,4828.738
2015-06-02,4844.704,4910.527
2015-06-03,4924.381,4909.978
2015-06-04,4912.945,4947.102
2015-06-05,5016.088,5023.096
2015-06-08,5045.694,5131.881
2015-06-09,5145.978,5113.534
2015-06-10,5049.197,5106.036
2015-06-11,5101.44,5121.593
2015-06-12,5143.343,5166.35
2015-06-15,5174.418,5062.993
2015-06-16,5004.412,4887.432
2015-06-17,4890.551,4967.898
2015-06-18,4942.52,4785.356
2015-06-19,4689.929,4478.364
2015-06-23,4471.613,4576.492
2015-06-24,4604.579,4690.15
2015-06-25,4711.763,4527.779
2015-06-26,4399.933,4192.873
2015-06-29,4289.771,4053.03
2015-06-30,4006.754,4277.222
2015-07-01,4214.15,4053.7
2015-07-02,4058.624,3912.767
2015-07-03,3793.712,3686.915
2015-07-06,3975.214,3775.912
2015-07-07,3654.778,3727.125
2015-07-08,3467.399,3507.192
2015-07-09,3432.454,3709.33
2015-07-10,3707.458,3877.803
2015-07-13,3918.99,3970.388
2015-07-14,3958.373,3924.487
2015-07-15,3874.968,3805.703
2015-07-16,3758.505,3823.176
2015-07-17,3831.421,3957.352
2015-07-20,3948.421,3992.11
2015-07-21,3939.898,4017.675
2015-07-22,3996.427,4026.045
2015-07-23,4022.268,4123.923
2015-07-24,4124.755,4070.908
2015-07-27,3985.57,3725.558
2015-07-28,3573.143,3663.002
2015-07-29,3689.825,3789.168
2015-07-30,3773.788,3705.766
2015-07-31,3655.667,3663.726
2015-08-03,3614.99,3622.905
2015-08-04,3621.855,3756.545
2015-08-05,3745.646,3694.573
2015-08-06,3625.504,3661.539
2015-08-07,3692.614,3744.205
2015-08-10,3786.033,3928.415
2015-08-11,3928.808,3927.908
2015-08-12,3881.228,3886.32
2015-08-13,3869.911,3954.556
2015-08-14,3976.405,3965.335
2015-08-17,3947.844,3993.668
2015-08-18,3999.134,3748.164
2015-08-19,3646.803,3794.109
2015-08-20,3754.567,3664.291
2015-08-21,3609.959,3507.744
2015-08-24,3373.478,3209.905
2015-08-25,3004.126,2964.967
2015-08-26,2980.794,2927.288
2015-08-27,2978.03,3083.591
2015-08-28,3125.264,3232.35
2015-08-31,3203.559,3205.986
2015-09-01,3157.832,3166.624
2015-09-02,3027.678,3160.167
2015-09-07,3149.38,3080.42
2015-09-08,3054.444,3170.452
2015-09-09,3182.552,3243.089
2015-09-10,3190.553,3197.893
2015-09-11,3189.479,3200.234
2015-09-14,3221.165,3114.798
2015-09-15,3043.805,3005.172
2015-09-16,2998.036,3152.263
2015-09-17,3131.982,3086.061
2015-09-18,3100.28,3097.917
2015-09-21,3072.094,3156.54
2015-09-22,3161.318,3185.619
2015-09-23,3137.723,3115.888
2015-09-24,3126.491,3142.687
2015-09-25,3130.851,3092.347
2015-09-28,3085.567,3100.756
2015-09-29,3055.218,3038.137
2015-09-30,3052.841,3052.781
2015-10-08,3156.075,3143.357
2015-10-09,3146.644,3183.152
2015-10-12,3193.54,3287.662
2015-10-13,3262.156,3293.23
2015-10-14,3280.02,3262.441
2015-10-15,3255.032,3338.073
2015-10-16,3358.297,3391.352
2015-10-19,3401.627,3386.7
2015-10-20,3377.547,3425.33
2015-10-21,3428.561,3320.676
2015-10-22,3292.291,3368.739
2015-10-23,3377.548,3412.434
2015-10-26,3448.649,3429.581
2015-10-27,3409.137,3434.336
2015-10-28,3417.011,3375.196
2015-10-29,3387.774,3387.315
2015-10-30,3380.284,3382.561
2015-11-02,3337.578,3325.085
2015-11-03,3330.316,3316.695
2015-11-04,3325.619,3459.64
2015-11-05,3459.215,3522.819
2015-11-06,3514.436,3590.032
2015-11-09,3588.498,3646.881
2015-11-10,3617.396,3640.485
2015-11-11,3635.004,3650.249
2015-11-12,3656.817,3632.902
2015-11-13,3600.764,3580.839
2015-11-16,3522.461,3606.957
2015-11-17,3629.977,3604.795
2015-11-18,3605.061,3568.468
2015-11-19,3573.776,3617.062
2015-11-20,3620.791,3630.5
2015-11-23,3630.867,3610.315
2015-11-24,3602.887,3616.113
2015-11-25,3614.068,3647.93
2015-11-26,3659.574,3635.552
2015-11-27,3616.544,3436.303
2015-11-30,3433.855,3445.405
2015-12-01,3442.441,3456.309
2015-12-02,3450.278,3536.905
2015-12-03,3525.727,3584.824
2015-12-04,3558.149,3524.992
2015-12-07,3529.806,3536.927
2015-12-08,3518.648,3470.07
2015-12-09,3462.583,3472.439
2015-12-10,3469.806,3455.495
2015-12-11,3441.597,3434.581
2015-12-14,3403.507,3520.668
2015-12-15,3518.126,3510.354
2015-12-16,3522.091,3516.187
2015-12-17,3533.628,3579.999
2015-12-18,3574.94,3578.964
2015-12-21,3568.581,3642.472
2015-12-22,3645.99,3651.767
2015-12-23,3653.282,3636.089
2015-12-24,3631.313,3612.485
2015-12-25,3614.054,3627.914
2015-12-28,3635.769,3533.779
2015-12-29,3528.395,3563.736
2015-12-30,3566.731,3572.876
2015-12-31,3570.467,3539.182
2016-01-04,3536.589,3296.258
2016-01-05,3196.651,3287.711
2016-01-06,3291.195,3361.84
2016-01-07,3309.657,3125.002
2016-01-08,3194.625,3186.412
2016-01-11,3131.853,3016.704
2016-01-12,3026.159,3022.861
2016-01-13,3041.107,2949.597
2016-01-14,2874.049,3007.649
2016-01-15,2988.048,2900.97
2016-01-18,2847.539,2913.837
2016-01-19,2914.408,3007.739
2016-01-20,2993.014,2976.694
2016-01-21,2934.391,2880.482
2016-01-22,2911.112,2916.562
2016-01-25,2934.078,2938.515
2016-01-26,2907.718,2749.785
2016-01-27,2756.082,2735.558
2016-01-28,2711.158,2655.661
2016-01-29,2652.854,2737.6
2016-02-01,2730.984,2688.854
2016-02-02,2687.982,2749.57
2016-02-03,2719.574,2739.247
2016-02-04,2751.432,2781.023
2016-02-05,2783.076,2763.492
2016-02-15,2684.961,2746.196
2016-02-16,2758.579,2836.571
2016-02-17,2829.764,2867.338
2016-02-18,2881.777,2862.893
2016-02-19,2854.904,2860.021
2016-02-22,2888.598,2927.175
2016-02-23,2925.708,2903.331
2016-02-24,2889.885,2928.896
2016-02-25,2922.237,2741.245
2016-02-26,2760.058,2767.21
2016-02-29,2754.814,2687.979
2016-03-01,2688.38,2733.17
2016-03-02,2733.767,2849.681
2016-03-03,2847.331,2859.758
2016-03-04,2848.538,2874.147
2016-03-07,2886.64,2897.34
2016-03-08,2895.666,2901.387
2016-03-09,2839.411,2862.556
2016-03-10,2847.567,2804.726
2016-03-11,2781.6,2810.307
2016-03-14,2830.084,2859.499
2016-03-15,2853.978,2864.368
2016-03-16,2858.709,2870.43
2016-03-17,2875.411,2904.832
2016-03-18,2915.518,2955.15
2016-03-21,2978.455,3018.802
2016-03-22,3001.63,2999.363
2016-03-23,2991.169,3009.96
2016-03-24,2986.801,2960.97
2016-03-25,2956.2,2979.434
2016-03-28,2988.01,2957.82
2016-03-29,2956.705,2919.832
2016-03-30,2941.218,3000.645
2016-03-31,3009.367,3003.915
2016-04-01,2997.088,3009.53
2016-04-05,3000.938,3053.065
2016-04-06,3039.745,3050.592
2016-04-07,3058.339,3008.42
2016-04-08,2988.2,2984.958
2016-04-11,3006.909,3033.957
2016-04-12,3031.301,3023.646
2016-04-13,3041.358,3066.638
2016-04-14,3080.09,3082.362
2016-04-15,3085.026,3078.117
2016-04-18,3058.463,3033.66
2016-04-19,3047.133,3042.823
2016-04-20,3050.381,2972.584
2016-04-21,2954.37,2952.891
2016-04-22,2933.035,2959.24
2016-04-25,2949.973,2946.67
2016-04-26,2944.716,2964.7
2016-04-27,2967.19,2953.671
2016-04-28,2955.742,2945.589
2016-04-29,2935.376,2938.324
2016-05-03,2940.392,2992.643
2016-05-04,2983.027,2991.272
2016-05-05,2987.022,2997.842
2016-05-06,2998.402,2913.248
2016-05-09,2896.162,2832.113
2016-05-10,2822.327,2832.591
2016-05-11,2843.545,2837.037
2016-05-12,2812.108,2835.862
2016-05-13,2828.462,2827.109
2016-05-16,2816.775,2850.862
2016-05-17,2850.926,2843.684
2016-05-18,2828.178,2807.514
2016-05-19,2802.315,2806.906
2016-05-20,2792.888,2825.483
2016-05-23,2826.312,2843.645
2016-05-24,2839.682,2821.666
2016-05-25,2835.029,2815.086
2016-05-26,2813.543,2822.443
2016-05-27,2817.968,2821.046
2016-05-30,2814.651,2822.451
2016-05-31,2822.593,2916.616
2016-06-01,2917.154,2913.508
2016-06-02,2911.219,2925.229
2016-06-03,2929.788,2938.682
2016-06-06,2940.994,2934.098
2016-06-07,2936.282,2936.045
2016-06-08,2932.376,2927.159
2016-06-13,2897.273,2833.071
2016-06-14,2824.229,2842.189
2016-06-15,2814.693,2887.21
2016-06-16,2878.402,2872.817
2016-06-17,2873.009,2885.105
2016-06-20,2887.636,2888.809
2016-06-21,2898.384,2878.558
2016-06-22,2872.734,2905.55
2016-06-23,2902.398,2891.96
2016-06-24,2883.759,2854.286
2016-06-27,2840.559,2895.703
2016-06-28,2885.011,2912.557
2016-06-29,2918.534,2931.592
2016-06-30,2931.481,2929.606
2016-07-01,2931.802,2932.476
2016-07-04,2924.293,2988.604
2016-07-05,2991.752,3006.392
2016-07-06,2998.521,3017.292
2016-07-07,3009.353,3016.847
2016-07-08,3000.326,2988.094
2016-07-11,2993.749,2994.917
2016-07-12,2992.52,3049.381
2016-07-13,3049.513,3060.689
2016-07-14,3054.975,3054.018
2016-07-15,3056.682,3054.296
2016-07-18,3047.637,3043.564
2016-07-19,3040.226,3036.598
2016-07-20,3034.714,3027.9
2016-07-21,3027.604,3039.009
2016-07-22,3038.118,3012.816
2016-07-25,3008.094,3015.828
2016-07-26,3014.04,3050.166
2016-07-27,3050.368,2991.999
2016-07-28,2980.501,2994.323
2016-07-29,2992.536,2979.339
2016-08-01,2971.949,2953.385
2016-08-02,2950.08,2971.279
2016-08-03,2963.215,2978.461
2016-08-04,2976.41,2982.426
2016-08-05,2978.778,2976.696
2016-08-08,2972.625,3004.277
2016-08-09,3001.306,3025.681
2016-08-10,3023.472,3018.746
2016-08-11,3013.678,3002.638
2016-08-12,3000.273,3050.667
2016-08-15,3056.484,3125.195
2016-08-16,3130.533,3110.037
2016-08-17,3106.991,3109.555
2016-08-18,3107.753,3104.114
2016-08-19,3100.391,3108.102
2016-08-22,3107.381,3084.805
2016-08-23,3081.572,3089.706
2016-08-24,3092.02,3085.88
2016-08-25,3073.444,3068.329
2016-08-26,3069.85,3070.309
2016-08-29,3068.46,3070.027
2016-08-30,3071.44,3074.677
2016-08-31,3072.916,3085.491
2016-09-01,3083.961,3063.305
2016-09-02,3057.495,3067.352
2016-09-05,3070.707,3072.095
2016-09-06,3071.055,3090.713
2016-09-07,3091.329,3091.928
2016-09-08,3089.953,3095.954
2016-09-09,3095.427,3078.855
2016-09-12,3037.507,3021.977
2016-09-13,3025.035,3023.51
2016-09-14,3008.904,3002.849
2016-09-19,3005.323,3026.051
2016-09-20,3027.172,3023.0
2016-09-21,3021.576,3025.874
2016-09-22,3038.422,3042.313
2016-09-23,3044.786,3033.896
2016-09-26,3028.243,2980.43
2016-09-27,2974.593,2998.172
2016-09-28,3000.695,2987.858
2016-09-29,2992.168,2998.483
2016-09-30,2994.251,3004.703
2016-10-10,3020.457,3048.143
2016-10-11,3051.622,3065.25
2016-10-12,3057.316,3058.498
2016-10-13,3057.972,3061.346
2016-10-14,3056.993,3063.809
2016-10-17,3064.691,3041.166
2016-10-18,3037.404,3083.875
2016-10-19,3085.749,3084.719
2016-10-20,3084.908,3084.458
2016-10-21,3081.389,3090.941
2016-10-24,3092.047,3128.247
2016-10-25,3127.968,3131.939
2016-10-26,3129.838,3116.312
2016-10-27,3112.603,3112.35
2016-10-28,3111.704,3104.27
2016-10-31,3097.188,3100.492
2016-11-01,3101.664,3122.436
2016-11-02,3115.729,3102.733
2016-11-03,3096.765,3128.936
2016-11-04,3126.349,3125.317
2016-11-07,3124.892,3133.333
2016-11-08,3140.944,3147.888
2016-11-09,3146.078,3128.37
2016-11-10,3148.544,3171.282
2016-11-11,3169.401,3196.044
2016-11-14,3187.709,3210.371
2016-11-15,3209.955,3206.986
2016-11-16,3208.497,3205.057
2016-11-17,3198.499,3208.453
2016-11-18,3207.193,3192.856
2016-11-21,3188.496,3218.148
2016-11-22,3220.983,3248.352
2016-11-23,3247.945,3241.137
2016-11-24,3237.428,3241.736
2016-11-25,3241.243,3261.938
2016-11-28,3270.047,3277.0
2016-11-29,3269.234,3282.924
2016-11-30,3272.142,3250.034
2016-12-01,3257.027,3273.309
2016-12-02,3270.121,3243.843
2016-12-05,3203.784,3204.709
2016-12-06,3202.029,3199.647
2016-12-07,3198.475,3222.242
2016-12-08,3225.55,3215.366
2016-12-09,3209.34,3232.883
2016-12-12,3233.666,3152.97
2016-12-13,3138.988,3155.037
2016-12-14,3149.377,3140.531
2016-12-15,3125.757,3117.677
2016-12-16,3111.515,3122.982
2016-12-19,3120.696,3118.085
2016-12-20,3115.898,3102.876
2016-12-21,3107.24,3137.43
2016-12-22,3132.156,3139.558
2016-12-23,3134.929,3110.154
2016-12-26,3095.579,3122.569
2016-12-27,3117.387,3114.664
2016-12-28,3113.767,3102.236
2016-12-29,3095.845,3096.097
2016-12-30,3097.345,3103.637
2017-01-03,3105.309,3135.921
2017-01-04,3133.787,3158.794
2017-01-05,3157.906,3165.411
2017-01-06,3163.776,3154.321
2017-01-09,3148.532,3171.236
2017-01-10,3167.57,3161.671
2017-01-11,3156.686,3136.754
2017-01-12,3133.602,3119.289
2017-01-13,3116.083,3112.764
2017-01-16,3104.492,3103.428
2017-01-17,3087.03,3108.775
2017-01-18,3104.766,3113.012
2017-01-19,3104.972,3101.299
2017-01-20,3095.819,3123.139
2017-01-23,3125.421,3136.775
2017-01-24,3134.592,3142.553
2017-01-25,3137.646,3149.555
2017-01-26,3149.217,3159.166
2017-02-03,3160.082,3140.17
2017-02-06,3143.093,3156.984
2017-02-07,3154.405,3153.088
2017-02-08,3148.086,3166.982
2017-02-09,3164.688,3183.179
2017-02-10,3183.007,3196.699
2017-02-13,3198.995,3216.839
2017-02-14,3216.137,3217.928
2017-02-15,3215.464,3212.986
2017-02-16,3210.357,3229.618
2017-02-17,3227.707,3202.076
2017-02-20,3198.963,3239.961
2017-02-21,3242.223,3253.326
2017-02-22,3252.69,3261.218
2017-02-23,3258.832,3251.375
2017-02-24,3246.86,3253.433
2017-02-27,3249.195,3228.66
2017-02-28,3225.969,3241.733
2017-03-01,3240.073,3246.934
2017-03-02,3250.518,3230.028
2017-03-03,3219.202,3218.312
2017-03-06,3217.335,3233.866
2017-03-07,3233.094,3242.406
2017-03-08,3240.532,3240.665
2017-03-09,3233.701,3216.746
2017-03-10,3213.729,3212.76
2017-03-13,3209.449,3237.024
2017-03-14,3235.252,3239.328
2017-03-15,3235.403,3241.76
2017-03-16,3247.163,3268.935
2017-03-17,3271.867,3237.447
2017-03-20,3241.11,3250.808
2017-03-21,3250.247,3261.611
2017-03-22,3246.223,3245.22
2017-03-23,3245.808,3248.55
2017-03-24,3247.35,3269.445
2017-03-27,3268.924,3266.955
2017-03-28,3265.634,3252.948
2017-03-29,3252.865,3241.314
2017-03-30,3235.137,3210.237
2017-03-31,3206.253,3222.514
2017-04-05,3235.66,3270.305
2017-04-06,3272.193,3281.005
2017-04-07,3280.624,3286.616
2017-04-10,3285.459,3269.393
2017-04-11,3266.222,3288.966
2017-04-12,3283.837,3273.83
2017-04-13,3265.218,3275.96
2017-04-14,3276.138,3246.067
2017-04-17,3229.949,3222.167
2017-04-18,3215.396,3196.713
2017-04-19,3184.666,3170.687
2017-04-20,3165.665,3172.1
2017-04-21,3170.29,3173.151
2017-04-24,3164.248,3129.531
2017-04-25,3123.894,3134.567
2017-04-26,3132.918,3140.847
2017-04-27,3131.35,3152.187
2017-04-28,3144.022,3154.658
2017-05-02,3147.228,3143.712
2017-05-03,3138.307,3135.346
2017-05-04,3127.106,3127.369
2017-05-05,3114.774,3103.038
2017-05-08,3090.065,3078.613
2017-05-09,3064.848,3080.527
2017-05-10,3078.173,3052.785
2017-05-11,3036.789,3061.5
2017-05-12,3054.112,3083.513
2017-05-15,3085.932,3090.229
2017-05-16,3082.872,3112.964
2017-05-17,3107.802,3104.442
2017-05-18,3082.329,3090.139
2017-05-19,3086.705,3090.631
2017-05-22,3087.171,3075.676
2017-05-23,3069.394,3061.947
2017-05-24,3047.568,3064.076
2017-05-25,3055.343,3107.831
2017-05-26,3101.286,3110.059
2017-05-31,3125.325,3117.178
2017-06-01,3108.421,3102.623
2017-06-02,3094.225,3105.54
2017-06-05,3102.11,3091.656
2017-06-06,3084.54,3102.126
2017-06-07,3101.761,3140.325
2017-06-08,3136.471,3150.334
2017-06-09,3147.453,3158.4
2017-06-12,3149.527,3139.877
2017-06-13,3134.009,3153.743
2017-06-14,3146.748,3130.674
2017-06-15,3125.587,3132.486
2017-06-16,3126.373,3123.166
2017-06-19,3122.158,3144.374
2017-06-20,3148.019,3140.014
2017-06-21,3148.986,3156.212
2017-06-22,3152.242,3147.453
2017-06-23,3138.444,3157.873
2017-06-26,3157.002,3185.444
2017-06-27,3183.42,3191.197
2017-06-28,3183.633,3173.201
2017-06-29,3174.981,3188.063
2017-06-30,3176.948,3192.427
2017-07-03,3191.998,3195.912
2017-07-04,3192.889,3182.804
2017-07-05,3179.217,3207.134
2017-07-06,3203.863,3212.444
2017-07-07,3203.823,3217.957
2017-07-10,3208.463,3212.632
2017-07-11,3201.517,3203.038
2017-07-12,3201.929,3197.544
2017-07-13,3192.362,3218.163
2017-07-14,3212.032,3222.417
2017-07-17,3219.791,3176.465
2017-07-18,3159.732,3187.567
2017-07-19,3181.402,3230.976
2017-07-20,3227.506,3244.865
2017-07-21,3236.588,3237.982
2017-07-24,3230.898,3250.599
2017-07-25,3249.138,3243.689
2017-07-26,3244.461,3247.675
2017-07-27,3243.765,3249.781
2017-07-28,3240.173,3253.24
2017-07-31,3252.752,3273.028
2017-08-01,3274.369,3292.638
2017-08-02,3288.518,3285.057
2017-08-03,3279.986,3272.929
2017-08-04,3269.318,3262.081
2017-08-07,3257.67,3279.457
2017-08-08,3277.189,3281.873
2017-08-09,3277.808,3275.573
2017-08-10,3269.735,3261.749
2017-08-11,3237.922,3208.541
2017-08-14,3206.044,3237.36
2017-08-15,3235.23,3251.262
2017-08-16,3247.853,3246.451
2017-08-17,3253.846,3268.43
2017-08-18,3253.243,3268.724
2017-08-21,3274.581,3286.906
2017-08-22,3287.615,3290.226
2017-08-23,3283.797,3287.705
2017-08-24,3287.959,3271.512
2017-08-25,3271.461,3331.522
2017-08-28,3336.126,3362.651
2017-08-29,3362.06,3365.226
2017-08-30,3361.821,3363.627
2017-08-31,3361.462,3360.81
2017-09-01,3365.991,3367.119
2017-09-04,3369.719,3379.583
2017-09-05,3377.197,3384.317
2017-09-06,3372.428,3385.389
2017-09-07,3383.628,3365.497
2017-09-08,3364.428,3365.243
2017-09-11,3365.351,3376.419
2017-09-12,3381.487,3379.488
2017-09-13,3374.719,3384.147
2017-09-14,3383.47,3371.426
2017-09-15,3365.145,3353.619
2017-09-18,3352.513,3362.859
2017-09-19,3365.532,3356.845
2017-09-20,3352.185,3365.996
2017-09-21,3364.698,3357.812
2017-09-22,3347.157,3352.529
2017-09-25,3344.589,3341.549
2017-09-26,3336.35,3343.583
2017-09-27,3340.822,3345.272
2017-09-28,3343.845,3339.642
2017-09-29,3340.311,3348.943
2017-10-09,3403.246,3374.378
2017-10-10,3373.345,3382.988
2017-10-11,3381.488,3388.284
2017-10-12,3385.533,3386.1
2017-10-13,3384.488,3390.523
2017-10-16,3393.206,3378.47
2017-10-17,3373.234,3372.041
2017-10-18,3373.528,3381.794
2017-10-19,3374.644,3370.172
2017-10-20,3363.514,3378.648
2017-10-23,3382.28,3380.699
2017-10-24,3376.599,3388.248
2017-10-25,3384.858,3396.898
2017-10-26,3397.519,3407.567
2017-10-27,3404.498,3416.812
2017-10-30,3413.868,3390.337
2017-10-31,3380.999,3393.342
2017-11-01,3393.968,3395.913
2017-11-02,3391.652,3383.31
2017-11-03,3377.736,3371.744
2017-11-06,3369.685,3388.174
2017-11-07,3389.472,3413.575
2017-11-08,3409.147,3415.46
2017-11-09,3410.672,3427.795
2017-11-10,3423.185,3432.673
2017-11-13,3435.184,3447.836
2017-11-14,3446.545,3429.548
2017-11-15,3416.211,3402.525
2017-11-16,3393.194,3399.25
2017-11-17,3392.683,3382.908
2017-11-20,3361.356,3392.399
2017-11-21,3382.36,3410.498
2017-11-22,3417.331,3430.464
2017-11-23,3425.009,3351.918
2017-11-24,3340.384,3353.821
2017-11-27,3346.657,3322.23
2017-11-28,3311.232,3333.657
2017-11-29,3335.567,3337.862
2017-11-30,3328.643,3317.188
2017-12-01,3315.105,3317.617
2017-12-04,3310.381,3309.618
2017-12-05,3301.691,3303.675
2017-12-06,3291.313,3293.965
2017-12-07,3283.279,3272.054
2017-12-08,3264.478,3289.992
2017-12-11,3290.488,3322.196
2017-12-12,3320.31,3280.814
2017-12-13,3278.397,3303.037
2017-12-14,3302.932,3292.439
2017-12-15,3287.529,3266.137
2017-12-18,3268.034,3267.922
2017-12-19,3266.019,3296.538
2017-12-20,3296.74,3287.606
2017-12-21,3281.118,3300.059
2017-12-22,3297.685,3297.063
2017-12-25,3296.211,3280.461
2017-12-26,3277.837,3306.125
2017-12-27,3302.461,3275.783
2017-12-28,3272.291,3296.385
2017-12-29,3295.246,3307.172
2018-01-02,3314.031,3348.326
2018-01-03,3347.743,3369.108
2018-01-04,3371.0,3385.71
2018-01-05,3386.464,3391.75
2018-01-08,3391.553,3409.48
2018-01-09,3406.112,3413.9
2018-01-10,3414.113,3421.834
2018-01-11,3415.585,3425.345
2018-01-12,3423.879,3428.941
2018-01-15,3428.951,3410.488
2018-01-16,3403.469,3436.594
2018-01-17,3438.576,3444.671
2018-01-18,3449.881,3474.754
2018-01-19,3481.62,3487.864
2018-01-22,3476.994,3501.362
2018-01-23,3504.344,3546.505
2018-01-24,3553.479,3559.465
2018-01-25,3555.168,3548.307
2018-01-26,3535.493,3558.129
2018-01-29,3563.64,3523.001
2018-01-30,3511.501,3488.009
2018-01-31,3470.509,3480.833
2018-02-01,3478.67,3446.98
2018-02-02,3419.225,3462.081
2018-02-05,3411.67,3487.497
2018-02-06,3418.01,3370.652
2018-02-07,3412.744,3309.26
2018-02-08,3281.046,3262.05
2018-02-09,3172.851,3129.851
2018-02-12,3128.371,3154.125
2018-02-13,3176.107,3184.959
2018-02-14,3188.248,3199.159
2018-02-22,3237.569,3268.559
2018-02-23,3275.429,3289.024
2018-02-26,3307.295,3329.574
2018-02-27,3328.672,3292.068
2018-02-28,3264.059,3259.408
2018-03-01,3235.089,3273.755
2018-03-02,3248.446,3254.528
2018-03-05,3255.871,3256.926
2018-03-06,3266.487,3289.642
2018-03-07,3288.865,3271.668
2018-03-08,3268.347,3288.406
2018-03-09,3291.426,3307.166
2018-03-12,3319.209,3326.699
2018-03-13,3324.122,3310.239
2018-03-14,3298.666,3291.382
2018-03-15,3277.514,3291.112
2018-03-16,3290.209,3269.882
2018-03-19,3264.928,3279.252
2018-03-20,3257.219,3290.64
2018-03-21,3299.731,3280.952
2018-03-22,3281.265,3263.48
2018-03-23,3172.772,3152.761
2018-03-26,3117.319,3133.722
2018-03-27,3164.798,3166.649
2018-03-28,3130.571,3122.29
2018-03-29,3127.263,3160.531
2018-03-30,3161.786,3168.897
2018-04-02,3169.779,3163.179
2018-04-03,3130.013,3136.633
2018-04-04,3147.049,3131.111
2018-04-09,3125.442,3138.294
2018-04-10,3144.257,3190.322
2018-04-11,3197.372,3208.082
2018-04-12,3203.278,3180.158
2018-04-13,3192.042,3159.052
2018-04-16,3152.888,3110.649
2018-04-17,3112.975,3066.797
2018-04-18,3091.91,3091.399
2018-04-19,3094.274,3117.376
2018-04-20,3105.462,3071.543
2018-04-23,3063.443,3068.012
2018-04-24,3069.746,3128.927
2018-04-25,3112.398,3117.974
2018-04-26,3119.496,3075.03
2018-04-27,3082.415,3082.232
2018-05-02,3087.409,3081.177
2018-05-03,3074.517,3100.859
2018-05-04,3093.117,3091.033
2018-05-07,3094.899,3136.645
2018-05-08,3135.296,3161.498
2018-05-09,3160.138,3159.15
2018-05-10,3169.05,3174.413
2018-05-11,3179.797,3163.263
2018-05-14,3167.042,3174.032
2018-05-15,3180.425,3192.118
2018-05-16,3180.226,3169.565
2018-05-17,3170.006,3154.283
2018-05-18,3151.082,3193.303
2018-05-21,3206.176,3213.84
2018-05-22,3211.247,3214.35
2018-05-23,3205.437,3168.964
2018-05-24,3167.939,3154.651
2018-05-25,3148.41,3141.303
2018-05-28,3136.809,3135.082
2018-05-29,3129.621,3120.461
2018-05-30,3081.142,3041.443
2018-05-31,3061.829,3095.474
2018-06-01,3084.754,3075.137
2018-06-04,3083.427,3091.191
2018-06-05,3088.008,3114.206
2018-06-06,3109.175,3115.18
2018-06-07,3121.184,3109.499
2018-06-08,3100.604,3067.148
2018-06-11,3057.339,3052.783
2018-06-12,3053.028,3079.802
2018-06-13,3071.464,3049.797
2018-06-14,3038.07,3044.16
2018-06-15,3037.452,3021.901
2018-06-19,2982.65,2907.822
2018-06-20,2889.984,2915.731
2018-06-21,2912.003,2875.81
2018-06-22,2855.585,2889.76
2018-06-25,2903.45,2859.336
2018-06-26,2829.995,2844.508
2018-06-27,2842.396,2813.178
2018-06-28,2799.904,2786.897
2018-06-29,2789.811,2847.418
2018-07-02,2841.58,2775.557
2018-07-03,2774.57,2786.888
2018-07-04,2776.632,2759.126
2018-07-05,2755.339,2733.882
2018-07-06,2731.353,2747.229
2018-07-09,2752.447,2815.11
2018-07-10,2819.712,2827.625
2018-07-11,2780.704,2777.771
2018-07-12,2771.041,2837.659
2018-07-13,2831.428,2831.184
2018-07-16,2827.082,2814.042
2018-07-17,2806.885,2798.126
2018-07-18,2801.777,2787.257
2018-07-19,2791.016,2772.545
2018-07-20,2769.754,2829.271
2018-07-23,2815.201,2859.542
2018-07-24,2862.267,2905.562
2018-07-25,2911.453,2903.647
2018-07-26,2905.794,2882.225
2018-07-27,2879.69,2873.594
2018-07-30,2871.94,2869.05
2018-07-31,2866.899,2876.401
2018-08-01,2882.506,2824.534
2018-08-02,2815.344,2768.024
2018-08-03,2763.396,2740.443
2018-08-06,2736.526,2705.157
2018-08-07,2711.736,2779.374
2018-08-08,2771.129,2744.07
2018-08-09,2729.579,2794.382
2018-08-10,2791.402,2795.31
2018-08-13,2769.017,2785.872
2018-08-14,2780.736,2780.965
2018-08-15,2777.249,2723.258
2018-08-16,2691.426,2705.192
2018-08-17,2723.887,2668.966
2018-08-20,2673.066,2698.466
2018-08-21,2700.342,2733.826
2018-08-22,2731.958,2714.608
2018-08-23,2714.867,2724.624
2018-08-24,2717.081,2729.431
2018-08-27,2736.319,2780.899
2018-08-28,2782.293,2777.981
2018-08-29,2774.865,2769.295
2018-08-30,2769.332,2737.737
2018-08-31,2730.113,2725.25
2018-09-03,2716.404,2720.734
2018-09-04,2720.648,2750.58
2018-09-05,2741.38,2704.337
2018-09-06,2697.578,2691.593
2018-09-07,2696.678,2702.301
2018-09-10,2698.011,2669.485
2018-09-11,2668.487,2664.8
2018-09-12,2659.744,2656.11
2018-09-13,2679.208,2686.578
2018-09-14,2688.779,2681.643
2018-09-17,2671.291,2651.789
2018-09-18,2644.296,2699.95
2018-09-19,2694.799,2730.85
2018-09-20,2732.17,2729.244
2018-09-21,2733.874,2797.485
2018-09-25,2775.066,2781.139
2018-09-26,2785.317,2806.813
2018-09-27,2805.793,2791.775
2018-09-28,2794.264,2821.35
2018-10-08,2768.208,2716.51
2018-10-09,2713.732,2721.013
2018-10-10,2723.724,2725.837
2018-10-11,2643.074,2583.458
2018-10-12,2574.042,2606.913
2018-10-15,2605.912,2568.098
2018-10-16,2567.764,2546.33
2018-10-17,2574.313,2561.614
2018-10-18,2544.911,2486.419
2018-10-19,2460.081,2550.465
2018-10-22,2565.644,2654.876
2018-10-23,2652.648,2594.826
2018-10-24,2579.972,2603.295
2018-10-25,2540.935,2603.8
2018-10-26,2610.898,2598.847
2018-10-29,2593.591,2542.103
2018-10-30,2538.574,2568.048
2018-10-31,2573.015,2602.783
2018-11-01,2617.033,2606.237
2018-11-02,2649.251,2676.476
2018-11-05,2665.427,2665.431
2018-11-06,2660.719,2659.356
2018-11-07,2659.845,2641.342
2018-11-08,2660.087,2635.632
2018-11-09,2621.238,2598.872
2018-11-12,2593.2,2630.52
2018-11-13,2600.5,2654.88
2018-11-14,2648.309,2632.243
2018-11-15,2632.138,2668.17
2018-11-16,2669.78,2679.11
2018-11-19,2681.899,2703.512
2018-11-20,2684.287,2645.855
2018-11-21,2619.821,2651.505
2018-11-22,2655.896,2645.434
2018-11-23,2640.667,2579.483
2018-11-26,2580.842,2575.81
2018-11-27,2585.826,2574.679
2018-11-28,2575.454,2601.737
2018-11-29,2613.781,2567.443
2018-11-30,2564.564,2588.188
2018-12-03,2647.132,2654.798
2018-12-04,2651.561,2665.958
2018-12-05,2629.833,2649.805
2018-12-06,2629.82,2605.181
2018-12-07,2609.341,2605.888
2018-12-10,2589.194,2584.582
2018-12-11,2587.015,2594.088
2018-12-12,2608.114,2602.153
2018-12-13,2607.144,2634.049
2018-12-14,2627.283,2593.741
2018-12-17,2587.263,2597.974
2018-12-18,2583.634,2576.65
2018-12-19,2578.675,2549.563
2018-12-20,2544.505,2536.268
2018-12-21,2526.554,2516.251
2018-12-24,2506.737,2527.007
2018-12-25,2503.95,2504.819
2018-12-26,2501.12,2498.294
2018-12-27,2527.717,2483.086
2018-12-28,2483.617,2493.896
2019-01-02,2497.881,2465.291
2019-01-03,2461.783,2464.363
2019-01-04,2446.019,2514.868
2019-01-07,2528.699,2533.089
2019-01-08,2530.3,2526.462
2019-01-09,2536.417,2544.345
2019-01-10,2543.853,2535.099
2019-01-11,2539.549,2553.831
2019-01-14,2553.328,2535.765
2019-01-15,2537.37,2570.345
2019-01-16,2569.07,2570.422
2019-01-17,2573.576,2559.637
2019-01-18,2567.739,2596.006
2019-01-21,2599.058,2610.509
2019-01-22,2609.642,2579.704
2019-01-23,2575.258,2581.004
2019-01-24,2584.648,2591.694
2019-01-25,2596.262,2601.723
2019-01-28,2615.712,2596.977
2019-01-29,2592.355,2594.254
2019-01-30,2584.746,2575.576
2019-01-31,2581.332,2584.572
2019-02-01,2597.778,2618.232
2019-02-11,2613.174,2653.896
2019-02-12,2654.035,2671.894
2019-02-13,2674.52,2721.068
2019-02-14,2715.536,2719.7
2019-02-15,2712.786,2682.385
2019-02-18,2699.817,2754.357
2019-02-19,2759.496,2755.646
2019-02-20,2761.059,2761.219
2019-02-21,2759.938,2751.801
2019-02-22,2749.462,2804.226
2019-02-25,2838.39,2961.283
2019-02-26,2969.098,2941.516
2019-02-27,2939.929,2953.824
2019-02-28,2950.055,2940.954
2019-03-01,2954.402,2994.005
2019-03-04,3015.943,3027.576
2019-03-05,3019.88,3054.247
2019-03-06,3060.433,3102.099
2019-03-07,3103.668,3106.418
2019-03-08,3038.336,2969.861
2019-03-11,2969.08,3026.993
2019-03-12,3049.084,3060.307
2019-03-13,3062.327,3026.951
2019-03-14,3013.597,2990.685
2019-03-15,3000.879,3021.751
2019-03-18,3027.801,3096.418
2019-03-19,3099.897,3090.975
2019-03-20,3084.17,3090.64
2019-03-21,3094.125,3101.455
2019-03-22,3100.726,3104.149
2019-03-25,3058.802,3043.031
2019-03-26,3057.559,2997.095
2019-03-27,3012.257,3022.72
2019-03-28,3009.799,2994.943
2019-03-29,3000.678,3090.758
2019-04-01,3111.662,3170.361
2019-04-02,3183.274,3176.823
2019-04-03,3159.147,3216.295
2019-04-04,3233.689,3246.571
2019-04-08,3271.272,3244.81
2019-04-09,3240.394,3239.664
2019-04-10,3224.645,3241.93
2019-04-11,3241.547,3189.962
2019-04-12,3184.86,3188.626
2019-04-15,3233.458,3177.787
2019-04-16,3164.397,3253.598
2019-04-17,3250.152,3263.118
2019-04-18,3261.074,3250.201
2019-04-19,3250.145,3270.797
2019-04-22,3278.491,3215.043
2019-04-23,3211.872,3198.594
2019-04-24,3203.559,3201.614
2019-04-25,3190.585,3123.826
2019-04-26,3108.164,3086.399
2019-04-29,3090.633,3062.499
2019-04-30,3052.622,3078.339
2019-05-06,2984.727,2906.464
2019-05-07,2914.291,2926.391
2019-05-08,2873.143,2893.757
2019-05-09,2871.197,2850.954
2019-05-10,2878.234,2939.211
2019-05-13,2905.067,2903.713
2019-05-14,2872.834,2883.611
2019-05-15,2902.642,2938.678
2019-05-16,2933.495,2955.711
2019-05-17,2955.767,2882.296
2019-05-20,2874.801,2870.605
2019-05-21,2867.707,2905.969
2019-05-22,2905.524,2891.705
2019-05-23,2880.843,2852.515
2019-05-24,2847.836,2852.995
2019-05-27,2851.281,2892.378
2019-05-28,2890.266,2909.911
2019-05-29,2894.83,2914.696
2019-05-30,2903.425,2905.805
2019-05-31,2904.498,2898.696
2019-06-03,2901.742,2890.081
2019-06-04,2887.641,2862.28
2019-06-05,2882.937,2861.418
2019-06-06,2862.333,2827.798
2019-06-10,2833.015,2852.13
2019-06-11,2854.07,2925.716
2019-06-12,2917.224,2909.38
2019-06-13,2905.288,2910.741
2019-06-14,2912.999,2881.974
2019-06-17,2880.423,2887.622
2019-06-18,2891.092,2890.158
2019-06-19,2944.115,2917.803
2019-06-20,2917.331,2987.119
2019-06-21,2990.369,3001.98
2019-06-24,3004.289,3008.148
2019-06-25,3004.91,2982.074
2019-06-26,2964.615,2976.284
2019-06-27,2982.613,2996.793
2019-06-28,2992.243,2978.878
2019-07-01,3024.624,3044.903
2019-07-02,3042.58,3043.943
2019-07-03,3031.832,3015.263
2019-07-04,3015.679,3005.249
2019-07-05,3004.738,3011.059
2019-07-08,2997.807,2933.363
2019-07-09,2928.819,2928.23
2019-07-10,2935.186,2915.302
2019-07-11,2928.055,2917.761
2019-07-12,2915.34,2930.546
2019-07-15,2921.546,2942.185
2019-07-16,2938.641,2937.617
2019-07-17,2933.023,2931.693
2019-07-18,2921.739,2901.177
2019-07-19,2909.679,2924.201
2019-07-22,2925.788,2886.974
2019-07-23,2886.904,2899.945
2019-07-24,2907.928,2923.278
2019-07-25,2923.189,2937.36
2019-07-26,2928.061,2944.541
2019-07-29,2943.918,2941.007
2019-07-30,2946.257,2952.338
2019-07-31,2944.398,2932.506
2019-08-01,2920.851,2908.766
2019-08-02,2861.332,2867.838
2019-08-05,2854.578,2821.496
2019-08-06,2776.989,2777.556
2019-08-07,2789.019,2768.68
2019-08-08,2784.184,2794.552
2019-08-09,2805.586,2774.753
2019-08-12,2781.982,2814.994
2019-08-13,2798.051,2797.26
2019-08-14,2824.486,2808.915
2019-08-15,2762.339,2815.798
2019-08-16,2817.571,2823.824
2019-08-19,2835.518,2883.096
2019-08-20,2879.082,2880.001
2019-08-21,2875.471,2880.331
2019-08-22,2887.665,2883.436
2019-08-23,2885.151,2897.425
2019-08-26,2851.016,2863.567
2019-08-27,2879.515,2902.193
2019-08-28,2901.627,2893.756
2019-08-29,2895.999,2890.919
2019-08-30,2907.383,2886.237
2019-09-02,2886.942,2924.106
2019-09-03,2925.942,2930.154
2019-09-04,2927.747,2957.412
2019-09-05,2972.662,2985.865
2019-09-06,2996.622,2999.601
2019-09-09,3023.778,3024.739
2019-09-10,3027.41,3021.202
2019-09-11,3029.933,3008.812
2019-09-12,3016.627,3031.235
2019-09-16,3041.922,3030.754
2019-09-17,3023.711,2978.118
2019-09-18,2984.084,2985.659
2019-09-19,2992.922,2999.279
2019-09-20,3004.814,3006.447
2019-09-23,2998.4,2977.077
2019-09-24,2979.475,2985.341
2019-09-25,2977.668,2955.433
2019-09-26,2964.478,2929.088
2019-09-27,2929.486,2932.167
2019-09-30,2927.917,2905.189
2019-10-08,2905.756,2913.57
2019-10-09,2902.075,2924.857
2019-10-10,2923.707,2947.711
2019-10-11,2954.819,2973.656
2019-10-14,2993.962,3007.883
2019-10-15,3005.665,2991.046
2019-10-16,2992.61,2978.712
2019-10-17,2979.993,2977.334
2019-10-18,2982.342,2938.141
2019-10-21,2933.897,2939.618
2019-10-22,2945.6,2954.38
2019-10-23,2952.969,2941.619
2019-10-24,2944.007,2940.922
2019-10-25,2940.474,2954.933
2019-10-28,2958.686,2980.05
2019-10-29,2979.037,2954.176
2019-10-30,2949.463,2939.321
2019-10-31,2944.843,2929.056
2019-11-01,2924.34,2958.199
2019-11-04,2964.576,2975.492
2019-11-05,2977.705,2991.562
2019-11-06,2992.04,2978.596
2019-11-07,2978.153,2978.714
2019-11-08,2993.977,2964.185
2019-11-11,2949.962,2909.975
2019-11-12,2912.996,2914.823
2019-11-13,2913.02,2905.241
2019-11-14,2907.736,2909.87
2019-11-15,2911.35,2891.343
2019-11-18,2889.55,2909.2
2019-11-19,2904.278,2933.991
2019-11-20,2928.107,2911.053
2019-11-21,2902.553,2903.638
2019-11-22,2906.243,2885.288
2019-11-25,2885.613,2906.169
2019-11-26,2912.521,2907.06
2019-11-27,2905.396,2903.195
2019-11-28,2902.364,2889.693
2019-11-29,2885.974,2871.981
2019-12-02,2874.448,2875.807
2019-12-03,2869.882,2884.699
2019-12-04,2876.908,2878.116
2019-12-05,2886.516,2899.469
2019-12-06,2902.278,2912.014
2019-12-09,2914.458,2914.478
2019-12-10,2908.944,2917.316
2019-12-11,2922.602,2924.417
2019-12-12,2926.342,2915.698
2019-12-13,2937.776,2967.676
2019-12-16,2970.969,2984.393
2019-12-17,2985.262,3022.422
2019-12-18,3021.466,3017.044
2019-12-19,3017.153,3017.066
2019-12-20,3019.64,3004.938
2019-12-23,2999.036,2962.751
2019-12-24,2965.826,2982.681
2019-12-25,2980.428,2981.881
2019-12-26,2981.249,3007.355
2019-12-27,3006.852,3005.036
2019-12-30,2998.169,3040.024
2019-12-31,3036.386,3050.124
2020-01-02,3066.336,3085.198
2020-01-03,3089.022,3083.786
2020-01-06,3070.909,3083.408
2020-01-07,3085.488,3104.802
2020-01-08,3094.239,3066.893
2020-01-09,3082.64,3094.882
2020-01-10,3102.294,3092.291
2020-01-13,3091.493,3115.57
2020-01-14,3120.667,3106.82
2020-01-15,3103.175,3090.038
2020-01-16,3095.734,3074.081
2020-01-17,3081.464,3075.496
2020-01-20,3082.113,3095.787
2020-01-21,3085.79,3052.142
2020-01-22,3038.487,3060.755
2020-01-23,3037.952,2976.528
2020-02-03,2716.698,2746.606
2020-02-04,2685.269,2783.288
2020-02-05,2792.371,2818.088
2020-02-06,2826.885,2866.51
2020-02-07,2858.932,2875.964
2020-02-10,2860.499,2890.488
2020-02-11,2894.541,2901.674
2020-02-12,2895.556,2926.899
2020-02-13,2927.144,2906.074
2020-02-14,2899.866,2917.008
2020-02-17,2924.991,2983.622
2020-02-18,2981.41,2984.972
2020-02-19,2979.522,2975.402
2020-02-20,2981.88,3030.154
2020-02-21,3022.246,3039.669
2020-02-24,3027.893,3031.233
2020-02-25,2982.07,3013.05
2020-02-26,2978.42,2987.929
2020-02-27,2992.492,2991.329
2020-02-28,2924.641,2880.304
2020-03-02,2899.31,2970.931
2020-03-03,3006.889,2992.897
2020-03-04,2981.806,3011.666
2020-03-05,3036.155,3071.677
2020-03-06,3039.94,3034.511
2020-03-09,2987.181,2943.291
2020-03-10,2918.935,2996.762
2020-03-11,3001.762,2968.517
2020-03-12,2936.016,2923.486
2020-03-13,2804.232,2887.427
2020-03-16,2897.301,2789.254
2020-03-17,2796.284,2779.641
2020-03-18,2792.322,2728.756
2020-03-19,2719.406,2702.13
2020-03-20,2727.019,2745.618
2020-03-23,2677.591,2660.167
2020-03-24,2703.019,2722.438
2020-03-25,2775.303,2781.591
2020-03-26,2761.896,2764.911
2020-03-27,2792.984,2772.203
2020-03-30,2739.719,2747.214
2020-03-31,2767.307,2750.296
2020-04-01,2743.541,2734.522
2020-04-02,2720.228,2780.638
2020-04-03,2773.576,2763.987
2020-04-07,2806.968,2820.763
2020-04-08,2805.917,2815.369
2020-04-09,2825.839,2825.904
2020-04-10,2827.187,2796.631
2020-04-13,2784.598,2783.048
2020-04-14,2794.801,2827.283
2020-04-15,2826.662,2811.174
2020-04-16,2798.43,2819.935
2020-04-17,2835.558,2838.495
2020-04-20,2840.409,2852.553
2020-04-21,2842.237,2827.013
2020-04-22,2814.066,2843.98
2020-04-23,2850.51,2838.499
2020-04-24,2834.939,2808.529
2020-04-27,2812.242,2815.495
2020-04-28,2819.991,2810.024
2020-04-29,2801.383,2822.442
2020-04-30,2832.384,2860.082
2020-05-06,2831.633,2878.14
2020-05-07,2876.473,2871.523
2020-05-08,2882.708,2895.344
2020-05-11,2901.574,2894.802
2020-05-12,2894.617,2891.556
2020-05-13,2882.955,2898.05
2020-05-14,2887.058,2870.342
2020-05-15,2880.707,2868.459
2020-05-18,2872.524,2875.418
2020-05-19,2897.687,2898.576
2020-05-20,2896.466,2883.738
2020-05-21,2890.721,2867.924
2020-05-22,2863.046,2813.765
2020-05-25,2816.241,2817.97
2020-05-26,2827.897,2846.547
2020-05-27,2847.32,2836.804
2020-05-28,2838.207,2846.222
2020-05-29,2835.584,2852.351
2020-06-01,2871.964,2915.431
2020-06-02,2916.317,2921.398
2020-06-03,2930.391,2923.371
2020-06-04,2931.838,2919.251
2020-06-05,2923.189,2930.799
2020-06-08,2941.982,2937.771
2020-06-09,2939.535,2956.112
2020-06-10,2951.278,2943.753
2020-06-11,2939.791,2920.897
2020-06-12,2876.803,2919.741
2020-06-15,2908.277,2890.031
2020-06-16,2912.825,2931.749
2020-06-17,2932.671,2935.873
2020-06-18,2929.88,2939.315
2020-06-19,2938.789,2967.634
2020-06-22,2966.901,2965.272
2020-06-23,2960.888,2970.62
2020-06-24,2972.983,2979.551
2020-06-29,2973.076,2961.516
2020-06-30,2965.105,2984.674
2020-07-01,2991.181,3025.981
2020-07-02,3023.719,3090.569
2020-07-03,3103.995,3152.813
2020-07-06,3187.839,3332.881
2020-07-07,3380.954,3345.337
2020-07-08,3337.552,3403.44
2020-07-09,3403.483,3450.594
2020-07-10,3418.935,3383.322
2020-07-13,3379.387,3443.286
2020-07-14,3435.024,3414.619
2020-07-15,3422.078,3361.304
2020-07-16,3356.359,3210.099
2020-07-17,3214.402,3214.129
2020-07-20,3243.911,3314.149
2020-07-21,3330.547,3320.895
2020-07-22,3315.182,3333.164
2020-07-23,3306.149,3325.11
2020-07-24,3310.645,3196.768
2020-07-27,3210.386,3205.227
2020-07-28,3226.133,3227.96
2020-07-29,3221.988,3294.552
2020-07-30,3299.572,3286.822
2020-07-31,3280.796,3310.007
2020-08-03,3332.183,3367.966
2020-08-04,3376.44,3371.688
2020-08-05,3363.332,3377.565
2020-08-06,3380.762,3386.463
2020-08-07,3370.588,3354.035
2020-08-10,3341.528,3379.252
2020-08-11,3379.487,3340.29
2020-08-12,3327.493,3319.266
2020-08-13,3328.175,3320.726
2020-08-14,3315.669,3360.099
2020-08-17,3373.902,3438.801
2020-08-18,3441.934,3451.089
2020-08-19,3444.565,3408.129
2020-08-20,3385.965,3363.899
2020-08-21,3380.227,3380.683
2020-08-24,3391.113,3385.638
2020-08-25,3392.88,3373.578
2020-08-26,3371.808,3329.739
2020-08-27,3333.491,3350.113
2020-08-28,3346.289,3403.807
2020-08-31,3416.55,3395.678
2020-09-01,3389.742,3410.607
2020-09-02,3420.469,3404.802
2020-09-03,3404.032,3384.981
2020-09-04,3336.408,3355.367
2020-09-07,3349.918,3292.591
2020-09-08,3301.217,3316.417
2020-09-09,3280.997,3254.628
2020-09-10,3282.232,3234.823
2020-09-11,3225.784,3260.346
2020-09-14,3275.918,3278.814
2020-09-15,3277.128,3295.68
2020-09-16,3293.168,3283.924
2020-09-17,3277.324,3270.435
2020-09-18,3270.911,3338.09
2020-09-21,3348.899,3316.935
2020-09-22,3290.666,3274.302
2020-09-23,3278.836,3279.711
2020-09-24,3262.879,3223.176
2020-09-25,3234.374,3219.418
2020-09-28,3224.977,3217.535
2020-09-29,3231.855,3224.359
2020-09-30,3232.71,3218.052
2020-10-09,3262.611,3272.076
2020-10-12,3287.328,3358.465
2020-10-13,3353.121,3359.75
2020-10-14,3353.625,3340.778
2020-10-15,3342.922,3332.183
2020-10-16,3334.457,3336.358
2020-10-19,3351.096,3312.667
2020-10-20,3307.15,3328.103
2020-10-21,3332.147,3325.025
2020-10-22,3315.821,3312.501
2020-10-23,3308.158,3277.997
2020-10-26,3258.703,3251.119
2020-10-27,3240.74,3254.316
2020-10-28,3256.223,3269.238
2020-10-29,3235.765,3272.727
2020-10-30,3278.631,3224.533
2020-11-02,3228.715,3225.12
2020-11-03,3239.806,3271.074
2020-11-04,3273.433,3277.44
2020-11-05,3305.58,3320.133
2020-11-06,3326.465,3312.159
2020-11-09,3329.429,3373.734
2020-11-10,3387.622,3360.149
2020-11-11,3354.025,3342.203
2020-11-12,3344.456,3338.679
2020-11-13,3327.229,3310.105
2020-11-16,3325.621,3346.969
2020-11-17,3347.151,3339.895
2020-11-18,3337.332,3347.303
2020-11-19,3339.086,3363.088
2020-11-20,3359.597,3377.727
2020-11-23,3384.104,3414.49
2020-11-24,3407.409,3402.823
2020-11-25,3417.515,3362.327
2020-11-26,3360.061,3369.733
2020-11-27,3373.843,3408.307
2020-11-30,3418.158,3391.755
2020-12-01,3388.987,3451.938
2020-12-02,3453.518,3449.381
2020-12-03,3448.54,3442.136
2020-12-04,3436.729,3444.581
2020-12-07,3446.648,3416.604
2020-12-08,3417.694,3410.177
2020-12-09,3416.078,3371.964
2020-12-10,3365.731,3373.276
2020-12-11,3381.008,3347.191
2020-12-14,3349.534,3369.12
2020-12-15,3366.581,3367.233
2020-12-16,3371.263,3366.983
2020-12-17,3367.277,3404.873
2020-12-18,3400.486,3394.896
2020-12-21,3394.395,3420.569
2020-12-22,3410.968,3356.782
2020-12-23,3362.472,3382.32
2020-12-24,3382.193,3363.113
2020-12-25,3351.79,3396.563
2020-12-28,3396.359,3397.285
2020-12-29,3399.294,3379.036
2020-12-30,3375.009,3414.453
2020-12-31,3419.727,3473.069
2021-01-04,3474.679,3502.958
2021-01-05,3492.191,3528.677
2021-01-06,3530.907,3550.877
2021-01-07,3552.909,3576.205
2021-01-08,3577.692,3570.108
2021-01-11,3571.321,3531.498
2021-01-12,3518.011,3608.339
2021-01-13,3613.281,3598.652
2021-01-14,3584.932,3565.905
2021-01-15,3566.285,3566.378
2021-01-18,3554.798,3596.224
2021-01-19,3596.356,3566.381
2021-01-20,3564.121,3583.092
2021-01-21,3590.925,3621.264
2021-01-22,3616.54,3606.75
2021-01-25,3605.361,3624.238
2021-01-26,3610.969,3569.429
2021-01-27,3567.549,3573.341
2021-01-28,3534.669,3505.176
2021-01-29,3521.718,3483.069
2021-02-01,3477.172,3505.284
2021-02-02,3510.808,3533.685
2021-02-03,3531.149,3517.308
2021-02-04,3503.779,3501.859
2021-02-05,3509.487,3496.333
2021-02-08,3504.563,3532.447
2021-02-09,3539.773,3603.489
2021-02-10,3612.613,3655.088
2021-02-18,3721.087,3675.357
2021-02-19,3661.783,3696.168
2021-02-22,3707.191,3642.445
2021-02-23,3617.701,3636.357
2021-02-24,3638.936,3564.08
2021-02-25,3595.542,3585.046
2021-02-26,3514.565,3509.08
2021-03-01,3531.48,3551.4
2021-03-02,3566.852,3508.591
2021-03-03,3500.158,3576.905
2021-03-04,3546.641,3503.492
2021-03-05,3463.309,3501.987
2021-03-08,3524.983,3421.414
2021-03-09,3415.339,3359.292
2021-03-10,3389.839,3357.737
2021-03-11,3369.902,3436.831
2021-03-12,3447.203,3453.078
2021-03-15,3441.882,3419.946
2021-03-16,3424.652,3446.733
2021-03-17,3435.732,3445.551
2021-03-18,3449.641,3463.068
2021-03-19,3423.873,3404.663
2021-03-22,3406.123,3443.439
2021-03-23,3445.341,3411.509
2021-03-24,3394.128,3367.061
2021-03-25,3355.071,3363.592
2021-03-26,3373.317,3418.327
2021-03-29,3429.632,3435.296
2021-03-30,3432.529,3456.677
2021-03-31,3452.208,3441.912
2021-04-01,3444.81,3466.332
2021-04-02,3472.628,3484.392
2021-04-06,3491.634,3482.967
2021-04-07,3483.421,3479.626
2021-04-08,3467.487,3482.555
2021-04-09,3475.443,3450.677
2021-04-12,3445.97,3412.948
2021-04-13,3411.293,3396.47
2021-04-14,3397.021,3416.721
2021-04-15,3409.614,3398.988
2021-04-16,3407.188,3426.618
2021-04-19,3427.548,3477.549
2021-04-20,3467.148,3472.943
2021-04-21,3456.299,3472.93
2021-04-22,3482.833,3465.114
2021-04-23,3462.086,3474.166
2021-04-26,3484.107,3441.166
2021-04-27,3440.091,3442.611
2021-04-28,3432.161,3457.068
2021-04-29,3458.082,3474.901
2021-04-30,3468.302,3446.856
2021-05-06,3446.074,3441.283
2021-05-07,3446.407,3418.874
2021-05-10,3423.59,3427.991
2021-05-11,3406.598,3441.845
2021-05-12,3429.754,3462.751
2021-05-13,3432.138,3429.536
2021-05-14,3436.092,3490.376
2021-05-17,3490.409,3517.616
2021-05-18,3520.649,3529.014
2021-05-19,3521.11,3510.965
2021-05-20,3500.877,3506.944
2021-05-21,3510.835,3486.557
2021-05-24,3486.271,3497.282
2021-05-25,3502.539,3581.342
2021-05-26,3586.839,3593.357
2021-05-27,3585.734,3608.851
2021-05-28,3610.767,3600.784
2021-05-31,3600.07,3615.477
2021-06-01,3608.598,3624.714
2021-06-02,3626.328,3597.138
2021-06-03,3595.422,3584.212
2021-06-04,3565.472,3591.845
2021-06-07,3597.141,3599.541
2021-06-08,3598.753,3580.106
2021-06-09,3576.802,3591.397
2021-06-10,3587.528,3610.859
2021-06-11,3614.113,3589.748
2021-06-15,3587.466,3556.559
2021-06-16,3556.714,3518.329
2021-06-17,3508.317,3525.604
2021-06-18,3520.497,3525.097
2021-06-21,3515.501,3529.183
2021-06-22,3539.788,3557.412
2021-06-23,3559.399,3566.22
2021-06-24,3568.576,3566.654
2021-06-25,3567.377,3607.562
2021-06-28,3612.247,3606.372
2021-06-29,3601.677,3573.178
2021-06-30,3572.624,3591.197
2021-07-01,3600.546,3588.782
2021-07-02,3569.892,3518.76
2021-07-05,3516.923,3534.322
2021-07-06,3533.13,3530.259
2021-07-07,3508.59,3553.716
2021-07-08,3557.218,3525.504
2021-07-09,3512.233,3524.088
2021-07-12,3545.198,3547.836
2021-07-13,3547.59,3566.523
2021-07-14,3560.828,3528.501
2021-07-15,3519.063,3564.59
2021-07-16,3559.526,3539.304
2021-07-19,3530.493,3539.123
2021-07-20,3515.072,3536.791
2021-07-21,3543.053,3562.661
2021-07-22,3563.661,3574.734
2021-07-23,3571.715,3550.396
2021-07-26,3538.014,3467.441
2021-07-27,3467.447,3381.183
2021-07-28,3355.819,3361.59
2021-07-29,3403.838,3411.724
2021-07-30,3398.196,3397.357
2021-08-02,3385.69,3464.285
2021-08-03,3446.784,3447.991
2021-08-04,3442.937,3477.219
2021-08-05,3461.719,3466.549
2021-08-06,3465.484,3458.228
2021-08-09,3441.75,3494.635
2021-08-10,3488.664,3529.931
2021-08-11,3527.109,3532.621
2021-08-12,3522.724,3524.737
2021-08-13,3514.467,3516.299
2021-08-16,3514.345,3517.345
2021-08-17,3512.109,3446.976
2021-08-18,3442.347,3485.286
2021-08-19,3475.298,3465.555
2021-08-20,3442.506,3427.334
2021-08-23,3436.796,3477.132
2021-08-24,3482.266,3514.471
2021-08-25,3517.915,3540.384
2021-08-26,3537.314,3501.664
2021-08-27,3494.418,3522.157
2021-08-30,3535.073,3528.151
2021-08-31,3519.025,3543.94
2021-09-01,3543.866,3567.101
2021-09-02,3559.903,3597.043
2021-09-03,3602.742,3581.734
2021-09-06,3580.141,3621.859
2021-09-07,3621.71,3676.587
2021-09-08,3673.402,3675.187
2021-09-09,3666.825,3693.13
2021-09-10,3691.186,3703.11
2021-09-13,3699.253,3715.372
2021-09-14,3709.634,3662.602
2021-09-15,3651.158,3656.223
2021-09-16,3664.841,3607.092
2021-09-17,3595.272,3613.966
2021-09-22,3563.207,3628.49
2021-09-23,3651.266,3642.22
2021-09-24,3637.868,3613.067
2021-09-27,3625.96,3582.831
2021-09-28,3577.886,3602.218
2021-09-29,3573.518,3536.294
2021-09-30,3541.928,3568.167
2021-10-08,3609.087,3592.167
2021-10-11,3600.357,3591.709
2021-10-12,3581.297,3546.936
2021-10-13,3543.492,3561.762
2021-10-14,3555.109,3558.28
2021-10-15,3551.987,3572.366
2021-10-18,3571.048,3568.138
2021-10-19,3562.296,3593.153
2021-10-20,3583.236,3587.001
2021-10-21,3590.05,3594.783
2021-10-22,3594.746,3582.604
2021-10-25,3574.263,3609.863
2021-10-26,3612.833,3597.638
2021-10-27,3589.857,3562.305
2021-10-28,3548.702,3518.417
2021-10-29,3519.328,3547.336
2021-11-01,3530.396,3544.48
2021-11-02,3543.383,3505.628
2021-11-03,3501.105,3498.537
2021-11-04,3505.894,3526.866
2021-11-05,3520.207,3491.568
2021-11-08,3491.971,3498.631
2021-11-09,3507.108,3507.002
2021-11-10,3498.945,3492.462
2021-11-11,3486.451,3532.786
2021-11-12,3534.151,3539.1
2021-11-15,3542.903,3533.303
2021-11-16,3530.458,3521.787
2021-11-17,3518.565,3537.366
2021-11-18,3531.492,3520.711
2021-11-19,3519.276,3560.373
2021-11-22,3562.763,3582.08
2021-11-23,3580.506,3589.089
2021-11-24,3590.019,3592.703
2021-11-25,3593.388,3584.179
2021-11-26,3576.114,3564.089
2021-11-29,3528.672,3562.697
2021-11-30,3570.747,3563.887
2021-12-01,3561.886,3576.885
2021-12-02,3573.247,3573.836
2021-12-03,3576.45,3607.432
2021-12-06,3615.236,3589.306
2021-12-07,3611.217,3595.088
2021-12-08,3602.824,3637.568
2021-12-09,3641.158,3673.041
2021-12-10,3654.368,3666.348
2021-12-13,3686.937,3681.082
2021-12-14,3669.807,3661.525
2021-12-15,3655.049,3647.63
2021-12-16,3648.927,3675.016
2021-12-17,3670.258,3632.364
2021-12-20,3620.037,3593.602
2021-12-21,3591.452,3625.125
2021-12-22,3632.676,3622.618
2021-12-23,3625.47,3643.339
2021-12-24,3645.395,3618.054
2021-12-27,3613.047,3615.974
2021-12-28,3619.642,3630.112
2021-12-29,3630.916,3597.0
2021-12-30,3596.492,3619.189
2021-12-31,3626.242,3639.775
2022-01-04,3649.151,3632.329
2022-01-05,3628.263,3595.176
2022-01-06,3581.218,3586.079
2022-01-07,3588.985,3579.543
2022-01-10,3572.743,3593.519
2022-01-11,3589.904,3567.441
2022-01-12,3578.163,3597.432
2022-01-13,3601.027,3555.259
2022-01-14,3544.065,3521.256
2022-01-17,3522.085,3541.666
2022-01-18,3541.89,3569.914
2022-01-19,3567.631,3558.18
2022-01-20,3556.226,3555.063
2022-01-21,3546.75,3522.568
2022-01-24,3508.244,3524.105
2022-01-25,3509.285,3433.061
2022-01-26,3442.692,3455.668
2022-01-27,3456.102,3394.247
2022-01-28,3407.593,3361.44
2022-02-07,3407.762,3429.581
2022-02-08,3428.542,3452.629
2022-02-09,3450.818,3479.946
2022-02-10,3481.91,3485.907
2022-02-11,3472.276,3462.948
2022-02-14,3451.847,3428.882
2022-02-15,3428.045,3446.089
2022-02-16,3457.073,3465.831
2022-02-17,3464.209,3468.035
2022-02-18,3451.632,3490.757
2022-02-21,3488.406,3490.612
2022-02-22,3473.287,3457.146
2022-02-23,3458.514,3489.147
2022-02-24,3474.369,3429.956
2022-02-25,3445.336,3451.406
2022-02-28,3450.316,3462.306
2022-03-01,3471.365,3488.835
2022-03-02,3478.293,3484.192
2022-03-03,3495.928,3481.113
2022-03-04,3459.985,3447.649
2022-03-07,3438.56,3372.855
2022-03-08,3372.555,3293.53
2022-03-09,3303.706,3256.388
2022-03-10,3312.179,3296.092
2022-03-11,3259.323,3309.747
2022-03-14,3271.89,3223.533
2022-03-15,3192.364,3063.965
2022-03-16,3107.669,3170.71
2022-03-17,3215.011,3215.045
2022-03-18,3207.152,3251.072
2022-03-21,3255.615,3253.686
2022-03-22,3249.543,3259.862
2022-03-23,3264.792,3271.033
2022-03-24,3256.057,3250.264
2022-03-25,3247.157,3212.24
2022-03-28,3185.167,3214.503
2022-03-29,3216.012,3203.939
2022-03-30,3217.592,3266.596
2022-03-31,3256.137,3252.203
2022-04-01,3234.668,3282.717
2022-04-06,3269.427,3283.426
2022-04-07,3267.81,3236.695
2022-04-08,3239.877,3251.85
2022-04-11,3239.855,3167.126
2022-04-12,3165.12,3213.33
2022-04-13,3199.797,3186.824
2022-04-14,3203.634,3225.641
2022-04-15,3210.7,3211.245
2022-04-18,3185.943,3195.524
2022-04-19,3192.092,3194.029
2022-04-20,3189.891,3151.05
2022-04-21,3138.428,3079.808
2022-04-22,3058.404,3086.919
2022-04-25,3034.267,2928.512
2022-04-26,2930.453,2886.426
2022-04-27,2866.816,2958.282
2022-04-28,2945.811,2975.485
2022-04-29,2986.061,3047.062
2022-05-05,3044.849,3067.759
2022-05-06,3011.319,3001.561
2022-05-09,2990.199,3004.141
2022-05-10,2965.776,3035.844
2022-05-11,3035.389,3058.703
2022-05-12,3044.8,3054.994
2022-05-13,3068.033,3084.285
2022-05-16,3100.55,3073.749
2022-05-17,3076.498,3093.697
2022-05-18,3095.886,3085.977
2022-05-19,3046.71,3096.965
2022-05-20,3107.094,3146.567
2022-05-23,3150.49,3146.857
2022-05-24,3149.059,3070.927
2022-05-25,3070.17,3107.464
2022-05-26,3111.482,3123.108
2022-05-27,3135.032,3130.239
2022-05-30,3141.956,3149.061
2022-05-31,3149.944,3186.427
2022-06-01,3179.695,3182.157
2022-06-02,3170.306,3195.458
2022-06-06,3196.955,3236.372
2022-06-07,3235.416,3241.764
2022-06-08,3245.017,3263.793
2022-06-09,3259.49,3238.954
2022-06-10,3214.185,3284.834
2022-06-13,3256.275,3255.551
2022-06-14,3224.214,3288.907
2022-06-15,3289.104,3305.407
2022-06-16,3306.835,3285.385
2022-06-17,3265.512,3316.786
2022-06-20,3315.783,3315.43
2022-06-21,3313.787,3306.719
2022-06-22,3309.118,3267.202
2022-06-23,3269.055,3320.149
2022-06-24,3324.736,3349.747
2022-06-27,3364.003,3379.185
2022-06-28,3377.679,3409.21
2022-06-29,3399.678,3361.518
2022-06-30,3358.934,3398.616
2022-07-01,3400.262,3387.637
2022-07-04,3381.819,3405.427
2022-07-05,3411.13,3404.025
2022-07-06,3391.027,3355.35
2022-07-07,3353.128,3364.398
2022-07-08,3380.369,3356.078
2022-07-11,3341.102,3313.584
2022-07-12,3307.221,3281.467
2022-07-13,3279.603,3284.292
2022-07-14,3277.455,3281.744
2022-07-15,3261.383,3228.061
2022-07-18,3235.088,3278.103
2022-07-19,3278.722,3279.431
2022-07-20,3291.551,3304.724
2022-07-21,3297.661,3272.001
2022-07-22,3276.197,3269.974
2022-07-25,3269.707,3250.388
2022-07-26,3254.185,3277.436
2022-07-27,3271.783,3275.755
2022-07-28,3287.502,3282.576
2022-07-29,3282.811,3253.238
2022-08-01,3246.616,3259.959
2022-08-02,3231.262,3186.266
2022-08-03,3188.891,3163.674
2022-08-04,3179.428,3189.039
2022-08-05,3195.227,3227.027
2022-08-08,3218.851,3236.934
2022-08-09,3235.735,3247.432
2022-08-10,3242.362,3230.02
2022-08-11,3243.472,3281.665
2022-08-12,3275.77,3276.888
2022-08-15,3268.365,3276.087
2022-08-16,3278.676,3277.885
2022-08-17,3282.101,3292.526
2022-08-18,3286.367,3277.544
2022-08-19,3275.623,3258.078
2022-08-22,3249.705,3277.794
2022-08-23,3274.427,3276.223
2022-08-24,3279.172,3215.203
2022-08-25,3223.465,3246.248
2022-08-26,3250.628,3236.223
2022-08-29,3203.102,3240.728
2022-08-30,3240.184,3227.22
2022-08-31,3216.526,3202.138
2022-09-01,3196.537,3184.98
2022-09-02,3189.644,3186.478
2022-09-05,3183.946,3199.912
2022-09-06,3207.933,3243.447
2022-09-07,3232.137,3246.294
2022-09-08,3245.557,3235.586
2022-09-09,3241.181,3262.054
2022-09-13,3272.049,3263.797
2022-09-14,3224.678,3237.542
2022-09-15,3248.972,3199.919
2022-09-16,3189.827,3126.398
2022-09-19,3122.755,3115.602
2022-09-20,3127.836,3122.406
2022-09-21,3116.007,3117.177
2022-09-22,3098.768,3108.91
2022-09-23,3106.806,3088.37
2022-09-26,3067.569,3051.226
2022-09-27,3056.392,3093.862
2022-09-28,3089.098,3045.067
2022-09-29,3067.473,3041.205
2022-09-30,3042.166,3024.391
2022-10-10,3026.935,2974.145
2022-10-11,2978.062,2979.793
2022-10-12,2976.717,3025.506
2022-10-13,3008.302,3016.356
2022-10-14,3035.034,3071.987
2022-10-17,3060.518,3084.942
2022-10-18,3094.927,3080.957
2022-10-19,3073.262,3044.378
2022-10-20,3029.303,3035.05
2022-10-21,3038.036,3038.929
2022-10-24,3034.746,2977.555
2022-10-25,2969.156,2976.283
2022-10-26,2977.564,2999.504
2022-10-27,3005.037,2982.903
2022-10-28,2967.022,2915.926
2022-10-31,2893.196,2893.483
2022-11-01,2899.499,2969.2
2022-11-02,2960.647,3003.37
2022-11-03,2981.204,2997.806
2022-11-04,2996.997,3070.796
2022-11-07,3062.859,3077.817
2022-11-08,3077.306,3064.493
2022-11-09,3064.463,3048.168
2022-11-10,3031.692,3036.132
2022-11-11,3099.65,3087.293
2022-11-14,3100.867,3083.401
2022-11-15,3081.135,3134.078
2022-11-16,3133.65,3119.98
2022-11-17,3110.965,3115.435
2022-11-18,3116.729,3097.243
2022-11-21,3078.057,3085.044
2022-11-22,3084.233,3088.943
2022-11-23,3084.74,3096.907
2022-11-24,3104.096,3089.31
2022-11-25,3085.461,3101.693
2022-11-28,3055.29,3078.549
2022-11-29,3096.113,3149.748
2022-11-30,3141.399,3151.335
2022-12-01,3187.99,3165.471
2022-12-02,3160.579,3156.144
2022-12-05,3181.916,3211.814
2022-12-06,3200.275,3212.533
2022-12-07,3204.935,3199.619
2022-12-08,3196.016,3197.35
2022-12-09,3197.118,3206.95
2022-12-12,3195.868,3179.042
2022-12-13,3179.435,3176.326
2022-12-14,3178.554,3176.525
2022-12-15,3177.2,3168.648
2022-12-16,3156.135,3167.858
2022-12-19,3165.309,3107.115
2022-12-20,3098.953,3073.766
2022-12-21,3078.331,3068.411
2022-12-22,3085.8,3054.431
2022-12-23,3038.842,3045.866
2022-12-26,3048.196,3065.563
2022-12-27,3077.747,3095.568
2022-12-28,3088.617,3087.4
2022-12-29,3076.726,3073.702
2022-12-30,3084.523,3089.258
2023-01-03,3087.513,3116.512
2023-01-04,3117.571,3123.516
2023-01-05,3132.761,3155.216
2023-01-06,3155.075,3157.637
2023-01-09,3169.374,3176.085
2023-01-10,3178.022,3169.507
2023-01-11,3172.376,3161.838
2023-01-12,3167.273,3163.451
2023-01-13,3170.355,3195.306
2023-01-16,3198.519,3227.592
2023-01-17,3229.435,3224.245
2023-01-18,3227.595,3224.406
2023-01-19,3221.518,3240.279
2023-01-20,3247.203,3264.814
2023-01-30,3308.869,3269.318
2023-01-31,3266.144,3255.669
2023-02-01,3262.196,3284.921
2023-02-02,3291.783,3285.671
2023-02-03,3275.658,3263.406
2023-02-06,3244.701,3238.698
2023-02-07,3245.23,3248.094
2023-02-08,3251.501,3232.106
2023-02-09,3227.728,3270.383
2023-02-10,3266.437,3260.673
2023-02-13,3256.988,3284.16
2023-02-14,3288.974,3293.283
2023-02-15,3294.015,3280.492
2023-02-16,3281.735,3249.03
2023-02-17,3244.733,3224.024
2023-02-20,3230.473,3290.338
2023-02-21,3291.631,3306.524
2023-02-22,3292.049,3291.148
2023-02-23,3293.522,3287.477
2023-02-24,3287.255,3267.16
2023-02-27,3257.0,3258.034
2023-02-28,3265.742,3279.605
2023-03-01,3279.136,3312.348
2023-03-02,3308.011,3310.654
2023-03-03,3314.773,3328.393
2023-03-06,3332.024,3322.026
2023-03-07,3320.211,3285.099
2023-03-08,3271.88,3283.248
2023-03-09,3285.943,3276.094
2023-03-10,3255.512,3230.077
2023-03-13,3228.124,3268.696
2023-03-14,3261.922,3245.312
2023-03-15,3261.028,3263.315
2023-03-16,3244.47,3226.891
2023-03-17,3245.26,3250.546
2023-03-20,3253.93,3234.91
2023-03-21,3240.839,3255.651
2023-03-22,3263.413,3265.748
2023-03-23,3258.779,3286.649
2023-03-24,3282.739,3265.654
2023-03-27,3261.824,3251.397
2023-03-28,3256.602,3245.376
2023-03-29,3253.621,3240.057
2023-03-30,3243.068,3261.249
2023-03-31,3263.406,3272.86
2023-04-03,3277.34,3296.396
2023-04-04,3297.183,3312.558
2023-04-06,3302.751,3312.628
2023-04-07,3312.481,3327.646
2023-04-10,3331.505,3315.358
2023-04-11,3317.077,3313.571
2023-04-12,3316.862,3327.182
2023-04-13,3321.273,3318.364
2023-04-14,3326.37,3338.153
2023-04-17,3337.061,3385.61
2023-04-18,3379.227,3393.331
2023-04-19,3391.355,3370.128
2023-04-20,3367.053,3367.031
2023-04-21,3363.999,3301.258
2023-04-24,3300.813,3275.413
2023-04-25,3276.403,3264.872
2023-04-26,3255.217,3264.101
2023-04-27,3256.228,3285.884
2023-04-28,3283.122,3323.275
2023-05-04,3306.483,3350.459
2023-05-05,3350.654,3334.503
2023-05-08,3340.99,3395.004
2023-05-09,3402.394,3357.671
2023-05-10,3347.702,3319.151
2023-05-11,3323.658,3309.551
2023-05-12,3304.458,3272.362
2023-05-15,3269.878,3310.737
2023-05-16,3310.161,3290.987
2023-05-17,3281.966,3284.232
2023-05-18,3288.411,3297.32
2023-05-19,3288.891,3283.542
2023-05-22,3278.596,3296.47
2023-05-23,3294.788,3246.238
2023-05-24,3237.705,3204.749
2023-05-25,3197.364,3201.261
2023-05-26,3198.883,3212.504
2023-05-29,3219.755,3221.448
2023-05-30,3214.673,3224.213
2023-05-31,3214.655,3204.564
2023-06-01,3196.155,3204.635
2023-06-02,3212.449,3230.069
2023-06-05,3231.811,3232.441
2023-06-06,3228.407,3195.34
2023-06-07,3197.468,3197.759
2023-06-08,3194.835,3213.586
2023-06-09,3213.033,3231.406
2023-06-12,3225.305,3228.834
2023-06-13,3223.896,3233.673
2023-06-14,3238.119,3228.989
2023-06-15,3230.451,3252.975
2023-06-16,3256.299,3273.334
2023-06-19,3271.164,3255.806
2023-06-20,3252.544,3240.365
2023-06-21,3230.114,3197.901
2023-06-26,3177.229,3150.619
2023-06-27,3153.313,3189.443
2023-06-28,3183.487,3189.376
2023-06-29,3185.424,3182.381
2023-06-30,3178.924,3202.062
2023-07-03,3209.162,3243.975
2023-07-04,3241.231,3245.349
2023-07-05,3240.049,3222.947
2023-07-06,3215.863,3205.575
2023-07-07,3197.472,3196.609
2023-07-10,3208.735,3203.696
2023-07-11,3211.122,3221.367
2023-07-12,3220.376,3196.134
2023-07-13,3202.699,3236.48
2023-07-14,3240.97,3237.701
2023-07-17,3219.016,3209.63
2023-07-18,3206.786,3197.82
2023-07-19,3195.009,3198.836
2023-07-20,3201.911,3169.522
2023-07-21,3163.421,3167.745
2023-07-24,3157.469,3164.161
2023-07-25,3201.458,3231.521
2023-07-26,3228.087,3223.028
2023-07-27,3225.476,3216.671
2023-07-28,3206.741,3275.926
2023-07-31,3287.209,3291.04
2023-08-01,3288.76,3290.949
2023-08-02,3281.858,3261.69
2023-08-03,3254.565,3280.463
2023-08-04,3296.094,3288.084
2023-08-07,3276.776,3268.831
2023-08-08,3260.722,3260.62
2023-08-09,3251.152,3244.487
2023-08-10,3242.206,3254.56
2023-08-11,3254.475,3189.248
2023-08-14,3159.714,3178.427
2023-08-15,3180.558,3176.176
2023-08-16,3164.702,3150.128
2023-08-17,3137.351,3163.739
2023-08-18,3165.1,3131.953
2023-08-21,3125.99,3092.978
2023-08-22,3103.781,3120.334
2023-08-23,3116.266,3078.402
2023-08-24,3085.911,3082.244
2023-08-25,3068.615,3064.075
2023-08-28,3219.043,3098.636
2023-08-29,3091.938,3135.887
2023-08-30,3144.407,3137.138
2023-08-31,3134.553,3119.876
2023-09-01,3126.023,3133.247
2023-09-04,3145.944,3177.06
2023-09-05,3169.738,3154.369
2023-09-06,3147.136,3158.077
2023-09-07,3152.203,3122.352
2023-09-08,3114.23,3116.719
2023-09-11,3119.61,3142.779
2023-09-12,3140.341,3137.059
2023-09-13,3137.772,3123.067
2023-09-14,3124.848,3126.551
2023-09-15,3133.588,3117.743
2023-09-18,3110.44,3125.932
2023-09-19,3123.986,3124.957
2023-09-20,3118.667,3108.568
2023-09-21,3103.175,3084.701
2023-09-22,3084.757,3132.432
2023-09-25,3131.208,3115.607
2023-09-26,3114.021,3102.273
2023-09-27,3104.04,3107.316
2023-09-28,3117.755,3110.475
2023-10-09,3100.0,3096.922
2023-10-10,3104.365,3075.236
2023-10-11,3085.699,3078.956
2023-10-12,3101.705,3107.901
2023-10-13,3091.997,3088.099
2023-10-16,3091.065,3073.813
2023-10-17,3076.428,3083.496
2023-10-18,3076.58,3058.71
2023-10-19,3043.196,3005.393
2023-10-20,2995.358,2983.059
2023-10-23,2969.786,2939.291
2023-10-24,2944.311,2962.244
2023-10-25,2986.407,2974.114
2023-10-26,2960.104,2988.299
2023-10-27,2978.403,3017.784
2023-10-30,3009.61,3021.553
2023-10-31,3019.646,3018.771
2023-11-01,3038.182,3023.077
2023-11-02,3028.665,3009.406
2023-11-03,3012.465,3030.798
2023-11-06,3047.13,3058.411
2023-11-07,3052.92,3057.27
2023-11-08,3051.153,3052.373
2023-11-09,3047.653,3053.279
2023-11-10,3043.559,3038.97
2023-11-13,3044.032,3046.533
2023-11-14,3046.817,3056.07
2023-11-15,3077.029,3072.835
2023-11-16,3066.855,3050.926
2023-11-17,3043.617,3054.366
2023-11-20,3056.927,3068.319
2023-11-21,3074.828,3067.933
2023-11-22,3060.498,3043.611
2023-11-23,3041.678,3061.856
2023-11-24,3060.331,3040.972
2023-11-27,3038.186,3031.7
2023-11-28,3028.598,3038.555
2023-11-29,3038.464,3021.687
2023-11-30,3021.103,3029.673
2023-12-01,3027.353,3031.636
2023-12-04,3033.298,3022.914
2023-12-05,3017.01,2972.296
2023-12-06,2966.948,2968.933
2023-12-07,2965.652,2966.206
2023-12-08,2965.39,2969.559
2023-12-11,2956.291,2991.439
2023-12-12,2986.328,3003.438
2023-12-13,2997.336,2968.761
2023-12-14,2979.699,2958.986
2023-12-15,2966.302,2942.557
2023-12-18,2936.575,2930.804
2023-12-19,2928.763,2932.391
2023-12-20,2932.119,2902.11
2023-12-21,2892.02,2918.715
2023-12-22,2919.288,2914.775
2023-12-25,2909.875,2918.813
2023-12-26,2917.971,2898.879
2023-12-27,2900.149,2914.614
2023-12-28,2913.11,2954.704
2023-12-29,2950.837,2974.935
2024-01-02,2972.775,2962.276
2024-01-03,2957.112,2967.247
2024-01-04,2965.509,2954.349
2024-01-05,2949.822,2929.183
2024-01-08,2923.457,2887.538
2024-01-09,2887.11,2893.251
2024-01-10,2886.981,2877.702
2024-01-11,2873.798,2886.65
2024-01-12,2880.04,2881.977
2024-01-15,2872.556,2886.291
2024-01-16,2881.56,2893.989
2024-01-17,2887.292,2833.615
2024-01-18,2822.667,2845.784
2024-01-19,2836.975,2832.279
2024-01-22,2826.503,2756.34
2024-01-23,2746.892,2770.976
2024-01-24,2782.142,2820.772
2024-01-25,2823.826,2906.109
2024-01-26,2897.915,2910.223
2024-01-29,2910.607,2883.356
2024-01-30,2866.28,2830.527
2024-01-31,2815.504,2788.548
2024-02-01,2773.424,2770.74
2024-02-02,2773.295,2730.152
2024-02-05,2716.081,2702.185
2024-02-06,2680.485,2789.486
2024-02-07,2791.515,2829.696
2024-02-08,2832.486,2865.903
2024-02-19,2886.587,2910.544
2024-02-20,2902.877,2922.73
2024-02-21,2906.024,2950.956
2024-02-22,2945.447,2988.358
2024-02-23,2992.912,3004.881
2024-02-26,3002.118,2977.022
2024-02-27,2966.417,3015.481
2024-02-28,3016.256,2957.852
2024-02-29,2943.624,3015.171
2024-03-01,3013.823,3027.02
2024-03-04,3026.607,3039.306
2024-03-05,3027.103,3047.793
2024-03-06,3041.752,3039.931
2024-03-07,3040.211,3027.401
2024-03-08,3026.165,3046.019
2024-03-11,3042.619,3068.455
2024-03-12,3068.182,3055.935
2024-03-13,3053.341,3043.835
2024-03-14,3042.413,3038.234
2024-03-15,3031.523,3054.636
2024-03-18,3057.209,3084.926
2024-03-19,3077.981,3062.756
2024-03-20,3058.648,3079.686
2024-03-21,3084.412,3077.113
2024-03-22,3070.548,3048.034
2024-03-25,3040.501,3026.306
2024-03-26,3026.922,3031.481
2024-03-27,3026.814,2993.139
2024-03-28,2988.59,3010.664
2024-03-29,3008.376,3041.167
2024-04-01,3049.021,3077.379
2024-04-02,3076.875,3074.959
2024-04-03,3074.893,3069.296
2024-04-08,3057.326,3047.053
2024-04-09,3044.614,3048.537
2024-04-10,3045.961,3027.335
2024-04-11,3013.573,3034.246
2024-04-12,3035.577,3019.474
2024-04-15,3013.672,3057.378
2024-04-16,3043.551,3007.068
2024-04-17,3008.061,3071.381
2024-04-18,3060.031,3074.225
2024-04-19,3060.299,3065.261
2024-04-22,3059.065,3044.595
2024-04-23,3038.612,3021.978
2024-04-24,3029.403,3044.822
2024-04-25,3037.927,3052.9
2024-04-26,3054.979,3088.636
2024-04-29,3086.682,3113.043
2024-04-30,3110.159,3104.825
2024-05-06,3132.512,3140.72
2024-05-07,3139.664,3147.738
2024-05-08,3141.487,3128.48
2024-05-09,3128.164,3154.32
2024-05-10,3158.589,3154.547
2024-05-13,3139.475,3148.021
2024-05-14,3148.849,3145.774
2024-05-15,3141.252,3119.902
2024-05-16,3127.184,3122.401
2024-05-17,3121.713,3154.026
2024-05-20,3156.148,3171.145
2024-05-21,3164.683,3157.966
2024-05-22,3157.189,3158.54
2024-05-23,3149.875,3116.387
2024-05-24,3110.753,3088.871
2024-05-27,3094.14,3124.043
2024-05-28,3122.388,3109.572
2024-05-29,3108.027,3111.018
2024-05-30,3103.708,3091.678
2024-05-31,3094.759,3086.813
2024-06-03,3085.981,3078.489
2024-06-04,3071.32,3091.199
2024-06-05,3086.051,3065.403
2024-06-06,3069.439,3048.794
2024-06-07,3053.915,3051.279
2024-06-11,3042.134,3028.045
2024-06-12,3025.296,3037.468
2024-06-13,3038.086,3028.919
2024-06-14,3020.959,3032.633
2024-06-17,3017.717,3015.891
2024-06-18,3015.071,3030.246
2024-06-19,3029.099,3018.049
2024-06-20,3015.722,3005.437
2024-06-21,2998.241,2998.138
2024-06-24,2982.826,2963.099
2024-06-25,2962.765,2949.996
2024-06-26,2943.447,2972.525
2024-06-27,2962.696,2945.852
2024-06-28,2940.303,2967.403
2024-07-01,2965.245,2994.73
2024-07-02,2992.856,2997.011
2024-07-03,2995.664,2982.376
2024-07-04,2984.83,2957.567
2024-07-05,2954.372,2949.933
2024-07-08,2939.837,2922.45
2024-07-09,2919.573,2959.372
2024-07-10,2949.026,2939.364
2024-07-11,2957.25,2970.387
2024-07-12,2965.612,2971.295
2024-07-15,2963.847,2974.011
2024-07-16,2963.9,2976.304
2024-07-17,2970.808,2962.855
2024-07-18,2951.143,2977.133
2024-07-19,2963.514,2982.309
2024-07-22,2978.193,2964.216
2024-07-23,2960.5,2915.369
2024-07-24,2909.152,2901.952
2024-07-25,2891.892,2886.742
2024-07-26,2885.995,2890.897
2024-07-29,2889.473,2891.845
2024-07-30,2885.215,2879.3
2024-07-31,2877.541,2938.749
2024-08-01,2940.12,2932.387
2024-08-02,2913.02,2905.338
2024-08-05,2889.363,2860.698
2024-08-06,2878.651,2867.284
2024-08-07,2864.01,2869.834
2024-08-08,2864.758,2869.901
2024-08-09,2879.873,2862.194
2024-08-12,2858.895,2858.205
2024-08-13,2860.41,2867.946
2024-08-14,2866.243,2850.654
2024-08-15,2844.201,2877.358
2024-08-16,2877.94,2879.43
2024-08-19,2877.954,2893.674
2024-08-20,2895.551,2866.661
2024-08-21,2858.939,2856.584
2024-08-22,2856.2,2848.772
2024-08-23,2844.77,2854.368
2024-08-26,2855.474,2855.52
2024-08-27,2850.877,2848.731
2024-08-28,2844.327,2837.429
2024-08-29,2829.451,2823.106
2024-08-30,2819.65,2842.214
2024-09-02,2832.35,2811.035
2024-09-03,2809.173,2802.979
2024-09-04,2786.505,2784.278
2024-09-05,2785.264,2788.314
2024-09-06,2791.765,2765.807
2024-09-09,2754.724,2736.488
2024-09-10,2737.881,2744.192
2024-09-11,2732.731,2721.795
2024-09-12,2722.138,2717.123
2024-09-13,2718.986,2704.09
2024-09-18,2705.345,2717.281
2024-09-19,2723.205,2736.022
2024-09-20,2734.228,2736.814
2024-09-23,2735.39,2748.918
2024-09-24,2770.754,2863.126
2024-09-25,2901.419,2896.306
2024-09-26,2893.745,3000.953
2024-09-27,3049.103,3087.529
2024-09-30,3194.722,3336.497
2024-10-08,3674.405,3489.775
2024-10-09,3427.22,3258.858
2024-10-10,3277.692,3301.926
2024-10-11,3287.873,3217.738
2024-10-14,3241.428,3284.323
2024-10-15,3265.746,3201.292
2024-10-16,3169.169,3202.948
2024-10-17,3220.733,3169.384
2024-10-18,3165.975,3261.563
2024-10-21,3276.06,3268.11
2024-10-22,3263.822,3285.867
2024-10-23,3285.247,3302.803
2024-10-24,3287.824,3280.263
2024-10-25,3280.762,3299.7
2024-10-28,3300.463,3322.198
2024-10-29,3328.089,3286.407
2024-10-30,3273.642,3266.238
2024-10-31,3267.975,3279.824
2024-11-01,3275.577,3272.014
2024-11-04,3275.679,3310.207
2024-11-05,3306.81,3386.987
2024-11-06,3395.222,3383.806
2024-11-07,3359.985,3470.661
2024-11-08,3502.133,3452.297
2024-11-11,3432.367,3470.066
2024-11-12,3469.891,3421.97
2024-11-13,3406.916,3439.278
2024-11-14,3429.505,3379.839
2024-11-15,3369.809,3330.726
2024-11-18,3344.69,3323.849
2024-11-19,3324.883,3346.01
2024-11-20,3337.678,3367.989
2024-11-21,3362.944,3370.404
2024-11-22,3368.043,3267.192
2024-11-25,3274.884,3263.76
2024-11-26,3256.858,3259.757
2024-11-27,3250.591,3309.779
2024-11-28,3308.28,3295.698
2024-11-29,3295.21,3326.456
2024-12-02,3328.482,3363.982
2024-12-03,3366.285,3378.806
2024-12-04,3376.572,3364.65
2024-12-05,3353.057,3368.855
2024-12-06,3370.941,3404.076
2024-12-09,3402.629,3402.534
2024-12-10,3490.289,3422.661
2024-12-11,3416.087,3432.49
2024-12-12,3432.279,3461.5
2024-12-13,3442.926,3391.878
2024-12-16,3390.083,3386.331
2024-12-17,3381.814,3361.485
2024-12-18,3371.296,3382.208
2024-12-19,3355.904,3370.033
2024-12-20,3364.481,3368.069
2024-12-23,3367.904,3351.257
2024-12-24,3353.535,3393.528
2024-12-25,3395.107,3393.35
2024-12-26,3389.338,3398.077
2024-12-27,3397.294,3400.142
2024-12-30,3395.396,3407.326
2024-12-31,3406.965,3351.763
2025-01-02,3347.939,3262.561
2025-01-03,3267.077,3211.43
2025-01-06,3209.783,3206.923
2025-01-07,3203.307,3229.644
2025-01-08,3218.858,3230.168
2025-01-09,3220.721,3211.393
2025-01-10,3211.707,3168.524
2025-01-13,3148.826,3160.755
2025-01-14,3165.161,3240.94
2025-01-15,3234.715,3227.117
2025-01-16,3239.026,3236.032
2025-01-17,3226.762,3241.821
2025-01-20,3256.149,3244.378
2025-01-21,3256.833,3242.623
2025-01-22,3235.493,3213.624
2025-01-23,3237.599,3230.164
2025-01-24,3222.877,3252.626
2025-01-27,3256.614,3250.601
2025-02-05,3270.16,3229.488
2025-02-06,3226.575,3270.659
2025-02-07,3269.227,3303.667
2025-02-10,3308.04,3322.17
2025-02-11,3323.669,3318.057
2025-02-12,3312.257,3346.385
2025-02-13,3343.235,3332.483
2025-02-14,3328.483,3346.724
2025-02-17,3355.417,3355.83
2025-02-18,3348.983,3324.491
2025-02-19,3320.78,3351.539
2025-02-20,3347.589,3350.783
2025-02-21,3356.695,3379.113
2025-02-24,3374.081,3373.028
2025-02-25,3345.653,3346.04
2025-02-26,3351.209,3380.214
2025-02-27,3378.449,3388.062
2025-02-28,3374.664,3320.897
2025-03-03,3328.396,3316.925
2025-03-04,3300.498,3324.21
2025-03-05,3324.696,3341.965
2025-03-06,3353.57,3381.098
2025-03-07,3373.181,3372.546
2025-03-10,3373.259,3366.163
2025-03-11,3335.439,3379.828
2025-03-12,3385.685,3371.924
2025-03-13,3371.095,3358.729
2025-03-14,3361.686,3419.562
2025-03-17,3430.809,3426.129
2025-03-18,3434.565,3429.759
2025-03-19,3424.173,3426.429
2025-03-20,3425.216,3408.948
2025-03-21,3401.759,3364.831
2025-03-24,3364.834,3370.028
2025-03-25,3370.001,3369.976
2025-03-26,3365.666,3368.697
2025-03-27,3362.712,3373.749
2025-03-28,3372.039,3351.307
2025-03-31,3343.344,3335.746
2025-04-01,3340.712,3348.435
2025-04-02,3344.171,3350.127
2025-04-03,3319.606,3342.008
2025-04-07,3193.102,3096.576
2025-04-08,3094.262,3145.549
2025-04-09,3110.01,3186.81
2025-04-10,3227.836,3223.638
2025-04-11,3219.505,3238.227
2025-04-14,3251.978,3262.808
2025-04-15,3260.685,3267.662
2025-04-16,3267.665,3276.004
2025-04-17,3261.718,3280.341
2025-04-18,3270.353,3276.73
2025-04-21,3273.138,3291.434
2025-04-22,3289.166,3299.757
2025-04-23,3308.151,3296.355
2025-04-24,3295.149,3297.288
2025-04-25,3300.392,3295.06
2025-04-28,3292.056,3288.415
2025-04-29,3281.445,3286.655
2025-04-30,3284.081,3279.031
2025-05-06,3295.25,3316.114
2025-05-07,3354.974,3342.665
2025-05-08,3331.205,3351.996
2025-05-09,3350.405,3341.999
2025-05-12,3352.97,3369.245
2025-05-13,3386.234,3374.871
2025-05-14,3374.235,3403.948
2025-05-15,3398.427,3380.821
2025-05-16,3374.706,3367.462
2025-05-19,3365.882,3367.583
2025-05-20,3371.689,3380.478
2025-05-21,3380.209,3387.574
2025-05-22,3381.865,3380.189
2025-05-23,3376.869,3348.372
2025-05-26,3346.561,3346.839
2025-05-27,3346.503,3340.687
2025-05-28,3341.852,3339.932
2025-05-29,3340.401,3363.446
2025-05-30,3358.809,3347.487
2025-06-03,3340.067,3361.976
2025-06-04,3363.391,3376.203
2025-06-05,3378.217,3384.099
2025-06-06,3384.295,3385.358
2025-06-09,3388.778,3399.772
2025-06-10,3402.013,3384.816
2025-06-11,3385.457,3402.316
2025-06-12,3397.972,3402.658
2025-06-13,3397.484,3376.996
2025-06-16,3369.366,3388.729
2025-06-17,3388.18,3387.405
2025-06-18,3386.136,3388.809
2025-06-19,3384.293,3362.108
2025-06-20,3358.913,3359.895
2025-06-23,3349.46,3381.582
2025-06-24,3380.08,3420.566
2025-06-25,3419.091,3455.974
2025-06-26,3451.719,3448.453
2025-06-27,3450.686,3424.227
2025-06-30,3423.474,3444.426
2025-07-01,3445.846,3457.747
2025-07-02,3458.171,3454.792
2025-07-03,3456.152,3461.151
2025-07-04,3459.592,3472.319
2025-07-07,3467.985,3473.127
2025-07-08,3474.632,3497.475
2025-07-09,3498.724,3493.05
2025-07-10,3491.497,3509.682
2025-07-11,3511.366,3510.177
2025-07-14,3513.252,3519.65
2025-07-15,3519.805,3504.999
2025-07-16,3502.899,3503.777
2025-07-17,3500.372,3516.826
2025-07-18,3519.475,3534.483
2025-07-21,3542.816,3559.791
2025-07-22,3561.632,3581.861
2025-07-23,3588.878,3582.298
2025-07-24,3578.912,3605.727
2025-07-25,3604.451,3593.655
2025-07-28,3594.231,3597.937
2025-07-29,3595.81,3609.711
2025-07-30,3608.354,3615.717
2025-07-31,3604.696,3573.208
2025-08-01,3568.261,3559.952
2025-08-04,3547.163,3583.309
2025-08-05,3588.808,3617.598
2025-08-06,3615.808,3633.995
2025-08-07,3637.781,3639.667
2025-08-08,3634.855,3635.128
2025-08-11,3637.053,3647.547
2025-08-12,3647.963,3665.918
2025-08-13,3668.658,3683.465
2025-08-14,3685.522,3666.443
2025-08-15,3659.815,3696.771
2025-08-18,3712.495,3728.027
2025-08-19,3728.485,3727.288
2025-08-20,3716.685,3766.21
2025-08-21,3770.676,3771.099
2025-08-22,3772.277,3825.759
2025-08-25,3848.163,3883.562
2025-08-26,3871.471,3868.382
2025-08-27,3869.612,3800.35
2025-08-28,3796.711,3843.597
2025-08-29,3842.823,3857.927
2025-09-01,3869.746,3875.53
2025-09-02,3877.086,3858.133
2025-09-03,3865.286,3813.557
2025-09-04,3807.757,3765.876
2025-09-05,3761.88,3812.514
2025-09-08,3811.669,3826.841
2025-09-09,3816.657,3807.292
2025-09-10,3806.584,3812.221
2025-09-11,3806.056,3875.309
2025-09-12,3875.507,3870.598
2025-09-15,3876.097,3860.504
2025-09-16,3865.98,3861.865
2025-09-17,3854.073,3876.341
2025-09-18,3876.059,3831.656
2025-09-19,3830.444,3820.089
2025-09-22,3822.01,3828.576
2025-09-23,3830.138,3821.833
2025-09-24,3804.483,3853.642
2025-09-25,3852.431,3853.302
2025-09-26,3839.855,3828.106
2025-09-29,3828.166,3862.532
2025-09-30,3869.705,3882.777
2025-10-09,3898.307,3933.972
2025-10-10,3915.475,3897.028
2025-10-13,3800.106,3889.502
2025-10-14,3910.783,3865.229
2025-10-15,3867.536,3912.21
2025-10-16,3900.683,3916.228
2025-10-17,3912.04,3839.755
2025-10-20,3865.552,3863.893
2025-10-21,3870.749,3916.332
2025-10-22,3896.074,3913.758
2025-10-23,3904.159,3922.41
2025-10-24,3929.115,3950.312
2025-10-27,3969.22,3996.945
2025-10-28,3986.891,3988.224
2025-10-29,3990.266,4016.331
2025-10-30,4007.821,3986.901
2025-10-31,3985.064,3954.79
2025-11-03,3954.078,3976.521
2025-11-04,3973.458,3960.186
2025-11-05,3922.584,3969.248
2025-11-06,3973.349,4007.76
2025-11-07,3994.317,3997.556
2025-11-10,4001.794,4018.597
2025-11-11,4023.877,4002.758
2025-11-12,3996.565,4000.14
2025-11-13,3996.514,4029.501
2025-11-14,4007.126,3990.492
2025-11-17,3988.556,3972.035
2025-11-18,3962.444,3939.813
2025-11-19,3937.92,3946.742
2025-11-20,3960.699,3931.051
2025-11-21,3896.665,3834.891
2025-11-24,3848.657,3836.766
2025-11-25,3850.571,3870.023
2025-11-26,3867.429,3864.184
2025-11-27,3867.197,3875.259
2025-11-28,3870.944,3888.596
2025-12-01,3894.213,3914.006
2025-12-02,3908.456,3897.712
2025-12-03,3894.156,3878.0
2025-12-04,3879.742,3875.793
2025-12-05,3873.121,3902.808
2025-12-08,3909.226,3924.078
2025-12-09,3916.509,3909.522
2025-12-10,3901.128,3900.496
2025-12-11,3903.895,3873.318
2025-12-12,3869.413,3889.346
2025-12-15,3865.402,3867.921
2025-12-16,3861.515,3824.812
2025-12-17,3822.509,3870.278
2025-12-18,3857.257,3876.371
2025-12-19,3878.227,3890.448
2025-12-22,3900.535,3917.364
2025-12-23,3919.106,3919.979
2025-12-24,3920.347,3940.947
2025-12-25,3937.72,3959.621
2025-12-26,3957.833,3963.679
2025-12-29,3964.651,3965.28
2025-12-30,3947.871,3965.116
2025-12-31,3968.726,3968.84
2026-01-05,3986.972,4023.417
2026-01-06,4026.016,4083.667
2026-01-07,4083.843,4085.772
2026-01-08,4077.715,4082.979
2026-01-09,4086.762,4120.426
2026-01-12,4134.893,4165.287
2026-01-13,4169.704,4138.759
2026-01-14,4138.645,4126.093
2026-01-15,4106.224,4112.601
2026-01-16,4127.063,4101.913
2026-01-19,4090.719,4114.0
2026-01-20,4116.366,4113.649
2026-01-21,4103.529,4116.94
2026-01-22,4126.072,4122.576
2026-01-23,4130.108,4136.164
2026-01-26,4144.778,4132.605
2026-01-27,4125.216,4139.904
2026-01-28,4150.215,4151.238
2026-01-29,4155.919,4157.985
2026-01-30,4131.993,4117.948
2026-02-02,4079.708,4015.746
2026-02-03,4043.906,4067.738
2026-02-04,4064.677,4102.202
2026-02-05,4075.025,4075.917
2026-02-06,4040.299,4065.583
2026-02-09,4103.54,4123.09
2026-02-10,4127.766,4128.373
2026-02-11,4124.428,4131.985
2026-02-12,4136.99,4134.018
2026-02-13,4115.924,4082.073
2026-02-24,4129.134,4117.409
2026-02-25,4123.781,4147.231
2026-02-26,4151.068,4146.631
2026-02-27,4128.897,4162.882
2026-03-02,4151.801,4182.591
2026-03-03,4189.408,4122.676
2026-03-04,4087.632,4082.474
2026-03-05,4109.777,4108.567
2026-03-06,4085.895,4124.194
2026-03-09,4098.699,4096.602
2026-03-10,4098.587,4123.138
2026-03-11,4123.666,4133.433
2026-03-12,4133.2,4129.103
2026-03-13,4117.574,4095.449
2026-03-16,4092.249,4084.786
2026-03-17,4086.295,4049.907
2026-03-18,4053.305,4062.984
2026-03-19,4028.542,4006.552
2026-03-20,4004.573,3957.053
2026-03-23,3904.951,3813.283
2026-03-24,3849.631,3881.28
2026-03-25,3892.269,3931.838
2026-03-26,3924.962,3889.084
2026-03-27,3852.094,3913.724
2026-03-30,3884.277,3923.287
2026-03-31,3924.067,3891.861
2026-04-01,3939.566,3948.552
2026-04-02,3940.799,3919.285
2026-04-03,3927.592,3880.097
2026-04-07,3884.151,3890.165
2026-04-08,3930.251,3994.998
2026-04-09,3967.63,3966.171
2026-04-10,3985.464,3986.225
2026-04-13,3971.199,3988.558
2026-04-14,4006.727,4026.626
2026-04-15,4039.471,4027.21
2026-04-16,4030.138,4055.547
2026-04-17,4043.381,4051.425
2026-04-20,4053.375,4082.127
2026-04-21,4075.845,4085.077
2026-04-22,4074.813,4106.258
2026-04-23,4110.788,4093.25
2026-04-24,4081.033,4079.9
2026-04-27,4074.811,4086.344
2026-04-28,4076.143,4078.637
2026-04-29,4061.822,4107.514
2026-04-30,4107.297,4112.159
2026-05-06,4135.451,4160.174
2026-05-07,4168.447,4180.092
2026-05-08,4163.854,4179.952
2026-05-11,4201.347,4225.021
2026-05-12,4229.283,4214.489
2026-05-13,4192.315,4242.572
2026-05-14,4256.157,4177.918
2026-05-15,4174.175,4135.389
2026-05-18,4120.14,4131.528
2026-05-19,4122.961,4169.538
2026-05-20,4152.698,4162.185
2026-05-21,4174.377,4077.277
2026-05-22,4096.172,4112.9
2026-05-25,4126.338,4152.569
2026-05-26,4137.32,4145.373
2026-05-27,4138.805,4093.727
2026-05-28,4080.304,4098.636
2026-05-29,4110.521,4068.569
2026-06-01,4067.158,4057.74
2026-06-02,4061.463,4075.102
2026-06-03,4068.341,4083.974
2026-06-04,4053.67,4057.781
2026-06-05,4044.829,4027.736
2026-06-08,3938.709,3959.338
2026-06-09,3977.539,4010.031
2026-06-10,3985.124,3993.226
2026-06-11,3979.706,3987.015
2026-06-12,4017.865,4031.513
2026-06-15,4053.582,4096.472
2026-06-16,4094.212,4091.892
2026-06-17,4074.291,4108.076
2026-06-18,4094.23,4090.481
2026-06-22,4093.955,4163.097
2026-06-23,4153.593,4106.252
2026-06-24,4090.1,4110.813
2026-06-25,4103.482,4120.281
2026-06-26,4098.686,4027.265
2026-06-29,4026.686,4073.902
2026-06-30,4058.17,4094.397
2026-07-01,4090.76,4112.445
2026-07-02,4054.086,4028.904
2026-07-03,4031.335,4043.643
2026-07-06,4059.194,4041.238
2026-07-07,4019.494,3990.235
2026-07-08,3996.807,3970.88
2026-07-09,3977.547,4036.588
2026-07-10,4031.537,3996.162
2026-07-13,3966.023,3913.794
2026-07-14,3909.274,3967.126
2026-07-15,3963.727,3955.578
2026-07-16,3912.381,3882.413
2026-07-17,3865.317,3764.155
2026-07-20,3791.662,3796.281
2026-07-21,3812.162,3864.367
2026-07-22,3839.665,3867.034
2026-07-23,3868.087,3876.777
2026-07-24,3853.632,3814.198
2026-07-27,3808.903,3858.245
2026-07-28,3823.133,3813.315
2026-07-29,3823.293,3828.469
2026-07-30,3812.111,3804.693
2026-07-31,3833.536,3832.262
2026-08-03,3812.613,3809.663
2026-08-04,3816.37,3822.285
2026-08-05,3815.122,3878.43
2026-08-06,3864.273,3900.352
2026-08-07,3896.485,3940.037
2026-08-10,3943.816,3966.594
2026-08-11,3950.708,3934.093
2026-08-12,3933.553,3946.675
2026-08-13,3957.161,3926.965
2026-08-14,3930.022,3927.176
2026-08-17,3930.104,3982.654
2026-08-18,3979.49,3990.304
2026-08-19,3952.122,3894.422
2026-08-20,3907.206,3903.721
2026-08-21,3891.175,3905.203
2026-08-24,3902.696,3882.008
2026-08-25,3863.37,3889.445
2026-08-26,3881.741,3912.524
2026-08-27,3911.891,3956.571
2026-08-28,3950.237,3952.179
2026-08-31,3926.531,3986.298
2026-09-01,3979.881,3979.888
2026-09-02,3963.066,3941.386
2026-09-03,3952.795,3942.088
2026-09-04,3955.549,3930.116
2026-09-07,3942.509,3932.699
2026-09-08,3935.548,3940.551
2026-09-09,3943.922,3951.507
2026-09-10,3939.095,3934.404
2026-09-11,3910.923,3888.111
2026-09-14,3867.022,3885.333
2026-09-15,3879.726,3864.279
