date,position,target_weight,actual_weight,market_close,market_ma20,market_risk_ma_period,market_risk_ma,market_defensive_ma_period,market_defensive_ma,market_defensive,market_bear_ma_period,market_bear_ma,market_bear_ma_slope_ref,bear_confirmed,bear_entry_lock,market_above_ma20,regime_state,mainline_rise,mainline_streak,non_mainline_streak,market_below_ma20_streak,market_ma20_exit,position_close,position_ma20,position_ma10,position_daily_return,position_peak_close,position_drawdown,cycle_entry_nav,losing_cycle_streak,position_rs20,position_score,top_candidate,top_rs20,top_score,candidate_count,top_changes_in_window,fast_rotation,effective_switch_margin,switch_confirm_streak,signal,next_position,signal_reason,weak_ma10_streak,post_exit_cooldown_days,position_allocation_mode,daily_gain_pause_threshold,entry_pullback_reclaim_ma5,nav
2024-10-08,现金,0.0,0.0,3489.775,2859.4661,180,2965.296933333333,,,False,,,,False,False,True,MAINLINE_RISE,True,1,0,0,False,,,,,,,,0,,,机器人,1.6767164029713093,1.6767164029713093,55,0,False,0.07,0,CASH,,RESEARCH_POLICY_BLOCK_ENTRY_TOP1,0,2,equal_capital,0.085,False,600000.0
2024-10-09,现金,0.0,0.0,3258.858,2881.85725,180,2966.98865,,,False,,,,False,False,True,MAINLINE_RISE,True,2,0,0,False,,,,,,,,0,,,智能驾驶,1.641664145234493,1.641664145234493,49,0,False,0.07,0,CASH,,RESEARCH_POLICY_BLOCK_ENTRY_TOP1,0,2,equal_capital,0.085,False,600000.0
2024-10-10,现金,0.0,0.0,3301.926,2906.8046,180,2969.059444444444,,,False,,,,False,False,True,MAINLINE_RISE,True,3,0,0,False,,,,,,,,0,,,大数据,1.5722969401538733,1.5722969401538733,51,0,False,0.07,0,CASH,,RESEARCH_POLICY_BLOCK_ENTRY_TOP1,0,2,equal_capital,0.085,False,600000.0
2024-10-11,现金,0.0,0.0,3217.738,2928.4775999999997,180,2970.8938888888883,,,False,,,,False,False,True,MAINLINE_RISE,True,4,0,0,False,,,,,,,,0,,,CPO,1.5171153864717979,1.5171153864717979,51,0,False,0.07,0,CASH,,RESEARCH_POLICY_BLOCK_ENTRY_TOP1,0,2,equal_capital,0.085,False,600000.0
2024-10-14,现金,0.0,0.0,3284.323,2953.27805,180,2973.0665111111116,,,False,,,,False,False,True,MAINLINE_RISE,True,5,0,0,False,,,,,,,,0,,,大数据,1.5761683069126056,1.5761683069126056,53,0,False,0.07,0,CASH,,RESEARCH_POLICY_BLOCK_ENTRY_TOP1,0,2,equal_capital,0.085,False,600000.0
2024-10-15,现金,0.0,0.0,3201.292,2975.0523000000003,180,2974.864233333333,,,False,,,,False,False,True,MAINLINE_RISE,True,6,0,0,False,,,,,,,,0,,,大数据,1.6319492261174147,1.6319492261174147,45,0,False,0.07,0,CASH,,RESEARCH_POLICY_BLOCK_ENTRY_TOP1,0,2,equal_capital,0.085,False,600000.0
2024-10-16,现金,0.0,0.0,3202.948,2998.3753,180,2976.6214444444445,,,False,,,,False,False,True,MAINLINE_RISE,True,7,0,0,False,,,,,,,,0,,,大数据,1.6733057038075076,1.6733057038075076,23,0,False,0.07,0,BUY,大数据,ENTRY_TOP1,0,2,equal_capital,0.085,False,600000.0
2024-10-17,大数据,1.0,1.0,3169.384,3019.6349,180,2978.21815,,,False,,,,False,False,True,MAINLINE_RISE,True,8,0,0,False,109.114,86.8998,103.2586,-0.02786835587391534,109.114,0.0,600000.0,0,1.6005691486240687,1.6005691486240687,大数据,1.6005691486240687,1.6005691486240687,4,0,False,0.07,0,HOLD,大数据,NO_STRONGER_QUALIFIED_SECTOR,0,2,equal_capital,0.085,False,609655.1281154216
2024-10-18,大数据,1.0,1.0,3261.563,3046.6233,180,2980.3029944444443,,,False,,,,False,False,True,MAINLINE_RISE,True,9,0,0,False,111.30199999999999,89.0977,106.26379999999999,0.020052422237293088,111.30199999999999,0.0,600000.0,0,1.6527381800902827,1.6527381800902827,大数据,1.6527381800902827,1.6527381800902827,8,0,False,0.07,0,HOLD,大数据,NO_STRONGER_QUALIFIED_SECTOR,0,2,equal_capital,0.085,False,621172.1770226907
2024-10-21,大数据,1.0,1.0,3268.11,3074.17265,180,2982.381444444444,,,False,,,,False,False,True,MAINLINE_RISE,True,10,0,0,False,116.822,91.50460000000001,108.532,0.04959479614023121,116.822,0.0,600000.0,0,1.7008619183507077,1.7008619183507077,大数据,1.7008619183507077,1.7008619183507077,8,0,False,0.07,0,HOLD,大数据,NO_STRONGER_QUALIFIED_SECTOR,0,2,equal_capital,0.085,False,649935.443442568
2024-10-22,大数据,1.0,1.0,3285.867,3103.2614999999996,180,2984.8939555555557,,,False,,,,False,False,True,MAINLINE_RISE,True,11,0,0,False,109.602,93.61510000000001,108.6348,-0.061803427436612934,116.822,-0.061803427436612934,600000.0,0,1.62633547008547,1.62633547008547,大数据,1.62633547008547,1.62633547008547,29,0,False,0.07,0,HOLD,大数据,NO_STRONGER_QUALIFIED_SECTOR,0,2,equal_capital,0.085,False,616501.2851929783
2024-10-23,大数据,1.0,1.0,3302.803,3132.5376,180,2987.43295,,,False,,,,False,False,True,MAINLINE_RISE,True,12,0,0,False,108.452,95.7397,108.95419999999999,-0.010492509260779936,116.822,-0.07164746366266628,600000.0,0,1.6442086112795635,1.6442086112795635,大数据,1.6442086112795635,1.6442086112795635,35,0,False,0.07,0,HOLD,大数据,NO_STRONGER_QUALIFIED_SECTOR,1,2,equal_capital,0.085,False,612513.987622018
2024-10-24,大数据,1.0,1.0,3280.263,3159.7496499999997,180,2989.9217500000004,,,False,,,,False,False,True,MAINLINE_RISE,True,13,0,0,False,109.112,97.7235,109.1568,0.006085641574152589,116.822,-0.06599784287206178,600000.0,0,1.571403882712138,1.571403882712138,低空经济,1.6507626887215696,1.6507626887215696,47,0,False,0.07,0,HOLD,大数据,NO_STRONGER_QUALIFIED_SECTOR,2,2,equal_capital,0.085,False,615949.1325334158
2024-10-25,大数据,1.0,1.0,3299.7,3187.89395,180,2992.940416666667,,,False,,,,False,False,True,MAINLINE_RISE,True,14,0,0,False,111.556,99.7354,110.421,0.02239900285944718,116.822,-0.04507712588382329,600000.0,0,1.5642053899436323,1.5642053899436323,低空经济,1.8199752652996088,1.8199752652996088,42,0,False,0.07,1,HOLD,大数据,SWITCH_CONFIRM_1_OF_2,0,2,equal_capital,0.085,False,627947.595083502
2024-10-28,大数据,1.0,1.0,3322.198,3216.55795,180,2996.002761111111,,,False,,,,False,False,True,MAINLINE_RISE,True,15,0,0,False,116.674,101.9983,111.39000000000001,0.045878303273692245,116.822,-0.0012668846621355367,600000.0,0,1.6337235353422208,1.6337235353422208,低空经济,2.013251493841714,2.013251493841714,40,0,False,0.07,0,SWITCH,低空经济,STRONGER_RS20_MARGIN_7%,0,2,equal_capital,0.085,False,661483.5305891829
2024-10-29,低空经济,1.0,1.0,3286.407,3237.7219999999998,180,2998.5896222222223,,,False,,,,False,False,True,MAINLINE_RISE,True,16,0,0,False,207.446,140.1944,160.9534,0.047114763366176815,207.446,0.0,600000.0,0,1.9890120426478484,1.9890120426478484,低空经济,1.9890120426478484,1.9890120426478484,36,0,False,0.07,0,HOLD,低空经济,NO_STRONGER_QUALIFIED_SECTOR,0,2,equal_capital,0.085,False,658106.29357798
2024-10-30,低空经济,1.0,1.0,3266.238,3256.2186,180,3000.5903388888887,,,False,,,,False,False,True,MAINLINE_RISE,True,17,0,0,False,225.42400000000006,146.26889999999997,171.4142,0.08666351725268284,225.42400000000006,0.0,600000.0,0,2.1689148882944953,2.1689148882944953,低空经济,2.1689148882944953,2.1689148882944953,26,0,False,0.07,0,SELL,,SECTOR_DAILY_GAIN_OVER_8%_PAUSE,0,2,equal_capital,0.085,False,694548.9260297213
2024-10-31,现金,0.0,0.0,3279.824,3270.1621499999997,180,3002.6436777777776,,,False,,,,False,False,True,MAINLINE_RISE,True,18,0,0,False,,,,,,,,0,,,低空经济,2.2065716266087185,2.2065716266087185,21,0,False,0.07,0,BUY,低空经济,ENTRY_TOP1,0,2,equal_capital,0.085,False,708017.1458372119
2024-11-01,低空经济,1.0,1.0,3272.014,3279.3864000000003,180,3004.802888888889,,,False,,,,False,False,False,MAINLINE_DECLINE,False,0,1,1,False,216.23600000000002,157.81810000000002,190.2454,-0.08210444099194303,216.23600000000002,0.0,708017.1458372119,0,1.8956762632815518,1.8956762632815518,低空经济,1.8956762632815518,1.8956762632815518,12,0,False,0.07,0,HOLD,低空经济,NO_STRONGER_QUALIFIED_SECTOR,0,2,equal_capital,0.085,False,689305.1653344126
2024-11-04,低空经济,1.0,1.0,3310.207,3278.0719,180,3007.4677777777783,,,False,,,,False,False,True,MAINLINE_RISE,True,1,0,0,False,201.952,161.721,195.71620000000001,-0.06605745574279964,216.23600000000002,-0.06605745574279964,708017.1458372119,0,1.6300385813679434,1.6300385813679434,低空经济,1.6300385813679434,1.6300385813679434,7,0,False,0.07,0,HOLD,低空经济,NO_STRONGER_QUALIFIED_SECTOR,0,2,equal_capital,0.085,False,704504.2481211207
2024-11-05,低空经济,1.0,1.0,3386.987,3272.9325,180,3010.7924388888887,,,False,,,,False,False,True,MAINLINE_RISE,True,2,0,0,False,209.95,165.4477,200.9296,0.03960347013151644,216.23600000000002,-0.029070090086757205,708017.1458372119,0,1.5504076327760383,1.5504076327760383,低空经济,1.5504076327760383,1.5504076327760383,4,0,False,0.07,0,HOLD,低空经济,NO_STRONGER_QUALIFIED_SECTOR,0,2,equal_capital,0.085,False,729906.906459314
2024-11-06,低空经济,1.0,1.0,3383.806,3279.1799,180,3014.198361111111,,,False,,,,False,False,True,MAINLINE_RISE,True,3,0,0,False,210.852,169.64960000000002,205.72840000000002,0.004296261014527403,216.23600000000002,-0.024898721766958398,708017.1458372119,0,1.6626870850221585,1.6626870850221585,低空经济,1.6626870850221585,1.6626870850221585,12,0,False,0.07,0,HOLD,低空经济,NO_STRONGER_QUALIFIED_SECTOR,0,2,equal_capital,0.085,False,731121.2717849844
2024-11-07,低空经济,1.0,1.0,3470.661,3287.61665,180,3018.3123,,,False,,,,False,False,True,MAINLINE_RISE,True,4,0,0,False,193.008,173.0897,208.1036,-0.0846280803596835,216.23600000000002,-0.10741967110009443,708017.1458372119,0,1.553934592531762,1.553934592531762,稀土永磁,1.2981484632399576,1.2981484632399576,17,0,False,0.07,0,HOLD,低空经济,NO_STRONGER_QUALIFIED_SECTOR,1,2,equal_capital,0.085,False,698154.7969209653
2024-11-08,低空经济,1.0,1.0,3452.297,3299.3446000000004,180,3022.479588888889,,,False,,,,False,False,True,MAINLINE_RISE,True,5,0,0,False,198.74200000000002,177.24020000000002,209.73000000000002,0.029708613114482363,216.23600000000002,-0.08090234743520963,708017.1458372119,0,1.7172605675180592,1.7172605675180592,国产算力,1.4261053056918052,1.4261053056918052,28,0,False,0.07,0,HOLD,低空经济,NO_STRONGER_QUALIFIED_SECTOR,2,2,equal_capital,0.085,False,716079.0100873813
2024-11-11,低空经济,1.0,1.0,3470.066,3308.6317499999996,180,3026.260588888889,,,False,,,,False,False,True,MAINLINE_RISE,True,6,0,0,False,205.07,181.3981,210.42579999999998,0.0318402753318372,216.23600000000002,-0.05163802512070159,708017.1458372119,0,1.6821149681737646,1.6821149681737646,国产算力,1.4954729633796047,1.4954729633796047,25,0,False,0.07,0,HOLD,低空经济,NO_STRONGER_QUALIFIED_SECTOR,3,2,equal_capital,0.085,False,732066.1219117378
2024-11-12,低空经济,1.0,1.0,3421.97,3319.66565,180,3029.5510000000004,,,False,,,,False,False,True,MAINLINE_RISE,True,7,0,0,False,200.75600000000003,185.3551,209.75680000000003,-0.021036719169064022,216.23600000000002,-0.07158844965685629,708017.1458372119,0,1.6507367451651103,1.6507367451651103,国产算力,1.484467109062578,1.484467109062578,26,0,False,0.07,0,HOLD,低空经济,NO_STRONGER_QUALIFIED_SECTOR,4,2,equal_capital,0.085,False,710526.3027069474
2024-11-13,低空经济,1.0,1.0,3439.278,3331.48215,180,3032.736416666666,,,False,,,,False,False,True,MAINLINE_RISE,True,8,0,0,False,206.66199999999998,189.6474,207.88060000000002,0.02941879694753813,216.23600000000002,-0.04427569877356241,708017.1458372119,0,1.7105515825718445,1.7105515825718445,国产算力,1.5436899702151872,1.5436899702151872,27,0,False,0.07,0,HOLD,低空经济,NO_STRONGER_QUALIFIED_SECTOR,5,2,equal_capital,0.085,False,714201.3843127815
2024-11-14,低空经济,1.0,1.0,3379.839,3342.0049,180,3035.343611111111,,,False,,,,False,False,True,MAINLINE_RISE,True,9,0,0,False,195.17000000000002,193.0704,203.83980000000003,-0.055607707270809215,216.23600000000002,-0.09742133594776081,708017.1458372119,0,1.5402888485518111,1.5402888485518111,国产算力,1.3778140964585677,1.3778140964585677,21,0,False,0.07,0,HOLD,低空经济,NO_STRONGER_QUALIFIED_SECTOR,6,2,equal_capital,0.085,False,688313.2291675751
2024-11-15,低空经济,1.0,1.0,3330.726,3345.46305,180,3037.610255555556,,,False,,,,False,False,False,MAINLINE_DECLINE,False,0,1,1,False,178.62,195.1618,200.0782,-0.08479786852487581,216.23600000000002,-0.17395808283542058,708017.1458372119,0,1.3057781156792798,1.3057781156792798,国产算力,1.26169530117988,1.26169530117988,8,0,False,0.07,0,SELL,,DOUBLE_MA20_BREAK,7,2,equal_capital,0.085,False,656687.89827051
2024-11-18,现金,0.0,0.0,3323.849,3348.25,180,3039.681883333333,,,False,,,,False,False,False,MAINLINE_DECLINE,False,0,2,2,False,,,,,,,,1,,,国产算力,1.210784463682992,1.210784463682992,2,0,False,0.07,0,CASH,,ENTRY_GATE_CLOSED_OR_NO_CANDIDATE,0,2,equal_capital,0.085,False,657172.5925067605
2024-11-19,现金,0.0,0.0,3346.01,3351.25715,180,3041.668838888889,,,False,,,,False,False,False,BROAD_DECLINE_OR_NO_LEADER,False,0,3,3,False,,,,,,,,1,,,,,,0,0,False,0.07,0,CASH,,ENTRY_GATE_CLOSED_OR_NO_CANDIDATE,0,2,equal_capital,0.085,False,657172.5925067605
2024-11-20,现金,0.0,0.0,3367.989,3354.51645,180,3043.686105555556,,,False,,,,False,False,True,BROAD_DECLINE_OR_NO_LEADER,False,0,4,0,False,,,,,,,,1,,,,,,0,0,False,0.07,0,CASH,,ENTRY_GATE_CLOSED_OR_NO_CANDIDATE,0,2,equal_capital,0.085,False,657172.5925067605
2024-11-21,现金,0.0,0.0,3370.404,3359.0235000000002,180,3045.8715611111115,,,False,,,,False,False,True,BROAD_DECLINE_OR_NO_LEADER,False,0,5,0,False,,,,,,,,1,,,,,,0,0,False,0.07,0,CASH,,ENTRY_GATE_CLOSED_OR_NO_CANDIDATE,0,2,equal_capital,0.085,False,657172.5925067605
2024-11-22,现金,0.0,0.0,3267.192,3357.3981,180,3047.269955555556,,,False,,,,False,False,False,BROAD_DECLINE_OR_NO_LEADER,False,0,6,1,False,,,,,,,,1,,,,,,0,0,False,0.07,0,CASH,,ENTRY_GATE_CLOSED_OR_NO_CANDIDATE,0,2,equal_capital,0.085,False,657172.5925067605
2024-11-25,现金,0.0,0.0,3263.76,3354.4762,180,3048.9694444444444,,,False,,,,False,False,False,MAINLINE_DECLINE,False,0,7,2,False,,,,,,,,1,,,液冷,1.1291706276519278,1.1291706276519278,1,0,False,0.07,0,CASH,,ENTRY_GATE_CLOSED_OR_NO_CANDIDATE,0,2,equal_capital,0.085,False,657172.5925067605
2024-11-26,现金,0.0,0.0,3259.757,3353.1436999999996,180,3050.3282555555556,,,False,,,,False,False,False,BROAD_DECLINE_OR_NO_LEADER,False,0,8,3,False,,,,,,,,1,,,,,,0,0,False,0.07,0,CASH,,ENTRY_GATE_CLOSED_OR_NO_CANDIDATE,0,2,equal_capital,0.085,False,657172.5925067605
2024-11-27,现金,0.0,0.0,3309.779,3355.3207500000003,180,3051.899138888889,,,False,,,,False,False,False,MAINLINE_DECLINE,False,0,9,4,False,,,,,,,,1,,,液冷,1.1569947119016553,1.1569947119016553,2,0,False,0.07,0,CASH,,ENTRY_GATE_CLOSED_OR_NO_CANDIDATE,0,2,equal_capital,0.085,False,657172.5925067605
2024-11-28,现金,0.0,0.0,3295.698,3356.11445,180,3053.323538888889,,,False,,,,False,False,False,MAINLINE_DECLINE,False,0,10,5,False,,,,,,,,1,,,液冷,1.1475712899200445,1.1475712899200445,1,0,False,0.07,0,CASH,,ENTRY_GATE_CLOSED_OR_NO_CANDIDATE,0,2,equal_capital,0.085,False,657172.5925067605
2024-11-29,现金,0.0,0.0,3326.456,3358.83655,180,3054.871666666667,,,False,,,,False,False,False,MAINLINE_DECLINE,False,0,11,6,False,,,,,,,,1,,,液冷,1.2210217775732175,1.2210217775732175,2,0,False,0.07,0,CASH,,ENTRY_GATE_CLOSED_OR_NO_CANDIDATE,0,2,equal_capital,0.085,False,657172.5925067605
2024-12-02,现金,0.0,0.0,3363.982,3361.5253,180,3056.67195,,,False,,,,False,False,True,MAINLINE_RISE,True,1,0,0,False,,,,,,,,1,,,液冷,1.1801816680429398,1.1801816680429398,3,0,False,0.07,0,BUY,液冷,ENTRY_TOP1,0,2,equal_capital,0.085,False,657172.5925067605
2024-12-03,液冷,1.0,1.0,3378.806,3361.11625,180,3058.6242,,,False,,,,False,False,True,MAINLINE_RISE,True,2,0,0,False,98.558,96.5205,99.2182,-0.01485346447563074,98.558,0.0,657172.5925067605,1,1.1064981138853962,1.1064981138853962,液冷,1.1064981138853962,1.1064981138853962,1,0,False,0.07,0,HOLD,液冷,NO_STRONGER_QUALIFIED_SECTOR,1,2,equal_capital,0.085,False,660778.3516315571
2024-12-04,液冷,1.0,1.0,3364.65,3360.15845,180,3060.394372222222,,,False,,,,False,False,True,MAINLINE_RISE,True,3,0,0,False,98.416,97.0244,99.23120000000002,-0.001440775989772658,98.558,-0.001440775989772658,657172.5925067605,1,1.1140845389300187,1.1140845389300187,液冷,1.1140845389300187,1.1140845389300187,1,0,False,0.07,0,HOLD,液冷,NO_STRONGER_QUALIFIED_SECTOR,2,2,equal_capital,0.085,False,651614.2954117118
2024-12-05,液冷,1.0,1.0,3368.855,3355.06815,180,3062.063261111111,,,False,,,,False,False,True,BROAD_DECLINE_OR_NO_LEADER,False,0,1,0,False,98.81800000000001,97.381,99.09920000000001,0.004084701674524682,98.81800000000001,0.0,657172.5925067605,1,1.0777872303296034,1.0777872303296034,,,,0,0,False,0.07,0,HOLD,液冷,NO_STRONGER_QUALIFIED_SECTOR,3,2,equal_capital,0.085,False,660806.6281445493
2024-12-06,液冷,1.0,1.0,3404.076,3352.6571000000004,180,3063.9973777777773,,,False,,,,False,False,True,NO_MAINLINE_ROTATION,False,0,2,0,False,98.17,97.5284,98.72380000000001,-0.0065575097654274606,98.81800000000001,-0.0065575097654274606,657172.5925067605,1,1.0309592321102268,1.0309592321102268,AIGC,1.128990266560161,1.128990266560161,1,0,False,0.07,1,HOLD,液冷,SWITCH_CONFIRM_1_OF_2,4,2,equal_capital,0.085,False,657629.7456389195
2024-12-09,液冷,1.0,1.0,3402.534,3349.2805,180,3065.9901500000005,,,False,,,,False,False,True,BROAD_DECLINE_OR_NO_LEADER,False,0,3,0,False,96.43799999999999,97.3255,98.6276,-0.017642864418865423,98.81800000000001,-0.024084680928575963,657172.5925067605,1,0.9596202833943639,0.9596202833943639,,,,0,0,False,0.07,0,HOLD,液冷,NO_STRONGER_QUALIFIED_SECTOR,5,2,equal_capital,0.085,False,658495.9714473229
2024-12-10,液冷,1.0,1.0,3422.661,3349.31505,180,3068.1258555555555,,,False,,,,False,False,True,NO_MAINLINE_ROTATION,False,0,4,0,False,94.86399999999999,97.1331,98.65200000000002,-0.016321367095957995,98.81800000000001,-0.040012953105709737,657172.5925067605,1,0.961017910689683,0.961017910689683,AIGC,1.1645139803941442,1.1645139803941442,1,0,False,0.07,1,HOLD,液冷,SWITCH_CONFIRM_1_OF_2,6,2,equal_capital,0.085,False,658653.8495411462
2024-12-11,液冷,1.0,1.0,3432.49,3348.9756500000003,180,3070.2250444444444,,,False,,,,False,False,True,BROAD_DECLINE_OR_NO_LEADER,False,0,5,0,False,96.83,97.03729999999999,98.2268,0.020724405464665363,98.81800000000001,-0.020117792305045734,657172.5925067605,1,0.9805966823972617,0.9805966823972617,,,,0,0,False,0.07,0,HOLD,液冷,NO_STRONGER_QUALIFIED_SECTOR,7,2,equal_capital,0.085,False,687947.4652575256
2024-12-12,液冷,1.0,1.0,3461.5,3353.0587,180,3072.3171222222227,,,False,,,,False,False,True,NO_MAINLINE_ROTATION,False,0,6,0,False,98.58200000000001,97.2686,98.15299999999999,0.0180935660435817,98.81800000000001,-0.0023882288651865258,657172.5925067605,1,1.0492358125079826,1.0492358125079826,纺织服饰,1.1455000963576796,1.1455000963576796,2,0,False,0.07,1,HOLD,液冷,SWITCH_CONFIRM_1_OF_2,0,2,equal_capital,0.085,False,689931.6334175345
2024-12-13,液冷,1.0,1.0,3391.878,3356.1163,180,3074.145577777778,,,False,,,,False,False,True,MAINLINE_RISE,True,1,0,0,False,98.814,97.6833,97.9534,0.0023533707979142005,98.81800000000001,-4.0478455342385367e-05,657172.5925067605,1,1.0916261599646486,1.0916261599646486,商贸零售,1.1336355845520139,1.1336355845520139,2,0,False,0.07,0,HOLD,液冷,NO_STRONGER_QUALIFIED_SECTOR,0,2,equal_capital,0.085,False,705220.1719847833
2024-12-16,液冷,1.0,1.0,3386.331,3359.2404,180,3075.8491611111112,,,False,,,,False,False,True,MAINLINE_RISE,True,2,0,0,False,97.52000000000001,98.11580000000001,97.701,-0.013095310381119885,98.81800000000001,-0.013135258758525836,657172.5925067605,1,1.0973331833014517,1.0973331833014517,商贸零售,1.157428366366698,1.157428366366698,4,0,False,0.07,0,HOLD,液冷,NO_STRONGER_QUALIFIED_SECTOR,1,2,equal_capital,0.085,False,687439.5365522177
2024-12-17,液冷,1.0,1.0,3361.485,3360.01415,180,3077.4290055555557,,,False,,,,False,False,True,MAINLINE_RISE,True,3,0,0,False,93.232,98.1933,97.16839999999999,-0.04397046759639056,98.81800000000001,-0.05652816288530438,657172.5925067605,1,1.016906262952379,1.016906262952379,纺织服饰,1.155888008253998,1.155888008253998,2,0,False,0.07,1,HOLD,液冷,SWITCH_CONFIRM_1_OF_2,2,2,equal_capital,0.085,False,647458.2051482581
2024-12-18,液冷,1.0,1.0,3382.208,3360.7251000000006,180,3079.285527777778,,,False,,,,False,False,True,MAINLINE_RISE,True,4,0,0,False,93.616,97.9598,96.6884,0.004118757508151605,98.81800000000001,-0.05264223117245859,657172.5925067605,1,0.9524856032395255,0.9524856032395255,纺织服饰,1.1020676485780025,1.1020676485780025,1,0,False,0.07,0,SWITCH,纺织服饰,STRONGER_RS20_MARGIN_7%,3,2,equal_capital,0.085,False,650711.3616460538
2024-12-19,纺织服饰,1.0,1.0,3370.033,3360.70655,180,3081.195122222223,,,False,,,,False,False,True,MAINLINE_RISE,True,5,0,0,False,138.44799999999998,134.8339,139.798,-0.016844198267291888,138.44799999999998,0.0,657172.5925067605,1,1.0808143892080937,1.0808143892080937,PCB,1.1230251449740318,1.1230251449740318,2,0,False,0.07,0,HOLD,纺织服饰,NO_STRONGER_QUALIFIED_SECTOR,1,2,equal_capital,0.085,False,639149.8353974889
2024-12-20,纺织服饰,1.0,1.0,3368.069,3365.7504,180,3083.0650555555553,,,False,,,,False,False,True,MAINLINE_RISE,True,6,0,0,False,139.42000000000002,135.6068,140.33280000000002,0.007020686467121395,139.42000000000002,0.0,657172.5925067605,1,1.1246995046869201,1.1246995046869201,存储,1.1977759527248357,1.1977759527248357,6,0,False,0.07,0,HOLD,纺织服饰,NO_STRONGER_QUALIFIED_SECTOR,2,2,equal_capital,0.085,False,645732.750033135
2024-12-23,纺织服饰,1.0,1.0,3351.257,3370.12525,180,3085.0546000000004,,,False,,,,False,False,False,MAINLINE_DECLINE,False,0,1,1,False,139.91799999999998,136.31199999999998,140.927,0.003571940898005721,139.91799999999998,0.0,657172.5925067605,1,1.1121019918292079,1.1121019918292079,存储,1.1753449721735154,1.1753449721735154,5,0,False,0.07,0,HOLD,纺织服饰,NO_STRONGER_QUALIFIED_SECTOR,3,2,equal_capital,0.085,False,639304.8947232773
2024-12-24,纺织服饰,1.0,1.0,3393.528,3376.8138,180,3087.1816222222224,,,False,,,,False,False,True,MAINLINE_RISE,True,1,0,0,False,140.752,137.0547,141.56,0.00596063408567904,140.752,0.0,657172.5925067605,1,1.1179844000698982,1.1179844000698982,存储,1.1982757790300054,1.1982757790300054,6,0,False,0.07,1,HOLD,纺织服饰,SWITCH_CONFIRM_1_OF_2,4,2,equal_capital,0.085,False,645333.7544264575
2024-12-25,纺织服饰,1.0,1.0,3393.35,3380.9923500000004,180,3089.1381944444443,,,False,,,,False,False,True,MAINLINE_RISE,True,2,0,0,False,140.288,137.6259,141.75799999999998,-0.003296578378992776,140.752,-0.003296578378992776,657172.5925067605,1,1.0886516016886023,1.0886516016886023,存储,1.159918211917424,1.159918211917424,2,0,False,0.07,0,HOLD,纺织服饰,NO_STRONGER_QUALIFIED_SECTOR,5,2,equal_capital,0.085,False,634468.7058445478
2024-12-26,纺织服饰,1.0,1.0,3398.077,3386.1112999999996,180,3090.9198499999998,,,False,,,,False,False,True,MAINLINE_RISE,True,3,0,0,False,139.39999999999998,138.11139999999997,141.4324,-0.006329835766423542,140.752,-0.009605547345686305,657172.5925067605,1,1.0748708458632121,1.0748708458632121,PCB,1.2451807685505674,1.2451807685505674,5,0,False,0.07,1,HOLD,纺织服饰,SWITCH_CONFIRM_1_OF_2,6,2,equal_capital,0.085,False,629628.7471970767
2024-12-27,纺织服饰,1.0,1.0,3400.142,3389.7956,180,3092.7264222222225,,,False,,,,False,False,True,MAINLINE_RISE,True,4,0,0,False,141.762,138.53640000000001,141.4916,0.01694404591104748,141.762,0.0,657172.5925067605,1,1.063784124506611,1.063784124506611,PCB,1.2000491491061003,1.2000491491061003,4,0,False,0.07,0,SWITCH,PCB,STRONGER_RS20_MARGIN_7%,0,2,equal_capital,0.085,False,633369.8742620436
2024-12-30,PCB,1.0,1.0,3407.326,3391.9628,180,3094.6043666666665,,,False,,,,False,False,True,MAINLINE_RISE,True,5,0,0,False,193.494,178.2976,187.1632,-0.009409620543484709,193.494,0.0,657172.5925067605,1,1.157205396870963,1.157205396870963,存储,1.1647387939522769,1.1647387939522769,4,0,False,0.07,0,HOLD,PCB,NO_STRONGER_QUALIFIED_SECTOR,0,2,equal_capital,0.085,False,631831.9269809313
2024-12-31,PCB,1.0,1.0,3351.763,3390.61065,180,3096.2972000000004,,,False,,,,False,False,False,MAINLINE_DECLINE,False,0,1,1,False,183.75400000000005,179.2018,187.2842,-0.05033747816469736,193.494,-0.05033747816469736,657172.5925067605,1,1.1091567574093077,1.1091567574093077,液冷,1.14578217902149,1.14578217902149,3,0,False,0.07,0,HOLD,PCB,NO_STRONGER_QUALIFIED_SECTOR,1,2,equal_capital,0.085,False,603645.8067590571
2025-01-02,PCB,1.0,1.0,3262.561,3385.5062,180,3097.4862222222223,,,False,,,,False,False,False,MAINLINE_DECLINE,False,0,2,2,False,179.894,179.9733,187.1788,-0.021006345440099494,193.494,-0.0702864171498857,657172.5925067605,1,1.093819924117132,1.093819924117132,液冷,1.1106527393919687,1.1106527393919687,1,0,False,0.07,0,SELL,,DOUBLE_MA20_BREAK,2,2,equal_capital,0.085,False,590543.3494032475
2025-01-03,现金,0.0,0.0,3211.43,3377.6349500000006,180,3098.5089722222224,,,False,,,,False,False,False,BROAD_DECLINE_OR_NO_LEADER,False,0,3,3,False,,,,,,,,2,,,,,,0,0,False,0.07,0,CASH,,ENTRY_GATE_CLOSED_OR_NO_CANDIDATE,0,2,equal_capital,0.085,False,592931.5593714719
2025-01-06,现金,0.0,0.0,3206.923,3367.7773,180,3099.4682888888888,,,False,,,,False,False,False,BROAD_DECLINE_OR_NO_LEADER,False,0,4,4,False,,,,,,,,2,,,,,,0,0,False,0.07,0,CASH,,ENTRY_GATE_CLOSED_OR_NO_CANDIDATE,0,2,equal_capital,0.085,False,592931.5593714719
2025-01-07,现金,0.0,0.0,3229.644,3359.1328000000003,180,3100.6359,,,False,,,,False,False,False,BROAD_DECLINE_OR_NO_LEADER,False,0,5,5,False,,,,,,,,2,,,,,,0,0,False,0.07,0,CASH,,ENTRY_GATE_CLOSED_OR_NO_CANDIDATE,0,2,equal_capital,0.085,False,592931.5593714719
2025-01-08,现金,0.0,0.0,3230.168,3349.50815,180,3101.5958444444445,,,False,,,,False,False,False,BROAD_DECLINE_OR_NO_LEADER,False,0,6,6,False,,,,,,,,2,,,,,,0,0,False,0.07,0,CASH,,ENTRY_GATE_CLOSED_OR_NO_CANDIDATE,0,2,equal_capital,0.085,False,592931.5593714719
2025-01-09,现金,0.0,0.0,3211.393,3338.4532999999997,180,3102.730983333333,,,False,,,,False,False,False,BROAD_DECLINE_OR_NO_LEADER,False,0,7,7,False,,,,,,,,2,,,,,,0,0,False,0.07,0,CASH,,ENTRY_GATE_CLOSED_OR_NO_CANDIDATE,0,2,equal_capital,0.085,False,592931.5593714719
2025-01-10,现金,0.0,0.0,3168.524,3323.8044999999997,180,3103.2706666666663,,,False,,,,False,False,False,MAINLINE_DECLINE,False,0,8,8,False,,,,,,,,2,,,PCB,1.1423444000326288,1.1423444000326288,1,0,False,0.07,0,CASH,,ENTRY_GATE_CLOSED_OR_NO_CANDIDATE,0,2,equal_capital,0.085,False,592931.5593714719
2025-01-13,现金,0.0,0.0,3160.755,3312.2483500000003,180,3103.751388888889,,,False,,,,False,False,False,MAINLINE_DECLINE,False,0,9,9,False,,,,,,,,2,,,PCB,1.1136382316679387,1.1136382316679387,1,0,False,0.07,0,CASH,,ENTRY_GATE_CLOSED_OR_NO_CANDIDATE,0,2,equal_capital,0.085,False,592931.5593714719
2025-01-14,现金,0.0,0.0,3240.94,3304.9788,180,3104.7273833333334,,,False,,,,False,False,False,MAINLINE_DECLINE,False,0,10,10,False,,,,,,,,2,,,液冷,1.1667145200984412,1.1667145200984412,2,0,False,0.07,0,CASH,,ENTRY_GATE_CLOSED_OR_NO_CANDIDATE,0,2,equal_capital,0.085,False,592931.5593714719
2025-01-15,现金,0.0,0.0,3227.117,3298.2604,180,3105.7413944444443,,,False,,,,False,False,False,MAINLINE_DECLINE,False,0,11,11,False,,,,,,,,2,,,液冷,1.1911360906126653,1.1911360906126653,1,0,False,0.07,0,CASH,,ENTRY_GATE_CLOSED_OR_NO_CANDIDATE,0,2,equal_capital,0.085,False,592931.5593714719
2025-01-16,现金,0.0,0.0,3236.032,3290.9516000000003,180,3106.9305833333333,,,False,,,,False,False,False,BROAD_DECLINE_OR_NO_LEADER,False,0,12,12,False,,,,,,,,2,,,,,,0,0,False,0.07,0,CASH,,ENTRY_GATE_CLOSED_OR_NO_CANDIDATE,0,2,equal_capital,0.085,False,592931.5593714719
2025-01-17,现金,0.0,0.0,3241.821,3284.541,180,3108.025022222222,,,False,,,,False,False,False,BROAD_DECLINE_OR_NO_LEADER,False,0,13,13,False,,,,,,,,2,,,,,,0,0,False,0.07,0,CASH,,ENTRY_GATE_CLOSED_OR_NO_CANDIDATE,0,2,equal_capital,0.085,False,592931.5593714719
2025-01-20,现金,0.0,0.0,3244.378,3278.35645,180,3109.088788888889,,,False,,,,False,False,False,MAINLINE_DECLINE,False,0,14,14,False,,,,,,,,2,,,PCB,1.128521772922559,1.128521772922559,1,0,False,0.07,0,CASH,,ENTRY_GATE_CLOSED_OR_NO_CANDIDATE,0,2,equal_capital,0.085,False,592931.5593714719
2025-01-21,现金,0.0,0.0,3242.623,3272.9247499999997,180,3109.9442722222225,,,False,,,,False,False,False,MAINLINE_DECLINE,False,0,15,15,False,,,,,,,,2,,,PCB,1.1694162157406187,1.1694162157406187,4,0,False,0.07,0,CASH,,ENTRY_GATE_CLOSED_OR_NO_CANDIDATE,0,2,equal_capital,0.085,False,592931.5593714719
2025-01-22,现金,0.0,0.0,3213.624,3263.92955,180,3110.503055555556,,,False,,,,False,False,False,MAINLINE_DECLINE,False,0,16,16,False,,,,,,,,2,,,PCB,1.2341324893783059,1.2341324893783059,3,0,False,0.07,0,CASH,,ENTRY_GATE_CLOSED_OR_NO_CANDIDATE,0,2,equal_capital,0.085,False,592931.5593714719
2025-01-23,现金,0.0,0.0,3230.164,3255.77025,180,3111.199383333333,,,False,,,,False,False,False,MAINLINE_DECLINE,False,0,17,17,False,,,,,,,,2,,,PCB,1.2153150913002586,1.2153150913002586,2,0,False,0.07,0,CASH,,ENTRY_GATE_CLOSED_OR_NO_CANDIDATE,0,2,equal_capital,0.085,False,592931.5593714719
2025-01-24,现金,0.0,0.0,3252.626,3248.4977,180,3111.8210833333337,,,False,,,,False,False,True,NO_MAINLINE_ROTATION,False,0,18,0,False,,,,,,,,2,,,PCB,1.1443730914772092,1.1443730914772092,1,0,False,0.07,0,BUY,PCB,ENTRY_TOP1,0,2,equal_capital,0.085,False,592931.5593714719
2025-01-27,PCB,1.0,1.0,3250.601,3241.02065,180,3112.392544444444,,,False,,,,False,False,True,BROAD_DECLINE_OR_NO_LEADER,False,0,19,0,False,214.20999999999998,198.3313,209.16040000000004,-0.050504423680431176,214.20999999999998,0.0,592931.5593714719,2,1.0966457108922245,1.0966457108922245,,,,0,0,False,0.07,0,HOLD,PCB,NO_STRONGER_QUALIFIED_SECTOR,0,2,equal_capital,0.085,False,578007.8769420594
2025-02-05,PCB,1.0,1.0,3229.488,3232.12875,180,3112.9537,,,False,,,,False,False,False,MAINLINE_DECLINE,False,0,20,1,False,192.57799999999997,198.2855,208.77579999999998,-0.10098501470519583,214.20999999999998,-0.10098501470519583,592931.5593714719,2,0.9952660030801987,0.9952660030801987,汽车零部件,1.1457205974747164,1.1457205974747164,4,0,False,0.07,0,SELL,,DOUBLE_MA20_BREAK,1,2,equal_capital,0.085,False,528192.6583010295
2025-02-06,现金,0.0,0.0,3270.659,3228.07355,180,3113.600027777777,,,False,,,,False,False,True,NO_MAINLINE_ROTATION,False,0,21,0,False,,,,,,,,3,,,汽车零部件,1.272495597223661,1.272495597223661,10,0,False,0.07,0,CASH,,ENTRY_GATE_CLOSED_OR_NO_CANDIDATE,0,2,equal_capital,0.085,False,532739.0030377446
2025-02-07,现金,0.0,0.0,3303.667,3230.12885,180,3114.4284722222224,,,False,,,,False,False,True,NO_MAINLINE_ROTATION,False,0,22,0,False,,,,,,,,3,,,汽车零部件,1.3359085753418793,1.3359085753418793,17,0,False,0.07,0,CASH,,ENTRY_GATE_CLOSED_OR_NO_CANDIDATE,0,2,equal_capital,0.085,False,532739.0030377446
2025-02-10,现金,0.0,0.0,3322.17,3235.6658500000003,180,3115.3959666666665,,,False,,,,False,False,True,NO_MAINLINE_ROTATION,False,0,23,0,False,,,,,,,,3,,,传媒,1.3638647393826204,1.3638647393826204,19,0,False,0.07,0,CASH,,ENTRY_GATE_CLOSED_OR_NO_CANDIDATE,0,2,equal_capital,0.085,False,532739.0030377446
2025-02-11,现金,0.0,0.0,3318.057,3241.22255,180,3116.3530944444447,,,False,,,,False,False,True,MAINLINE_RISE,True,1,0,0,False,,,,,,,,3,,,传媒,1.5005876853212234,1.5005876853212234,19,0,False,0.07,0,CASH,,ENTRY_GATE_CLOSED_OR_NO_CANDIDATE,0,2,equal_capital,0.085,False,532739.0030377446
2025-02-12,现金,0.0,0.0,3346.385,3247.0596,180,3117.6113333333337,,,False,,,,False,False,True,MAINLINE_RISE,True,2,0,0,False,,,,,,,,3,,,传媒,1.629264833346466,1.629264833346466,18,0,False,0.07,0,CASH,,ENTRY_GATE_CLOSED_OR_NO_CANDIDATE,0,2,equal_capital,0.085,False,532739.0030377446
2025-02-13,现金,0.0,0.0,3332.483,3252.1753500000004,180,3118.778455555556,,,False,,,,False,False,True,MAINLINE_RISE,True,3,0,0,False,,,,,,,,3,,,传媒,1.8362098495428316,1.8362098495428316,19,0,False,0.07,0,CASH,,ENTRY_GATE_CLOSED_OR_NO_CANDIDATE,0,2,equal_capital,0.085,False,532739.0030377446
2025-02-14,现金,0.0,0.0,3346.724,3258.9419,180,3119.8489999999997,,,False,,,,False,False,True,MAINLINE_RISE,True,4,0,0,False,,,,,,,,3,,,传媒,2.0794172808199276,2.0794172808199276,17,0,False,0.07,0,CASH,,ENTRY_GATE_CLOSED_OR_NO_CANDIDATE,0,2,equal_capital,0.085,False,532739.0030377446
2025-02-17,现金,0.0,0.0,3355.83,3268.3072,180,3120.8750277777776,,,False,,,,False,False,True,MAINLINE_RISE,True,5,0,0,False,,,,,,,,3,,,传媒,1.9047509412497632,1.9047509412497632,22,0,False,0.07,0,CASH,,ENTRY_GATE_CLOSED_OR_NO_CANDIDATE,0,2,equal_capital,0.085,False,532739.0030377446
2025-02-18,现金,0.0,0.0,3324.491,3276.494,180,3121.800166666667,,,False,,,,False,False,True,MAINLINE_RISE,True,6,0,0,False,,,,,,,,3,,,传媒,1.7838385464890036,1.7838385464890036,18,0,False,0.07,0,CASH,,ENTRY_GATE_CLOSED_OR_NO_CANDIDATE,0,2,equal_capital,0.085,False,532739.0030377446
2025-02-19,现金,0.0,0.0,3351.539,3282.0239500000002,180,3122.8723833333333,,,False,,,,False,False,True,MAINLINE_RISE,True,7,0,0,False,,,,,,,,3,,,传媒,1.767763005631702,1.767763005631702,15,0,False,0.07,0,CASH,,ENTRY_GATE_CLOSED_OR_NO_CANDIDATE,0,2,equal_capital,0.085,False,532739.0030377446
2025-02-20,现金,0.0,0.0,3350.783,3288.2072500000004,180,3124.1745833333334,,,False,,,,False,False,True,MAINLINE_RISE,True,8,0,0,False,,,,,,,,3,,,传媒,1.7043482758174835,1.7043482758174835,17,0,False,0.07,0,CASH,,ENTRY_GATE_CLOSED_OR_NO_CANDIDATE,0,2,equal_capital,0.085,False,532739.0030377446
2025-02-21,现金,0.0,0.0,3379.113,3295.3612999999996,180,3125.787038888889,,,False,,,,False,False,True,MAINLINE_RISE,True,9,0,0,False,,,,,,,,3,,,传媒,1.7430605623648163,1.7430605623648163,18,0,False,0.07,0,CASH,,ENTRY_GATE_CLOSED_OR_NO_CANDIDATE,0,2,equal_capital,0.085,False,532739.0030377446
2025-02-24,现金,0.0,0.0,3373.028,3301.92165,180,3127.170288888889,,,False,,,,False,False,True,MAINLINE_RISE,True,10,0,0,False,,,,,,,,3,,,网络安全,1.4990084985835692,1.4990084985835692,18,0,False,0.07,0,CASH,,ENTRY_GATE_CLOSED_OR_NO_CANDIDATE,0,2,equal_capital,0.085,False,532739.0030377446
2025-02-25,现金,0.0,0.0,3346.04,3307.00475,180,3128.484,,,False,,,,False,False,True,MAINLINE_RISE,True,11,0,0,False,,,,,,,,3,,,网络安全,1.4577053106071278,1.4577053106071278,17,0,False,0.07,0,CASH,,ENTRY_GATE_CLOSED_OR_NO_CANDIDATE,0,2,equal_capital,0.085,False,532739.0030377446
2025-02-26,现金,0.0,0.0,3380.214,3313.8843,180,3129.979533333333,,,False,,,,False,False,True,MAINLINE_RISE,True,12,0,0,False,,,,,,,,3,,,网络安全,1.5060612581593855,1.5060612581593855,19,0,False,0.07,0,CASH,,ENTRY_GATE_CLOSED_OR_NO_CANDIDATE,0,2,equal_capital,0.085,False,532739.0030377446
2025-02-27,现金,0.0,0.0,3388.062,3322.6061999999997,180,3131.6261111111107,,,False,,,,False,False,True,MAINLINE_RISE,True,13,0,0,False,,,,,,,,3,,,网络安全,1.4453012912482068,1.4453012912482068,17,0,False,0.07,0,CASH,,ENTRY_GATE_CLOSED_OR_NO_CANDIDATE,0,2,equal_capital,0.085,False,532739.0030377446
2025-02-28,现金,0.0,0.0,3320.897,3327.14285,180,3132.9265777777778,,,False,,,,False,False,False,MAINLINE_DECLINE,False,0,1,1,False,,,,,,,,3,,,网络安全,1.3540334964110987,1.3540334964110987,9,0,False,0.07,0,CASH,,ENTRY_GATE_CLOSED_OR_NO_CANDIDATE,0,2,equal_capital,0.085,False,532739.0030377446
2025-03-03,现金,0.0,0.0,3316.925,3330.3578,180,3134.251222222222,,,False,,,,False,False,False,MAINLINE_DECLINE,False,0,2,2,False,,,,,,,,3,,,AI医疗,1.2243602633709212,1.2243602633709212,5,0,False,0.07,0,CASH,,ENTRY_GATE_CLOSED_OR_NO_CANDIDATE,0,2,equal_capital,0.085,False,532739.0030377446
2025-03-04,现金,0.0,0.0,3324.21,3334.03825,180,3135.5457277777773,,,False,,,,False,False,False,MAINLINE_DECLINE,False,0,3,3,False,,,,,,,,3,,,机器人,1.2050537144895364,1.2050537144895364,3,0,False,0.07,0,CASH,,ENTRY_GATE_CLOSED_OR_NO_CANDIDATE,0,2,equal_capital,0.085,False,532739.0030377446
2025-03-05,现金,0.0,0.0,3341.965,3339.6621,180,3137.082183333334,,,False,,,,False,False,True,MAINLINE_RISE,True,1,0,0,False,,,,,,,,3,,,工程机械,1.2240336891051757,1.2240336891051757,1,0,False,0.07,0,CASH,,ENTRY_GATE_CLOSED_OR_NO_CANDIDATE,0,2,equal_capital,0.085,False,532739.0030377446
2025-03-06,现金,0.0,0.0,3381.098,3345.18405,180,3138.928316666667,,,False,,,,False,False,True,MAINLINE_RISE,True,2,0,0,False,,,,,,,,3,,,工程机械,1.2207265926093855,1.2207265926093855,1,0,False,0.07,0,CASH,,ENTRY_GATE_CLOSED_OR_NO_CANDIDATE,0,2,equal_capital,0.085,False,532739.0030377446
2025-03-07,现金,0.0,0.0,3372.546,3348.6279999999997,180,3140.7131333333336,,,False,,,,False,False,True,MAINLINE_RISE,True,3,0,0,False,,,,,,,,3,,,网络安全,1.2799472295514513,1.2799472295514513,3,0,False,0.07,0,CASH,,ENTRY_GATE_CLOSED_OR_NO_CANDIDATE,0,2,equal_capital,0.085,False,532739.0030377446
2025-03-10,现金,0.0,0.0,3366.163,3350.82765,180,3142.5915666666665,,,False,,,,False,False,True,MAINLINE_RISE,True,4,0,0,False,,,,,,,,3,,,工程机械,1.2157207610672311,1.2157207610672311,3,0,False,0.07,0,CASH,,ENTRY_GATE_CLOSED_OR_NO_CANDIDATE,0,2,equal_capital,0.085,False,532739.0030377446
2025-03-11,现金,0.0,0.0,3379.828,3353.9161999999997,180,3144.493566666667,,,False,,,,False,False,True,MAINLINE_RISE,True,5,0,0,False,,,,,,,,3,,,工程机械,1.2145626113017418,1.2145626113017418,7,0,False,0.07,0,CASH,,ENTRY_GATE_CLOSED_OR_NO_CANDIDATE,0,2,equal_capital,0.085,False,532739.0030377446
2025-03-12,现金,0.0,0.0,3371.924,3355.19315,180,3146.39915,,,False,,,,False,False,True,MAINLINE_RISE,True,6,0,0,False,,,,,,,,3,,,工程机械,1.1852366633496303,1.1852366633496303,3,0,False,0.07,0,CASH,,ENTRY_GATE_CLOSED_OR_NO_CANDIDATE,0,2,equal_capital,0.085,False,532739.0030377446
2025-03-13,现金,0.0,0.0,3358.729,3356.5054499999997,180,3148.210794444444,,,False,,,,False,False,True,MAINLINE_RISE,True,7,0,0,False,,,,,,,,3,,,工程机械,1.1791171060029588,1.1791171060029588,2,0,False,0.07,0,BUY,工程机械,ENTRY_TOP1,0,2,equal_capital,0.085,False,532739.0030377446
2025-03-14,工程机械,1.0,1.0,3419.562,3360.14735,180,3150.4534111111116,,,False,,,,False,False,True,MAINLINE_RISE,True,8,0,0,False,438.9839999999999,414.1245,433.1526,0.01613844059887204,438.9839999999999,0.0,532739.0030377446,3,1.158764432290319,1.158764432290319,液冷,1.2102698327966526,1.2102698327966526,3,0,False,0.07,0,HOLD,工程机械,NO_STRONGER_QUALIFIED_SECTOR,0,2,equal_capital,0.085,False,542280.1960948047
2025-03-17,工程机械,1.0,1.0,3426.129,3363.6623,180,3152.652761111111,,,False,,,,False,False,True,MAINLINE_RISE,True,9,0,0,False,435.686,416.9045,435.384,-0.007512802288921594,438.9839999999999,-0.007512802288921594,532739.0030377446,3,1.1462826833927058,1.1462826833927058,工程机械,1.1462826833927058,1.1462826833927058,3,0,False,0.07,0,HOLD,工程机械,NO_STRONGER_QUALIFIED_SECTOR,0,2,equal_capital,0.085,False,536418.5857434259
2025-03-18,工程机械,1.0,1.0,3429.759,3368.9257,180,3154.9400388888885,,,False,,,,False,False,True,MAINLINE_RISE,True,10,0,0,False,430.456,419.58820000000003,437.17740000000003,-0.012004057968353243,438.9839999999999,-0.01942667614309379,532739.0030377446,3,1.1424537265580628,1.1424537265580628,液冷,1.1461406689174578,1.1461406689174578,5,0,False,0.07,0,HOLD,工程机械,NO_STRONGER_QUALIFIED_SECTOR,1,2,equal_capital,0.085,False,534236.7310825035
2025-03-19,工程机械,1.0,1.0,3426.429,3372.6701999999996,180,3157.278883333333,,,False,,,,False,False,True,MAINLINE_RISE,True,11,0,0,False,431.14399999999995,421.6318,437.33140000000003,0.0015983050532457632,438.9839999999999,-0.017859420844495433,532739.0030377446,3,1.1047269596589042,1.1047269596589042,社会服务,1.1121681295317014,1.1121681295317014,3,0,False,0.07,0,HOLD,工程机械,NO_STRONGER_QUALIFIED_SECTOR,2,2,equal_capital,0.085,False,535067.7747365853
2025-03-20,工程机械,1.0,1.0,3408.948,3375.57845,180,3159.5611611111117,,,False,,,,False,False,True,MAINLINE_RISE,True,12,0,0,False,428.828,423.3755,437.13719999999995,-0.005371755144452872,438.9839999999999,-0.02313523955314989,532739.0030377446,3,1.0885230255308993,1.0885230255308993,社会服务,1.1022105434252587,1.1022105434252587,2,0,False,0.07,0,HOLD,工程机械,NO_STRONGER_QUALIFIED_SECTOR,3,2,equal_capital,0.085,False,532291.6810655162
2025-03-21,工程机械,1.0,1.0,3364.831,3374.86435,180,3161.7930055555557,,,False,,,,False,False,False,MAINLINE_DECLINE,False,0,1,1,False,423.418,424.7326,435.4152,-0.012615780685962585,438.9839999999999,-0.03545915113079279,532739.0030377446,3,1.0684926667272308,1.0684926667272308,风电设备,1.1221411192214108,1.1221411192214108,1,0,False,0.07,0,SELL,,DOUBLE_MA20_BREAK,4,2,equal_capital,0.085,False,525614.0581214919
2025-03-24,现金,0.0,0.0,3370.028,3374.7143499999997,180,3164.1265166666662,,,False,,,,False,False,False,MAINLINE_DECLINE,False,0,2,2,False,,,,,,,,4,,,风电设备,1.1298912822183313,1.1298912822183313,1,0,False,0.07,0,CASH,,ENTRY_GATE_CLOSED_OR_NO_CANDIDATE,0,2,equal_capital,0.085,False,526977.449666338
2025-03-25,现金,0.0,0.0,3369.976,3375.91115,180,3166.334577777778,,,False,,,,False,False,False,MAINLINE_DECLINE,False,0,3,3,False,,,,,,,,4,,,有色金属,1.1159292035398227,1.1159292035398227,2,0,False,0.07,0,CASH,,ENTRY_GATE_CLOSED_OR_NO_CANDIDATE,0,2,equal_capital,0.085,False,526977.449666338
2025-03-26,现金,0.0,0.0,3368.697,3375.3353,180,3168.683716666667,,,False,,,,False,False,False,MAINLINE_DECLINE,False,0,4,4,False,,,,,,,,4,,,社会服务,1.1113885979752411,1.1113885979752411,1,0,False,0.07,0,CASH,,ENTRY_GATE_CLOSED_OR_NO_CANDIDATE,0,2,equal_capital,0.085,False,526977.449666338
2025-03-27,现金,0.0,0.0,3373.749,3374.6196499999996,180,3170.9411944444446,,,False,,,,False,False,False,BROAD_DECLINE_OR_NO_LEADER,False,0,5,5,False,,,,,,,,4,,,,,,0,0,False,0.07,0,CASH,,ENTRY_GATE_CLOSED_OR_NO_CANDIDATE,0,2,equal_capital,0.085,False,526977.449666338
2025-03-28,现金,0.0,0.0,3351.307,3376.14015,180,3172.9221777777775,,,False,,,,False,False,False,BROAD_DECLINE_OR_NO_LEADER,False,0,6,6,False,,,,,,,,4,,,,,,0,0,False,0.07,0,CASH,,ENTRY_GATE_CLOSED_OR_NO_CANDIDATE,0,2,equal_capital,0.085,False,526977.449666338
2025-03-31,现金,0.0,0.0,3335.746,3377.0811999999996,180,3174.8040388888885,,,False,,,,False,False,False,MAINLINE_DECLINE,False,0,7,7,False,,,,,,,,4,,,家用电器,1.1052466490541364,1.1052466490541364,1,0,False,0.07,0,CASH,,ENTRY_GATE_CLOSED_OR_NO_CANDIDATE,0,2,equal_capital,0.085,False,526977.449666338
2025-04-01,现金,0.0,0.0,3348.435,3378.29245,180,3176.8376999999996,,,False,,,,False,False,False,BROAD_DECLINE_OR_NO_LEADER,False,0,8,8,False,,,,,,,,4,,,,,,0,0,False,0.07,0,CASH,,ENTRY_GATE_CLOSED_OR_NO_CANDIDATE,0,2,equal_capital,0.085,False,526977.449666338
2025-04-02,现金,0.0,0.0,3350.127,3378.70055,180,3179.018588888889,,,False,,,,False,False,False,BROAD_DECLINE_OR_NO_LEADER,False,0,9,9,False,,,,,,,,4,,,,,,0,0,False,0.07,0,CASH,,ENTRY_GATE_CLOSED_OR_NO_CANDIDATE,0,2,equal_capital,0.085,False,526977.449666338
2025-04-03,现金,0.0,0.0,3342.008,3376.74605,180,3181.1967833333333,,,False,,,,False,False,False,BROAD_DECLINE_OR_NO_LEADER,False,0,10,10,False,,,,,,,,4,,,,,,0,0,False,0.07,0,CASH,,ENTRY_GATE_CLOSED_OR_NO_CANDIDATE,0,2,equal_capital,0.085,False,526977.449666338
2025-04-07,现金,0.0,0.0,3096.576,3362.94755,180,3182.16415,,,False,,,,False,False,False,BROAD_DECLINE_OR_NO_LEADER,False,0,11,11,False,,,,,,,,4,,,,,,0,0,False,0.07,0,CASH,,ENTRY_GATE_CLOSED_OR_NO_CANDIDATE,0,2,equal_capital,0.085,False,526977.449666338
2025-04-08,现金,0.0,0.0,3145.549,3351.91685,180,3183.1984666666667,,,False,,,,False,False,False,MAINLINE_DECLINE,False,0,12,12,False,,,,,,,,4,,,农业种植,1.1879446055600644,1.1879446055600644,1,0,False,0.07,0,CASH,,ENTRY_GATE_CLOSED_OR_NO_CANDIDATE,0,2,equal_capital,0.085,False,526977.449666338
2025-04-09,现金,0.0,0.0,3186.81,3342.26595,180,3184.573166666666,,,False,,,,False,False,False,MAINLINE_DECLINE,False,0,13,13,False,,,,,,,,4,,,农业种植,1.200586262816879,1.200586262816879,1,0,False,0.07,0,CASH,,ENTRY_GATE_CLOSED_OR_NO_CANDIDATE,0,2,equal_capital,0.085,False,526977.449666338
2025-04-10,现金,0.0,0.0,3223.638,3334.8516499999996,180,3185.9801166666666,,,False,,,,False,False,False,MAINLINE_DECLINE,False,0,14,14,False,,,,,,,,4,,,农业种植,1.2056638614825608,1.2056638614825608,1,0,False,0.07,0,CASH,,ENTRY_GATE_CLOSED_OR_NO_CANDIDATE,0,2,equal_capital,0.085,False,526977.449666338
2025-04-11,现金,0.0,0.0,3238.227,3328.82655,180,3187.4630722222223,,,False,,,,False,False,False,MAINLINE_DECLINE,False,0,15,15,False,,,,,,,,4,,,黄金概念,1.1543749562854089,1.1543749562854089,2,0,False,0.07,0,CASH,,ENTRY_GATE_CLOSED_OR_NO_CANDIDATE,0,2,equal_capital,0.085,False,526977.449666338
2025-04-14,现金,0.0,0.0,3262.808,3320.98885,180,3189.0675,,,False,,,,False,False,False,MAINLINE_DECLINE,False,0,16,16,False,,,,,,,,4,,,黄金概念,1.1637184867840766,1.1637184867840766,2,0,False,0.07,0,CASH,,ENTRY_GATE_CLOSED_OR_NO_CANDIDATE,0,2,equal_capital,0.085,False,526977.449666338
2025-04-15,现金,0.0,0.0,3267.662,3313.0654999999997,180,3190.6861555555556,,,False,,,,False,False,False,MAINLINE_DECLINE,False,0,17,17,False,,,,,,,,4,,,黄金概念,1.1604416232848875,1.1604416232848875,1,0,False,0.07,0,CASH,,ENTRY_GATE_CLOSED_OR_NO_CANDIDATE,0,2,equal_capital,0.085,False,526977.449666338
2025-04-16,现金,0.0,0.0,3276.004,3305.3777500000006,180,3192.425872222222,,,False,,,,False,False,False,MAINLINE_DECLINE,False,0,18,18,False,,,,,,,,4,,,黄金概念,1.1400876181692414,1.1400876181692414,1,0,False,0.07,0,CASH,,ENTRY_GATE_CLOSED_OR_NO_CANDIDATE,0,2,equal_capital,0.085,False,526977.449666338
2025-04-17,现金,0.0,0.0,3280.341,3298.07335,180,3194.110361111111,,,False,,,,False,False,False,MAINLINE_DECLINE,False,0,19,19,False,,,,,,,,4,,,黄金概念,1.11278865655895,1.11278865655895,1,0,False,0.07,0,CASH,,ENTRY_GATE_CLOSED_OR_NO_CANDIDATE,0,2,equal_capital,0.085,False,526977.449666338
2025-04-18,现金,0.0,0.0,3276.73,3291.46245,180,3195.7460333333333,,,False,,,,False,False,False,MAINLINE_DECLINE,False,0,20,20,False,,,,,,,,4,,,黄金概念,1.107422682306258,1.107422682306258,1,0,False,0.07,0,CASH,,ENTRY_GATE_CLOSED_OR_NO_CANDIDATE,0,2,equal_capital,0.085,False,526977.449666338
2025-04-21,现金,0.0,0.0,3291.434,3287.7925999999998,180,3197.563911111111,,,False,,,,False,False,True,NO_MAINLINE_ROTATION,False,0,21,0,False,,,,,,,,4,,,黄金概念,1.2324704675808105,1.2324704675808105,1,0,False,0.07,0,CASH,,ENTRY_GATE_CLOSED_OR_NO_CANDIDATE,0,2,equal_capital,0.085,False,526977.449666338
2025-04-22,现金,0.0,0.0,3299.757,3284.2790499999996,180,3199.6994,,,False,,,,False,False,True,NO_MAINLINE_ROTATION,False,0,22,0,False,,,,,,,,4,,,黄金概念,1.2297249931319332,1.2297249931319332,1,0,False,0.07,0,CASH,,ENTRY_GATE_CLOSED_OR_NO_CANDIDATE,0,2,equal_capital,0.085,False,526977.449666338
2025-04-23,现金,0.0,0.0,3296.355,3280.5980000000004,180,3201.890527777777,,,False,,,,False,False,True,NO_MAINLINE_ROTATION,False,0,23,0,False,,,,,,,,4,,,黄金概念,1.1343130521502691,1.1343130521502691,1,0,False,0.07,0,CASH,,ENTRY_GATE_CLOSED_OR_NO_CANDIDATE,0,2,equal_capital,0.085,False,526977.449666338
2025-04-24,现金,0.0,0.0,3297.288,3277.0275500000002,180,3204.171338888889,,,False,,,,False,False,True,NO_MAINLINE_ROTATION,False,0,24,0,False,,,,,,,,4,,,黄金概念,1.1372918957867193,1.1372918957867193,1,0,False,0.07,0,CASH,,ENTRY_GATE_CLOSED_OR_NO_CANDIDATE,0,2,equal_capital,0.085,False,526977.449666338
2025-04-25,现金,0.0,0.0,3295.06,3273.0931,180,3206.4166888888885,,,False,,,,False,False,True,NO_MAINLINE_ROTATION,False,0,25,0,False,,,,,,,,4,,,黄金概念,1.1226437536277392,1.1226437536277392,1,0,False,0.07,0,CASH,,ENTRY_GATE_CLOSED_OR_NO_CANDIDATE,0,2,equal_capital,0.085,False,526977.449666338
2025-04-28,现金,0.0,0.0,3288.415,3269.9485,180,3208.6198555555557,,,False,,,,False,False,True,BROAD_DECLINE_OR_NO_LEADER,False,0,26,0,False,,,,,,,,4,,,,,,0,0,False,0.07,0,CASH,,ENTRY_GATE_CLOSED_OR_NO_CANDIDATE,0,2,equal_capital,0.085,False,526977.449666338
2025-04-29,现金,0.0,0.0,3286.655,3267.49395,180,3210.882938888889,,,False,,,,False,False,True,BROAD_DECLINE_OR_NO_LEADER,False,0,27,0,False,,,,,,,,4,,,,,,0,0,False,0.07,0,CASH,,ENTRY_GATE_CLOSED_OR_NO_CANDIDATE,0,2,equal_capital,0.085,False,526977.449666338
2025-04-30,现金,0.0,0.0,3279.031,3264.02375,180,3212.7733944444444,,,False,,,,False,False,True,BROAD_DECLINE_OR_NO_LEADER,False,0,28,0,False,,,,,,,,4,,,,,,0,0,False,0.07,0,CASH,,ENTRY_GATE_CLOSED_OR_NO_CANDIDATE,0,2,equal_capital,0.085,False,526977.449666338
2025-05-06,现金,0.0,0.0,3316.114,3262.3231,180,3214.9052111111114,,,False,,,,False,False,True,BROAD_DECLINE_OR_NO_LEADER,False,0,29,0,False,,,,,,,,4,,,,,,0,0,False,0.07,0,CASH,,ENTRY_GATE_CLOSED_OR_NO_CANDIDATE,0,2,equal_capital,0.085,False,526977.449666338
2025-05-07,现金,0.0,0.0,3342.665,3262.35595,180,3217.3348055555557,,,False,,,,False,False,True,NO_MAINLINE_ROTATION,False,0,30,0,False,,,,,,,,4,,,美容护理,1.1176640519099577,1.1176640519099577,1,0,False,0.07,0,CASH,,RESEARCH_POLICY_BLOCK_ENTRY_TOP1,0,2,equal_capital,0.085,False,526977.449666338
2025-05-08,现金,0.0,0.0,3351.996,3275.12695,180,3220.0642388888887,,,False,,,,False,False,True,MAINLINE_RISE,True,1,0,0,False,,,,,,,,4,,,CPO,1.3018526632736753,1.3018526632736753,18,0,False,0.07,0,BUY,CPO,ENTRY_TOP1,0,2,equal_capital,0.085,False,526977.449666338
2025-05-09,CPO,1.0,1.0,3341.999,3284.94945,180,3222.701544444444,,,False,,,,False,False,True,MAINLINE_RISE,True,2,0,0,False,460.0400000000001,393.5477,418.27340000000004,-0.007456375028047746,460.0400000000001,0.0,526977.449666338,4,1.3500569322330351,1.3500569322330351,CPO,1.3500569322330351,1.3500569322330351,17,0,False,0.07,0,HOLD,CPO,NO_STRONGER_QUALIFIED_SECTOR,0,2,equal_capital,0.085,False,531956.5684621736
2025-05-12,CPO,1.0,1.0,3369.245,3294.0712,180,3225.47605,,,False,,,,False,False,True,MAINLINE_RISE,True,3,0,0,False,474.0260000000001,400.15430000000003,424.70140000000004,0.03040170419963495,474.0260000000001,0.0,526977.449666338,4,1.3864706604971135,1.3864706604971135,CPO,1.3864706604971135,1.3864706604971135,14,0,False,0.07,0,HOLD,CPO,NO_STRONGER_QUALIFIED_SECTOR,0,2,equal_capital,0.085,False,549666.5303729797
2025-05-13,CPO,1.0,1.0,3374.871,3301.6328500000004,180,3228.2814388888887,,,False,,,,False,False,True,MAINLINE_RISE,True,4,0,0,False,477.03000000000003,405.7099,432.51740000000007,0.006337205132207702,477.03000000000003,0.0,526977.449666338,4,1.3036527309397188,1.3036527309397188,CPO,1.3036527309397188,1.3036527309397188,11,0,False,0.07,0,HOLD,CPO,NO_STRONGER_QUALIFIED_SECTOR,0,2,equal_capital,0.085,False,550906.5062227799
2025-05-14,CPO,1.0,1.0,3403.948,3309.9188999999997,180,3231.291183333333,,,False,,,,False,False,True,MAINLINE_RISE,True,5,0,0,False,484.78999999999996,411.45590000000004,439.58720000000005,0.016267320713581723,484.78999999999996,0.0,526977.449666338,4,1.3107037607808147,1.3107037607808147,CPO,1.3107037607808147,1.3107037607808147,7,0,False,0.07,0,HOLD,CPO,NO_STRONGER_QUALIFIED_SECTOR,0,2,equal_capital,0.085,False,551712.9993526415
2025-05-15,CPO,1.0,1.0,3380.821,3315.81955,180,3234.1946055555554,,,False,,,,False,False,True,MAINLINE_RISE,True,6,0,0,False,468.46400000000006,415.9657,446.2580000000001,-0.0336764372202395,484.78999999999996,-0.0336764372202395,526977.449666338,4,1.238444700582656,1.238444700582656,CPO,1.238444700582656,1.238444700582656,5,0,False,0.07,0,HOLD,CPO,NO_STRONGER_QUALIFIED_SECTOR,0,2,equal_capital,0.085,False,533743.7434637132
2025-05-16,CPO,1.0,1.0,3367.462,3320.8095500000004,180,3236.9696944444445,,,False,,,,False,False,True,MAINLINE_RISE,True,7,0,0,False,479.8499999999999,421.2455,454.3482,0.024304962601181312,484.78999999999996,-0.010189979166237095,526977.449666338,4,1.28215062497662,1.28215062497662,CPO,1.28215062497662,1.28215062497662,4,0,False,0.07,0,HOLD,CPO,NO_STRONGER_QUALIFIED_SECTOR,0,2,equal_capital,0.085,False,544901.4961710285
2025-05-19,CPO,1.0,1.0,3367.583,3325.3885,180,3239.8415222222225,,,False,,,,False,False,True,MAINLINE_RISE,True,8,0,0,False,468.67600000000004,426.5376,461.1564,-0.023286443680316515,484.78999999999996,-0.033239134470595344,526977.449666338,4,1.2917091562532732,1.2917091562532732,CPO,1.2917091562532732,1.2917091562532732,4,0,False,0.07,0,HOLD,CPO,NO_STRONGER_QUALIFIED_SECTOR,0,2,equal_capital,0.085,False,532802.5927099622
2025-05-20,CPO,1.0,1.0,3380.478,3330.3953500000002,180,3242.6366333333335,,,False,,,,False,False,True,MAINLINE_RISE,True,9,0,0,False,474.40200000000004,432.1277,466.84700000000004,0.01221739538615152,484.78999999999996,-0.021427834732564488,526977.449666338,4,1.308334252619967,1.308334252619967,CPO,1.308334252619967,1.308334252619967,5,0,False,0.07,0,HOLD,CPO,NO_STRONGER_QUALIFIED_SECTOR,0,2,equal_capital,0.085,False,537522.5730919729
2025-05-21,CPO,1.0,1.0,3387.574,3335.93755,180,3245.4596555555554,,,False,,,,False,False,True,MAINLINE_RISE,True,10,0,0,False,477.7660000000001,437.50100000000003,472.854,0.0070910324998629815,484.78999999999996,-0.014488747705191707,526977.449666338,4,1.2902133405347018,1.2902133405347018,CPO,1.2902133405347018,1.2902133405347018,4,0,False,0.07,0,HOLD,CPO,NO_STRONGER_QUALIFIED_SECTOR,0,2,equal_capital,0.085,False,537915.3446038342
2025-05-22,CPO,1.0,1.0,3380.189,3340.3752999999997,180,3248.1625166666668,,,False,,,,False,False,True,MAINLINE_RISE,True,11,0,0,False,474.93999999999994,442.10570000000007,473.99840000000006,-0.005915029533286487,484.78999999999996,-0.020318075867901575,526977.449666338,4,1.2405510309628414,1.2405510309628414,CPO,1.2405510309628414,1.2405510309628414,4,0,False,0.07,0,HOLD,CPO,NO_STRONGER_QUALIFIED_SECTOR,0,2,equal_capital,0.085,False,533267.5214010801
2025-05-23,CPO,1.0,1.0,3348.372,3342.80605,180,3250.838688888889,,,False,,,,False,False,True,MAINLINE_RISE,True,12,0,0,False,464.10999999999996,446.33939999999996,474.4054,-0.022802880363835376,484.78999999999996,-0.04265764557849794,526977.449666338,4,1.2231575285423628,1.2231575285423628,储能,1.1395037913733308,1.1395037913733308,1,0,False,0.07,0,HOLD,CPO,NO_STRONGER_QUALIFIED_SECTOR,1,2,equal_capital,0.085,False,519859.22370102664
2025-05-26,CPO,1.0,1.0,3346.839,3345.3302500000004,180,3253.562327777777,,,False,,,,False,False,True,MAINLINE_RISE,True,13,0,0,False,465.9200000000001,449.1481,473.5948,0.003899937514813656,484.78999999999996,-0.03892407021596955,526977.449666338,4,1.1370946879286195,1.1370946879286195,储能,1.100423786341861,1.100423786341861,1,0,False,0.07,0,HOLD,CPO,NO_STRONGER_QUALIFIED_SECTOR,2,2,equal_capital,0.085,False,523179.05118063005
2025-05-27,CPO,1.0,1.0,3340.687,3347.5002,180,3256.295188888889,,,False,,,,False,False,False,MAINLINE_DECLINE,False,0,1,1,False,454.808,451.945,471.3726,-0.023849587912088133,484.78999999999996,-0.06184533509354562,526977.449666338,4,1.1402411813372777,1.1402411813372777,储能,1.1029834651329975,1.1029834651329975,1,0,False,0.07,0,HOLD,CPO,NO_STRONGER_QUALIFIED_SECTOR,3,2,equal_capital,0.085,False,510931.1356869029
2025-05-28,CPO,1.0,1.0,3339.932,3349.7438,180,3258.9927666666667,,,False,,,,False,False,False,BROAD_DECLINE_OR_NO_LEADER,False,0,2,2,False,475.6700000000001,455.0239,470.4606,0.045869905542558875,484.78999999999996,-0.018812269229975587,526977.449666338,4,1.1487060846381965,1.1487060846381965,,,,0,0,False,0.07,0,HOLD,CPO,NO_STRONGER_QUALIFIED_SECTOR,0,2,equal_capital,0.085,False,531503.7038474139
2025-05-29,CPO,1.0,1.0,3363.446,3353.4953499999997,180,3261.8145777777777,,,False,,,,False,False,True,BROAD_DECLINE_OR_NO_LEADER,False,0,3,0,False,491.63800000000003,459.51800000000003,472.77799999999996,0.03356949145415933,491.63800000000003,0.0,526977.449666338,4,1.223722856659266,1.223722856659266,,,,0,0,False,0.07,0,HOLD,CPO,NO_STRONGER_QUALIFIED_SECTOR,0,2,equal_capital,0.085,False,545575.1015184266
2025-05-30,CPO,1.0,1.0,3347.487,3356.53695,180,3264.5854444444444,,,False,,,,False,False,False,MAINLINE_DECLINE,False,0,4,1,False,490.82399999999996,464.1118,473.8754,-0.0016556897554707017,491.63800000000003,-0.0016556897554707017,526977.449666338,4,1.2302956776321723,1.2302956776321723,CPO,1.2302956776321723,1.2302956776321723,2,0,False,0.07,0,HOLD,CPO,NO_STRONGER_QUALIFIED_SECTOR,0,2,equal_capital,0.085,False,540174.6564342644
2025-06-03,CPO,1.0,1.0,3361.976,3360.6842000000006,180,3267.4995944444445,,,False,,,,False,False,True,MAINLINE_RISE,True,1,0,0,False,483.596,468.26189999999997,475.3674,-0.01472625625478774,491.63800000000003,-0.01635756389864096,526977.449666338,4,1.2071973119916923,1.2071973119916923,CPO,1.2071973119916923,1.2071973119916923,4,0,False,0.07,0,HOLD,CPO,NO_STRONGER_QUALIFIED_SECTOR,0,2,equal_capital,0.085,False,533626.6505250265
2025-06-04,CPO,1.0,1.0,3376.203,3363.68865,180,3270.5723555555555,,,False,,,,False,False,True,MAINLINE_RISE,True,2,0,0,False,511.854,472.97980000000007,479.11260000000004,0.05843307223384797,511.854,0.0,526977.449666338,4,1.2260093509877938,1.2260093509877938,CPO,1.2260093509877938,1.2260093509877938,1,0,False,0.07,0,HOLD,CPO,NO_STRONGER_QUALIFIED_SECTOR,0,2,equal_capital,0.085,False,560691.8547473334
2025-06-05,CPO,1.0,1.0,3384.099,3365.7603499999996,180,3273.5828277777778,,,False,,,,False,False,True,MAINLINE_RISE,True,3,0,0,False,536.178,478.9039000000001,484.95380000000006,0.04752136351381453,536.178,0.0,526977.449666338,4,1.2836560560790622,1.2836560560790622,CPO,1.2836560560790622,1.2836560560790622,2,0,False,0.07,0,HOLD,CPO,NO_STRONGER_QUALIFIED_SECTOR,0,2,equal_capital,0.085,False,591597.609815974
2025-06-06,CPO,1.0,1.0,3385.358,3367.4284500000003,180,3276.7735111111115,,,False,,,,False,False,True,MAINLINE_RISE,True,4,0,0,False,549.13,483.18559999999997,492.3728,0.02415615709708341,549.13,0.0,526977.449666338,4,1.1847567185045824,1.1847567185045824,CPO,1.1847567185045824,1.1847567185045824,2,0,False,0.07,0,HOLD,CPO,NO_STRONGER_QUALIFIED_SECTOR,0,2,equal_capital,0.085,False,609948.2716580706
2025-06-09,CPO,1.0,1.0,3399.772,3370.3171,180,3280.089027777778,,,False,,,,False,False,True,MAINLINE_RISE,True,5,0,0,False,570.194,488.6933000000001,502.9812,0.03835885855808274,570.194,0.0,526977.449666338,4,1.2394443961394659,1.2394443961394659,CPO,1.2394443961394659,1.2394443961394659,2,0,False,0.07,0,HOLD,CPO,NO_STRONGER_QUALIFIED_SECTOR,0,2,equal_capital,0.085,False,627999.6150247236
2025-06-10,CPO,1.0,1.0,3384.816,3371.09565,180,3283.42535,,,False,,,,False,False,True,MAINLINE_RISE,True,6,0,0,False,562.492,493.11659999999995,512.6384,-0.013507683349877397,570.194,-0.013507683349877397,526977.449666338,4,1.1866268938834574,1.1866268938834574,CPO,1.1866268938834574,1.1866268938834574,2,0,False,0.07,0,HOLD,CPO,NO_STRONGER_QUALIFIED_SECTOR,0,2,equal_capital,0.085,False,619358.3159736545
2025-06-11,CPO,1.0,1.0,3402.316,3372.4679000000006,180,3286.8364722222227,,,False,,,,False,False,True,MAINLINE_RISE,True,7,0,0,False,557.932,497.1617,522.9508,-0.008106781963121201,570.194,-0.02150496146925418,526977.449666338,4,1.1695952036559545,1.1695952036559545,PCB,1.1875150259833929,1.1875150259833929,3,0,False,0.07,0,HOLD,CPO,NO_STRONGER_QUALIFIED_SECTOR,0,2,equal_capital,0.085,False,614602.6185655089
2025-06-12,CPO,1.0,1.0,3402.658,3372.4034,180,3290.374533333333,,,False,,,,False,False,True,MAINLINE_RISE,True,8,0,0,False,589.3419999999999,502.3893,534.318,0.0562971831692749,589.3419999999999,0.0,526977.449666338,4,1.2156645145320653,1.2156645145320653,CPO,1.2156645145320653,1.2156645145320653,3,0,False,0.07,0,HOLD,CPO,NO_STRONGER_QUALIFIED_SECTOR,0,2,equal_capital,0.085,False,647594.3714337156
2025-06-13,CPO,1.0,1.0,3376.996,3372.2121500000003,180,3293.932911111111,,,False,,,,False,False,True,MAINLINE_RISE,True,9,0,0,False,585.006,508.21639999999996,543.6548,-0.007357357866909053,589.3419999999999,-0.007357357866909053,526977.449666338,4,1.2487747190819356,1.2487747190819356,CPO,1.2487747190819356,1.2487747190819356,4,0,False,0.07,0,HOLD,CPO,NO_STRONGER_QUALIFIED_SECTOR,0,2,equal_capital,0.085,False,641695.3134768226
2025-06-16,CPO,1.0,1.0,3388.729,3373.2755000000006,180,3297.5136722222223,,,False,,,,False,False,True,MAINLINE_RISE,True,10,0,0,False,611.082,514.778,555.6806,0.044573901806135297,611.082,0.0,526977.449666338,4,1.273485464207565,1.273485464207565,CPO,1.273485464207565,1.273485464207565,5,0,False,0.07,0,HOLD,CPO,NO_STRONGER_QUALIFIED_SECTOR,0,2,equal_capital,0.085,False,665111.5216845819
2025-06-17,CPO,1.0,1.0,3387.405,3374.2666,180,3301.2115055555555,,,False,,,,False,False,True,MAINLINE_RISE,True,11,0,0,False,606.8140000000001,521.6849,568.0024,-0.006984332708212526,611.082,-0.006984332708212526,526977.449666338,4,1.2947409297681127,1.2947409297681127,CPO,1.2947409297681127,1.2947409297681127,5,0,False,0.07,0,HOLD,CPO,NO_STRONGER_QUALIFIED_SECTOR,0,2,equal_capital,0.085,False,658155.3904421196
2025-06-18,CPO,1.0,1.0,3388.809,3374.68315,180,3304.9430944444443,,,False,,,,False,False,True,MAINLINE_RISE,True,12,0,0,False,633.36,529.6328,580.153,0.04374651870260071,633.36,0.0,526977.449666338,4,1.335070256870755,1.335070256870755,CPO,1.335070256870755,1.335070256870755,4,0,False,0.07,0,HOLD,CPO,NO_STRONGER_QUALIFIED_SECTOR,0,2,equal_capital,0.085,False,684456.8959138272
2025-06-19,CPO,1.0,1.0,3362.108,3373.40985,180,3308.5987499999997,,,False,,,,False,False,False,MAINLINE_DECLINE,False,0,1,1,False,638.6179999999999,537.6754,590.3969999999999,0.008301755715548698,638.6179999999999,0.0,526977.449666338,4,1.3366752761812264,1.3366752761812264,CPO,1.3366752761812264,1.3366752761812264,5,0,False,0.07,0,HOLD,CPO,NO_STRONGER_QUALIFIED_SECTOR,0,2,equal_capital,0.085,False,686154.5481620538
2025-06-20,CPO,1.0,1.0,3359.895,3372.3951500000003,180,3312.1688277777776,,,False,,,,False,False,False,MAINLINE_DECLINE,False,0,2,2,False,628.062,545.3315,598.2901999999999,-0.01652944326655359,638.6179999999999,-0.01652944326655359,526977.449666338,4,1.3224028298311368,1.3224028298311368,CPO,1.3224028298311368,1.3224028298311368,3,0,False,0.07,0,HOLD,CPO,NO_STRONGER_QUALIFIED_SECTOR,0,2,equal_capital,0.085,False,672185.2458420484
2025-06-23,CPO,1.0,1.0,3381.582,3374.05565,180,3315.755272222222,,,False,,,,False,False,True,MAINLINE_RISE,True,1,0,0,False,613.12,552.782,602.5827999999999,-0.023790644872639932,638.6179999999999,-0.03992684202449659,526977.449666338,4,1.3210661265648231,1.3210661265648231,CPO,1.3210661265648231,1.3210661265648231,4,0,False,0.07,0,HOLD,CPO,NO_STRONGER_QUALIFIED_SECTOR,0,2,equal_capital,0.085,False,665064.0768265517
2025-06-24,CPO,1.0,1.0,3420.566,3377.7419999999997,180,3319.5538944444443,,,False,,,,False,False,True,MAINLINE_RISE,True,2,0,0,False,612.2,560.096,607.5536,-0.0015005219206679632,638.6179999999999,-0.041367452843483754,526977.449666338,4,1.3139594780219779,1.3139594780219779,CPO,1.3139594780219779,1.3139594780219779,4,0,False,0.07,0,HOLD,CPO,NO_STRONGER_QUALIFIED_SECTOR,0,2,equal_capital,0.085,False,670410.7124316341
2025-06-25,CPO,1.0,1.0,3455.974,3383.5063500000006,180,3323.481983333333,,,False,,,,False,False,True,MAINLINE_RISE,True,3,0,0,False,623.9159999999999,568.5514000000001,614.152,0.019137536752694917,638.6179999999999,-0.023021587239946295,526977.449666338,4,1.3718228351304285,1.3718228351304285,CPO,1.3718228351304285,1.3718228351304285,8,0,False,0.07,0,HOLD,CPO,NO_STRONGER_QUALIFIED_SECTOR,0,2,equal_capital,0.085,False,682199.1542306584
2025-06-26,CPO,1.0,1.0,3448.453,3388.9324,180,3326.7338,,,False,,,,False,False,True,MAINLINE_RISE,True,4,0,0,False,646.5899999999999,577.0974,619.8768,0.03634143057719297,646.5899999999999,0.0,526977.449666338,4,1.3593247419429433,1.3593247419429433,CPO,1.3593247419429433,1.3593247419429433,5,0,False,0.07,0,HOLD,CPO,NO_STRONGER_QUALIFIED_SECTOR,0,2,equal_capital,0.085,False,698429.7062190895
2025-06-27,CPO,1.0,1.0,3424.227,3391.97145,180,3329.6666944444446,,,False,,,,False,False,True,MAINLINE_RISE,True,5,0,0,False,677.1379999999999,586.3724,629.0899999999999,0.04724477644256786,677.1379999999999,0.0,526977.449666338,4,1.3773101346925987,1.3773101346925987,CPO,1.3773101346925987,1.3773101346925987,3,0,False,0.07,0,HOLD,CPO,NO_STRONGER_QUALIFIED_SECTOR,0,2,equal_capital,0.085,False,721423.1552132431
2025-06-30,CPO,1.0,1.0,3444.426,3396.8184,180,3332.1304333333333,,,False,,,,False,False,True,MAINLINE_RISE,True,6,0,0,False,705.9259999999999,597.1274999999999,638.5744,0.04251422900501822,705.9259999999999,0.0,526977.449666338,4,1.4382467035026811,1.4382467035026811,CPO,1.4382467035026811,1.4382467035026811,9,0,False,0.07,0,HOLD,CPO,NO_STRONGER_QUALIFIED_SECTOR,0,2,equal_capital,0.085,False,745690.8557884197
2025-07-01,CPO,1.0,1.0,3457.747,3401.60695,180,3334.1872,,,False,,,,False,False,True,MAINLINE_RISE,True,7,0,0,False,703.262,608.1108,648.2192,-0.003773766655428501,705.9259999999999,-0.003773766655428501,526977.449666338,4,1.4542345263401681,1.4542345263401681,CPO,1.4542345263401681,1.4542345263401681,9,0,False,0.07,0,HOLD,CPO,NO_STRONGER_QUALIFIED_SECTOR,0,2,equal_capital,0.085,False,742267.4791957279
2025-07-02,CPO,1.0,1.0,3454.792,3405.5364,180,3334.844394444444,,,False,,,,False,False,True,MAINLINE_RISE,True,8,0,0,False,679.21,616.4786,652.8041999999999,-0.03420062508709398,705.9259999999999,-0.03784532656397399,526977.449666338,4,1.3269604223079239,1.3269604223079239,CPO,1.3269604223079239,1.3269604223079239,5,0,False,0.07,0,HOLD,CPO,NO_STRONGER_QUALIFIED_SECTOR,0,2,equal_capital,0.085,False,712643.4233971775
2025-07-03,CPO,1.0,1.0,3461.151,3409.389,180,3334.6853722222227,,,False,,,,False,False,True,MAINLINE_RISE,True,9,0,0,False,702.476,624.7935,659.1899999999999,0.03425450155327514,705.9259999999999,-0.0048871978082687395,526977.449666338,4,1.3101544636296156,1.3101544636296156,CPO,1.3101544636296156,1.3101544636296156,7,0,False,0.07,0,HOLD,CPO,NO_STRONGER_QUALIFIED_SECTOR,0,2,equal_capital,0.085,False,734361.1973902257
2025-07-04,CPO,1.0,1.0,3472.319,3413.7370499999997,180,3335.8712666666665,,,False,,,,False,False,True,MAINLINE_RISE,True,10,0,0,False,689.4999999999999,631.812,665.3338,-0.01847180544246363,705.9259999999999,-0.0232687278836593,526977.449666338,4,1.2556225301841093,1.2556225301841093,PCB,1.297192401645667,1.297192401645667,8,0,False,0.07,0,HOLD,CPO,NO_STRONGER_QUALIFIED_SECTOR,0,2,equal_capital,0.085,False,718020.6404121466
2025-07-07,CPO,1.0,1.0,3473.127,3417.4048000000003,180,3336.822383333334,,,False,,,,False,False,True,MAINLINE_RISE,True,11,0,0,False,674.1679999999999,637.0106999999999,671.4385999999998,-0.022236403190717957,705.9259999999999,-0.04498771825942105,526977.449666338,4,1.1823484638561612,1.1823484638561612,PCB,1.268079152508495,1.268079152508495,3,0,False,0.07,1,HOLD,CPO,SWITCH_CONFIRM_1_OF_2,0,2,equal_capital,0.085,False,705802.6758024114
2025-07-08,CPO,1.0,1.0,3497.475,3423.0377500000004,180,3338.3764777777783,,,False,,,,False,False,True,MAINLINE_RISE,True,12,0,0,False,727.488,645.2605000000001,682.9673999999999,0.07909007843742244,727.488,0.0,526977.449666338,4,1.293330394032271,1.293330394032271,PCB,1.3458045394027771,1.3458045394027771,6,0,False,0.07,0,HOLD,CPO,NO_STRONGER_QUALIFIED_SECTOR,0,2,equal_capital,0.085,False,757013.9950791099
2025-07-09,CPO,1.0,1.0,3493.05,3427.57445,180,3339.5360722222217,,,False,,,,False,False,True,MAINLINE_RISE,True,13,0,0,False,732.354,653.9816,693.8112,0.006688770124043231,732.354,0.0,526977.449666338,4,1.3126223267351578,1.3126223267351578,CPO,1.3126223267351578,1.3126223267351578,6,0,False,0.07,0,HOLD,CPO,NO_STRONGER_QUALIFIED_SECTOR,0,2,equal_capital,0.085,False,760787.8203457047
2025-07-10,CPO,1.0,1.0,3509.682,3432.92565,180,3341.24935,,,False,,,,False,False,True,MAINLINE_RISE,True,14,0,0,False,734.754,661.2522,702.6276,0.003277103695753736,734.754,0.0,526977.449666338,4,1.246736190531135,1.246736190531135,PCB,1.2879910126288063,1.2879910126288063,6,0,False,0.07,0,HOLD,CPO,NO_STRONGER_QUALIFIED_SECTOR,0,2,equal_capital,0.085,False,764082.0824205204
2025-07-11,CPO,1.0,1.0,3510.177,3439.5847000000003,180,3342.9561777777776,,,False,,,,False,False,True,MAINLINE_RISE,True,15,0,0,False,722.708,668.1373,707.1845999999999,-0.016394602819447157,734.754,-0.016394602819447157,526977.449666338,4,1.2353856199765472,1.2353856199765472,PCB,1.2714275708026244,1.2714275708026244,8,0,False,0.07,0,HOLD,CPO,NO_STRONGER_QUALIFIED_SECTOR,0,2,equal_capital,0.085,False,754352.5378214121
2025-07-14,CPO,1.0,1.0,3519.65,3446.1307500000003,180,3344.9021000000002,,,False,,,,False,False,True,MAINLINE_RISE,True,16,0,0,False,729.6640000000001,674.0663999999999,709.5584,0.009624910752337179,734.754,-0.006927488656067071,526977.449666338,4,1.1940525166835223,1.1940525166835223,PCB,1.2349758987598685,1.2349758987598685,5,0,False,0.07,0,HOLD,CPO,NO_STRONGER_QUALIFIED_SECTOR,0,2,equal_capital,0.085,False,763897.9744059109
2025-07-15,CPO,1.0,1.0,3504.999,3452.01045,180,3346.2545222222225,,,False,,,,False,False,True,MAINLINE_RISE,True,17,0,0,False,846.826,686.0669999999999,723.9148,0.160569796509078,846.826,0.0,526977.449666338,4,1.3955281189952768,1.3955281189952768,CPO,1.3955281189952768,1.3955281189952768,8,0,False,0.07,0,SELL,,SECTOR_DAILY_GAIN_OVER_8%_PAUSE,0,2,equal_capital,0.085,False,855078.7662416226
2025-07-16,现金,0.0,0.0,3503.777,3457.7588499999997,180,3347.5637833333335,,,False,,,,False,False,True,MAINLINE_RISE,True,18,0,0,False,,,,,,,,0,,,CPO,1.3587754199823165,1.3587754199823165,7,0,False,0.07,0,BUY,CPO,ENTRY_TOP1,0,2,equal_capital,0.085,False,868517.8181151683
2025-07-17,CPO,1.0,1.0,3516.826,3465.4947500000003,180,3348.8468888888888,,,False,,,,False,False,True,MAINLINE_RISE,True,19,0,0,False,909.6659999999999,710.9811,762.7722000000001,0.057021080788385525,909.6659999999999,0.0,868517.8181151683,0,1.4244290013748437,1.4244290013748437,CPO,1.4244290013748437,1.4244290013748437,13,0,False,0.07,0,HOLD,CPO,NO_STRONGER_QUALIFIED_SECTOR,0,2,equal_capital,0.085,False,926624.8135449373
2025-07-18,CPO,1.0,1.0,3534.483,3474.2241499999996,180,3350.134,,,False,,,,False,False,True,MAINLINE_RISE,True,20,0,0,False,907.2900000000002,724.9425,784.5512000000001,-0.0026119476818962095,909.6659999999999,-0.0026119476818962095,868517.8181151683,0,1.4445866809327745,1.4445866809327745,CPO,1.4445866809327745,1.4445866809327745,17,0,False,0.07,0,HOLD,CPO,NO_STRONGER_QUALIFIED_SECTOR,0,2,equal_capital,0.085,False,918416.3663722728
2025-07-21,CPO,1.0,1.0,3559.791,3483.1346,180,3351.686933333333,,,False,,,,False,False,True,MAINLINE_RISE,True,21,0,0,False,902.316,739.4023,807.3660000000001,-0.005482260357768887,909.6659999999999,-0.008079888662432033,868517.8181151683,0,1.4716792797494782,1.4716792797494782,CPO,1.4716792797494782,1.4716792797494782,20,0,False,0.07,0,HOLD,CPO,NO_STRONGER_QUALIFIED_SECTOR,0,2,equal_capital,0.085,False,911084.7359849813
2025-07-22,CPO,1.0,1.0,3581.861,3491.19935,180,3353.2544944444444,,,False,,,,False,False,True,MAINLINE_RISE,True,22,0,0,False,894.824,753.5335,824.0996000000001,-0.00830307785742479,909.6659999999999,-0.016315878575213327,868517.8181151683,0,1.461653054557334,1.461653054557334,CPO,1.461653054557334,1.461653054557334,18,0,False,0.07,0,HOLD,CPO,NO_STRONGER_QUALIFIED_SECTOR,0,2,equal_capital,0.085,False,903707.337034693
2025-07-23,CPO,1.0,1.0,3582.298,3497.515549999999,180,3354.6994944444446,,,False,,,,False,False,True,MAINLINE_RISE,True,23,0,0,False,891.818,766.9286,840.046,-0.0033593198215514652,909.6659999999999,-0.01962038814246103,868517.8181151683,0,1.4293879304265318,1.4293879304265318,CPO,1.4293879304265318,1.4293879304265318,13,0,False,0.07,0,HOLD,CPO,NO_STRONGER_QUALIFIED_SECTOR,0,2,equal_capital,0.085,False,900357.7013780045
2025-07-24,CPO,1.0,1.0,3605.727,3505.3792499999995,180,3356.473494444445,,,False,,,,False,False,True,MAINLINE_RISE,True,24,0,0,False,880.392,778.6187,854.6098,-0.012812031154338599,909.6659999999999,-0.03218104227265817,868517.8181151683,0,1.3615923537326593,1.3615923537326593,稀土永磁,1.4318388231531822,1.4318388231531822,17,0,False,0.07,0,HOLD,CPO,NO_STRONGER_QUALIFIED_SECTOR,0,2,equal_capital,0.085,False,889195.123553773
2025-07-25,CPO,1.0,1.0,3593.655,3513.8506500000003,180,3358.292477777778,,,False,,,,False,False,True,MAINLINE_RISE,True,25,0,0,False,879.394,788.7315000000001,870.2783999999999,-0.0011335859480777755,909.6659999999999,-0.033278148243421124,868517.8181151683,0,1.2986924378782465,1.2986924378782465,稀土永磁,1.4412467296098284,1.4412467296098284,12,0,False,0.07,1,HOLD,CPO,SWITCH_CONFIRM_1_OF_2,0,2,equal_capital,0.085,False,888232.6976599977
2025-07-28,CPO,1.0,1.0,3597.937,3521.5261999999993,180,3360.059772222222,,,False,,,,False,False,True,MAINLINE_RISE,True,26,0,0,False,908.4140000000001,798.8559,888.1533999999999,0.03299999772570672,909.6659999999999,-0.0013763293340630645,868517.8181151683,0,1.2868402637103609,1.2868402637103609,稀土永磁,1.4531870789428225,1.4531870789428225,10,0,False,0.07,0,SWITCH,稀土永磁,STRONGER_RS20_MARGIN_7%,0,2,equal_capital,0.085,False,927531.7398749155
2025-07-29,稀土永磁,1.0,1.0,3609.711,3529.1244000000006,180,3361.9358666666667,,,False,,,,False,False,True,MAINLINE_RISE,True,27,0,0,False,231.79000000000005,189.654,210.80180000000001,-0.015962640628316538,231.79000000000005,0.0,868517.8181151683,0,1.4326242011446655,1.4326242011446655,稀土永磁,1.4326242011446655,1.4326242011446655,14,0,False,0.07,0,HOLD,稀土永磁,NO_STRONGER_QUALIFIED_SECTOR,0,2,equal_capital,0.085,False,925815.2559462602
2025-07-30,稀土永磁,1.0,1.0,3615.717,3537.17065,180,3363.6331444444445,,,False,,,,False,False,True,MAINLINE_RISE,True,28,0,0,False,230.234,193.1746,215.69760000000002,-0.006712972949652896,231.79000000000005,-0.006712972949652896,868517.8181151683,0,1.440565128705685,1.440565128705685,CPO,1.4547930684177206,1.4547930684177206,12,0,False,0.07,0,HOLD,稀土永磁,NO_STRONGER_QUALIFIED_SECTOR,0,2,equal_capital,0.085,False,907727.0731819179
2025-07-31,稀土永磁,1.0,1.0,3573.208,3542.7735000000002,180,3364.6677055555556,,,False,,,,False,False,True,MAINLINE_RISE,True,29,0,0,False,220.17799999999997,196.15879999999999,219.15440000000004,-0.04367730222295596,231.79000000000005,-0.050097070624272266,868517.8181151683,0,1.3718768302864903,1.3718768302864903,CPO,1.4303463748227698,1.4303463748227698,13,0,False,0.07,0,HOLD,稀土永磁,NO_STRONGER_QUALIFIED_SECTOR,0,2,equal_capital,0.085,False,883236.3248512744
2025-08-01,稀土永磁,1.0,1.0,3559.952,3547.15515,180,3365.6462944444443,,,False,,,,False,False,True,MAINLINE_RISE,True,30,0,0,False,212.632,198.8686,220.436,-0.03427227061740934,231.79000000000005,-0.08265240088010717,868517.8181151683,0,1.3420687217551566,1.3420687217551566,CPO,1.4255025380710662,1.4255025380710662,12,0,False,0.07,0,HOLD,稀土永磁,NO_STRONGER_QUALIFIED_SECTOR,1,2,equal_capital,0.085,False,866971.4293168954
2025-08-04,稀土永磁,1.0,1.0,3583.309,3552.6642499999994,180,3366.272116666666,,,False,,,,False,False,True,MAINLINE_RISE,True,31,0,0,False,214.19,201.64280000000002,220.92600000000002,0.00732721321343921,231.79000000000005,-0.07593079943051917,868517.8181151683,0,1.3496024094867236,1.3496024094867236,CPO,1.4479298928457003,1.4479298928457003,12,0,False,0.07,1,HOLD,稀土永磁,SWITCH_CONFIRM_1_OF_2,2,2,equal_capital,0.085,False,872413.5293477433
2025-08-05,稀土永磁,1.0,1.0,3617.598,3558.6704000000004,180,3367.1904555555557,,,False,,,,False,False,True,MAINLINE_RISE,True,32,0,0,False,214.914,204.2951,221.87199999999999,0.003380176478827268,231.79000000000005,-0.07280728245394563,868517.8181151683,0,1.3277114686040477,1.3277114686040477,CPO,1.3372454253540953,1.3372454253540953,9,0,False,0.07,0,HOLD,稀土永磁,NO_STRONGER_QUALIFIED_SECTOR,3,2,equal_capital,0.085,False,876231.4617024446
2025-08-06,稀土永磁,1.0,1.0,3633.995,3565.71765,180,3368.1011722222224,,,False,,,,False,False,True,MAINLINE_RISE,True,33,0,0,False,216.32399999999998,207.1538,222.77400000000003,0.006560763840419925,231.79000000000005,-0.06672418999956886,868517.8181151683,0,1.3592459943449577,1.3592459943449577,CPO,1.3402070583351762,1.3402070583351762,7,0,False,0.07,0,HOLD,稀土永磁,NO_STRONGER_QUALIFIED_SECTOR,4,2,equal_capital,0.085,False,890170.9737052739
2025-08-07,稀土永磁,1.0,1.0,3639.667,3572.2169000000004,180,3369.3106,,,False,,,,False,False,True,MAINLINE_RISE,True,34,0,0,False,230.234,210.0803,223.4106,0.06430169560474108,231.79000000000005,-0.006712972949652896,868517.8181151683,0,1.340877323766482,1.340877323766482,CPO,1.3190673341009373,1.3190673341009373,7,0,False,0.07,0,HOLD,稀土永磁,NO_STRONGER_QUALIFIED_SECTOR,0,2,equal_capital,0.085,False,950951.3166714788
2025-08-08,稀土永磁,1.0,1.0,3635.128,3578.4644500000004,180,3370.3986555555557,,,False,,,,False,False,True,MAINLINE_RISE,True,35,0,0,False,228.11399999999998,212.1138,223.416,-0.00920802314167335,231.79000000000005,-0.015859182881056477,868517.8181151683,0,1.2169714688120183,1.2169714688120183,液冷,1.399757420091324,1.399757420091324,3,0,False,0.07,1,HOLD,稀土永磁,SWITCH_CONFIRM_1_OF_2,0,2,equal_capital,0.085,False,932111.4338131174
2025-08-11,稀土永磁,1.0,1.0,3647.547,3584.8593,180,3371.8859222222222,,,False,,,,False,False,True,MAINLINE_RISE,True,36,0,0,False,228.75,214.2457,222.73600000000002,0.0027880796443884304,231.79000000000005,-0.01311531990163528,868517.8181151683,0,1.229098607290234,1.229098607290234,液冷,1.4406709176601054,1.4406709176601054,6,0,False,0.07,0,SWITCH,液冷,STRONGER_RS20_MARGIN_7%,0,2,equal_capital,0.085,False,942482.6633971254
2025-08-12,液冷,1.0,1.0,3665.918,3592.90525,180,3373.7481,,,False,,,,False,False,True,MAINLINE_RISE,True,37,0,0,False,179.42,133.9427,149.0636,0.07897142307322214,179.42,0.0,868517.8181151683,0,1.472176181958416,1.472176181958416,液冷,1.472176181958416,1.472176181958416,7,0,False,0.07,0,HOLD,液冷,NO_STRONGER_QUALIFIED_SECTOR,0,2,equal_capital,0.085,False,1001899.1848456381
2025-08-13,液冷,1.0,1.0,3683.465,3601.88965,180,3375.7459666666673,,,False,,,,False,False,True,MAINLINE_RISE,True,38,0,0,False,187.046,137.3459,154.9236,0.042503622784527906,187.046,0.0,868517.8181151683,0,1.5720529155670606,1.5720529155670606,液冷,1.5720529155670606,1.5720529155670606,13,0,False,0.07,0,HOLD,液冷,NO_STRONGER_QUALIFIED_SECTOR,0,2,equal_capital,0.085,False,1044663.505481294
2025-08-14,液冷,1.0,1.0,3666.443,3609.3705,180,3377.52615,,,False,,,,False,False,True,MAINLINE_RISE,True,39,0,0,False,188.108,140.7539,159.8288,0.005677747719812221,188.108,0.0,868517.8181151683,0,1.5682462400373494,1.5682462400373494,液冷,1.5682462400373494,1.5682462400373494,8,0,False,0.07,0,HOLD,液冷,NO_STRONGER_QUALIFIED_SECTOR,0,2,equal_capital,0.085,False,1029226.5261438551
2025-08-15,液冷,1.0,1.0,3696.771,3617.4849000000004,180,3379.3527166666663,,,False,,,,False,False,True,MAINLINE_RISE,True,40,0,0,False,203.982,144.8091,166.18900000000002,0.0843876921768345,203.982,0.0,868517.8181151683,0,1.6600367844528718,1.6600367844528718,液冷,1.6600367844528718,1.6600367844528718,11,0,False,0.07,0,HOLD,液冷,NO_STRONGER_QUALIFIED_SECTOR,0,2,equal_capital,0.085,False,1099168.3121948815
2025-08-18,液冷,1.0,1.0,3728.027,3625.8967000000002,180,3381.339511111111,,,False,,,,False,False,True,MAINLINE_RISE,True,41,0,0,False,225.79800000000006,150.1085,174.2818,0.10695061328940825,225.79800000000006,0.0,868517.8181151683,0,1.8846340038394132,1.8846340038394132,液冷,1.8846340038394132,1.8846340038394132,12,0,False,0.07,0,SELL,,SECTOR_DAILY_GAIN_OVER_8%_PAUSE,0,2,equal_capital,0.085,False,1219789.859265487
2025-08-19,现金,0.0,0.0,3727.288,3633.16805,180,3383.8956,,,False,,,,False,False,True,MAINLINE_RISE,True,42,0,0,False,,,,,,,,0,,,液冷,1.9001311565940704,1.9001311565940704,10,0,False,0.07,0,BUY,液冷,ENTRY_TOP1,0,2,equal_capital,0.085,False,1228055.7328962162
2025-08-20,液冷,1.0,1.0,3766.21,3642.3636500000002,180,3386.6869888888887,,,False,,,,False,False,True,MAINLINE_RISE,True,43,0,0,False,224.914,160.78310000000002,189.8092,0.021361427728077587,224.914,0.0,1228055.7328962162,0,1.9432693969241401,1.9432693969241401,液冷,1.9432693969241401,1.9432693969241401,19,0,False,0.07,0,HOLD,液冷,NO_STRONGER_QUALIFIED_SECTOR,0,2,equal_capital,0.085,False,1281523.6027617743
2025-08-21,液冷,1.0,1.0,3771.099,3650.63225,180,3389.527777777778,,,False,,,,False,False,True,MAINLINE_RISE,True,44,0,0,False,211.772,165.5123,196.449,-0.05843122260063849,224.914,-0.05843122260063849,1228055.7328962162,0,1.807113356316346,1.807113356316346,液冷,1.807113356316346,1.807113356316346,14,0,False,0.07,0,HOLD,液冷,NO_STRONGER_QUALIFIED_SECTOR,0,2,equal_capital,0.085,False,1218640.5915908786
2025-08-22,液冷,1.0,1.0,3825.759,3662.2374499999996,180,3392.394333333333,,,False,,,,False,False,True,MAINLINE_RISE,True,45,0,0,False,215.362,170.4437,202.29000000000002,0.01695219386887792,224.914,-0.04246956614528219,1228055.7328962162,0,1.8448952318947351,1.8448952318947351,液冷,1.8448952318947351,1.8448952318947351,20,0,False,0.07,0,HOLD,液冷,NO_STRONGER_QUALIFIED_SECTOR,0,2,equal_capital,0.085,False,1246435.6487489687
2025-08-25,液冷,1.0,1.0,3883.562,3676.5187000000005,180,3395.6602444444447,,,False,,,,False,False,True,MAINLINE_RISE,True,46,0,0,False,221.908,175.5466,207.852,0.030395334367251392,224.914,-0.01336510844144878,1228055.7328962162,0,1.8515477680433876,1.8515477680433876,液冷,1.8515477680433876,1.8515477680433876,22,0,False,0.07,0,HOLD,液冷,NO_STRONGER_QUALIFIED_SECTOR,0,2,equal_capital,0.085,False,1262708.3463874175
2025-08-26,液冷,1.0,1.0,3868.382,3689.45225,180,3398.6709444444446,,,False,,,,False,False,True,MAINLINE_RISE,True,47,0,0,False,220.96400000000003,180.535,212.00639999999999,-0.004254015177460713,224.914,-0.017562268244751156,1228055.7328962162,0,1.8231954849995051,1.8231954849995051,液冷,1.8231954849995051,1.8231954849995051,28,0,False,0.07,0,HOLD,液冷,NO_STRONGER_QUALIFIED_SECTOR,0,2,equal_capital,0.085,False,1257368.384760175
2025-08-27,液冷,1.0,1.0,3800.35,3698.6839,180,3401.0952111111114,,,False,,,,False,False,True,MAINLINE_RISE,True,48,0,0,False,228.77800000000002,185.5516,216.17960000000002,0.03536322658894653,228.77800000000002,0.0,1228055.7328962162,0,1.781122027933918,1.781122027933918,液冷,1.781122027933918,1.781122027933918,21,0,False,0.07,0,HOLD,液冷,NO_STRONGER_QUALIFIED_SECTOR,0,2,equal_capital,0.085,False,1259209.3554071465
2025-08-28,液冷,1.0,1.0,3843.597,3712.2033500000007,180,3403.6773833333327,,,False,,,,False,False,True,MAINLINE_RISE,True,49,0,0,False,248.878,191.0427,222.2566,0.08785809824371205,248.878,0.0,1228055.7328962162,0,1.7897681509607641,1.7897681509607641,液冷,1.7897681509607641,1.7897681509607641,26,0,False,0.07,0,SELL,,SECTOR_DAILY_GAIN_OVER_8%_PAUSE,0,2,equal_capital,0.085,False,1344032.8905886095
2025-08-29,现金,0.0,0.0,3857.927,3727.1021,180,3406.417811111111,,,False,,,,False,False,True,MAINLINE_RISE,True,50,0,0,False,,,,,,,,0,,,CPO,1.8274994811188299,1.8274994811188299,24,0,False,0.07,0,BUY,CPO,ENTRY_TOP1,0,2,equal_capital,0.085,False,1378352.1420880014
2025-09-01,CPO,1.0,1.0,3875.53,3741.7131500000005,180,3409.2326722222224,,,False,,,,False,False,True,MAINLINE_RISE,True,51,0,0,False,1990.998,1289.0688999999998,1515.8084000000001,0.10843771921034162,1990.998,0.0,1378352.1420880014,0,2.039647676376943,2.039647676376943,CPO,2.039647676376943,2.039647676376943,24,0,False,0.07,0,SELL,,SECTOR_DAILY_GAIN_OVER_8%_PAUSE,0,2,equal_capital,0.085,False,1461722.4745853674
2025-09-02,现金,0.0,0.0,3858.133,3753.7398999999996,180,3411.7552111111117,,,False,,,,False,False,True,MAINLINE_RISE,True,52,0,0,False,,,,,,,,0,,,CPO,1.8866071153233346,1.8866071153233346,20,0,False,0.07,0,BUY,CPO,ENTRY_TOP1,0,2,equal_capital,0.085,False,1440610.238784356
2025-09-03,CPO,1.0,1.0,3813.557,3762.718,180,3414.0386722222224,,,False,,,,False,False,True,MAINLINE_RISE,True,53,0,0,False,1929.6999999999996,1379.6045,1636.3438,0.05140823429671082,1929.6999999999996,0.0,1440610.238784356,0,1.9660603195497532,1.9660603195497532,CPO,1.9660603195497532,1.9660603195497532,20,0,False,0.07,0,HOLD,CPO,NO_STRONGER_QUALIFIED_SECTOR,0,2,equal_capital,0.085,False,1488496.8024963262
2025-09-04,CPO,1.0,1.0,3765.876,3769.0284500000002,180,3415.945422222222,,,False,,,,False,False,False,MAINLINE_DECLINE,False,0,1,1,False,1646.5520000000001,1413.4726,1674.3372,-0.14673161631341636,1929.6999999999996,-0.14673161631341636,1440610.238784356,0,1.6988949535178859,1.6988949535178859,CPO,1.6988949535178859,1.6988949535178859,10,0,False,0.07,0,HOLD,CPO,NO_STRONGER_QUALIFIED_SECTOR,1,2,equal_capital,0.085,False,1297265.463712592
2025-09-05,CPO,1.0,1.0,3812.514,3777.89775,180,3418.0566666666664,,,False,,,,False,False,True,MAINLINE_RISE,True,1,0,0,False,1815.118,1456.0312,1722.6502,0.10237514515180801,1929.6999999999996,-0.05937814168005373,1440610.238784356,0,1.8830079693260826,1.8830079693260826,CPO,1.8830079693260826,1.8830079693260826,10,0,False,0.07,0,SELL,,SECTOR_DAILY_GAIN_OVER_8%_PAUSE,0,2,equal_capital,0.085,False,1403319.5718272098
2025-09-08,现金,0.0,0.0,3826.841,3786.8624499999996,180,3420.086338888889,,,False,,,,False,False,True,MAINLINE_RISE,True,2,0,0,False,,,,,,,,1,,,CPO,1.6485210448308287,1.6485210448308287,10,0,False,0.07,0,BUY,CPO,ENTRY_TOP1,0,2,equal_capital,0.085,False,1375591.715655548
2025-09-09,CPO,1.0,1.0,3807.292,3793.9311500000003,180,3422.394194444444,,,False,,,,False,False,True,MAINLINE_RISE,True,3,0,0,False,1631.548,1517.4515999999999,1760.6678,-0.014191836310509243,1631.548,0.0,1375591.715655548,1,1.5476293463248796,1.5476293463248796,储能,1.4601629679409835,1.4601629679409835,9,0,False,0.07,0,HOLD,CPO,NO_STRONGER_QUALIFIED_SECTOR,1,2,equal_capital,0.085,False,1364262.0988842535
2025-09-10,CPO,1.0,1.0,3812.221,3800.368949999999,180,3424.76025,,,False,,,,False,False,True,MAINLINE_RISE,True,4,0,0,False,1728.3820000000003,1544.4743,1779.27,0.05935099672213151,1728.3820000000003,0.0,1375591.715655548,1,1.4549551824689713,1.4549551824689713,储能,1.4036198585816908,1.4036198585816908,10,0,False,0.07,0,HOLD,CPO,NO_STRONGER_QUALIFIED_SECTOR,2,2,equal_capital,0.085,False,1429451.248106991
2025-09-11,CPO,1.0,1.0,3875.309,3810.81225,180,3427.614827777778,,,False,,,,False,False,True,MAINLINE_RISE,True,5,0,0,False,1961.536,1585.4411,1799.0438000000001,0.13489726229502486,1961.536,0.0,1375591.715655548,1,1.7173314655927159,1.7173314655927159,储能,1.4602441413608624,1.4602441413608624,12,0,False,0.07,0,SELL,,SECTOR_DAILY_GAIN_OVER_8%_PAUSE,0,2,equal_capital,0.085,False,1597427.4271892072
2025-09-12,现金,0.0,0.0,3870.598,3819.5036,180,3430.328105555556,,,False,,,,False,False,True,MAINLINE_RISE,True,6,0,0,False,,,,,,,,0,,,储能,1.4099258688045164,1.4099258688045164,15,0,False,0.07,0,BUY,储能,ENTRY_TOP1,0,2,equal_capital,0.085,False,1550088.7039600937
2025-09-15,储能,1.0,1.0,3860.504,3826.12745,180,3433.052944444444,,,False,,,,False,False,True,MAINLINE_RISE,True,7,0,0,False,792.754,661.3873000000001,743.7104,0.02260754255522235,792.754,0.0,1550088.7039600937,0,1.4270999099909991,1.4270999099909991,CPO,1.510181616226925,1.510181616226925,16,0,False,0.07,0,HOLD,储能,NO_STRONGER_QUALIFIED_SECTOR,0,2,equal_capital,0.085,False,1540391.4438728697
2025-09-16,储能,1.0,1.0,3861.865,3832.8563000000004,180,3435.7962555555555,,,False,,,,False,False,True,MAINLINE_RISE,True,8,0,0,False,798.422,673.46,761.693,0.0071497589416136265,798.422,0.0,1550088.7039600937,0,1.4335150313842087,1.4335150313842087,储能,1.4335150313842087,1.4335150313842087,15,0,False,0.07,0,HOLD,储能,NO_STRONGER_QUALIFIED_SECTOR,0,2,equal_capital,0.085,False,1546353.749203101
2025-09-17,储能,1.0,1.0,3876.341,3838.3628500000004,180,3438.7133888888884,,,False,,,,False,False,True,MAINLINE_RISE,True,9,0,0,False,809.3219999999999,685.9588,774.371,0.013651928428825677,809.3219999999999,0.0,1550088.7039600937,0,1.4469076385636077,1.4469076385636077,储能,1.4469076385636077,1.4469076385636077,15,0,False,0.07,0,HOLD,储能,NO_STRONGER_QUALIFIED_SECTOR,0,2,equal_capital,0.085,False,1563078.0802823824
2025-09-18,储能,1.0,1.0,3831.656,3841.3907,180,3441.1474333333335,,,False,,,,False,False,False,MAINLINE_DECLINE,False,0,1,1,False,795.6299999999999,698.1841000000001,784.6338,-0.016917864582947195,809.3219999999999,-0.016917864582947195,1550088.7039600937,0,1.443649704966577,1.443649704966577,储能,1.443649704966577,1.443649704966577,11,0,False,0.07,0,HOLD,储能,NO_STRONGER_QUALIFIED_SECTOR,0,2,equal_capital,0.085,False,1541014.0121996878
2025-09-19,储能,1.0,1.0,3820.089,3841.1072,180,3443.5182055555556,,,False,,,,False,False,False,MAINLINE_DECLINE,False,0,2,2,False,789.992,709.2837000000001,784.0146000000001,-0.007086208413458417,809.3219999999999,-0.02388418948206017,1550088.7039600937,0,1.3908309859154928,1.3908309859154928,CPO,1.3945816328675633,1.3945816328675633,11,0,False,0.07,0,HOLD,储能,NO_STRONGER_QUALIFIED_SECTOR,0,2,equal_capital,0.085,False,1535646.1692023075
2025-09-22,储能,1.0,1.0,3828.576,3838.3579,180,3445.9098666666664,,,False,,,,False,False,False,MAINLINE_DECLINE,False,0,3,3,False,788.778,719.4730999999999,783.8460000000001,-0.001536724422525726,809.3219999999999,-0.025384210487296666,1550088.7039600937,0,1.34836151045317,1.34836151045317,储能,1.34836151045317,1.34836151045317,12,0,False,0.07,0,HOLD,储能,NO_STRONGER_QUALIFIED_SECTOR,0,2,equal_capital,0.085,False,1527134.7727058544
2025-09-23,储能,1.0,1.0,3821.833,3836.0304499999997,180,3448.252594444444,,,False,,,,False,False,False,MAINLINE_DECLINE,False,0,4,4,False,808.45,731.1524000000001,788.21,0.024939843656897054,809.3219999999999,-0.00107744507130636,1550088.7039600937,0,1.4063326282390272,1.4063326282390272,储能,1.4063326282390272,1.4063326282390272,13,0,False,0.07,0,HOLD,储能,NO_STRONGER_QUALIFIED_SECTOR,0,2,equal_capital,0.085,False,1549911.077183308
2025-09-24,储能,1.0,1.0,3853.642,3838.69505,180,3450.7321277777774,,,False,,,,False,False,True,MAINLINE_RISE,True,1,0,0,False,846.646,744.6791000000001,798.0378,0.047245964499968984,846.646,0.0,1550088.7039600937,0,1.4695857749881966,1.4695857749881966,储能,1.4695857749881966,1.4695857749881966,14,0,False,0.07,0,HOLD,储能,NO_STRONGER_QUALIFIED_SECTOR,0,2,equal_capital,0.085,False,1611449.9823007686
2025-09-25,储能,1.0,1.0,3853.302,3839.1803,180,3453.518455555555,,,False,,,,False,False,True,NO_MAINLINE_ROTATION,False,0,1,0,False,883.432,759.4640999999999,808.8653999999999,0.04344909206445213,883.432,0.0,1550088.7039600937,0,1.5031204698740244,1.5031204698740244,储能,1.5031204698740244,1.5031204698740244,12,0,False,0.07,0,HOLD,储能,NO_STRONGER_QUALIFIED_SECTOR,0,2,equal_capital,0.085,False,1670113.836163987
2025-09-26,储能,1.0,1.0,3828.106,3837.6892500000004,180,3456.660372222222,,,False,,,,False,False,False,MAINLINE_DECLINE,False,0,2,1,False,854.0799999999999,771.3246999999999,816.7506,-0.0332249680790373,883.432,-0.0332249680790373,1550088.7039600937,0,1.3845425601587371,1.3845425601587371,储能,1.3845425601587371,1.3845425601587371,11,0,False,0.07,0,HOLD,储能,NO_STRONGER_QUALIFIED_SECTOR,0,2,equal_capital,0.085,False,1609552.9717710072
2025-09-29,储能,1.0,1.0,3862.532,3837.03935,180,3460.277605555556,,,False,,,,False,False,True,NO_MAINLINE_ROTATION,False,0,3,0,False,904.6160000000002,785.8236,827.9368000000001,0.05917010116148402,904.6160000000002,0.0,1550088.7039600937,0,1.4717866451472248,1.4717866451472248,储能,1.4717866451472248,1.4717866451472248,10,0,False,0.07,0,HOLD,储能,NO_STRONGER_QUALIFIED_SECTOR,0,2,equal_capital,0.085,False,1696530.6620334312
2025-09-30,储能,1.0,1.0,3882.777,3838.27155,180,3464.03235,,,False,,,,False,False,True,MAINLINE_RISE,True,1,0,0,False,931.884,801.4879999999999,841.283,0.03014317677334888,931.884,0.0,1550088.7039600937,0,1.506450090204269,1.506450090204269,储能,1.506450090204269,1.506450090204269,15,0,False,0.07,0,HOLD,储能,NO_STRONGER_QUALIFIED_SECTOR,0,2,equal_capital,0.085,False,1744574.5949691245
2025-10-09,储能,1.0,1.0,3933.972,3844.2923,180,3467.945283333333,,,False,,,,False,False,True,MAINLINE_RISE,True,2,0,0,False,933.5319999999999,814.0375,853.7040000000001,0.0017684604521592817,933.5319999999999,0.0,1550088.7039600937,0,1.3677282863179114,1.3677282863179114,存储,1.3953245420878793,1.3953245420878793,18,0,False,0.07,0,HOLD,储能,NO_STRONGER_QUALIFIED_SECTOR,0,2,equal_capital,0.085,False,1778942.6050040107
2025-10-10,储能,1.0,1.0,3897.028,3850.8498999999997,180,3471.6500611111114,,,False,,,,False,False,True,MAINLINE_RISE,True,3,0,0,False,849.628,821.8688,859.1038000000001,-0.0898780116803708,933.5319999999999,-0.0898780116803708,1550088.7039600937,0,1.2260108917434582,1.2260108917434582,存储,1.461552570974382,1.461552570974382,16,0,False,0.07,1,HOLD,储能,SWITCH_CONFIRM_1_OF_2,1,2,equal_capital,0.085,False,1620170.7616454342
2025-10-13,储能,1.0,1.0,3889.502,3854.6993,180,3475.4173333333333,,,False,,,,False,False,True,MAINLINE_RISE,True,4,0,0,False,843.952,824.2572,864.4997999999999,-0.006680570790981499,933.5319999999999,-0.09595814605176889,1550088.7039600937,0,1.0599961817871246,1.0599961817871246,存储,1.3749146591241588,1.3749146591241588,11,0,False,0.07,0,SWITCH,存储,STRONGER_RS20_MARGIN_7%,2,2,equal_capital,0.085,False,1595546.532098976
2025-10-14,存储,1.0,1.0,3865.229,3856.6187,180,3479.287916666667,,,False,,,,False,False,True,MAINLINE_RISE,True,5,0,0,False,399.6,372.74379999999996,401.272,-0.055118110236220486,399.6,0.0,1550088.7039600937,0,1.275169926923445,1.275169926923445,存储,1.275169926923445,1.275169926923445,8,0,False,0.07,0,HOLD,存储,NO_STRONGER_QUALIFIED_SECTOR,1,2,equal_capital,0.085,False,1512482.3925607007
2025-10-15,存储,1.0,1.0,3912.21,3861.8646,180,3483.462666666667,,,False,,,,False,False,True,MAINLINE_RISE,True,6,0,0,False,409.09400000000005,378.1037,405.0336,0.02375875875875888,409.09400000000005,0.0,1550088.7039600937,0,1.3550825449823782,1.3550825449823782,存储,1.3550825449823782,1.3550825449823782,10,0,False,0.07,0,HOLD,存储,NO_STRONGER_QUALIFIED_SECTOR,0,2,equal_capital,0.085,False,1535410.754841056
2025-10-16,存储,1.0,1.0,3916.228,3867.06495,180,3487.2142666666664,,,False,,,,False,False,True,MAINLINE_RISE,True,7,0,0,False,423.10200000000003,383.97020000000003,408.5702,0.03424151906407813,423.10200000000003,0.0,1550088.7039600937,0,1.383717279541619,1.383717279541619,存储,1.383717279541619,1.383717279541619,8,0,False,0.07,0,HOLD,存储,NO_STRONGER_QUALIFIED_SECTOR,0,2,equal_capital,0.085,False,1605352.1282803342
2025-10-17,存储,1.0,1.0,3839.755,3865.28725,180,3490.617811111111,,,False,,,,False,False,False,MAINLINE_DECLINE,False,0,1,1,False,401.82800000000003,387.53589999999997,410.5786,-0.050281019706831964,423.10200000000003,-0.050281019706831964,1550088.7039600937,0,1.2157669569216434,1.2157669569216434,存储,1.2157669569216434,1.2157669569216434,6,0,False,0.07,0,HOLD,存储,NO_STRONGER_QUALIFIED_SECTOR,1,2,equal_capital,0.085,False,1509896.7485454364
2025-10-20,存储,1.0,1.0,3863.893,3864.952,180,3494.105927777778,,,False,,,,False,False,False,MAINLINE_DECLINE,False,0,2,2,False,409.642,390.16769999999997,414.523,0.019446131180504977,423.10200000000003,-0.03181265983143555,1550088.7039600937,0,1.147437297972583,1.147437297972583,电网设备,1.1790345711049517,1.1790345711049517,3,0,False,0.07,0,HOLD,存储,NO_STRONGER_QUALIFIED_SECTOR,2,2,equal_capital,0.085,False,1520078.2283538901
2025-10-21,存储,1.0,1.0,3916.332,3867.7434000000003,180,3497.853211111111,,,False,,,,False,False,True,MAINLINE_RISE,True,1,0,0,False,427.20799999999997,393.66780000000006,418.8982,0.0428813451745671,427.20799999999997,0.0,1550088.7039600937,0,1.195970952335627,1.195970952335627,电网设备,1.2307583777568232,1.2307583777568232,4,0,False,0.07,0,HOLD,存储,NO_STRONGER_QUALIFIED_SECTOR,0,2,equal_capital,0.085,False,1574958.3230778065
2025-10-22,存储,1.0,1.0,3913.758,3870.33805,180,3501.571988888889,,,False,,,,False,False,True,MAINLINE_RISE,True,2,0,0,False,414.596,396.605,418.4366,-0.029521919065185975,427.20799999999997,-0.029521919065185975,1550088.7039600937,0,1.1650798646628375,1.1650798646628375,电网设备,1.1998139526076224,1.1998139526076224,1,0,False,0.07,0,HOLD,存储,NO_STRONGER_QUALIFIED_SECTOR,1,2,equal_capital,0.085,False,1537389.328865348
2025-10-23,存储,1.0,1.0,3922.41,3872.6414999999993,180,3505.3485833333334,,,False,,,,False,False,True,MAINLINE_RISE,True,3,0,0,False,412.39,399.63520000000005,415.06540000000007,-0.005320842458682695,427.20799999999997,-0.034685680043444855,1550088.7039600937,0,1.1722751900303026,1.1722751900303026,电网设备,1.1435889426124122,1.1435889426124122,1,0,False,0.07,0,HOLD,存储,NO_STRONGER_QUALIFIED_SECTOR,2,2,equal_capital,0.085,False,1551748.7223674764
2025-10-24,存储,1.0,1.0,3950.312,3878.5743,180,3509.4412944444443,,,False,,,,False,False,True,MAINLINE_RISE,True,4,0,0,False,444.92599999999993,404.087,416.5296,0.07889619049928442,444.92599999999993,0.0,1550088.7039600937,0,1.2501784259181206,1.2501784259181206,存储,1.2501784259181206,1.2501784259181206,3,0,False,0.07,0,HOLD,存储,NO_STRONGER_QUALIFIED_SECTOR,0,2,equal_capital,0.085,False,1703210.6312473924
2025-10-27,存储,1.0,1.0,3996.945,3887.4171,180,3513.701188888889,,,False,,,,False,False,True,MAINLINE_RISE,True,5,0,0,False,483.82199999999995,410.5768,422.6208,0.08742127904415575,483.82199999999995,0.0,1550088.7039600937,0,1.3666284397191164,1.3666284397191164,存储,1.3666284397191164,1.3666284397191164,6,0,False,0.07,0,SELL,,SECTOR_DAILY_GAIN_OVER_8%_PAUSE,0,2,equal_capital,0.085,False,1857487.5910696979
2025-10-28,现金,0.0,0.0,3988.224,3895.3994999999995,180,3517.787844444444,,,False,,,,False,False,True,MAINLINE_RISE,True,6,0,0,False,,,,,,,,0,,,存储,1.2966513347375663,1.2966513347375663,5,0,False,0.07,0,BUY,存储,ENTRY_TOP1,0,2,equal_capital,0.085,False,1772328.5236888705
2025-10-29,存储,1.0,1.0,4016.331,3905.1243999999997,180,3522.0419,,,False,,,,False,False,True,MAINLINE_RISE,True,7,0,0,False,482.15,421.6312,438.22880000000004,-0.0009821310171066466,482.15,0.0,1772328.5236888705,0,1.2979234301896747,1.2979234301896747,光伏,1.3097591700629865,1.3097591700629865,6,0,False,0.07,0,HOLD,存储,NO_STRONGER_QUALIFIED_SECTOR,0,2,equal_capital,0.085,False,1799215.1427076852
2025-10-30,存储,1.0,1.0,3986.901,3911.78735,180,3526.2497500000004,,,False,,,,False,False,True,MAINLINE_RISE,True,8,0,0,False,472.71000000000004,425.8799,443.1896,-0.01957896920045621,482.15,-0.01957896920045621,1772328.5236888705,0,1.2191542699156128,1.2191542699156128,光伏,1.245839224492436,1.245839224492436,7,0,False,0.07,0,HOLD,存储,NO_STRONGER_QUALIFIED_SECTOR,0,2,equal_capital,0.085,False,1802895.802082097
2025-10-31,存储,1.0,1.0,3954.79,3916.86175,180,3530.050477777778,,,False,,,,False,False,True,MAINLINE_RISE,True,9,0,0,False,446.326,429.10900000000004,447.6394,-0.05581434706268118,482.15,-0.07430052888105354,1772328.5236888705,0,1.1691762018525504,1.1691762018525504,光伏,1.1838681466532122,1.1838681466532122,3,0,False,0.07,0,HOLD,存储,NO_STRONGER_QUALIFIED_SECTOR,1,2,equal_capital,0.085,False,1701569.035701614
2025-11-03,存储,1.0,1.0,3976.521,3924.2825,180,3533.788555555556,,,False,,,,False,False,True,MAINLINE_RISE,True,10,0,0,False,463.12399999999997,433.7553,452.98760000000004,0.03763616728579544,482.15,-0.03946074872964844,1772328.5236888705,0,1.2510170233226543,1.2510170233226543,光伏,1.2526027098200274,1.2526027098200274,7,0,False,0.07,0,HOLD,存储,NO_STRONGER_QUALIFIED_SECTOR,0,2,equal_capital,0.085,False,1758633.81441802
2025-11-04,存储,1.0,1.0,3960.186,3929.1652000000004,180,3537.333088888889,,,False,,,,False,False,True,MAINLINE_RISE,True,11,0,0,False,451.346,437.14979999999997,455.4013999999999,-0.025431633860477865,482.15,-0.06388883127657363,1772328.5236888705,0,1.1770476925644662,1.1770476925644662,电网设备,1.257678830444247,1.257678830444247,4,0,False,0.07,0,HOLD,存储,NO_STRONGER_QUALIFIED_SECTOR,1,2,equal_capital,0.085,False,1694561.6645566754
2025-11-05,存储,1.0,1.0,3969.248,3933.4887500000004,180,3540.9508166666665,,,False,,,,False,False,True,MAINLINE_RISE,True,12,0,0,False,441.31000000000006,438.25470000000007,458.07280000000003,-0.02223571273479752,482.15,-0.0847039303121434,1772328.5236888705,0,1.0527131856912495,1.0527131856912495,电网设备,1.2323741231488696,1.2323741231488696,3,0,False,0.07,1,HOLD,存储,SWITCH_CONFIRM_1_OF_2,2,2,equal_capital,0.085,False,1674690.5061090437
2025-11-06,存储,1.0,1.0,4007.76,3937.1781499999997,180,3544.625122222222,,,False,,,,False,False,True,MAINLINE_RISE,True,13,0,0,False,454.97200000000004,438.6982,462.33099999999996,0.030957830096757233,482.15,-0.05636835009851693,1772328.5236888705,0,1.0198833450645817,1.0198833450645817,光伏,1.2466234204174356,1.2466234204174356,2,0,False,0.07,1,HOLD,存储,SWITCH_CONFIRM_1_OF_2,3,2,equal_capital,0.085,False,1713375.7254260804
2025-11-07,存储,1.0,1.0,3997.556,3942.20455,180,3548.319972222222,,,False,,,,False,False,True,MAINLINE_RISE,True,14,0,0,False,447.93199999999996,439.58059999999995,462.6316,-0.01547347968666224,482.15,-0.07096961526495904,1772328.5236888705,0,1.0410147716391964,1.0410147716391964,光伏,1.327209592071666,1.327209592071666,3,0,False,0.07,0,SWITCH,光伏,STRONGER_RS20_MARGIN_7%,4,2,equal_capital,0.085,False,1703471.1745031718
2025-11-10,光伏,1.0,1.0,4018.597,3948.6593000000003,180,3552.0526,,,False,,,,False,False,True,MAINLINE_RISE,True,15,0,0,False,549.668,490.2144,535.9879999999999,-0.019017568406850427,549.668,0.0,1772328.5236888705,0,1.3375023724590356,1.3375023724590356,光伏,1.3375023724590356,1.3375023724590356,4,0,False,0.07,0,HOLD,光伏,NO_STRONGER_QUALIFIED_SECTOR,0,2,equal_capital,0.085,False,1744488.7714550474
2025-11-11,光伏,1.0,1.0,4002.758,3955.53575,180,3555.646644444444,,,False,,,,False,False,True,MAINLINE_RISE,True,16,0,0,False,545.052,496.64930000000004,543.8968,-0.008397796488061826,549.668,-0.008397796488061826,1772328.5236888705,0,1.309107154008368,1.309107154008368,光伏,1.309107154008368,1.309107154008368,4,0,False,0.07,0,HOLD,光伏,NO_STRONGER_QUALIFIED_SECTOR,0,2,equal_capital,0.085,False,1729301.859733352
2025-11-12,光伏,1.0,1.0,4000.14,3959.9322499999994,180,3559.40025,,,False,,,,False,False,True,MAINLINE_RISE,True,17,0,0,False,523.254,500.60329999999993,543.1966,-0.03999251447568308,549.668,-0.04805446196613228,1772328.5236888705,0,1.1780383363276554,1.1780383363276554,电网设备,1.2078318601929205,1.2078318601929205,3,0,False,0.07,0,HOLD,光伏,NO_STRONGER_QUALIFIED_SECTOR,1,2,equal_capital,0.085,False,1631370.7641444278
2025-11-13,光伏,1.0,1.0,4029.501,3965.5958999999993,180,3563.1667055555554,,,False,,,,False,False,True,MAINLINE_RISE,True,18,0,0,False,532.4079999999999,503.7214,542.511,0.01749437175826629,549.668,-0.031400772830144974,1772328.5236888705,0,1.1326721214519426,1.1326721214519426,电网设备,1.2274283907557626,1.2274283907557626,4,0,False,0.07,1,HOLD,光伏,SWITCH_CONFIRM_1_OF_2,2,2,equal_capital,0.085,False,1663422.170229708
2025-11-14,光伏,1.0,1.0,3990.492,3973.1327499999998,180,3566.7206444444446,,,False,,,,False,False,True,MAINLINE_RISE,True,19,0,0,False,524.348,508.4587,542.1512,-0.015138765758591077,549.668,-0.046064169644221664,1772328.5236888705,0,1.2205436659978306,1.2205436659978306,电网设备,1.2534978893033764,1.2534978893033764,2,0,False,0.07,0,HOLD,光伏,NO_STRONGER_QUALIFIED_SECTOR,3,2,equal_capital,0.085,False,1674344.6874790005
2025-11-17,光伏,1.0,1.0,3972.035,3978.5398499999997,180,3570.0146555555552,,,False,,,,False,False,False,MAINLINE_DECLINE,False,0,1,1,False,519.6980000000001,512.7434999999999,539.0398,-0.008868156262634486,549.668,-0.05452382165234271,1772328.5236888705,0,1.197455311265847,1.197455311265847,商贸零售,1.1406215130551218,1.1406215130551218,1,0,False,0.07,0,HOLD,光伏,NO_STRONGER_QUALIFIED_SECTOR,4,2,equal_capital,0.085,False,1655201.66885377
2025-11-18,光伏,1.0,1.0,3939.813,3979.7138999999997,180,3573.1634611111117,,,False,,,,False,False,False,MAINLINE_DECLINE,False,0,2,2,False,499.30600000000004,515.6054999999999,536.7198000000001,-0.039238172938899196,549.668,-0.0916225794479576,1772328.5236888705,0,1.129482927888596,1.129482927888596,商贸零售,1.1040015464913977,1.1040015464913977,1,0,False,0.07,0,SELL,,DOUBLE_MA20_BREAK,5,2,equal_capital,0.085,False,1622237.2306337557
2025-11-19,现金,0.0,0.0,3946.742,3981.3631,180,3576.5006944444444,,,False,,,,False,False,False,BROAD_DECLINE_OR_NO_LEADER,False,0,3,3,False,,,,,,,,1,,,,,,0,0,False,0.07,0,CASH,,ENTRY_GATE_CLOSED_OR_NO_CANDIDATE,0,2,equal_capital,0.085,False,1615483.6625960257
2025-11-20,现金,0.0,0.0,3931.051,3981.7951500000004,180,3579.5608999999995,,,False,,,,False,False,False,BROAD_DECLINE_OR_NO_LEADER,False,0,4,4,False,,,,,,,,1,,,,,,0,0,False,0.07,0,CASH,,ENTRY_GATE_CLOSED_OR_NO_CANDIDATE,0,2,equal_capital,0.085,False,1615483.6625960257
2025-11-21,现金,0.0,0.0,3834.891,3976.0241,180,3582.043283333334,,,False,,,,False,False,False,BROAD_DECLINE_OR_NO_LEADER,False,0,5,5,False,,,,,,,,1,,,,,,0,0,False,0.07,0,CASH,,ENTRY_GATE_CLOSED_OR_NO_CANDIDATE,0,2,equal_capital,0.085,False,1615483.6625960257
2025-11-24,现金,0.0,0.0,3836.766,3968.01515,180,3584.9092222222225,,,False,,,,False,False,False,BROAD_DECLINE_OR_NO_LEADER,False,0,6,6,False,,,,,,,,1,,,,,,0,0,False,0.07,0,CASH,,ENTRY_GATE_CLOSED_OR_NO_CANDIDATE,0,2,equal_capital,0.085,False,1615483.6625960257
2025-11-25,现金,0.0,0.0,3870.023,3962.1050999999998,180,3587.981988888889,,,False,,,,False,False,False,BROAD_DECLINE_OR_NO_LEADER,False,0,7,7,False,,,,,,,,1,,,,,,0,0,False,0.07,0,CASH,,ENTRY_GATE_CLOSED_OR_NO_CANDIDATE,0,2,equal_capital,0.085,False,1615483.6625960257
2025-11-26,现金,0.0,0.0,3864.184,3954.49775,180,3590.981844444445,,,False,,,,False,False,False,BROAD_DECLINE_OR_NO_LEADER,False,0,8,8,False,,,,,,,,1,,,,,,0,0,False,0.07,0,CASH,,ENTRY_GATE_CLOSED_OR_NO_CANDIDATE,0,2,equal_capital,0.085,False,1615483.6625960257
2025-11-27,现金,0.0,0.0,3875.259,3948.9156500000004,180,3593.9445888888886,,,False,,,,False,False,False,BROAD_DECLINE_OR_NO_LEADER,False,0,9,9,False,,,,,,,,1,,,,,,0,0,False,0.07,0,CASH,,ENTRY_GATE_CLOSED_OR_NO_CANDIDATE,0,2,equal_capital,0.085,False,1615483.6625960257
2025-11-28,现金,0.0,0.0,3888.596,3945.6059499999997,180,3596.764022222222,,,False,,,,False,False,False,BROAD_DECLINE_OR_NO_LEADER,False,0,10,10,False,,,,,,,,1,,,,,,0,0,False,0.07,0,CASH,,ENTRY_GATE_CLOSED_OR_NO_CANDIDATE,0,2,equal_capital,0.085,False,1615483.6625960257
2025-12-01,现金,0.0,0.0,3914.006,3942.4802000000004,180,3599.772133333333,,,False,,,,False,False,False,BROAD_DECLINE_OR_NO_LEADER,False,0,11,11,False,,,,,,,,1,,,,,,0,0,False,0.07,0,CASH,,ENTRY_GATE_CLOSED_OR_NO_CANDIDATE,0,2,equal_capital,0.085,False,1615483.6625960257
2025-12-02,现金,0.0,0.0,3897.712,3939.3565000000003,180,3602.7251833333335,,,False,,,,False,False,False,BROAD_DECLINE_OR_NO_LEADER,False,0,12,12,False,,,,,,,,1,,,,,,0,0,False,0.07,0,CASH,,ENTRY_GATE_CLOSED_OR_NO_CANDIDATE,0,2,equal_capital,0.085,False,1615483.6625960257
2025-12-03,现金,0.0,0.0,3878.0,3934.7941,180,3605.492805555555,,,False,,,,False,False,False,BROAD_DECLINE_OR_NO_LEADER,False,0,13,13,False,,,,,,,,1,,,,,,0,0,False,0.07,0,CASH,,ENTRY_GATE_CLOSED_OR_NO_CANDIDATE,0,2,equal_capital,0.085,False,1615483.6625960257
2025-12-04,现金,0.0,0.0,3875.793,3928.19575,180,3608.292077777777,,,False,,,,False,False,False,BROAD_DECLINE_OR_NO_LEADER,False,0,14,14,False,,,,,,,,1,,,,,,0,0,False,0.07,0,CASH,,ENTRY_GATE_CLOSED_OR_NO_CANDIDATE,0,2,equal_capital,0.085,False,1615483.6625960257
2025-12-05,现金,0.0,0.0,3902.808,3923.45835,180,3611.314738888889,,,False,,,,False,False,False,BROAD_DECLINE_OR_NO_LEADER,False,0,15,15,False,,,,,,,,1,,,,,,0,0,False,0.07,0,CASH,,ENTRY_GATE_CLOSED_OR_NO_CANDIDATE,0,2,equal_capital,0.085,False,1615483.6625960257
2025-12-08,现金,0.0,0.0,3924.078,3918.7324,180,3614.1176055555557,,,False,,,,False,False,True,NO_MAINLINE_ROTATION,False,0,16,0,False,,,,,,,,1,,,CPO,1.2049977664026834,1.2049977664026834,2,0,False,0.07,0,BUY,CPO,ENTRY_TOP1,0,2,equal_capital,0.085,False,1615483.6625960257
2025-12-09,CPO,1.0,1.0,3909.522,3914.0706000000005,180,3616.8031222222226,,,False,,,,False,False,False,MAINLINE_DECLINE,False,0,17,1,False,2372.412,1908.6466999999998,2048.7794,0.03960505374157752,2372.412,0.0,1615483.6625960257,1,1.3116451875072563,1.3116451875072563,CPO,1.3116451875072563,1.3116451875072563,4,0,False,0.07,0,HOLD,CPO,NO_STRONGER_QUALIFIED_SECTOR,0,2,equal_capital,0.085,False,1656872.3994464893
2025-12-10,CPO,1.0,1.0,3900.496,3909.0883999999996,180,3619.4183277777784,,,False,,,,False,False,False,MAINLINE_DECLINE,False,0,18,2,False,2407.738,1936.9093,2099.2232,0.014890331021761849,2407.738,0.0,1615483.6625960257,1,1.3067876770841136,1.3067876770841136,CPO,1.3067876770841136,1.3067876770841136,4,0,False,0.07,0,HOLD,CPO,NO_STRONGER_QUALIFIED_SECTOR,0,2,equal_capital,0.085,False,1670576.1782003846
2025-12-11,CPO,1.0,1.0,3873.318,3901.2792500000005,180,3621.901044444445,,,False,,,,False,False,False,MAINLINE_DECLINE,False,0,19,3,False,2297.76,1960.7655,2138.9413999999997,-0.04567689673876463,2407.738,-0.04567689673876463,1615483.6625960257,1,1.262064465384624,1.262064465384624,CPO,1.262064465384624,1.262064465384624,3,0,False,0.07,0,HOLD,CPO,NO_STRONGER_QUALIFIED_SECTOR,0,2,equal_capital,0.085,False,1601052.4776487043
2025-12-12,CPO,1.0,1.0,3889.346,3896.2219500000006,180,3624.5699222222224,,,False,,,,False,False,False,MAINLINE_DECLINE,False,0,20,4,False,2312.5240000000003,1989.1389,2179.1824,0.006425388204164051,2407.738,-0.03954500032810859,1615483.6625960257,1,1.3251861258320654,1.3251861258320654,CPO,1.3251861258320654,1.3251861258320654,3,0,False,0.07,0,HOLD,CPO,NO_STRONGER_QUALIFIED_SECTOR,0,2,equal_capital,0.085,False,1618072.157916884
2025-12-15,CPO,1.0,1.0,3867.921,3891.0162499999997,180,3627.3648666666663,,,False,,,,False,False,False,MAINLINE_DECLINE,False,0,21,5,False,2279.1719999999996,2014.8434000000002,2211.0188,-0.014422336806018343,2407.738,-0.053397005820400856,1615483.6625960257,1,1.2912555903918344,1.2912555903918344,CPO,1.2912555903918344,1.2912555903918344,4,0,False,0.07,0,HOLD,CPO,NO_STRONGER_QUALIFIED_SECTOR,0,2,equal_capital,0.085,False,1571545.1002618512
2025-12-16,CPO,1.0,1.0,3824.812,3885.2661999999996,180,3629.891444444445,,,False,,,,False,False,False,MAINLINE_DECLINE,False,0,22,6,False,2182.8320000000003,2035.4633000000001,2229.8566,-0.04226973655344979,2407.738,-0.0934096650050793,1615483.6625960257,1,1.2329361049324632,1.2329361049324632,商业航天,1.3592116685679028,1.3592116685679028,3,0,False,0.07,1,HOLD,CPO,SWITCH_CONFIRM_1_OF_2,1,2,equal_capital,0.085,False,1504972.0107670543
2025-12-17,CPO,1.0,1.0,3870.278,3881.443,180,3632.6709,,,False,,,,False,False,False,MAINLINE_DECLINE,False,0,23,7,False,2369.428,2063.6805,2265.5094,0.08548344535905628,2407.738,-0.01591119964049248,1615483.6625960257,1,1.3126414061617075,1.3126414061617075,商业航天,1.3342990492153863,1.3342990492153863,5,0,False,0.07,1,SELL,,SECTOR_DAILY_GAIN_OVER_8%_PAUSE,0,2,equal_capital,0.085,False,1629808.0903341677
2025-12-18,现金,0.0,0.0,3876.371,3878.7090000000003,180,3635.491311111111,,,False,,,,False,False,False,MAINLINE_DECLINE,False,0,24,8,False,,,,,,,,2,,,商业航天,1.3876771650706494,1.3876771650706494,4,0,False,0.07,1,CASH,,ENTRY_GATE_CLOSED_OR_NO_CANDIDATE,0,2,equal_capital,0.085,False,1605174.4361361794
2025-12-19,现金,0.0,0.0,3890.448,3881.48685,180,3638.361861111111,,,False,,,,False,False,True,NO_MAINLINE_ROTATION,False,0,25,0,False,,,,,,,,2,,,商业航天,1.485014761578147,1.485014761578147,6,0,False,0.07,1,BUY,商业航天,ENTRY_TOP1,0,2,equal_capital,0.085,False,1605174.4361361794
2025-12-22,商业航天,1.0,1.0,3917.364,3885.51675,180,3641.5066222222217,,,False,,,,False,False,True,NO_MAINLINE_ROTATION,False,0,26,0,False,411.776,331.01789999999994,366.8442,0.033636564451673845,411.776,0.0,1605174.4361361794,2,1.454124261065478,1.454124261065478,商业航天,1.454124261065478,1.454124261065478,10,0,False,0.07,0,HOLD,商业航天,NO_STRONGER_QUALIFIED_SECTOR,0,2,equal_capital,0.085,False,1619097.1636316157
2025-12-23,商业航天,1.0,1.0,3919.979,3888.01455,180,3644.7523611111114,,,False,,,,False,False,True,MAINLINE_RISE,True,1,0,0,False,387.26,336.12019999999995,372.81399999999996,-0.059537224121852694,411.776,-0.059537224121852694,1605174.4361361794,2,1.3577874858877894,1.3577874858877894,CPO,1.4138049521824054,1.4138049521824054,8,0,False,0.07,0,HOLD,商业航天,NO_STRONGER_QUALIFIED_SECTOR,0,2,equal_capital,0.085,False,1524007.6453315355
2025-12-24,商业航天,1.0,1.0,3940.947,3891.8527000000004,180,3648.0440944444445,,,False,,,,False,False,True,MAINLINE_RISE,True,2,0,0,False,416.66399999999993,343.0611,380.9664,0.07592831689304336,416.66399999999993,0.0,1605174.4361361794,2,1.4996220928140047,1.4996220928140047,商业航天,1.4996220928140047,1.4996220928140047,9,0,False,0.07,0,HOLD,商业航天,NO_STRONGER_QUALIFIED_SECTOR,0,2,equal_capital,0.085,False,1607630.653981734
2025-12-25,商业航天,1.0,1.0,3959.621,3896.0708,180,3651.430172222222,,,False,,,,False,False,True,MAINLINE_RISE,True,3,0,0,False,453.59399999999994,351.82239999999996,391.776,0.0886325672484305,453.59399999999994,0.0,1605174.4361361794,2,1.6294760892056552,1.6294760892056552,商业航天,1.6294760892056552,1.6294760892056552,7,0,False,0.07,0,SELL,,SECTOR_DAILY_GAIN_OVER_8%_PAUSE,0,2,equal_capital,0.085,False,1702922.6554869134
2025-12-26,现金,0.0,0.0,3963.679,3899.8249500000006,180,3654.8839,,,False,,,,False,False,True,MAINLINE_RISE,True,4,0,0,False,,,,,,,,0,,,商业航天,1.6970087314960518,1.6970087314960518,10,0,False,0.07,0,BUY,商业航天,ENTRY_TOP1,0,2,equal_capital,0.085,False,1717121.0336194057
2025-12-29,商业航天,1.0,1.0,3965.28,3902.38865,180,3659.7100333333333,,,False,,,,False,False,True,MAINLINE_RISE,True,5,0,0,False,515.9239999999999,373.03499999999997,420.44759999999997,0.05843156724287191,515.9239999999999,0.0,1717121.0336194057,0,1.7676015321469922,1.7676015321469922,商业航天,1.7676015321469922,1.7676015321469922,7,0,False,0.07,0,HOLD,商业航天,NO_STRONGER_QUALIFIED_SECTOR,0,2,equal_capital,0.085,False,1820146.8479799523
2025-12-30,商业航天,1.0,1.0,3965.116,3905.7588499999997,180,3664.2631833333335,,,False,,,,False,False,True,MAINLINE_RISE,True,6,0,0,False,511.284,384.0284,433.6857999999999,-0.008993572696753493,515.9239999999999,-0.008993572696753493,1717121.0336194057,0,1.7544815658714685,1.7544815658714685,商业航天,1.7544815658714685,1.7544815658714685,9,0,False,0.07,0,HOLD,商业航天,NO_STRONGER_QUALIFIED_SECTOR,0,2,equal_capital,0.085,False,1840246.524994213
2025-12-31,商业航天,1.0,1.0,3968.84,3910.3008499999996,180,3668.6077944444446,,,False,,,,False,False,True,MAINLINE_RISE,True,7,0,0,False,558.21,397.72659999999996,452.57019999999994,0.0917806933133054,558.21,0.0,1717121.0336194057,0,1.963827107505471,1.963827107505471,商业航天,1.963827107505471,1.963827107505471,8,0,False,0.07,0,SELL,,SECTOR_DAILY_GAIN_OVER_8%_PAUSE,0,2,equal_capital,0.085,False,1979685.7070036738
2026-01-05,现金,0.0,0.0,4023.417,3917.6820500000003,180,3673.051011111111,,,False,,,,False,False,True,MAINLINE_RISE,True,8,0,0,False,,,,,,,,0,,,商业航天,1.8931170762247616,1.8931170762247616,12,0,False,0.07,0,BUY,商业航天,ENTRY_TOP1,0,2,equal_capital,0.085,False,2066813.9186486823
2026-01-06,商业航天,1.0,1.0,4083.667,3926.725,180,3677.7479000000003,,,False,,,,False,False,True,MAINLINE_RISE,True,9,0,0,False,627.3,426.76719999999995,495.00199999999995,0.08049730779962982,627.3,0.0,2066813.9186486823,0,1.9579751671442218,1.9579751671442218,商业航天,1.9579751671442218,1.9579751671442218,13,0,False,0.07,0,HOLD,商业航天,NO_STRONGER_QUALIFIED_SECTOR,0,2,equal_capital,0.085,False,2236739.771713758
2026-01-07,商业航天,1.0,1.0,4085.772,3934.8096999999993,180,3682.3199222222224,,,False,,,,False,False,True,MAINLINE_RISE,True,10,0,0,False,599.866,440.32759999999996,513.8109999999999,-0.04373346086402041,627.3,-0.04373346086402041,2066813.9186486823,0,1.8251982303793,1.8251982303793,商业航天,1.8251982303793,1.8251982303793,11,0,False,0.07,0,HOLD,商业航天,NO_STRONGER_QUALIFIED_SECTOR,0,2,equal_capital,0.085,False,2188120.388464135
2026-01-08,商业航天,1.0,1.0,4082.979,3943.4825499999997,180,3686.849461111111,,,False,,,,False,False,True,MAINLINE_RISE,True,11,0,0,False,626.39,455.26900000000006,537.7239999999999,0.04421654169431166,627.3,-0.0014506615654391597,2066813.9186486823,0,1.9122792021052502,1.9122792021052502,商业航天,1.9122792021052502,1.9122792021052502,12,0,False,0.07,0,HOLD,商业航天,NO_STRONGER_QUALIFIED_SECTOR,0,2,equal_capital,0.085,False,2280729.8747618296
2026-01-09,商业航天,1.0,1.0,4120.426,3954.4790499999995,180,3691.5406944444444,,,False,,,,False,False,True,MAINLINE_RISE,True,12,0,0,False,663.374,471.6807,562.395,0.05904308817190573,663.374,0.0,2066813.9186486823,0,1.979393686220684,1.979393686220684,商业航天,1.979393686220684,1.979393686220684,16,0,False,0.07,0,HOLD,商业航天,NO_STRONGER_QUALIFIED_SECTOR,0,2,equal_capital,0.085,False,2416835.4011600493
2026-01-12,商业航天,1.0,1.0,4165.287,3969.0775000000003,180,3696.4570611111108,,,False,,,,False,False,True,MAINLINE_RISE,True,13,0,0,False,734.858,491.1486999999999,590.5214,0.1077582178379013,734.858,0.0,2066813.9186486823,0,2.126952978020133,2.126952978020133,商业航天,2.126952978020133,2.126952978020133,25,0,False,0.07,0,SELL,,SECTOR_DAILY_GAIN_OVER_8%_PAUSE,0,2,equal_capital,0.085,False,2703561.13305194
2026-01-13,现金,0.0,0.0,4138.759,3981.5481499999996,180,3701.2461111111115,,,False,,,,False,False,True,MAINLINE_RISE,True,14,0,0,False,,,,,,,,0,,,商业航天,2.086098587575501,2.086098587575501,20,0,False,0.07,0,BUY,商业航天,ENTRY_TOP1,0,2,equal_capital,0.085,False,2792987.7007391136
2026-01-14,商业航天,1.0,1.0,4126.093,3994.4567500000003,180,3705.8831055555556,,,False,,,,False,False,True,MAINLINE_RISE,True,15,0,0,False,726.76,527.8841,635.3206,0.002983723388692905,726.76,0.0,2792987.7007391136,0,1.9679180295907979,1.9679180295907979,商业航天,1.9679180295907979,1.9679180295907979,23,0,False,0.07,0,HOLD,商业航天,NO_STRONGER_QUALIFIED_SECTOR,0,2,equal_capital,0.085,False,2807887.314249143
2026-01-15,商业航天,1.0,1.0,4112.601,4008.8462,180,3710.3989055555558,,,False,,,,False,False,True,MAINLINE_RISE,True,16,0,0,False,654.324,541.6551999999999,649.6246,-0.09966976718586606,726.76,-0.09966976718586606,2792987.7007391136,0,1.7268950810499815,1.7268950810499815,商业航天,1.7268950810499815,1.7268950810499815,24,0,False,0.07,0,HOLD,商业航天,NO_STRONGER_QUALIFIED_SECTOR,0,2,equal_capital,0.085,False,2529245.3908134676
2026-01-16,商业航天,1.0,1.0,4101.913,4020.42795,180,3714.874227777778,,,False,,,,False,False,True,MAINLINE_RISE,True,17,0,0,False,625.08,554.4408999999999,656.3116,-0.04469345461881258,726.76,-0.13990863558808952,2792987.7007391136,0,1.692305193222982,1.692305193222982,商业航天,1.692305193222982,1.692305193222982,22,0,False,0.07,0,HOLD,商业航天,NO_STRONGER_QUALIFIED_SECTOR,1,2,equal_capital,0.085,False,2435046.858963509
2026-01-19,商业航天,1.0,1.0,4114.0,4032.3093999999996,180,3719.4115166666666,,,False,,,,False,False,True,MAINLINE_RISE,True,18,0,0,False,638.7700000000001,567.1207999999999,662.132,0.021901196646829213,726.76,-0.12107160548186457,2792987.7007391136,0,1.6584019606825005,1.6584019606825005,商业航天,1.6584019606825005,1.6584019606825005,20,0,False,0.07,0,HOLD,商业航天,NO_STRONGER_QUALIFIED_SECTOR,2,2,equal_capital,0.085,False,2419147.5071667023
2026-01-20,商业航天,1.0,1.0,4113.649,4043.4694500000005,180,3723.9592333333335,,,False,,,,False,False,True,MAINLINE_RISE,True,19,0,0,False,610.056,577.7048,660.4076,-0.04495201715797559,726.76,-0.1605812097528757,2792987.7007391136,0,1.5313573106813663,1.5313573106813663,5G,1.5384959864807772,1.5384959864807772,16,0,False,0.07,0,HOLD,商业航天,NO_STRONGER_QUALIFIED_SECTOR,3,2,equal_capital,0.085,False,2305962.2098725643
2026-01-21,商业航天,1.0,1.0,4116.94,4053.44825,180,3728.56215,,,False,,,,False,False,True,MAINLINE_RISE,True,20,0,0,False,605.0899999999999,587.3705,660.9300000000001,-0.00814023630617533,726.76,-0.16741427706533119,2792987.7007391136,0,1.4694639804165368,1.4694639804165368,存储,1.4206187003576571,1.4206187003576571,13,0,False,0.07,0,HOLD,商业航天,NO_STRONGER_QUALIFIED_SECTOR,4,2,equal_capital,0.085,False,2273774.066351206
2026-01-22,商业航天,1.0,1.0,4122.576,4063.5780999999997,180,3733.2061555555556,,,False,,,,False,False,True,MAINLINE_RISE,True,21,0,0,False,630.7099999999999,599.5429999999999,661.362,0.042340808805301666,726.76,-0.1321619241565305,2792987.7007391136,0,1.6286474203377574,1.6286474203377574,存储,1.3946817922111432,1.3946817922111432,13,0,False,0.07,0,HOLD,商业航天,NO_STRONGER_QUALIFIED_SECTOR,5,2,equal_capital,0.085,False,2378978.9125852953
2026-01-23,商业航天,1.0,1.0,4136.164,4073.33895,180,3737.968005555556,,,False,,,,False,False,True,MAINLINE_RISE,True,22,0,0,False,691.238,613.2717,664.1484,0.09596803602289516,726.76,-0.04887720843194443,2792987.7007391136,0,1.6589818174836324,1.6589818174836324,存储,1.3270248803020959,1.3270248803020959,11,0,False,0.07,0,SELL,,SECTOR_DAILY_GAIN_OVER_8%_PAUSE,0,2,equal_capital,0.085,False,2586613.8450729176
2026-01-26,现金,0.0,0.0,4132.605,4081.9881499999997,180,3742.5040666666664,,,False,,,,False,False,True,MAINLINE_RISE,True,23,0,0,False,,,,,,,,1,,,黄金概念,1.4348196105377957,1.4348196105377957,12,0,False,0.07,0,BUY,黄金概念,ENTRY_TOP1,0,2,equal_capital,0.085,False,2519899.789899882
2026-01-27,黄金概念,1.0,1.0,4139.904,4090.7994,180,3746.9331722222223,,,False,,,,False,False,True,MAINLINE_RISE,True,24,0,0,False,449.5859999999999,369.6636,403.21860000000004,-0.012350398059788215,449.5859999999999,0.0,2519899.789899882,1,1.3878252816792713,1.3878252816792713,黄金概念,1.3878252816792713,1.3878252816792713,14,0,False,0.07,0,HOLD,黄金概念,NO_STRONGER_QUALIFIED_SECTOR,0,2,equal_capital,0.085,False,2572160.54671156
2026-01-28,黄金概念,1.0,1.0,4151.238,4100.097299999999,180,3751.3734055555556,,,False,,,,False,False,True,MAINLINE_RISE,True,25,0,0,False,492.044,378.4452,415.4044,0.09443799406565168,492.044,0.0,2519899.789899882,1,1.5550737645854142,1.5550737645854142,黄金概念,1.5550737645854142,1.5550737645854142,11,0,False,0.07,0,SELL,,SECTOR_DAILY_GAIN_OVER_8%_PAUSE,0,2,equal_capital,0.085,False,2788597.908697201
2026-01-29,现金,0.0,0.0,4157.985,4109.74075,180,3755.906661111111,,,False,,,,False,False,True,MAINLINE_RISE,True,26,0,0,False,,,,,,,,0,,,黄金概念,1.6029028656494233,1.6029028656494233,12,0,False,0.07,0,BUY,黄金概念,ENTRY_TOP1,0,2,equal_capital,0.085,False,2944228.6897511967
2026-01-30,黄金概念,1.0,1.0,4117.948,4117.196150000001,180,3760.066122222222,,,False,,,,False,False,True,MAINLINE_RISE,True,27,0,0,False,458.254,394.98609999999996,437.6456,-0.09832633513436917,458.254,0.0,2944228.6897511967,0,1.4383545305025802,1.4383545305025802,黄金概念,1.4383545305025802,1.4383545305025802,12,0,False,0.07,0,HOLD,黄金概念,NO_STRONGER_QUALIFIED_SECTOR,0,2,equal_capital,0.085,False,2907703.771023548
2026-02-02,黄金概念,1.0,1.0,4015.746,4116.8126,180,3763.6265388888887,,,False,,,,False,False,False,MAINLINE_DECLINE,False,0,1,1,False,413.044,399.1796,440.8918,-0.09865707664308443,458.254,-0.09865707664308443,2944228.6897511967,0,1.254789260391161,1.254789260391161,黄金概念,1.254789260391161,1.254789260391161,6,0,False,0.07,0,HOLD,黄金概念,NO_STRONGER_QUALIFIED_SECTOR,1,2,equal_capital,0.085,False,2627411.5512634446
2026-02-03,黄金概念,1.0,1.0,4067.738,4116.01615,180,3767.314261111111,,,False,,,,False,False,False,MAINLINE_DECLINE,False,0,2,2,False,411.75,402.9573,443.1465999999999,-0.0031328381479939216,458.254,-0.1014808381378014,2944228.6897511967,0,1.2247320015705123,1.2247320015705123,光纤概念,1.263907974330278,1.263907974330278,7,0,False,0.07,0,HOLD,黄金概念,NO_STRONGER_QUALIFIED_SECTOR,2,2,equal_capital,0.085,False,2641261.304903014
2026-02-04,黄金概念,1.0,1.0,4102.202,4116.8376499999995,180,3771.321933333333,,,False,,,,False,False,False,MAINLINE_DECLINE,False,0,3,3,False,402.72799999999995,406.3205,441.5727999999999,-0.021911353976927894,458.254,-0.12116860954841657,2944228.6897511967,0,1.200510337920015,1.200510337920015,光纤概念,1.2615638458526763,1.2615638458526763,7,0,False,0.07,0,SELL,,DOUBLE_MA20_BREAK,3,2,equal_capital,0.085,False,2611801.493153304
2026-02-05,现金,0.0,0.0,4075.917,4116.484549999999,180,3775.2577944444442,,,False,,,,False,False,False,MAINLINE_DECLINE,False,0,4,4,False,,,,,,,,1,,,光纤概念,1.1950116891530294,1.1950116891530294,7,0,False,0.07,0,CASH,,ENTRY_GATE_CLOSED_OR_NO_CANDIDATE,0,2,equal_capital,0.085,False,2537430.1678289482
2026-02-06,现金,0.0,0.0,4065.583,4113.7424,180,3779.135572222222,,,False,,,,False,False,False,MAINLINE_DECLINE,False,0,5,5,False,,,,,,,,1,,,光纤概念,1.2303596320044607,1.2303596320044607,3,0,False,0.07,0,CASH,,ENTRY_GATE_CLOSED_OR_NO_CANDIDATE,0,2,equal_capital,0.085,False,2537430.1678289482
2026-02-09,现金,0.0,0.0,4123.09,4111.63255,180,3783.2611944444443,,,False,,,,False,False,True,NO_MAINLINE_ROTATION,False,0,6,0,False,,,,,,,,1,,,光纤概念,1.2647130813162906,1.2647130813162906,4,0,False,0.07,0,BUY,光纤概念,ENTRY_TOP1,0,2,equal_capital,0.085,False,2537430.1678289482
2026-02-10,光纤概念,1.0,1.0,4128.373,4111.11325,180,3787.3767444444447,,,False,,,,False,False,True,NO_MAINLINE_ROTATION,False,0,7,0,False,195.42399999999998,164.269,176.4868,0.050587590181383923,195.42399999999998,0.0,2537430.1678289482,1,1.3983027805206143,1.3983027805206143,光纤概念,1.3983027805206143,1.3983027805206143,5,0,False,0.07,0,HOLD,光纤概念,NO_STRONGER_QUALIFIED_SECTOR,0,2,equal_capital,0.085,False,2651079.240683738
2026-02-11,光纤概念,1.0,1.0,4131.985,4111.40785,180,3791.553388888889,,,False,,,,False,False,True,NO_MAINLINE_ROTATION,False,0,8,0,False,195.218,166.70520000000002,179.0498,-0.001054118224987688,195.42399999999998,-0.001054118224987688,2537430.1678289482,1,1.332600652586454,1.332600652586454,电子布,1.3915780531832591,1.3915780531832591,7,0,False,0.07,0,HOLD,光纤概念,NO_STRONGER_QUALIFIED_SECTOR,0,2,equal_capital,0.085,False,2678578.6005327445
2026-02-12,光纤概念,1.0,1.0,4134.018,4112.4787,180,3795.9180888888886,,,False,,,,False,False,True,NO_MAINLINE_ROTATION,False,0,9,0,False,200.51799999999997,169.3933,182.80239999999998,0.027149135837883698,200.51799999999997,0.0,2537430.1678289482,1,1.3663359590067865,1.3663359590067865,电子布,1.4169027111393722,1.4169027111393722,9,0,False,0.07,0,HOLD,光纤概念,NO_STRONGER_QUALIFIED_SECTOR,0,2,equal_capital,0.085,False,2808779.850566123
2026-02-13,光纤概念,1.0,1.0,4082.073,4111.4866999999995,180,3800.002722222223,,,False,,,,False,False,False,MAINLINE_DECLINE,False,0,10,1,False,188.48399999999998,171.4144,184.1906,-0.06001456228368518,200.51799999999997,-0.06001456228368518,2537430.1678289482,1,1.2730072537180368,1.2730072537180368,电子布,1.320362685464158,1.320362685464158,6,0,False,0.07,0,HOLD,光纤概念,NO_STRONGER_QUALIFIED_SECTOR,0,2,equal_capital,0.085,False,2613168.5846740836
2026-02-24,光纤概念,1.0,1.0,4117.409,4111.65715,180,3804.3178444444447,,,False,,,,False,False,True,MAINLINE_RISE,True,1,0,0,False,201.954,173.9948,187.27299999999997,0.07146495193225966,201.954,0.0,2537430.1678289482,1,1.3432615433732857,1.3432615433732857,电子布,1.415806361607143,1.415806361607143,5,0,False,0.07,0,HOLD,光纤概念,NO_STRONGER_QUALIFIED_SECTOR,0,2,equal_capital,0.085,False,2782338.841546847
2026-02-25,光纤概念,1.0,1.0,4147.231,4113.336249999999,180,3808.8028388888883,,,False,,,,False,False,True,MAINLINE_RISE,True,2,0,0,False,195.494,176.3057,188.9788,-0.03198748229794912,201.954,-0.03198748229794912,2537430.1678289482,1,1.3096144055306946,1.3096144055306946,电子布,1.4389941233525418,1.4389941233525418,7,0,False,0.07,1,HOLD,光纤概念,SWITCH_CONFIRM_1_OF_2,0,2,equal_capital,0.085,False,2700288.244169182
2026-02-26,光纤概念,1.0,1.0,4146.631,4114.8208,180,3813.1538666666665,,,False,,,,False,False,True,MAINLINE_RISE,True,3,0,0,False,211.498,179.2831,192.0842,0.08186440504567916,211.498,0.0,2537430.1678289482,1,1.3918920697597894,1.3918920697597894,光纤概念,1.3918920697597894,1.3918920697597894,9,0,False,0.07,0,HOLD,光纤概念,NO_STRONGER_QUALIFIED_SECTOR,0,2,equal_capital,0.085,False,2879402.8982351404
2026-02-27,光纤概念,1.0,1.0,4162.882,4116.8361,180,3817.683838888889,,,False,,,,False,False,True,MAINLINE_RISE,True,4,0,0,False,221.58799999999997,182.9126,197.27239999999998,0.047707306924888115,221.58799999999997,0.0,2537430.1678289482,1,1.4871877474865434,1.4871877474865434,光纤概念,1.4871877474865434,1.4871877474865434,7,0,False,0.07,0,HOLD,光纤概念,NO_STRONGER_QUALIFIED_SECTOR,0,2,equal_capital,0.085,False,2956548.621460076
2026-03-02,光纤概念,1.0,1.0,4182.591,4119.157450000001,180,3822.242811111111,,,False,,,,False,False,True,MAINLINE_RISE,True,5,0,0,False,230.08,186.7526,202.6272,0.03832337491199911,230.08,0.0,2537430.1678289482,1,1.501043841336117,1.501043841336117,光纤概念,1.501043841336117,1.501043841336117,9,0,False,0.07,0,HOLD,光纤概念,NO_STRONGER_QUALIFIED_SECTOR,0,2,equal_capital,0.085,False,3100505.861499197
2026-03-03,光纤概念,1.0,1.0,4122.676,4118.661,180,3826.3898833333333,,,False,,,,False,False,True,MAINLINE_RISE,True,6,0,0,False,222.96000000000004,189.8311,206.3218,-0.030945757997218215,230.08,-0.030945757997218215,2537430.1678289482,1,1.3814982340913313,1.3814982340913313,航运港口,1.3955290611028313,1.3955290611028313,5,0,False,0.07,0,HOLD,光纤概念,NO_STRONGER_QUALIFIED_SECTOR,0,2,equal_capital,0.085,False,3060146.140625913
2026-03-04,光纤概念,1.0,1.0,4082.474,4115.7895,180,3830.2697444444443,,,False,,,,False,False,False,MAINLINE_DECLINE,False,0,1,1,False,226.5,192.9581,209.4294,0.015877287405812623,230.08,-0.015559805285118244,2537430.1678289482,1,1.3814344962185898,1.3814344962185898,光纤概念,1.3814344962185898,1.3814344962185898,7,0,False,0.07,0,HOLD,光纤概念,NO_STRONGER_QUALIFIED_SECTOR,0,2,equal_capital,0.085,False,3128902.201299213
2026-03-05,光纤概念,1.0,1.0,4108.567,4113.655949999999,180,3834.2875722222216,,,False,,,,False,False,False,MAINLINE_DECLINE,False,0,2,2,False,231.478,196.0526,213.05540000000002,0.021977924944812433,231.478,0.0,2537430.1678289482,1,1.3649432742882752,1.3649432742882752,光纤概念,1.3649432742882752,1.3649432742882752,5,0,False,0.07,0,HOLD,光纤概念,NO_STRONGER_QUALIFIED_SECTOR,0,2,equal_capital,0.085,False,3090299.4222851247
2026-03-06,光纤概念,1.0,1.0,4124.194,4111.966399999999,180,3838.3121388888885,,,False,,,,False,False,True,NO_MAINLINE_ROTATION,False,0,3,0,False,223.32800000000003,199.0694,215.3364,-0.03520852953628417,231.478,-0.03520852953628417,2537430.1678289482,1,1.3701776774320213,1.3701776774320213,光纤概念,1.3701776774320213,1.3701776774320213,6,0,False,0.07,0,HOLD,光纤概念,NO_STRONGER_QUALIFIED_SECTOR,0,2,equal_capital,0.085,False,2980760.472956241
2026-03-09,光纤概念,1.0,1.0,4096.602,4110.8991,180,3842.266505555556,,,False,,,,False,False,False,MAINLINE_DECLINE,False,0,4,1,False,215.294,201.10399999999998,218.0174,-0.03597399340879792,231.478,-0.06991593153561027,2537430.1678289482,1,1.2330557496477703,1.2330557496477703,光纤概念,1.2330557496477703,1.2330557496477703,6,0,False,0.07,0,HOLD,光纤概念,NO_STRONGER_QUALIFIED_SECTOR,1,2,equal_capital,0.085,False,2884863.729157885
2026-03-10,光纤概念,1.0,1.0,4123.138,4116.2687,180,3846.271072222222,,,False,,,,False,False,True,NO_MAINLINE_ROTATION,False,0,5,0,False,233.686,204.2318,221.1906,0.08542736908599391,233.686,0.0,2537430.1678289482,1,1.3655466604335884,1.3655466604335884,光纤概念,1.3655466604335884,1.3655466604335884,7,0,False,0.07,0,SELL,,SECTOR_DAILY_GAIN_OVER_8%_PAUSE,0,2,equal_capital,0.085,False,3113084.5059552738
2026-03-11,现金,0.0,0.0,4133.433,4119.55345,180,3850.3309333333336,,,False,,,,False,False,True,MAINLINE_RISE,True,1,0,0,False,,,,,,,,0,,,光纤概念,1.3470600103118204,1.3470600103118204,7,0,False,0.07,0,BUY,光纤概念,ENTRY_TOP1,0,2,equal_capital,0.085,False,3187199.5618464877
2026-03-12,光纤概念,1.0,1.0,4129.103,4120.898499999999,180,3854.509305555556,,,False,,,,False,False,True,MAINLINE_RISE,True,2,0,0,False,246.474,210.6297,229.1752,0.025419780000332848,246.474,0.0,3187199.5618464877,0,1.3659307042628184,1.3659307042628184,光纤概念,1.3659307042628184,1.3659307042628184,5,0,False,0.07,0,HOLD,光纤概念,NO_STRONGER_QUALIFIED_SECTOR,0,2,equal_capital,0.085,False,3273008.383406467
2026-03-13,光纤概念,1.0,1.0,4095.449,4121.8751,180,3858.4355277777777,,,False,,,,False,False,False,MAINLINE_DECLINE,False,0,1,1,False,235.474,213.9181,230.56380000000004,-0.04462945381662975,246.474,-0.04462945381662975,3187199.5618464877,0,1.387540805864259,1.387540805864259,光纤概念,1.387540805864259,1.387540805864259,5,0,False,0.07,0,HOLD,光纤概念,NO_STRONGER_QUALIFIED_SECTOR,0,2,equal_capital,0.085,False,3147416.8873845804
2026-03-16,光纤概念,1.0,1.0,4084.786,4122.835249999999,180,3862.309866666667,,,False,,,,False,False,False,MAINLINE_DECLINE,False,0,2,2,False,223.63999999999996,216.2735,229.91980000000004,-0.050256079227430805,246.474,-0.09264263167717501,3187199.5618464877,0,1.2668524686742344,1.2668524686742344,光纤概念,1.2668524686742344,1.2668524686742344,5,0,False,0.07,0,HOLD,光纤概念,NO_STRONGER_QUALIFIED_SECTOR,1,2,equal_capital,0.085,False,3010265.5133843087
2026-03-17,光纤概念,1.0,1.0,4049.907,4119.1761,180,3865.9826333333335,,,False,,,,False,False,False,MAINLINE_DECLINE,False,0,3,3,False,207.17999999999998,217.3318,228.3418,-0.07360042926131272,246.474,-0.15942452347915004,3187199.5618464877,0,1.113787134301719,1.113787134301719,煤炭,1.1763221805663622,1.1763221805663622,1,0,False,0.07,0,SELL,,DOUBLE_MA20_BREAK,2,2,equal_capital,0.085,False,2798393.7760006036
2026-03-18,现金,0.0,0.0,4062.984,4115.90665,180,3869.876388888889,,,False,,,,False,False,False,MAINLINE_DECLINE,False,0,4,4,False,,,,,,,,1,,,煤炭,1.1676207977006618,1.1676207977006618,3,0,False,0.07,0,CASH,,ENTRY_GATE_CLOSED_OR_NO_CANDIDATE,0,2,equal_capital,0.085,False,2822641.92073814
2026-03-19,现金,0.0,0.0,4006.552,4109.635,180,3873.468927777778,,,False,,,,False,False,False,MAINLINE_DECLINE,False,0,5,5,False,,,,,,,,1,,,航运港口,1.2369409996242013,1.2369409996242013,5,0,False,0.07,0,CASH,,ENTRY_GATE_CLOSED_OR_NO_CANDIDATE,0,2,equal_capital,0.085,False,2822641.92073814
2026-03-20,现金,0.0,0.0,3957.053,4100.78675,180,3876.6659888888885,,,False,,,,False,False,False,MAINLINE_DECLINE,False,0,6,6,False,,,,,,,,1,,,航运港口,1.1583385664304298,1.1583385664304298,4,0,False,0.07,0,CASH,,ENTRY_GATE_CLOSED_OR_NO_CANDIDATE,0,2,equal_capital,0.085,False,2822641.92073814
2026-03-23,现金,0.0,0.0,3813.283,4087.3472500000003,180,3878.84775,,,False,,,,False,False,False,MAINLINE_DECLINE,False,0,7,7,False,,,,,,,,1,,,航运港口,1.2135332637373064,1.2135332637373064,3,0,False,0.07,0,CASH,,ENTRY_GATE_CLOSED_OR_NO_CANDIDATE,0,2,equal_capital,0.085,False,2822641.92073814
2026-03-24,现金,0.0,0.0,3881.28,4075.5408,180,3881.2105611111115,,,False,,,,False,False,False,MAINLINE_DECLINE,False,0,8,8,False,,,,,,,,1,,,航运港口,1.20388695729696,1.20388695729696,2,0,False,0.07,0,CASH,,ENTRY_GATE_CLOSED_OR_NO_CANDIDATE,0,2,equal_capital,0.085,False,2822641.92073814
2026-03-25,现金,0.0,0.0,3931.838,4064.7711500000005,180,3883.896033333333,,,False,,,,False,False,False,MAINLINE_DECLINE,False,0,9,9,False,,,,,,,,1,,,航运港口,1.1259158289316749,1.1259158289316749,3,0,False,0.07,0,CASH,,ENTRY_GATE_CLOSED_OR_NO_CANDIDATE,0,2,equal_capital,0.085,False,2822641.92073814
2026-03-26,现金,0.0,0.0,3889.084,4051.8937999999994,180,3886.4785722222223,,,False,,,,False,False,False,MAINLINE_DECLINE,False,0,10,10,False,,,,,,,,1,,,储能,1.1581277119100062,1.1581277119100062,1,0,False,0.07,0,CASH,,ENTRY_GATE_CLOSED_OR_NO_CANDIDATE,0,2,equal_capital,0.085,False,2822641.92073814
2026-03-27,现金,0.0,0.0,3913.724,4039.4358999999995,180,3889.0857833333334,,,False,,,,False,False,False,MAINLINE_DECLINE,False,0,11,11,False,,,,,,,,1,,,储能,1.16222669278416,1.16222669278416,1,0,False,0.07,0,CASH,,ENTRY_GATE_CLOSED_OR_NO_CANDIDATE,0,2,equal_capital,0.085,False,2822641.92073814
2026-03-30,现金,0.0,0.0,3923.287,4026.4706999999994,180,3891.6721166666666,,,False,,,,False,False,False,BROAD_DECLINE_OR_NO_LEADER,False,0,12,12,False,,,,,,,,1,,,,,,0,0,False,0.07,0,CASH,,ENTRY_GATE_CLOSED_OR_NO_CANDIDATE,0,2,equal_capital,0.085,False,2822641.92073814
2026-03-31,现金,0.0,0.0,3891.861,4014.92995,180,3894.100277777778,,,False,,,,False,False,False,BROAD_DECLINE_OR_NO_LEADER,False,0,13,13,False,,,,,,,,1,,,,,,0,0,False,0.07,0,CASH,,ENTRY_GATE_CLOSED_OR_NO_CANDIDATE,0,2,equal_capital,0.085,False,2822641.92073814
2026-04-01,现金,0.0,0.0,3948.552,4008.2338499999996,180,3896.8080611111113,,,False,,,,False,False,False,BROAD_DECLINE_OR_NO_LEADER,False,0,14,14,False,,,,,,,,1,,,,,,0,0,False,0.07,0,CASH,,ENTRY_GATE_CLOSED_OR_NO_CANDIDATE,0,2,equal_capital,0.085,False,2822641.92073814
2026-04-02,现金,0.0,0.0,3919.285,3998.7697500000004,180,3899.2912055555557,,,False,,,,False,False,False,BROAD_DECLINE_OR_NO_LEADER,False,0,15,15,False,,,,,,,,1,,,,,,0,0,False,0.07,0,CASH,,ENTRY_GATE_CLOSED_OR_NO_CANDIDATE,0,2,equal_capital,0.085,False,2822641.92073814
2026-04-03,现金,0.0,0.0,3880.097,3986.5649000000003,180,3901.55215,,,False,,,,False,False,False,MAINLINE_DECLINE,False,0,16,16,False,,,,,,,,1,,,光纤概念,1.1565410517266084,1.1565410517266084,1,0,False,0.07,0,CASH,,ENTRY_GATE_CLOSED_OR_NO_CANDIDATE,0,2,equal_capital,0.085,False,2822641.92073814
2026-04-07,现金,0.0,0.0,3890.165,3976.24305,180,3903.7337611111107,,,False,,,,False,False,False,MAINLINE_DECLINE,False,0,17,17,False,,,,,,,,1,,,光纤概念,1.2120170557470247,1.2120170557470247,1,0,False,0.07,0,CASH,,ENTRY_GATE_CLOSED_OR_NO_CANDIDATE,0,2,equal_capital,0.085,False,2822641.92073814
2026-04-08,现金,0.0,0.0,3994.998,3969.8360500000003,180,3906.5223611111114,,,False,,,,False,False,True,NO_MAINLINE_ROTATION,False,0,18,0,False,,,,,,,,1,,,CPO,1.1758901255309937,1.1758901255309937,1,0,False,0.07,0,BUY,CPO,ENTRY_TOP1,0,2,equal_capital,0.085,False,2822641.92073814
2026-04-09,CPO,1.0,1.0,3966.171,3961.4729499999994,180,3909.058411111111,,,False,,,,False,False,True,NO_MAINLINE_ROTATION,False,0,19,0,False,2891.25,2588.5051,2664.5958,0.002183746685384458,2891.25,0.0,2822641.92073814,1,1.1844977360883735,1.1844977360883735,CPO,1.1844977360883735,1.1844977360883735,1,0,False,0.07,0,HOLD,CPO,NO_STRONGER_QUALIFIED_SECTOR,0,2,equal_capital,0.085,False,2928419.3910291498
2026-04-10,CPO,1.0,1.0,3986.225,3954.3290500000003,180,3911.703122222222,,,False,,,,False,False,True,NO_MAINLINE_ROTATION,False,0,20,0,False,3047.76,2621.4468,2704.7118,0.05413229571984446,3047.76,0.0,2822641.92073814,1,1.2757866924299874,1.2757866924299874,CPO,1.2757866924299874,1.2757866924299874,1,0,False,0.07,0,HOLD,CPO,NO_STRONGER_QUALIFIED_SECTOR,0,2,equal_capital,0.085,False,3022224.7691238876
2026-04-13,CPO,1.0,1.0,3988.558,3948.9845,180,3914.3081666666667,,,False,,,,False,False,True,NO_MAINLINE_ROTATION,False,0,21,0,False,3017.736,2651.8913999999995,2747.792,-0.009851169383416125,3047.76,-0.009851169383416125,2822641.92073814,1,1.252773529543632,1.252773529543632,CPO,1.252773529543632,1.252773529543632,4,0,False,0.07,0,HOLD,CPO,NO_STRONGER_QUALIFIED_SECTOR,0,2,equal_capital,0.085,False,3046075.566512701
2026-04-14,CPO,1.0,1.0,4026.626,3946.0765,180,3917.2060944444447,,,False,,,,False,False,True,NO_MAINLINE_ROTATION,False,0,22,0,False,3070.568,2682.8952,2794.6174,0.01750716431125854,3070.568,0.0,2822641.92073814,1,1.253041430047517,1.253041430047517,CPO,1.253041430047517,1.253041430047517,5,0,False,0.07,0,HOLD,CPO,NO_STRONGER_QUALIFIED_SECTOR,0,2,equal_capital,0.085,False,3071630.972632212
2026-04-15,CPO,1.0,1.0,4027.21,3944.9416499999998,180,3920.1140555555558,,,False,,,,False,False,True,NO_MAINLINE_ROTATION,False,0,23,0,False,2994.1639999999998,2717.606,2843.5212,-0.02488269271353072,3070.568,-0.02488269271353072,2822641.92073814,1,1.3018398676839646,1.3018398676839646,CPO,1.3018398676839646,1.3018398676839646,3,0,False,0.07,0,HOLD,CPO,NO_STRONGER_QUALIFIED_SECTOR,0,2,equal_capital,0.085,False,3024500.749783389
2026-04-16,CPO,1.0,1.0,4055.547,3944.5698,180,3923.1069500000003,,,False,,,,False,False,True,NO_MAINLINE_ROTATION,False,0,24,0,False,3182.004,2751.7846,2896.0646,0.06273537454862188,3182.004,0.0,2822641.92073814,1,1.2736004021722422,1.2736004021722422,CPO,1.2736004021722422,1.2736004021722422,4,0,False,0.07,0,HOLD,CPO,NO_STRONGER_QUALIFIED_SECTOR,0,2,equal_capital,0.085,False,3165888.6950291023
2026-04-17,CPO,1.0,1.0,4051.425,3946.81345,180,3925.97885,,,False,,,,False,False,True,NO_MAINLINE_ROTATION,False,0,25,0,False,3418.988,2796.4336,2980.4686,0.07447633629624595,3418.988,0.0,2822641.92073814,1,1.3535143198279658,1.3535143198279658,CPO,1.3535143198279658,1.3535143198279658,6,0,False,0.07,0,HOLD,CPO,NO_STRONGER_QUALIFIED_SECTOR,0,2,equal_capital,0.085,False,3425900.0723029147
2026-04-20,CPO,1.0,1.0,4082.127,3953.0671500000003,180,3928.880716666667,,,False,,,,False,False,True,MAINLINE_RISE,True,1,0,0,False,3398.936,2832.9252,3055.1498,-0.005864893354407652,3418.988,-0.005864893354407652,2822641.92073814,1,1.2734370785102418,1.2734370785102418,电子布,1.3327079805572135,1.3327079805572135,10,0,False,0.07,0,HOLD,CPO,NO_STRONGER_QUALIFIED_SECTOR,0,2,equal_capital,0.085,False,3463666.9936365215
2026-04-21,CPO,1.0,1.0,4085.077,3966.6568500000003,180,3931.676361111111,,,False,,,,False,False,True,MAINLINE_RISE,True,2,0,0,False,3370.154,2872.4990000000003,3127.6510000000003,-0.008467944086031687,3418.988,-0.014283173851443731,2822641.92073814,1,1.3069309157638138,1.3069309157638138,光纤概念,1.4453750363164592,1.4453750363164592,12,0,False,0.07,1,HOLD,CPO,SWITCH_CONFIRM_1_OF_2,0,2,equal_capital,0.085,False,3489097.282697728
2026-04-22,CPO,1.0,1.0,4106.258,3977.9057499999994,180,3934.5872500000005,,,False,,,,False,False,True,MAINLINE_RISE,True,3,0,0,False,3555.1980000000003,2920.0936,3194.6758,0.05490668972397117,3555.1980000000003,0.0,2822641.92073814,1,1.3656473729941854,1.3656473729941854,光纤概念,1.468649287743855,1.468649287743855,12,0,False,0.07,0,SWITCH,光纤概念,STRONGER_RS20_MARGIN_7%,0,2,equal_capital,0.085,False,3662957.327653457
2026-04-23,光纤概念,1.0,1.0,4093.25,3985.9763499999995,180,3937.295711111111,,,False,,,,False,False,True,MAINLINE_RISE,True,4,0,0,False,319.116,261.901,276.1538,0.03589583779677841,319.116,0.0,2822641.92073814,1,1.4091744091567453,1.4091744091567453,光纤概念,1.4091744091567453,1.4091744091567453,9,0,False,0.07,0,HOLD,光纤概念,NO_STRONGER_QUALIFIED_SECTOR,0,2,equal_capital,0.085,False,3718420.904585103
2026-04-24,光纤概念,1.0,1.0,4079.9,3995.5171500000006,180,3939.9970722222224,,,False,,,,False,False,True,MAINLINE_RISE,True,5,0,0,False,314.34400000000005,266.4816,281.1032,-0.01495380989984818,319.116,-0.01495380989984818,2822641.92073814,1,1.4113104538189394,1.4113104538189394,光纤概念,1.4113104538189394,1.4113104538189394,10,0,False,0.07,0,HOLD,光纤概念,NO_STRONGER_QUALIFIED_SECTOR,0,2,equal_capital,0.085,False,3597382.305169491
2026-04-27,光纤概念,1.0,1.0,4086.344,4004.14815,180,3942.7104444444444,,,False,,,,False,False,True,MAINLINE_RISE,True,6,0,0,False,327.572,271.5776,287.71540000000005,0.042081286743185675,327.572,0.0,2822641.92073814,1,1.4516689415560244,1.4516689415560244,光纤概念,1.4516689415560244,1.4516689415560244,11,0,False,0.07,0,HOLD,光纤概念,NO_STRONGER_QUALIFIED_SECTOR,0,2,equal_capital,0.085,False,3762571.3055293974
2026-04-28,光纤概念,1.0,1.0,4078.637,4011.9156500000004,180,3945.3155888888887,,,False,,,,False,False,True,MAINLINE_RISE,True,7,0,0,False,320.20799999999997,275.4538,293.962,-0.022480553893495236,327.572,-0.022480553893495236,2822641.92073814,1,1.3194442155230668,1.3194442155230668,电子布,1.3634218764386334,1.3634218764386334,11,0,False,0.07,0,HOLD,光纤概念,NO_STRONGER_QUALIFIED_SECTOR,0,2,equal_capital,0.085,False,3684280.0765636517
2026-04-29,光纤概念,1.0,1.0,4107.514,4022.6983,180,3948.0477944444447,,,False,,,,False,False,True,MAINLINE_RISE,True,8,0,0,False,314.48,279.12780000000004,300.27419999999995,-0.017888372557837262,327.572,-0.0399667859279792,2822641.92073814,1,1.3048962655601664,1.3048962655601664,电子布,1.4621552580538344,1.4621552580538344,12,0,False,0.07,1,HOLD,光纤概念,SWITCH_CONFIRM_1_OF_2,0,2,equal_capital,0.085,False,3638358.146174446
2026-04-30,光纤概念,1.0,1.0,4112.159,4030.87865,180,3951.0419666666667,,,False,,,,False,False,True,MAINLINE_RISE,True,9,0,0,False,314.298,282.8675,306.12919999999997,-0.0005787331467820289,327.572,-0.04052238897097438,2822641.92073814,1,1.3122870599238428,1.3122870599238428,电子布,1.3519501060023107,1.3519501060023107,8,0,False,0.07,0,HOLD,光纤概念,NO_STRONGER_QUALIFIED_SECTOR,0,2,equal_capital,0.085,False,3584780.448965776
2026-05-06,光纤概念,1.0,1.0,4160.174,4042.9231,180,3954.3765333333336,,,False,,,,False,False,True,MAINLINE_RISE,True,10,0,0,False,335.994,287.5888,313.00120000000004,0.06903002882614606,335.994,0.0,2822641.92073814,1,1.3908878659425088,1.3908878659425088,电子布,1.4927853483547844,1.4927853483547844,12,0,False,0.07,1,HOLD,光纤概念,SWITCH_CONFIRM_1_OF_2,0,2,equal_capital,0.085,False,3788583.6565346243
2026-05-07,光纤概念,1.0,1.0,4180.092,4057.92285,180,3957.6919944444444,,,False,,,,False,False,True,MAINLINE_RISE,True,11,0,0,False,361.818,292.76529999999997,320.4434,0.0768585153306307,361.818,0.0,2822641.92073814,1,1.4008316298085857,1.4008316298085857,电子布,1.5393333864378622,1.5393333864378622,17,0,False,0.07,0,HOLD,光纤概念,RESEARCH_POLICY_BLOCK_STRONGER_RS20_MARGIN_7%,0,2,equal_capital,0.085,False,4122639.4534338773
2026-05-08,光纤概念,1.0,1.0,4179.952,4072.4122,180,3960.816183333334,,,False,,,,False,False,True,MAINLINE_RISE,True,12,0,0,False,381.13,298.7748,329.7018,0.0533749011934177,381.13,0.0,2822641.92073814,1,1.4606039702613631,1.4606039702613631,电子布,1.514175704867757,1.514175704867757,21,0,False,0.07,0,HOLD,光纤概念,NO_STRONGER_QUALIFIED_SECTOR,0,2,equal_capital,0.085,False,4399226.503938263
2026-05-11,光纤概念,1.0,1.0,4225.021,4083.91335,180,3964.0996611111113,,,False,,,,False,False,True,MAINLINE_RISE,True,13,0,0,False,393.92999999999995,305.14390000000003,338.289,0.03358434130086829,393.92999999999995,0.0,2822641.92073814,1,1.4778951633476896,1.4778951633476896,5G,1.4911726249531854,1.4911726249531854,17,0,False,0.07,0,HOLD,光纤概念,NO_STRONGER_QUALIFIED_SECTOR,0,2,equal_capital,0.085,False,4624850.00122236
2026-05-12,光纤概念,1.0,1.0,4214.489,4096.329250000001,180,3967.293116666667,,,False,,,,False,False,True,MAINLINE_RISE,True,14,0,0,False,398.4119999999999,311.1862,346.2186,0.0113776559287182,398.4119999999999,0.0,2822641.92073814,1,1.4353775318302673,1.4353775318302673,电子布,1.454563623549707,1.454563623549707,16,0,False,0.07,0,HOLD,光纤概念,NO_STRONGER_QUALIFIED_SECTOR,0,2,equal_capital,0.085,False,4766127.659241985
2026-05-13,光纤概念,1.0,1.0,4242.572,4109.1466,180,3970.6678055555553,,,False,,,,False,False,True,MAINLINE_RISE,True,15,0,0,False,397.63800000000003,317.8256,354.548,-0.0019427125688982194,398.4119999999999,-0.0019427125688982194,2822641.92073814,1,1.5013705871247875,1.5013705871247875,光纤概念,1.5013705871247875,1.5013705871247875,16,0,False,0.07,0,HOLD,光纤概念,NO_STRONGER_QUALIFIED_SECTOR,0,2,equal_capital,0.085,False,4811469.274129916
2026-05-14,光纤概念,1.0,1.0,4177.918,4118.6146,180,3973.614311111111,,,False,,,,False,False,True,MAINLINE_RISE,True,16,0,0,False,396.58600000000007,324.5824,361.44939999999997,-0.0026456224002735507,398.4119999999999,-0.004583195285282171,2822641.92073814,1,1.5168712947026204,1.5168712947026204,光纤概念,1.5168712947026204,1.5168712947026204,12,0,False,0.07,0,HOLD,光纤概念,NO_STRONGER_QUALIFIED_SECTOR,0,2,equal_capital,0.085,False,4715076.9334573
2026-05-15,光纤概念,1.0,1.0,4135.389,4124.052750000001,180,3976.2224833333335,,,False,,,,False,False,True,MAINLINE_RISE,True,17,0,0,False,374.96799999999996,330.4437,366.92539999999997,-0.054510244940568,398.4119999999999,-0.05884360912823905,2822641.92073814,1,1.4548191602455165,1.4548191602455165,光纤概念,1.4548191602455165,1.4548191602455165,9,0,False,0.07,0,HOLD,光纤概念,NO_STRONGER_QUALIFIED_SECTOR,0,2,equal_capital,0.085,False,4424193.822035168
2026-05-18,光纤概念,1.0,1.0,4131.528,4129.26865,180,3978.7117222222223,,,False,,,,False,False,True,MAINLINE_RISE,True,18,0,0,False,393.86800000000005,337.5692,374.86420000000004,0.050404301167033205,398.4119999999999,-0.011405278957460796,2822641.92073814,1,1.5669602718035631,1.5669602718035631,光纤概念,1.5669602718035631,1.5669602718035631,11,0,False,0.07,0,HOLD,光纤概念,NO_STRONGER_QUALIFIED_SECTOR,0,2,equal_capital,0.085,False,4648730.347396316
2026-05-19,光纤概念,1.0,1.0,4169.538,4134.968199999999,180,3981.5066944444443,,,False,,,,False,False,True,MAINLINE_RISE,True,19,0,0,False,415.26800000000003,345.5452,384.9612,0.05433292372063736,415.26800000000003,0.0,2822641.92073814,1,1.6237389930713046,1.6237389930713046,光纤概念,1.6237389930713046,1.6237389930713046,9,0,False,0.07,0,HOLD,光纤概念,NO_STRONGER_QUALIFIED_SECTOR,0,2,equal_capital,0.085,False,4797458.0492060855
2026-05-20,光纤概念,1.0,1.0,4162.185,4140.506200000001,180,3984.0923277777783,,,False,,,,False,False,True,MAINLINE_RISE,True,20,0,0,False,421.706,353.2668,393.53239999999994,0.01550324128032976,421.706,0.0,2822641.92073814,1,1.5778040512732252,1.5778040512732252,光纤概念,1.5778040512732252,1.5778040512732252,9,0,False,0.07,0,HOLD,光纤概念,NO_STRONGER_QUALIFIED_SECTOR,0,2,equal_capital,0.085,False,4907729.281749375
2026-05-21,光纤概念,1.0,1.0,4077.277,4140.2637,180,3986.032605555556,,,False,,,,False,False,False,MAINLINE_DECLINE,False,0,1,1,False,388.082,358.3011,396.15880000000004,-0.07973327389223772,421.706,-0.07973327389223772,2822641.92073814,1,1.3503389052039694,1.3503389052039694,半导体设备,1.4415176678339707,1.4415176678339707,8,0,False,0.07,0,HOLD,光纤概念,NO_STRONGER_QUALIFIED_SECTOR,1,2,equal_capital,0.085,False,4491277.533577832
2026-05-22,光纤概念,1.0,1.0,4112.9,4141.65485,180,3988.174894444445,,,False,,,,False,False,False,MAINLINE_DECLINE,False,0,2,2,False,398.734,363.8105,397.9192,0.0274478074221427,421.706,-0.05447397001702614,2822641.92073814,1,1.3818732541778433,1.3818732541778433,被动元件,1.5103923431382125,1.5103923431382125,12,0,False,0.07,1,HOLD,光纤概念,SWITCH_CONFIRM_1_OF_2,0,2,equal_capital,0.085,False,4621172.722318425
2026-05-25,光纤概念,1.0,1.0,4152.569,4143.9704,180,3990.3213333333333,,,False,,,,False,False,True,MAINLINE_RISE,True,1,0,0,False,403.29799999999994,368.5725,398.856,0.011446227309434232,421.706,-0.043651264150854074,2822641.92073814,1,1.3091625602970864,1.3091625602970864,被动元件,1.57013069672953,1.57013069672953,10,0,False,0.07,0,SWITCH,被动元件,STRONGER_RS20_MARGIN_7%,0,2,equal_capital,0.085,False,4679675.116618277
2026-05-26,被动元件,1.0,1.0,4145.373,4146.57655,180,3992.400633333333,,,False,,,,False,False,False,MAINLINE_DECLINE,False,0,1,1,False,361.5879999999999,279.637,305.5754,0.003948179450586231,361.5879999999999,0.0,2822641.92073814,1,1.581874338311853,1.581874338311853,被动元件,1.581874338311853,1.581874338311853,10,0,False,0.07,0,HOLD,被动元件,NO_STRONGER_QUALIFIED_SECTOR,0,2,equal_capital,0.085,False,4637856.899514012
2026-05-27,被动元件,1.0,1.0,4093.727,4147.2679,180,3993.8893444444448,,,False,,,,False,False,False,MAINLINE_DECLINE,False,0,2,2,False,381.59600000000006,287.0052,315.7266,0.05533369470225824,381.59600000000006,0.0,2822641.92073814,1,1.6291369240752758,1.6291369240752758,被动元件,1.6291369240752758,1.6291369240752758,10,0,False,0.07,0,HOLD,被动元件,NO_STRONGER_QUALIFIED_SECTOR,0,2,equal_capital,0.085,False,4860775.311909088
2026-05-28,被动元件,1.0,1.0,4098.636,4147.8825,180,3995.0842,,,False,,,,False,False,False,MAINLINE_DECLINE,False,0,3,3,False,409.916,295.5659,329.7224,0.07421461440895594,409.916,0.0,2822641.92073814,1,1.7172709068210568,1.7172709068210568,被动元件,1.7172709068210568,1.7172709068210568,10,0,False,0.07,0,HOLD,被动元件,NO_STRONGER_QUALIFIED_SECTOR,0,2,equal_capital,0.085,False,5179145.197852285
2026-05-29,被动元件,1.0,1.0,4068.569,4147.3791,180,3996.19635,,,False,,,,False,False,False,MAINLINE_DECLINE,False,0,4,4,False,424.366,304.3839,346.03959999999995,0.03525112462065394,424.366,0.0,2822641.92073814,1,1.7111118279396467,1.7111118279396467,被动元件,1.7111118279396467,1.7111118279396467,8,0,False,0.07,0,HOLD,被动元件,NO_STRONGER_QUALIFIED_SECTOR,0,2,equal_capital,0.085,False,5260160.718703116
2026-06-01,被动元件,1.0,1.0,4057.74,4144.8904,180,3997.6262944444443,,,False,,,,False,False,False,MAINLINE_DECLINE,False,0,5,5,False,428.552,313.3163,361.474,0.00986412672080239,428.552,0.0,2822641.92073814,1,1.714866508739356,1.714866508739356,被动元件,1.714866508739356,1.714866508739356,6,0,False,0.07,0,HOLD,被动元件,NO_STRONGER_QUALIFIED_SECTOR,0,2,equal_capital,0.085,False,5373696.901442289
2026-06-02,被动元件,1.0,1.0,4075.102,4143.03755,180,3998.9124333333334,,,False,,,,False,False,False,MAINLINE_DECLINE,False,0,6,6,False,461.418,323.84399999999994,377.7776,0.07669080998338584,461.418,0.0,2822641.92073814,1,1.8393153262325406,1.8393153262325406,被动元件,1.8393153262325406,1.8393153262325406,7,0,False,0.07,0,HOLD,被动元件,NO_STRONGER_QUALIFIED_SECTOR,0,2,equal_capital,0.085,False,5772915.748751716
2026-06-03,被动元件,1.0,1.0,4083.974,4139.2275500000005,180,4000.16825,,,False,,,,False,False,False,MAINLINE_DECLINE,False,0,7,7,False,468.50200000000007,334.7291,394.20799999999997,0.015352673714506215,468.50200000000007,0.0,2822641.92073814,1,1.8680303030303032,1.8680303030303032,被动元件,1.8680303030303032,1.8680303030303032,4,0,False,0.07,0,HOLD,被动元件,NO_STRONGER_QUALIFIED_SECTOR,0,2,equal_capital,0.085,False,5999369.170730959
2026-06-04,被动元件,1.0,1.0,4057.781,4133.112,180,4001.180755555555,,,False,,,,False,False,False,MAINLINE_DECLINE,False,0,8,8,False,489.12600000000003,346.3549,412.5464,0.044021156793354166,489.12600000000003,0.0,2822641.92073814,1,1.9061065430030006,1.9061065430030006,被动元件,1.9061065430030006,1.9061065430030006,4,0,False,0.07,0,HOLD,被动元件,NO_STRONGER_QUALIFIED_SECTOR,0,2,equal_capital,0.085,False,6256138.49341484
2026-06-05,被动元件,1.0,1.0,4027.736,4125.5012,180,4002.1229944444444,,,False,,,,False,False,False,MAINLINE_DECLINE,False,0,9,9,False,480.838,357.4205,426.6068,-0.016944509185772172,489.12600000000003,-0.016944509185772172,2822641.92073814,1,1.8527546373003094,1.8527546373003094,被动元件,1.8527546373003094,1.8527546373003094,2,0,False,0.07,0,HOLD,被动元件,NO_STRONGER_QUALIFIED_SECTOR,0,2,equal_capital,0.085,False,6373578.283732408
2026-06-08,被动元件,1.0,1.0,3959.338,4112.21705,180,4002.9328888888886,,,False,,,,False,False,False,MAINLINE_DECLINE,False,0,10,10,False,453.044,366.446,435.89459999999997,-0.05780325182285939,489.12600000000003,-0.07376831327715161,2822641.92073814,1,1.6623393778390954,1.6623393778390954,被动元件,1.6623393778390954,1.6623393778390954,3,0,False,0.07,0,HOLD,被动元件,NO_STRONGER_QUALIFIED_SECTOR,0,2,equal_capital,0.085,False,6094331.563270834
2026-06-09,被动元件,1.0,1.0,4010.031,4101.99415,180,4004.289305555556,,,False,,,,False,False,False,MAINLINE_DECLINE,False,0,11,11,False,499.8299999999999,377.6471,449.7188,0.10327032252937896,499.8299999999999,0.0,2822641.92073814,1,1.8122389488339716,1.8122389488339716,被动元件,1.8122389488339716,1.8122389488339716,3,0,False,0.07,0,SELL,,SECTOR_DAILY_GAIN_OVER_8%_PAUSE,0,2,equal_capital,0.085,False,6612178.174255251
2026-06-10,现金,0.0,0.0,3993.226,4089.5268499999997,180,4005.293261111111,,,False,,,,False,False,False,MAINLINE_DECLINE,False,0,12,12,False,,,,,,,,0,,,被动元件,1.7077019751217493,1.7077019751217493,3,0,False,0.07,0,CASH,,ENTRY_GATE_CLOSED_OR_NO_CANDIDATE,0,2,equal_capital,0.085,False,6458102.1209812565
2026-06-11,现金,0.0,0.0,3987.015,4079.9816999999994,180,4006.1831166666666,,,False,,,,False,False,False,MAINLINE_DECLINE,False,0,13,13,False,,,,,,,,0,,,被动元件,1.8240392950014446,1.8240392950014446,2,0,False,0.07,0,CASH,,ENTRY_GATE_CLOSED_OR_NO_CANDIDATE,0,2,equal_capital,0.085,False,6458102.1209812565
2026-06-12,现金,0.0,0.0,4031.513,4074.7879000000003,180,4007.428788888889,,,False,,,,False,False,False,MAINLINE_DECLINE,False,0,14,14,False,,,,,,,,0,,,被动元件,1.7811894607073668,1.7811894607073668,3,0,False,0.07,0,CASH,,ENTRY_GATE_CLOSED_OR_NO_CANDIDATE,0,2,equal_capital,0.085,False,6458102.1209812565
2026-06-15,现金,0.0,0.0,4096.472,4073.0351,180,4009.007961111111,,,False,,,,False,False,True,NO_MAINLINE_ROTATION,False,0,15,0,False,,,,,,,,0,,,被动元件,1.8944961489088576,1.8944961489088576,5,0,False,0.07,0,BUY,被动元件,ENTRY_TOP1,0,2,equal_capital,0.085,False,6458102.1209812565
2026-06-16,被动元件,1.0,1.0,4091.892,4069.1528000000008,180,4010.2111999999997,,,False,,,,False,False,True,NO_MAINLINE_ROTATION,False,0,16,0,False,545.124,433.4838,489.18999999999994,0.04935262932976059,545.124,0.0,6458102.1209812565,0,1.8269332600491988,1.8269332600491988,被动元件,1.8269332600491988,1.8269332600491988,5,0,False,0.07,0,HOLD,被动元件,NO_STRONGER_QUALIFIED_SECTOR,0,2,equal_capital,0.085,False,6590335.834876653
2026-06-17,被动元件,1.0,1.0,4108.076,4066.44735,180,4011.530522222222,,,False,,,,False,False,True,NO_MAINLINE_ROTATION,False,0,17,0,False,570.544,446.80109999999996,499.3941999999999,0.04663159207813261,570.544,0.0,6458102.1209812565,0,1.8755678867053696,1.8755678867053696,被动元件,1.8755678867053696,1.8755678867053696,5,0,False,0.07,0,HOLD,被动元件,NO_STRONGER_QUALIFIED_SECTOR,0,2,equal_capital,0.085,False,6870538.206022405
2026-06-18,被动元件,1.0,1.0,4090.481,4067.1075500000006,180,4012.8081722222223,,,False,,,,False,False,True,NO_MAINLINE_ROTATION,False,0,18,0,False,586.6899999999999,460.84849999999994,509.15060000000005,0.028299307327743328,586.6899999999999,0.0,6458102.1209812565,0,1.9189054824001937,1.9189054824001937,被动元件,1.9189054824001937,1.9189054824001937,6,0,False,0.07,0,HOLD,被动元件,NO_STRONGER_QUALIFIED_SECTOR,0,2,equal_capital,0.085,False,7242655.691602765
2026-06-22,被动元件,1.0,1.0,4163.097,4069.6174,180,4014.481683333334,,,False,,,,False,False,True,NO_MAINLINE_ROTATION,False,0,19,0,False,586.754,473.17449999999997,519.7421999999999,0.00010908657042052461,586.754,0.0,6458102.1209812565,0,1.7245601556575767,1.7245601556575767,被动元件,1.7245601556575767,1.7245601556575767,8,0,False,0.07,0,HOLD,被动元件,NO_STRONGER_QUALIFIED_SECTOR,0,2,equal_capital,0.085,False,7432910.147324188
2026-06-23,被动元件,1.0,1.0,4106.252,4067.301549999999,180,4015.758966666667,,,False,,,,False,False,True,NO_MAINLINE_ROTATION,False,0,20,0,False,557.442,483.0383,530.182,-0.049956199702089865,586.754,-0.049956199702089865,6458102.1209812565,0,1.5477363215850466,1.5477363215850466,被动元件,1.5477363215850466,1.5477363215850466,6,0,False,0.07,0,HOLD,被动元件,NO_STRONGER_QUALIFIED_SECTOR,0,2,equal_capital,0.085,False,7111322.770840465
2026-06-24,被动元件,1.0,1.0,4110.813,4065.57355,180,4017.3098388888884,,,False,,,,False,False,True,NO_MAINLINE_ROTATION,False,0,21,0,False,569.068,493.4123000000001,537.1058,0.020855981429457993,586.754,-0.030142103845904766,6458102.1209812565,0,1.573802227950043,1.573802227950043,被动元件,1.573802227950043,1.573802227950043,5,0,False,0.07,0,HOLD,被动元件,NO_STRONGER_QUALIFIED_SECTOR,0,2,equal_capital,0.085,False,7244281.266342297
2026-06-25,被动元件,1.0,1.0,4120.281,4066.9012500000003,180,4018.977572222222,,,False,,,,False,False,True,MAINLINE_RISE,True,1,0,0,False,618.2,505.2425,551.0957999999999,0.08633766087708339,618.2,0.0,6458102.1209812565,0,1.620037945890418,1.620037945890418,电子布,1.6328468639695901,1.6328468639695901,8,0,False,0.07,0,SELL,,SECTOR_DAILY_GAIN_OVER_8%_PAUSE,0,2,equal_capital,0.085,False,7670866.824088773
2026-06-26,现金,0.0,0.0,4027.265,4063.3327000000004,180,4020.0814,,,False,,,,False,False,False,MAINLINE_DECLINE,False,0,1,1,False,,,,,,,,0,,,电子布,1.573604187437687,1.573604187437687,5,0,False,0.07,0,CASH,,ENTRY_GATE_CLOSED_OR_NO_CANDIDATE,0,2,equal_capital,0.085,False,7549329.863135804
2026-06-29,现金,0.0,0.0,4073.902,4063.5993500000004,180,4021.4817833333336,,,False,,,,False,False,True,NO_MAINLINE_ROTATION,False,0,2,0,False,,,,,,,,0,,,存储,1.6574679828525916,1.6574679828525916,5,0,False,0.07,0,BUY,存储,ENTRY_TOP1,0,2,equal_capital,0.085,False,7549329.863135804
2026-06-30,存储,1.0,1.0,4094.397,4065.4322,180,4022.8193111111113,,,False,,,,False,False,True,NO_MAINLINE_ROTATION,False,0,3,0,False,1464.51,1075.5157000000002,1245.437,-0.01153749584909336,1464.51,0.0,7549329.863135804,0,1.69192111738814,1.69192111738814,电子布,1.7141264362918462,1.7141264362918462,8,0,False,0.07,0,HOLD,存储,NO_STRONGER_QUALIFIED_SECTOR,0,2,equal_capital,0.085,False,7808689.913085043
2026-07-01,存储,1.0,1.0,4112.445,4067.29935,180,4024.258994444445,,,False,,,,False,False,True,MAINLINE_RISE,True,1,0,0,False,1402.4879999999998,1101.8019,1288.2412,-0.042350001024233475,1464.51,-0.042350001024233475,7549329.863135804,0,1.5996185974789108,1.5996185974789108,电子布,1.6200154805180438,1.6200154805180438,7,0,False,0.07,0,HOLD,存储,NO_STRONGER_QUALIFIED_SECTOR,0,2,equal_capital,0.085,False,7570893.82536982
2026-07-02,存储,1.0,1.0,4028.904,4064.54585,180,4025.3745388888888,,,False,,,,False,False,False,MAINLINE_DECLINE,False,0,1,1,False,1263.37,1119.7024000000001,1308.8110000000001,-0.09919371859153159,1464.51,-0.13734286553181618,7549329.863135804,0,1.3954338605637535,1.3954338605637535,电子布,1.572768327243687,1.572768327243687,5,0,False,0.07,1,HOLD,存储,SWITCH_CONFIRM_1_OF_2,1,2,equal_capital,0.085,False,6828860.383045504
2026-07-03,存储,1.0,1.0,4043.643,4063.83895,180,4026.3807111111114,,,False,,,,False,False,False,MAINLINE_DECLINE,False,0,2,2,False,1262.68,1134.4946999999997,1322.9479999999999,-0.0005461582909201956,1464.51,-0.13781401287802741,7549329.863135804,0,1.3059946174834562,1.3059946174834562,电子布,1.6211416935823617,1.6211416935823617,5,0,False,0.07,0,HOLD,存储,RESEARCH_POLICY_BLOCK_STRONGER_RS20_MARGIN_7%,2,2,equal_capital,0.085,False,7025720.521397369
2026-07-06,存储,1.0,1.0,4041.238,4064.51405,180,4027.2610499999996,,,False,,,,False,False,False,MAINLINE_DECLINE,False,0,3,3,False,1244.196,1151.9876,1326.1528,-0.014638704976716266,1464.51,-0.1504352991785649,7549329.863135804,0,1.3911921443570552,1.3911921443570552,存储,1.3911921443570552,1.3911921443570552,5,0,False,0.07,0,HOLD,存储,NO_STRONGER_QUALIFIED_SECTOR,3,2,equal_capital,0.085,False,7092657.401060173
2026-07-07,存储,1.0,1.0,3990.235,4066.0589,180,4027.5736222222226,,,False,,,,False,False,False,MAINLINE_DECLINE,False,0,4,4,False,1178.8919999999998,1167.6767999999997,1329.2692,-0.05248690720754612,1464.51,-0.1950263227973863,7549329.863135804,0,1.3627107829311484,1.3627107829311484,半导体,1.3932463150491678,1.3932463150491678,5,0,False,0.07,0,HOLD,存储,NO_STRONGER_QUALIFIED_SECTOR,4,2,equal_capital,0.085,False,6698239.8209879445
2026-07-08,存储,1.0,1.0,3970.88,4064.10135,180,4027.983911111111,,,False,,,,False,False,False,MAINLINE_DECLINE,False,0,5,5,False,1130.97,1178.4428,1317.9271999999999,-0.0406500340998156,1464.51,-0.22774853022512642,7549329.863135804,0,1.2351553541200242,1.2351553541200242,国产算力,1.2053968922258869,1.2053968922258869,4,0,False,0.07,0,SELL,,MARKET_MA180_AND_SECTOR_MA10_BREAK,5,2,equal_capital,0.085,False,6326044.808088172
2026-07-09,现金,0.0,0.0,4036.588,4066.26945,180,4028.801055555556,,,False,,,,False,False,False,MAINLINE_DECLINE,False,0,6,6,False,,,,,,,,1,,,国产算力,1.2816029997656435,1.2816029997656435,4,0,False,0.07,0,CASH,,ENTRY_GATE_CLOSED_OR_NO_CANDIDATE,0,2,equal_capital,0.085,False,6545229.4382134015
2026-07-10,现金,0.0,0.0,3996.162,4066.7268000000004,180,4029.5284611111106,,,False,,,,False,False,False,MAINLINE_DECLINE,False,0,7,7,False,,,,,,,,1,,,国产算力,1.3625841076578018,1.3625841076578018,4,0,False,0.07,0,CASH,,ENTRY_GATE_CLOSED_OR_NO_CANDIDATE,0,2,equal_capital,0.085,False,6545229.4382134015
2026-07-13,现金,0.0,0.0,3913.794,4060.8408499999996,180,4029.5372611111115,,,False,,,,False,False,False,MAINLINE_DECLINE,False,0,8,8,False,,,,,,,,1,,,国产算力,1.3186316764039203,1.3186316764039203,3,0,False,0.07,0,CASH,,ENTRY_GATE_CLOSED_OR_NO_CANDIDATE,0,2,equal_capital,0.085,False,6545229.4382134015
2026-07-14,现金,0.0,0.0,3967.126,4054.3735500000003,180,4029.820027777778,,,False,,,,False,False,False,MAINLINE_DECLINE,False,0,9,9,False,,,,,,,,1,,,国产算力,1.215144076437932,1.215144076437932,3,0,False,0.07,0,CASH,,ENTRY_GATE_CLOSED_OR_NO_CANDIDATE,0,2,equal_capital,0.085,False,6545229.4382134015
2026-07-15,现金,0.0,0.0,3955.578,4047.5578499999997,180,4030.4634888888886,,,False,,,,False,False,False,MAINLINE_DECLINE,False,0,10,10,False,,,,,,,,1,,,医药生物,1.221486235735558,1.221486235735558,5,0,False,0.07,0,CASH,,ENTRY_GATE_CLOSED_OR_NO_CANDIDATE,0,2,equal_capital,0.085,False,6545229.4382134015
2026-07-16,现金,0.0,0.0,3882.413,4036.2746999999995,180,4030.5663777777777,,,False,,,,False,False,False,MAINLINE_DECLINE,False,0,11,11,False,,,,,,,,1,,,医药生物,1.2069616627996158,1.2069616627996158,5,0,False,0.07,0,CASH,,ENTRY_GATE_CLOSED_OR_NO_CANDIDATE,0,2,equal_capital,0.085,False,6545229.4382134015
2026-07-17,现金,0.0,0.0,3764.155,4019.9583999999995,180,4029.7209500000004,,,False,,,,False,False,False,MAINLINE_DECLINE,False,0,12,12,False,,,,,,,,1,,,农林牧渔,1.166180034078552,1.166180034078552,2,0,False,0.07,0,CASH,,ENTRY_GATE_CLOSED_OR_NO_CANDIDATE,0,2,equal_capital,0.085,False,6545229.4382134015
2026-07-20,现金,0.0,0.0,3796.281,4001.6176,180,4029.0683,,,False,,,,False,False,False,MAINLINE_DECLINE,False,0,13,13,False,,,,,,,,1,,,农林牧渔,1.1764421322424872,1.1764421322424872,2,0,False,0.07,0,CASH,,ENTRY_GATE_CLOSED_OR_NO_CANDIDATE,0,2,equal_capital,0.085,False,6545229.4382134015
2026-07-21,现金,0.0,0.0,3864.367,3989.5233500000004,180,4028.7458388888886,,,False,,,,False,False,False,MAINLINE_DECLINE,False,0,14,14,False,,,,,,,,1,,,农林牧渔,1.166731107960648,1.166731107960648,2,0,False,0.07,0,CASH,,ENTRY_GATE_CLOSED_OR_NO_CANDIDATE,0,2,equal_capital,0.085,False,6545229.4382134015
2026-07-22,现金,0.0,0.0,3867.034,3977.3343999999997,180,4028.2831833333335,,,False,,,,False,False,False,MAINLINE_DECLINE,False,0,15,15,False,,,,,,,,1,,,农林牧渔,1.1906866226512705,1.1906866226512705,8,0,False,0.07,0,CASH,,ENTRY_GATE_CLOSED_OR_NO_CANDIDATE,0,2,equal_capital,0.085,False,6545229.4382134015
2026-07-23,现金,0.0,0.0,3876.777,3965.1591999999996,180,4027.615583333333,,,False,,,,False,False,False,MAINLINE_DECLINE,False,0,16,16,False,,,,,,,,1,,,农林牧渔,1.1874510418298603,1.1874510418298603,8,0,False,0.07,0,CASH,,ENTRY_GATE_CLOSED_OR_NO_CANDIDATE,0,2,equal_capital,0.085,False,6545229.4382134015
2026-07-24,现金,0.0,0.0,3814.198,3954.50585,180,4026.6487722222228,,,False,,,,False,False,False,MAINLINE_DECLINE,False,0,17,17,False,,,,,,,,1,,,国产算力,1.1515404729831944,1.1515404729831944,8,0,False,0.07,0,CASH,,ENTRY_GATE_CLOSED_OR_NO_CANDIDATE,0,2,equal_capital,0.085,False,6545229.4382134015
2026-07-27,现金,0.0,0.0,3858.245,3943.7229999999995,180,4025.770516666667,,,False,,,,False,False,False,MAINLINE_DECLINE,False,0,18,18,False,,,,,,,,1,,,国产算力,1.1424576023287505,1.1424576023287505,6,0,False,0.07,0,CASH,,ENTRY_GATE_CLOSED_OR_NO_CANDIDATE,0,2,equal_capital,0.085,False,6545229.4382134015
2026-07-28,现金,0.0,0.0,3813.315,3929.6688999999997,180,4024.80615,,,False,,,,False,False,False,MAINLINE_DECLINE,False,0,19,19,False,,,,,,,,1,,,黄金概念,1.1506080702578652,1.1506080702578652,7,0,False,0.07,0,CASH,,ENTRY_GATE_CLOSED_OR_NO_CANDIDATE,0,2,equal_capital,0.085,False,6545229.4382134015
2026-07-29,现金,0.0,0.0,3828.469,3915.4701,180,4024.104366666667,,,False,,,,False,False,False,MAINLINE_DECLINE,False,0,20,20,False,,,,,,,,1,,,黄金概念,1.1823292080330026,1.1823292080330026,8,0,False,0.07,0,CASH,,ENTRY_GATE_CLOSED_OR_NO_CANDIDATE,0,2,equal_capital,0.085,False,6545229.4382134015
2026-07-30,现金,0.0,0.0,3804.693,3904.2595499999998,180,4023.1497666666664,,,False,,,,False,False,False,MAINLINE_DECLINE,False,0,21,21,False,,,,,,,,1,,,黄金概念,1.1503562903984528,1.1503562903984528,9,0,False,0.07,0,CASH,,ENTRY_GATE_CLOSED_OR_NO_CANDIDATE,0,2,equal_capital,0.085,False,6545229.4382134015
2026-07-31,现金,0.0,0.0,3832.262,3893.6904999999997,180,4022.4390777777776,,,False,,,,False,False,False,MAINLINE_DECLINE,False,0,22,22,False,,,,,,,,1,,,食品饮料,1.131632320344638,1.131632320344638,5,0,False,0.07,0,CASH,,ENTRY_GATE_CLOSED_OR_NO_CANDIDATE,0,2,equal_capital,0.085,False,6545229.4382134015
2026-08-03,现金,0.0,0.0,3809.663,3882.11175,180,4021.5524944444446,,,False,,,,False,False,False,MAINLINE_DECLINE,False,0,23,23,False,,,,,,,,1,,,信创,1.2130010647175622,1.2130010647175622,7,0,False,0.07,0,CASH,,ENTRY_GATE_CLOSED_OR_NO_CANDIDATE,0,2,equal_capital,0.085,False,6545229.4382134015
2026-08-04,现金,0.0,0.0,3822.285,3873.71425,180,4020.522077777777,,,False,,,,False,False,False,MAINLINE_DECLINE,False,0,24,24,False,,,,,,,,1,,,网络安全,1.2670953074491138,1.2670953074491138,9,0,False,0.07,0,CASH,,ENTRY_GATE_CLOSED_OR_NO_CANDIDATE,0,2,equal_capital,0.085,False,6545229.4382134015
2026-08-05,现金,0.0,0.0,3878.43,3869.0917499999996,180,4019.8602666666666,,,False,,,,False,False,True,NO_MAINLINE_ROTATION,False,0,25,0,False,,,,,,,,1,,,信创,1.1922805072413554,1.1922805072413554,6,0,False,0.07,0,CASH,,RESEARCH_POLICY_BLOCK_ENTRY_TOP1,0,2,equal_capital,0.085,False,6545229.4382134015
2026-08-06,现金,0.0,0.0,3900.352,3862.27995,180,4019.2033500000002,,,False,,,,False,False,True,NO_MAINLINE_ROTATION,False,0,26,0,False,,,,,,,,1,,,黄金概念,1.2330571035989522,1.2330571035989522,7,0,False,0.07,0,CASH,,RESEARCH_POLICY_BLOCK_ENTRY_TOP1,0,2,equal_capital,0.085,False,6545229.4382134015
2026-08-07,现金,0.0,0.0,3940.037,3859.4737,180,4018.8549,,,False,,,,False,False,True,NO_MAINLINE_ROTATION,False,0,27,0,False,,,,,,,,1,,,黄金概念,1.2362207352278605,1.2362207352278605,5,0,False,0.07,0,CASH,,RESEARCH_POLICY_BLOCK_ENTRY_TOP1,0,2,equal_capital,0.085,False,6545229.4382134015
2026-08-10,现金,0.0,0.0,3966.594,3862.1137000000003,180,4018.6685333333335,,,False,,,,False,False,True,NO_MAINLINE_ROTATION,False,0,28,0,False,,,,,,,,1,,,黄金概念,1.3151406777757622,1.3151406777757622,12,0,False,0.07,0,CASH,,RESEARCH_POLICY_BLOCK_ENTRY_TOP1,0,2,equal_capital,0.085,False,6545229.4382134015
2026-08-11,现金,0.0,0.0,3934.093,3860.4620499999996,180,4018.1384888888892,,,False,,,,False,False,True,NO_MAINLINE_ROTATION,False,0,29,0,False,,,,,,,,1,,,黄金概念,1.198634275545255,1.198634275545255,8,0,False,0.07,0,BUY,黄金概念,ENTRY_TOP1,0,2,equal_capital,0.085,False,6545229.4382134015
2026-08-12,黄金概念,1.0,1.0,3946.675,3860.0169,180,4017.895061111111,,,False,,,,False,False,True,NO_MAINLINE_ROTATION,False,0,30,0,False,296.86,265.5357,281.7744,0.024977039354201702,296.86,0.0,6545229.4382134015,1,1.252605551195389,1.252605551195389,黄金概念,1.252605551195389,1.252605551195389,3,0,False,0.07,0,HOLD,黄金概念,NO_STRONGER_QUALIFIED_SECTOR,0,2,equal_capital,0.085,False,6642506.636351863
2026-08-13,黄金概念,1.0,1.0,3926.965,3862.2445,180,4017.6446722222227,,,False,,,,False,False,True,NO_MAINLINE_ROTATION,False,0,31,0,False,284.37399999999997,267.9056,283.801,-0.042060230411641975,296.86,-0.042060230411641975,6545229.4382134015,1,1.2000118155425021,1.2000118155425021,黄金概念,1.2000118155425021,1.2000118155425021,3,0,False,0.07,0,HOLD,黄金概念,NO_STRONGER_QUALIFIED_SECTOR,0,2,equal_capital,0.085,False,6379491.059592152
2026-08-14,黄金概念,1.0,1.0,3927.176,3870.39555,180,4017.5744666666665,,,False,,,,False,False,True,MAINLINE_RISE,True,1,0,0,False,284.47400000000005,270.75010000000003,285.2094,0.00035164958821853887,296.86,-0.04172337128612802,6545229.4382134015,1,1.249973636107987,1.249973636107987,被动元件,1.2888354412430392,1.2888354412430392,9,0,False,0.07,0,HOLD,黄金概念,NO_STRONGER_QUALIFIED_SECTOR,1,2,equal_capital,0.085,False,6404964.062499037
2026-08-17,黄金概念,1.0,1.0,3982.654,3879.7142,180,4017.773977777778,,,False,,,,False,False,True,MAINLINE_RISE,True,2,0,0,False,294.71400000000006,273.8248,288.136,0.03599625976363385,296.86,-0.007228996833524071,6545229.4382134015,1,1.2636737844095705,1.2636737844095705,被动元件,1.4373734451836855,1.4373734451836855,12,0,False,0.07,1,HOLD,黄金概念,SWITCH_CONFIRM_1_OF_2,0,2,equal_capital,0.085,False,6652419.806619543
2026-08-18,黄金概念,1.0,1.0,3990.304,3886.01105,180,4018.103161111111,,,False,,,,False,False,True,MAINLINE_RISE,True,3,0,0,False,296.99199999999996,276.3284,291.6804,0.007729527609817932,296.99199999999996,0.0,6545229.4382134015,1,1.2027863275554835,1.2027863275554835,被动元件,1.280708387443219,1.280708387443219,6,0,False,0.07,0,HOLD,黄金概念,NO_STRONGER_QUALIFIED_SECTOR,0,2,equal_capital,0.085,False,6685915.397095051
2026-08-19,黄金概念,1.0,1.0,3894.422,3887.3804499999997,180,4018.4338888888888,,,False,,,,False,False,True,MAINLINE_RISE,True,4,0,0,False,304.5400000000001,278.45050000000003,294.1358,0.025414825988579137,304.5400000000001,0.0,6545229.4382134015,1,1.1619317965035982,1.1619317965035982,农业种植,1.1308677098954825,1.1308677098954825,2,0,False,0.07,0,HOLD,黄金概念,NO_STRONGER_QUALIFIED_SECTOR,0,2,equal_capital,0.085,False,6704429.132622685
2026-08-20,黄金概念,1.0,1.0,3903.721,3888.72765,180,4018.8058611111114,,,False,,,,False,False,True,MAINLINE_RISE,True,5,0,0,False,324.08,281.4461,297.6476,0.06416234320614667,324.08,0.0,6545229.4382134015,1,1.226795069804064,1.226795069804064,黄金概念,1.226795069804064,1.226795069804064,3,0,False,0.07,0,HOLD,黄金概念,NO_STRONGER_QUALIFIED_SECTOR,0,2,equal_capital,0.085,False,7059804.886713217
2026-08-21,黄金概念,1.0,1.0,3905.203,3893.2778999999996,180,4019.0013055555555,,,False,,,,False,False,True,MAINLINE_RISE,True,6,0,0,False,336.538,285.7264,301.6682,0.038441125647988184,336.538,0.0,6545229.4382134015,1,1.3411521846556038,1.3411521846556038,黄金概念,1.3411521846556038,1.3411521846556038,2,0,False,0.07,0,HOLD,黄金概念,NO_STRONGER_QUALIFIED_SECTOR,0,2,equal_capital,0.085,False,7287511.897163542
2026-08-24,黄金概念,1.0,1.0,3882.008,3894.46605,180,4019.1003277777777,,,False,,,,False,False,False,MAINLINE_DECLINE,False,0,1,1,False,334.86199999999997,289.6911,304.706,-0.00498012111559476,336.538,-0.00498012111559476,6545229.4382134015,1,1.3102657609716395,1.3102657609716395,黄金概念,1.3102657609716395,1.3102657609716395,3,0,False,0.07,0,HOLD,黄金概念,NO_STRONGER_QUALIFIED_SECTOR,0,2,equal_capital,0.085,False,7266825.104822379
2026-08-25,黄金概念,1.0,1.0,3889.445,3898.27255,180,4019.1791388888887,,,False,,,,False,False,False,MAINLINE_DECLINE,False,0,2,2,False,321.80600000000004,293.0467,307.92400000000004,-0.0389891955492111,336.538,-0.04377514574877117,6545229.4382134015,1,1.2635005143427016,1.2635005143427016,黄金概念,1.2635005143427016,1.2635005143427016,3,0,False,0.07,0,HOLD,黄金概念,NO_STRONGER_QUALIFIED_SECTOR,0,2,equal_capital,0.085,False,7017832.223499948
2026-08-26,黄金概念,1.0,1.0,3912.524,3902.4753000000005,180,4019.312072222222,,,False,,,,False,False,True,MAINLINE_RISE,True,1,0,0,False,319.8280000000001,295.99760000000003,310.2208,-0.006146560350024366,336.538,-0.049652639523619646,6545229.4382134015,1,1.2262873356082973,1.2262873356082973,黄金概念,1.2262873356082973,1.2262873356082973,4,0,False,0.07,0,HOLD,黄金概念,NO_STRONGER_QUALIFIED_SECTOR,0,2,equal_capital,0.085,False,7021891.868825933
2026-08-27,黄金概念,1.0,1.0,3956.571,3910.0692000000004,180,4019.5485444444444,,,False,,,,False,False,True,MAINLINE_RISE,True,2,0,0,False,323.2,298.95220000000006,314.1034,0.010543166952236449,336.538,-0.039632968639499944,6545229.4382134015,1,1.2237418025959077,1.2237418025959077,液冷,1.3889512229951653,1.3889512229951653,3,0,False,0.07,1,HOLD,黄金概念,SWITCH_CONFIRM_1_OF_2,0,2,equal_capital,0.085,False,7098758.5216560885
2026-08-28,黄金概念,1.0,1.0,3952.179,3916.06505,180,4019.8511388888887,,,False,,,,False,False,True,MAINLINE_RISE,True,3,0,0,False,326.21399999999994,301.7434,318.2774,0.00932549504950475,336.538,-0.030677070642839976,6545229.4382134015,1,1.2064573393986462,1.2064573393986462,液冷,1.3324612577935488,1.3324612577935488,4,0,False,0.07,0,SWITCH,液冷,STRONGER_RS20_MARGIN_7%,0,2,equal_capital,0.085,False,7146494.202185517
2026-08-31,液冷,1.0,1.0,3986.298,3924.8968,180,4020.4527944444444,,,False,,,,False,False,True,MAINLINE_RISE,True,4,0,0,False,280.106,239.24329999999995,247.68659999999994,0.05359251931482212,280.106,0.0,6545229.4382134015,1,1.4230280738475294,1.4230280738475294,液冷,1.4230280738475294,1.4230280738475294,4,0,False,0.07,0,HOLD,液冷,NO_STRONGER_QUALIFIED_SECTOR,0,2,equal_capital,0.085,False,7166801.477234721
2026-09-01,液冷,1.0,1.0,3979.888,3932.7769499999995,180,4021.0311,,,False,,,,False,False,True,MAINLINE_RISE,True,5,0,0,False,272.35599999999994,242.34859999999998,250.7014,-0.027668097077535148,280.106,-0.027668097077535148,6545229.4382134015,1,1.2953912009512483,1.2953912009512483,液冷,1.2953912009512483,1.2953912009512483,6,0,False,0.07,0,HOLD,液冷,NO_STRONGER_QUALIFIED_SECTOR,0,2,equal_capital,0.085,False,7061151.350683528
2026-09-02,液冷,1.0,1.0,3941.386,3935.9247500000006,180,4021.2454222222223,,,False,,,,False,False,True,MAINLINE_RISE,True,6,0,0,False,273.554,244.93630000000002,255.88059999999996,0.004398654701934346,280.106,-0.023391144780904427,6545229.4382134015,1,1.2333363390441838,1.2333363390441838,液冷,1.2333363390441838,1.2333363390441838,4,0,False,0.07,0,HOLD,液冷,NO_STRONGER_QUALIFIED_SECTOR,0,2,equal_capital,0.085,False,7068209.287086899
2026-09-03,液冷,1.0,1.0,3942.088,3938.01155,180,4021.345477777778,,,False,,,,False,False,True,MAINLINE_RISE,True,7,0,0,False,283.298,247.9287,261.898,0.03562002383441665,283.298,0.0,6545229.4382134015,1,1.2678362049675542,1.2678362049675542,液冷,1.2678362049675542,1.2678362049675542,3,0,False,0.07,0,HOLD,液冷,NO_STRONGER_QUALIFIED_SECTOR,0,2,equal_capital,0.085,False,7287440.350105647
2026-09-04,液冷,1.0,1.0,3930.116,3937.5155,180,4021.459888888889,,,False,,,,False,False,False,MAINLINE_DECLINE,False,0,1,1,False,265.736,249.5096,265.57859999999994,-0.06199126008655198,283.298,-0.06199126008655198,6545229.4382134015,1,1.1350515551986604,1.1350515551986604,农业种植,1.1428902056279064,1.1428902056279064,4,0,False,0.07,0,HOLD,液冷,NO_STRONGER_QUALIFIED_SECTOR,0,2,equal_capital,0.085,False,6940723.055306204
2026-09-07,液冷,1.0,1.0,3932.699,3935.82075,180,4021.6387944444436,,,False,,,,False,False,False,MAINLINE_DECLINE,False,0,2,2,False,270.942,251.4803,269.5608,0.019590872143781857,283.298,-0.043614850793157744,6545229.4382134015,1,1.1702342697211567,1.1702342697211567,液冷,1.1702342697211567,1.1702342697211567,2,0,False,0.07,0,HOLD,液冷,NO_STRONGER_QUALIFIED_SECTOR,0,2,equal_capital,0.085,False,7145484.533170062
2026-09-08,液冷,1.0,1.0,3940.551,3936.1436500000004,180,4022.012311111111,,,False,,,,False,False,True,MAINLINE_RISE,True,1,0,0,False,263.426,253.09459999999999,270.5302,-0.0277402543717844,283.298,-0.07014521810955254,6545229.4382134015,1,1.1396815782642553,1.1396815782642553,农业种植,1.250406122168511,1.250406122168511,5,0,False,0.07,1,HOLD,液冷,SWITCH_CONFIRM_1_OF_2,1,2,equal_capital,0.085,False,6944839.75786094
2026-09-09,液冷,1.0,1.0,3951.5068,3936.3852400000005,180,4022.357648888889,,,False,,,,False,False,True,MAINLINE_RISE,True,2,0,0,False,263.95223855788345,254.51331192789416,271.15682385578833,0.001997671292444325,283.298,-0.06828767390562784,6545229.4382134015,1,1.1204451967411366,1.1204451967411366,农业种植,1.2348291197325474,1.2348291197325474,3,0,False,0.07,1,SELL,,MARKET_MA180_AND_SECTOR_MA10_BREAK,2,2,equal_capital,0.085,False,7054353.420380204
2026-09-10,现金,0.0,0.0,3934.404,3936.7571900000003,180,4022.726998888889,,,False,,,,False,False,False,MAINLINE_DECLINE,False,0,1,1,False,,,,,,,,0,,,农业种植,1.194466706927663,1.194466706927663,3,0,False,0.07,1,CASH,,ENTRY_GATE_CLOSED_OR_NO_CANDIDATE,0,2,equal_capital,0.085,False,6977314.086244481
2026-09-11,现金,0.0,0.0,3888.111,3934.8039400000002,180,4023.0786599999997,,,False,,,,False,False,False,MAINLINE_DECLINE,False,0,2,2,False,,,,,,,,0,,,农业种植,1.185625469257385,1.185625469257385,3,0,False,0.07,1,CASH,,ENTRY_GATE_CLOSED_OR_NO_CANDIDATE,0,2,equal_capital,0.085,False,6977314.086244481
2026-09-14,现金,0.0,0.0,3885.333,3929.93789,180,4023.162298888889,,,False,,,,False,False,False,BROAD_DECLINE_OR_NO_LEADER,False,0,3,3,False,,,,,,,,0,,,,,,0,0,False,0.07,1,CASH,,ENTRY_GATE_CLOSED_OR_NO_CANDIDATE,0,2,equal_capital,0.085,False,6977314.086244481
2026-09-15,现金,0.0,0.0,3881.41,3924.4931899999997,180,4023.1902933333336,,,False,,,,False,False,False,BROAD_DECLINE_OR_NO_LEADER,False,0,4,4,False,,,,,,,,0,,,,,,0,0,False,0.07,1,CASH,,ENTRY_GATE_CLOSED_OR_NO_CANDIDATE,0,2,equal_capital,0.085,False,6977314.086244481
2026-09-16,现金,0.0,0.0,3891.601,3924.3521400000004,180,4023.1966988888885,,,False,,,,False,False,False,MAINLINE_DECLINE,False,0,5,5,False,,,,,,,,0,,,PCB,1.1159361716866691,1.1159361716866691,3,0,False,0.07,1,CASH,,ENTRY_GATE_CLOSED_OR_NO_CANDIDATE,0,2,equal_capital,0.085,False,6977314.086244481
2026-09-17,现金,0.0,0.0,3875.604,3922.94629,180,4022.9646988888894,,,False,,,,False,False,False,MAINLINE_DECLINE,False,0,6,6,False,,,,,,,,0,,,光纤概念,1.1137715598430162,1.1137715598430162,4,0,False,0.07,1,CASH,,ENTRY_GATE_CLOSED_OR_NO_CANDIDATE,0,2,equal_capital,0.085,False,6977314.086244481
2026-09-18,现金,0.0,0.0,3911.871,3923.2796899999994,180,4022.919654444445,,,False,,,,False,False,False,MAINLINE_DECLINE,False,0,7,7,False,,,,,,,,0,,,网络安全,1.1304499726247632,1.1304499726247632,2,0,False,0.07,1,CASH,,ENTRY_GATE_CLOSED_OR_NO_CANDIDATE,0,2,equal_capital,0.085,False,6977314.086244481
2026-09-21,现金,0.0,0.0,3949.907,3926.67464,180,4022.969432222222,,,False,,,,False,False,True,NO_MAINLINE_ROTATION,False,0,8,0,False,,,,,,,,0,,,网络安全,1.2006090422115636,1.2006090422115636,5,0,False,0.07,1,BUY,网络安全,ENTRY_TOP1,0,2,equal_capital,0.085,False,6977314.086244481
2026-09-22,网络安全,1.0,1.0,3952.128,3929.80879,180,4022.9278044444445,,,False,,,,False,False,True,MAINLINE_RISE,True,1,0,0,False,82.51120976372562,72.94242177971248,74.96780019524999,0.04406388837117747,82.51120976372562,0.0,6977314.086244481,0,1.2434252051557553,1.2434252051557553,网络安全,1.2434252051557553,1.2434252051557553,3,0,False,0.07,0,HOLD,网络安全,NO_STRONGER_QUALIFIED_SECTOR,0,2,equal_capital,0.085,False,7154549.074471306
2026-09-23,网络安全,1.0,1.0,3936.52,3931.00859,180,4022.7769211111113,,,False,,,,False,False,True,MAINLINE_RISE,True,2,0,0,False,79.84827035297904,73.65033529736144,75.80995166613197,-0.03227366824910238,82.51120976372562,-0.03227366824910238,6977314.086244481,0,1.2155315931341002,1.2155315931341002,网络安全,1.2155315931341002,1.2155315931341002,4,0,False,0.07,0,HOLD,网络安全,NO_STRONGER_QUALIFIED_SECTOR,0,2,equal_capital,0.085,False,6916028.459710388
