date,nav,cash,position,exposure,cost,stale_mark,delayed,daily_return,cumulative_return,drawdown,codes
2018-01-02,600000.0,600000.0,现金,0.0,0.0,False,False,0.0,0.0,0.0,
2018-01-03,609153.0350924234,0.0,电子布,1.0,479.6163069544365,False,False,0.015255058487372297,0.015255058487372297,0.0,600183 / 000920 / 002080 / 601636 / 600176
2018-01-04,606503.4518925989,0.0,电子布,1.0,0.0,False,False,-0.004349618317870729,0.01083908648766485,-0.004349618317870729,600183 / 000920 / 002080 / 601636 / 600176
2018-01-05,605904.8445511326,0.0,电子布,1.0,0.0,False,False,-0.000986980930773429,0.009841407585221118,-0.0053323062583082725,600183 / 000920 / 002080 / 601636 / 600176
2018-01-08,616970.7569950231,0.0,电子布,1.0,0.0,False,False,0.018263449357445394,0.028284594991705214,0.0,600183 / 000920 / 002080 / 601636 / 600176
2018-01-09,604975.2125752022,0.0,电子布,1.0,0.0,False,False,-0.019442646647055972,0.00829202095867032,-0.019442646647055972,600183 / 000920 / 002080 / 601636 / 600176
2018-01-10,601125.2808165383,0.0,电子布,1.0,0.0,False,False,-0.006363784298328401,0.0018754680275636648,-0.025682702135933932,600183 / 000920 / 002080 / 601636 / 600176
2018-01-11,589147.6507649415,0.0,电子布,1.0,0.0,False,False,-0.0199253474006732,-0.018087248725097593,-0.04509631277436066,600183 / 000920 / 002080 / 601636 / 600176
2018-01-12,584651.3056205887,0.0,电子布,1.0,0.0,False,False,-0.007631949543573269,-0.025581157299018775,-0.05238408953423879,600183 / 000920 / 002080 / 601636 / 600176
2018-01-15,566281.1103467306,0.0,电子布,1.0,0.0,False,False,-0.0314207718297298,-0.05619814942211576,-0.08215891283920518,600183 / 000920 / 002080 / 601636 / 600176
2018-01-16,578539.6062498344,0.0,电子布,1.0,0.0,False,False,0.021647368557990543,-0.03576732291694262,-0.06229006854776864,600183 / 000920 / 002080 / 601636 / 600176
2018-01-17,582613.0018748377,0.0,房地产,1.0,1217.8973808712276,False,False,0.007040824138916824,-0.028978330208603853,-0.05568781782709775,000002 / 600048 / 001979 / 600340 / 000069
2018-01-18,576358.651464124,0.0,房地产,1.0,0.0,False,False,-0.01073499971780123,-0.03940224755979338,-0.0658250088362401,000002 / 600048 / 001979 / 600340 / 000069
2018-01-19,572567.5771185869,0.0,房地产,1.0,0.0,False,False,-0.006577630674765911,-0.04572070480235524,-0.07196966691371798,000002 / 600048 / 001979 / 600340 / 000069
2018-01-22,577475.1003206531,0.0,房地产,1.0,0.0,False,False,0.00857108121064587,-0.037541499465578276,-0.06401544356289268,000002 / 600048 / 001979 / 600340 / 000069
2018-01-23,596031.9019725517,0.0,房地产,1.0,0.0,False,False,0.032134375389683,-0.006613496712413847,-0.033938164467396836,000002 / 600048 / 001979 / 600340 / 000069
2018-01-24,591377.8539247492,0.0,房地产,1.0,0.0,False,False,-0.007808387491340829,-0.014370243458751375,-0.041481549619831304,000002 / 600048 / 001979 / 600340 / 000069
2018-01-25,586557.0003740183,0.0,房地产,1.0,0.0,False,False,-0.008151900715822724,-0.022404999376636092,-0.0492952968616146,000002 / 600048 / 001979 / 600340 / 000069
2018-01-26,593103.5626682524,0.0,房地产,1.0,0.0,False,False,0.011160999340319222,-0.011494062219579382,-0.03868448229704868,000002 / 600048 / 001979 / 600340 / 000069
2018-01-29,585748.5475238324,0.0,房地产,1.0,0.0,False,False,-0.012400895235447962,-0.023752420793612616,-0.050605655320293486,000002 / 600048 / 001979 / 600340 / 000069
2018-01-30,567385.6505620893,0.0,房地产,1.0,0.0,False,False,-0.03134945368515152,-0.05435724906318451,-0.08036864935777466,000002 / 600048 / 001979 / 600340 / 000069
2018-01-31,586512.1069156433,0.0,房地产,1.0,0.0,False,False,0.03370979920730477,-0.022479821807261158,-0.04936806118288273,000002 / 600048 / 001979 / 600340 / 000069
2018-02-01,588322.0575379676,0.0,房地产,1.0,0.0,False,False,0.003085956114090127,-0.019463237436720737,-0.04643445273904068,000002 / 600048 / 001979 / 600340 / 000069
2018-02-02,599596.1741956469,0.0,房地产,1.0,0.0,False,False,0.0191631717920957,-0.0006730430072552362,-0.028161112341855032,000002 / 600048 / 001979 / 600340 / 000069
2018-02-05,589428.7501161554,589428.7501161554,现金,0.0,767.2548063993211,False,False,-0.0169571196699696,-0.017618749806407763,-0.04464070065980441,
2018-02-06,589428.7501161554,589428.7501161554,现金,0.0,0.0,False,False,0.0,-0.017618749806407763,-0.04464070065980441,
2018-02-07,589428.7501161554,589428.7501161554,现金,0.0,0.0,False,False,0.0,-0.017618749806407763,-0.04464070065980441,
2018-02-08,589428.7501161554,589428.7501161554,现金,0.0,0.0,False,False,0.0,-0.017618749806407763,-0.04464070065980441,
2018-02-09,589428.7501161554,589428.7501161554,现金,0.0,0.0,False,False,0.0,-0.017618749806407763,-0.04464070065980441,
2018-02-12,589428.7501161554,589428.7501161554,现金,0.0,0.0,False,False,0.0,-0.017618749806407763,-0.04464070065980441,
2018-02-13,589428.7501161554,589428.7501161554,现金,0.0,0.0,False,False,0.0,-0.017618749806407763,-0.04464070065980441,
2018-02-14,589428.7501161554,589428.7501161554,现金,0.0,0.0,False,False,0.0,-0.017618749806407763,-0.04464070065980441,
2018-02-22,589428.7501161554,589428.7501161554,现金,0.0,0.0,False,False,0.0,-0.017618749806407763,-0.04464070065980441,
2018-02-23,589428.7501161554,589428.7501161554,现金,0.0,0.0,False,False,0.0,-0.017618749806407763,-0.04464070065980441,
2018-02-26,589428.7501161554,589428.7501161554,现金,0.0,0.0,False,False,0.0,-0.017618749806407763,-0.04464070065980441,
2018-02-27,589428.7501161554,589428.7501161554,现金,0.0,0.0,False,False,0.0,-0.017618749806407763,-0.04464070065980441,
2018-02-28,589428.7501161554,589428.7501161554,现金,0.0,0.0,False,False,0.0,-0.017618749806407763,-0.04464070065980441,
2018-03-01,589428.7501161554,589428.7501161554,现金,0.0,0.0,False,False,0.0,-0.017618749806407763,-0.04464070065980441,
2018-03-02,589428.7501161554,589428.7501161554,现金,0.0,0.0,False,False,0.0,-0.017618749806407763,-0.04464070065980441,
2018-03-05,589428.7501161554,589428.7501161554,现金,0.0,0.0,False,False,0.0,-0.017618749806407763,-0.04464070065980441,
2018-03-06,589428.7501161554,589428.7501161554,现金,0.0,0.0,False,False,0.0,-0.017618749806407763,-0.04464070065980441,
2018-03-07,589428.7501161554,589428.7501161554,现金,0.0,0.0,False,False,0.0,-0.017618749806407763,-0.04464070065980441,
2018-03-08,589428.7501161554,589428.7501161554,现金,0.0,0.0,False,False,0.0,-0.017618749806407763,-0.04464070065980441,
2018-03-09,589428.7501161554,589428.7501161554,现金,0.0,0.0,False,False,0.0,-0.017618749806407763,-0.04464070065980441,
2018-03-12,589428.7501161554,589428.7501161554,现金,0.0,0.0,False,False,0.0,-0.017618749806407763,-0.04464070065980441,
2018-03-13,594116.5076660103,0.0,云计算,1.0,471.166067239133,False,False,0.007953052084634704,-0.00980582055664947,-0.03704267839261166,600588 / 000977 / 603019 / 000938 / 300442
2018-03-14,562191.683930902,0.0,云计算,1.0,0.0,False,False,-0.05373495488372315,-0.0630138601151633,-0.08878714662413567,600588 / 000977 / 603019 / 000938 / 300442
2018-03-15,565146.340985842,0.0,云计算,1.0,0.0,False,False,0.00525560434170913,-0.05808943169026326,-0.08399817239571228,600588 / 000977 / 603019 / 000938 / 300442
2018-03-16,563103.9562491091,563103.9562491091,现金,0.0,732.9880275596695,False,False,-0.0036139042025294943,-0.061493406251484806,-0.08730851525001615,
2018-03-19,563103.9562491091,563103.9562491091,现金,0.0,0.0,False,False,0.0,-0.061493406251484806,-0.08730851525001615,
2018-03-20,563103.9562491091,563103.9562491091,现金,0.0,0.0,False,False,0.0,-0.061493406251484806,-0.08730851525001615,
2018-03-21,563103.9562491091,563103.9562491091,现金,0.0,0.0,False,False,0.0,-0.061493406251484806,-0.08730851525001615,
2018-03-22,563103.9562491091,563103.9562491091,现金,0.0,0.0,False,False,0.0,-0.061493406251484806,-0.08730851525001615,
2018-03-23,563103.9562491091,563103.9562491091,现金,0.0,0.0,False,False,0.0,-0.061493406251484806,-0.08730851525001615,
2018-03-26,563103.9562491091,563103.9562491091,现金,0.0,0.0,False,False,0.0,-0.061493406251484806,-0.08730851525001615,
2018-03-27,563103.9562491091,563103.9562491091,现金,0.0,0.0,False,False,0.0,-0.061493406251484806,-0.08730851525001615,
2018-03-28,563103.9562491091,563103.9562491091,现金,0.0,0.0,False,False,0.0,-0.061493406251484806,-0.08730851525001615,
2018-03-29,563103.9562491091,563103.9562491091,现金,0.0,0.0,False,False,0.0,-0.061493406251484806,-0.08730851525001615,
2018-03-30,563103.9562491091,563103.9562491091,现金,0.0,0.0,False,False,0.0,-0.061493406251484806,-0.08730851525001615,
2018-04-02,563103.9562491091,563103.9562491091,现金,0.0,0.0,False,False,0.0,-0.061493406251484806,-0.08730851525001615,
2018-04-03,563103.9562491091,563103.9562491091,现金,0.0,0.0,False,False,0.0,-0.061493406251484806,-0.08730851525001615,
2018-04-04,563103.9562491091,563103.9562491091,现金,0.0,0.0,False,False,0.0,-0.061493406251484806,-0.08730851525001615,
2018-04-09,563103.9562491091,563103.9562491091,现金,0.0,0.0,False,False,0.0,-0.061493406251484806,-0.08730851525001615,
2018-04-10,563103.9562491091,563103.9562491091,现金,0.0,0.0,False,False,0.0,-0.061493406251484806,-0.08730851525001615,
2018-04-11,563103.9562491091,563103.9562491091,现金,0.0,0.0,False,False,0.0,-0.061493406251484806,-0.08730851525001615,
2018-04-12,563103.9562491091,563103.9562491091,现金,0.0,0.0,False,False,0.0,-0.061493406251484806,-0.08730851525001615,
2018-04-13,563103.9562491091,563103.9562491091,现金,0.0,0.0,False,False,0.0,-0.061493406251484806,-0.08730851525001615,
2018-04-16,563103.9562491091,563103.9562491091,现金,0.0,0.0,False,False,0.0,-0.061493406251484806,-0.08730851525001615,
2018-04-17,563103.9562491091,563103.9562491091,现金,0.0,0.0,False,False,0.0,-0.061493406251484806,-0.08730851525001615,
2018-04-18,563103.9562491091,563103.9562491091,现金,0.0,0.0,False,False,0.0,-0.061493406251484806,-0.08730851525001615,
2018-04-19,563103.9562491091,563103.9562491091,现金,0.0,0.0,False,False,0.0,-0.061493406251484806,-0.08730851525001615,
2018-04-20,563103.9562491091,563103.9562491091,现金,0.0,0.0,False,False,0.0,-0.061493406251484806,-0.08730851525001615,
2018-04-23,563103.9562491091,563103.9562491091,现金,0.0,0.0,False,False,0.0,-0.061493406251484806,-0.08730851525001615,
2018-04-24,563103.9562491091,563103.9562491091,现金,0.0,0.0,False,False,0.0,-0.061493406251484806,-0.08730851525001615,
2018-04-25,563103.9562491091,563103.9562491091,现金,0.0,0.0,False,False,0.0,-0.061493406251484806,-0.08730851525001615,
2018-04-26,563103.9562491091,563103.9562491091,现金,0.0,0.0,False,False,0.0,-0.061493406251484806,-0.08730851525001615,
2018-04-27,563103.9562491091,563103.9562491091,现金,0.0,0.0,False,False,0.0,-0.061493406251484806,-0.08730851525001615,
2018-05-02,563103.9562491091,563103.9562491091,现金,0.0,0.0,False,False,0.0,-0.061493406251484806,-0.08730851525001615,
2018-05-03,563103.9562491091,563103.9562491091,现金,0.0,0.0,False,False,0.0,-0.061493406251484806,-0.08730851525001615,
2018-05-04,563103.9562491091,563103.9562491091,现金,0.0,0.0,False,False,0.0,-0.061493406251484806,-0.08730851525001615,
2018-05-07,563103.9562491091,563103.9562491091,现金,0.0,0.0,False,False,0.0,-0.061493406251484806,-0.08730851525001615,
2018-05-08,563103.9562491091,563103.9562491091,现金,0.0,0.0,False,False,0.0,-0.061493406251484806,-0.08730851525001615,
2018-05-09,563103.9562491091,563103.9562491091,现金,0.0,0.0,False,False,0.0,-0.061493406251484806,-0.08730851525001615,
2018-05-10,563103.9562491091,563103.9562491091,现金,0.0,0.0,False,False,0.0,-0.061493406251484806,-0.08730851525001615,
2018-05-11,563103.9562491091,563103.9562491091,现金,0.0,0.0,False,False,0.0,-0.061493406251484806,-0.08730851525001615,
2018-05-14,563103.9562491091,563103.9562491091,现金,0.0,0.0,False,False,0.0,-0.061493406251484806,-0.08730851525001615,
2018-05-15,563103.9562491091,563103.9562491091,现金,0.0,0.0,False,False,0.0,-0.061493406251484806,-0.08730851525001615,
2018-05-16,563103.9562491091,563103.9562491091,现金,0.0,0.0,False,False,0.0,-0.061493406251484806,-0.08730851525001615,
2018-05-17,563103.9562491091,563103.9562491091,现金,0.0,0.0,False,False,0.0,-0.061493406251484806,-0.08730851525001615,
2018-05-18,563103.9562491091,563103.9562491091,现金,0.0,0.0,False,False,0.0,-0.061493406251484806,-0.08730851525001615,
2018-05-21,563103.9562491091,563103.9562491091,现金,0.0,0.0,False,False,0.0,-0.061493406251484806,-0.08730851525001615,
2018-05-22,563103.9562491091,563103.9562491091,现金,0.0,0.0,False,False,0.0,-0.061493406251484806,-0.08730851525001615,
2018-05-23,563103.9562491091,563103.9562491091,现金,0.0,0.0,False,False,0.0,-0.061493406251484806,-0.08730851525001615,
2018-05-24,563103.9562491091,563103.9562491091,现金,0.0,0.0,False,False,0.0,-0.061493406251484806,-0.08730851525001615,
2018-05-25,563103.9562491091,563103.9562491091,现金,0.0,0.0,False,False,0.0,-0.061493406251484806,-0.08730851525001615,
2018-05-28,563103.9562491091,563103.9562491091,现金,0.0,0.0,False,False,0.0,-0.061493406251484806,-0.08730851525001615,
2018-05-29,563103.9562491091,563103.9562491091,现金,0.0,0.0,False,False,0.0,-0.061493406251484806,-0.08730851525001615,
2018-05-30,563103.9562491091,563103.9562491091,现金,0.0,0.0,False,False,0.0,-0.061493406251484806,-0.08730851525001615,
2018-05-31,563103.9562491091,563103.9562491091,现金,0.0,0.0,False,False,0.0,-0.061493406251484806,-0.08730851525001615,
2018-06-01,563103.9562491091,563103.9562491091,现金,0.0,0.0,False,False,0.0,-0.061493406251484806,-0.08730851525001615,
2018-06-04,563103.9562491091,563103.9562491091,现金,0.0,0.0,False,False,0.0,-0.061493406251484806,-0.08730851525001615,
2018-06-05,563103.9562491091,563103.9562491091,现金,0.0,0.0,False,False,0.0,-0.061493406251484806,-0.08730851525001615,
2018-06-06,563103.9562491091,563103.9562491091,现金,0.0,0.0,False,False,0.0,-0.061493406251484806,-0.08730851525001615,
2018-06-07,563103.9562491091,563103.9562491091,现金,0.0,0.0,False,False,0.0,-0.061493406251484806,-0.08730851525001615,
2018-06-08,563103.9562491091,563103.9562491091,现金,0.0,0.0,False,False,0.0,-0.061493406251484806,-0.08730851525001615,
2018-06-11,563103.9562491091,563103.9562491091,现金,0.0,0.0,False,False,0.0,-0.061493406251484806,-0.08730851525001615,
2018-06-12,563103.9562491091,563103.9562491091,现金,0.0,0.0,False,False,0.0,-0.061493406251484806,-0.08730851525001615,
2018-06-13,563103.9562491091,563103.9562491091,现金,0.0,0.0,False,False,0.0,-0.061493406251484806,-0.08730851525001615,
2018-06-14,563103.9562491091,563103.9562491091,现金,0.0,0.0,False,False,0.0,-0.061493406251484806,-0.08730851525001615,
2018-06-15,563103.9562491091,563103.9562491091,现金,0.0,0.0,False,False,0.0,-0.061493406251484806,-0.08730851525001615,
2018-06-19,563103.9562491091,563103.9562491091,现金,0.0,0.0,False,False,0.0,-0.061493406251484806,-0.08730851525001615,
2018-06-20,563103.9562491091,563103.9562491091,现金,0.0,0.0,False,False,0.0,-0.061493406251484806,-0.08730851525001615,
2018-06-21,563103.9562491091,563103.9562491091,现金,0.0,0.0,False,False,0.0,-0.061493406251484806,-0.08730851525001615,
2018-06-22,563103.9562491091,563103.9562491091,现金,0.0,0.0,False,False,0.0,-0.061493406251484806,-0.08730851525001615,
2018-06-25,563103.9562491091,563103.9562491091,现金,0.0,0.0,False,False,0.0,-0.061493406251484806,-0.08730851525001615,
2018-06-26,563103.9562491091,563103.9562491091,现金,0.0,0.0,False,False,0.0,-0.061493406251484806,-0.08730851525001615,
2018-06-27,563103.9562491091,563103.9562491091,现金,0.0,0.0,False,False,0.0,-0.061493406251484806,-0.08730851525001615,
2018-06-28,563103.9562491091,563103.9562491091,现金,0.0,0.0,False,False,0.0,-0.061493406251484806,-0.08730851525001615,
2018-06-29,563103.9562491091,563103.9562491091,现金,0.0,0.0,False,False,0.0,-0.061493406251484806,-0.08730851525001615,
2018-07-02,563103.9562491091,563103.9562491091,现金,0.0,0.0,False,False,0.0,-0.061493406251484806,-0.08730851525001615,
2018-07-03,563103.9562491091,563103.9562491091,现金,0.0,0.0,False,False,0.0,-0.061493406251484806,-0.08730851525001615,
2018-07-04,563103.9562491091,563103.9562491091,现金,0.0,0.0,False,False,0.0,-0.061493406251484806,-0.08730851525001615,
2018-07-05,563103.9562491091,563103.9562491091,现金,0.0,0.0,False,False,0.0,-0.061493406251484806,-0.08730851525001615,
2018-07-06,563103.9562491091,563103.9562491091,现金,0.0,0.0,False,False,0.0,-0.061493406251484806,-0.08730851525001615,
2018-07-09,563103.9562491091,563103.9562491091,现金,0.0,0.0,False,False,0.0,-0.061493406251484806,-0.08730851525001615,
2018-07-10,563103.9562491091,563103.9562491091,现金,0.0,0.0,False,False,0.0,-0.061493406251484806,-0.08730851525001615,
2018-07-11,563103.9562491091,563103.9562491091,现金,0.0,0.0,False,False,0.0,-0.061493406251484806,-0.08730851525001615,
2018-07-12,563103.9562491091,563103.9562491091,现金,0.0,0.0,False,False,0.0,-0.061493406251484806,-0.08730851525001615,
2018-07-13,563103.9562491091,563103.9562491091,现金,0.0,0.0,False,False,0.0,-0.061493406251484806,-0.08730851525001615,
2018-07-16,563103.9562491091,563103.9562491091,现金,0.0,0.0,False,False,0.0,-0.061493406251484806,-0.08730851525001615,
2018-07-17,563103.9562491091,563103.9562491091,现金,0.0,0.0,False,False,0.0,-0.061493406251484806,-0.08730851525001615,
2018-07-18,563103.9562491091,563103.9562491091,现金,0.0,0.0,False,False,0.0,-0.061493406251484806,-0.08730851525001615,
2018-07-19,563103.9562491091,563103.9562491091,现金,0.0,0.0,False,False,0.0,-0.061493406251484806,-0.08730851525001615,
2018-07-20,563103.9562491091,563103.9562491091,现金,0.0,0.0,False,False,0.0,-0.061493406251484806,-0.08730851525001615,
2018-07-23,563103.9562491091,563103.9562491091,现金,0.0,0.0,False,False,0.0,-0.061493406251484806,-0.08730851525001615,
2018-07-24,563103.9562491091,563103.9562491091,现金,0.0,0.0,False,False,0.0,-0.061493406251484806,-0.08730851525001615,
2018-07-25,563103.9562491091,563103.9562491091,现金,0.0,0.0,False,False,0.0,-0.061493406251484806,-0.08730851525001615,
2018-07-26,563103.9562491091,563103.9562491091,现金,0.0,0.0,False,False,0.0,-0.061493406251484806,-0.08730851525001615,
2018-07-27,563103.9562491091,563103.9562491091,现金,0.0,0.0,False,False,0.0,-0.061493406251484806,-0.08730851525001615,
2018-07-30,563103.9562491091,563103.9562491091,现金,0.0,0.0,False,False,0.0,-0.061493406251484806,-0.08730851525001615,
2018-07-31,563103.9562491091,563103.9562491091,现金,0.0,0.0,False,False,0.0,-0.061493406251484806,-0.08730851525001615,
2018-08-01,563103.9562491091,563103.9562491091,现金,0.0,0.0,False,False,0.0,-0.061493406251484806,-0.08730851525001615,
2018-08-02,563103.9562491091,563103.9562491091,现金,0.0,0.0,False,False,0.0,-0.061493406251484806,-0.08730851525001615,
2018-08-03,563103.9562491091,563103.9562491091,现金,0.0,0.0,False,False,0.0,-0.061493406251484806,-0.08730851525001615,
2018-08-06,563103.9562491091,563103.9562491091,现金,0.0,0.0,False,False,0.0,-0.061493406251484806,-0.08730851525001615,
2018-08-07,563103.9562491091,563103.9562491091,现金,0.0,0.0,False,False,0.0,-0.061493406251484806,-0.08730851525001615,
2018-08-08,563103.9562491091,563103.9562491091,现金,0.0,0.0,False,False,0.0,-0.061493406251484806,-0.08730851525001615,
2018-08-09,563103.9562491091,563103.9562491091,现金,0.0,0.0,False,False,0.0,-0.061493406251484806,-0.08730851525001615,
2018-08-10,563103.9562491091,563103.9562491091,现金,0.0,0.0,False,False,0.0,-0.061493406251484806,-0.08730851525001615,
2018-08-13,563103.9562491091,563103.9562491091,现金,0.0,0.0,False,False,0.0,-0.061493406251484806,-0.08730851525001615,
2018-08-14,563103.9562491091,563103.9562491091,现金,0.0,0.0,False,False,0.0,-0.061493406251484806,-0.08730851525001615,
2018-08-15,563103.9562491091,563103.9562491091,现金,0.0,0.0,False,False,0.0,-0.061493406251484806,-0.08730851525001615,
2018-08-16,563103.9562491091,563103.9562491091,现金,0.0,0.0,False,False,0.0,-0.061493406251484806,-0.08730851525001615,
2018-08-17,563103.9562491091,563103.9562491091,现金,0.0,0.0,False,False,0.0,-0.061493406251484806,-0.08730851525001615,
2018-08-20,563103.9562491091,563103.9562491091,现金,0.0,0.0,False,False,0.0,-0.061493406251484806,-0.08730851525001615,
2018-08-21,563103.9562491091,563103.9562491091,现金,0.0,0.0,False,False,0.0,-0.061493406251484806,-0.08730851525001615,
2018-08-22,563103.9562491091,563103.9562491091,现金,0.0,0.0,False,False,0.0,-0.061493406251484806,-0.08730851525001615,
2018-08-23,563103.9562491091,563103.9562491091,现金,0.0,0.0,False,False,0.0,-0.061493406251484806,-0.08730851525001615,
2018-08-24,563103.9562491091,563103.9562491091,现金,0.0,0.0,False,False,0.0,-0.061493406251484806,-0.08730851525001615,
2018-08-27,563103.9562491091,563103.9562491091,现金,0.0,0.0,False,False,0.0,-0.061493406251484806,-0.08730851525001615,
2018-08-28,563103.9562491091,563103.9562491091,现金,0.0,0.0,False,False,0.0,-0.061493406251484806,-0.08730851525001615,
2018-08-29,563103.9562491091,563103.9562491091,现金,0.0,0.0,False,False,0.0,-0.061493406251484806,-0.08730851525001615,
2018-08-30,563103.9562491091,563103.9562491091,现金,0.0,0.0,False,False,0.0,-0.061493406251484806,-0.08730851525001615,
2018-08-31,563103.9562491091,563103.9562491091,现金,0.0,0.0,False,False,0.0,-0.061493406251484806,-0.08730851525001615,
2018-09-03,563103.9562491091,563103.9562491091,现金,0.0,0.0,False,False,0.0,-0.061493406251484806,-0.08730851525001615,
2018-09-04,563103.9562491091,563103.9562491091,现金,0.0,0.0,False,False,0.0,-0.061493406251484806,-0.08730851525001615,
2018-09-05,563103.9562491091,563103.9562491091,现金,0.0,0.0,False,False,0.0,-0.061493406251484806,-0.08730851525001615,
2018-09-06,563103.9562491091,563103.9562491091,现金,0.0,0.0,False,False,0.0,-0.061493406251484806,-0.08730851525001615,
2018-09-07,563103.9562491091,563103.9562491091,现金,0.0,0.0,False,False,0.0,-0.061493406251484806,-0.08730851525001615,
2018-09-10,563103.9562491091,563103.9562491091,现金,0.0,0.0,False,False,0.0,-0.061493406251484806,-0.08730851525001615,
2018-09-11,563103.9562491091,563103.9562491091,现金,0.0,0.0,False,False,0.0,-0.061493406251484806,-0.08730851525001615,
2018-09-12,563103.9562491091,563103.9562491091,现金,0.0,0.0,False,False,0.0,-0.061493406251484806,-0.08730851525001615,
2018-09-13,563103.9562491091,563103.9562491091,现金,0.0,0.0,False,False,0.0,-0.061493406251484806,-0.08730851525001615,
2018-09-14,563103.9562491091,563103.9562491091,现金,0.0,0.0,False,False,0.0,-0.061493406251484806,-0.08730851525001615,
2018-09-17,563103.9562491091,563103.9562491091,现金,0.0,0.0,False,False,0.0,-0.061493406251484806,-0.08730851525001615,
2018-09-18,563103.9562491091,563103.9562491091,现金,0.0,0.0,False,False,0.0,-0.061493406251484806,-0.08730851525001615,
2018-09-19,563103.9562491091,563103.9562491091,现金,0.0,0.0,False,False,0.0,-0.061493406251484806,-0.08730851525001615,
2018-09-20,563103.9562491091,563103.9562491091,现金,0.0,0.0,False,False,0.0,-0.061493406251484806,-0.08730851525001615,
2018-09-21,563103.9562491091,563103.9562491091,现金,0.0,0.0,False,False,0.0,-0.061493406251484806,-0.08730851525001615,
2018-09-25,563103.9562491091,563103.9562491091,现金,0.0,0.0,False,False,0.0,-0.061493406251484806,-0.08730851525001615,
2018-09-26,563103.9562491091,563103.9562491091,现金,0.0,0.0,False,False,0.0,-0.061493406251484806,-0.08730851525001615,
2018-09-27,563103.9562491091,563103.9562491091,现金,0.0,0.0,False,False,0.0,-0.061493406251484806,-0.08730851525001615,
2018-09-28,563103.9562491091,563103.9562491091,现金,0.0,0.0,False,False,0.0,-0.061493406251484806,-0.08730851525001615,
2018-10-08,563103.9562491091,563103.9562491091,现金,0.0,0.0,False,False,0.0,-0.061493406251484806,-0.08730851525001615,
2018-10-09,563103.9562491091,563103.9562491091,现金,0.0,0.0,False,False,0.0,-0.061493406251484806,-0.08730851525001615,
2018-10-10,563103.9562491091,563103.9562491091,现金,0.0,0.0,False,False,0.0,-0.061493406251484806,-0.08730851525001615,
2018-10-11,563103.9562491091,563103.9562491091,现金,0.0,0.0,False,False,0.0,-0.061493406251484806,-0.08730851525001615,
2018-10-12,563103.9562491091,563103.9562491091,现金,0.0,0.0,False,False,0.0,-0.061493406251484806,-0.08730851525001615,
2018-10-15,563103.9562491091,563103.9562491091,现金,0.0,0.0,False,False,0.0,-0.061493406251484806,-0.08730851525001615,
2018-10-16,563103.9562491091,563103.9562491091,现金,0.0,0.0,False,False,0.0,-0.061493406251484806,-0.08730851525001615,
2018-10-17,563103.9562491091,563103.9562491091,现金,0.0,0.0,False,False,0.0,-0.061493406251484806,-0.08730851525001615,
2018-10-18,563103.9562491091,563103.9562491091,现金,0.0,0.0,False,False,0.0,-0.061493406251484806,-0.08730851525001615,
2018-10-19,563103.9562491091,563103.9562491091,现金,0.0,0.0,False,False,0.0,-0.061493406251484806,-0.08730851525001615,
2018-10-22,563103.9562491091,563103.9562491091,现金,0.0,0.0,False,False,0.0,-0.061493406251484806,-0.08730851525001615,
2018-10-23,563103.9562491091,563103.9562491091,现金,0.0,0.0,False,False,0.0,-0.061493406251484806,-0.08730851525001615,
2018-10-24,563103.9562491091,563103.9562491091,现金,0.0,0.0,False,False,0.0,-0.061493406251484806,-0.08730851525001615,
2018-10-25,563103.9562491091,563103.9562491091,现金,0.0,0.0,False,False,0.0,-0.061493406251484806,-0.08730851525001615,
2018-10-26,563103.9562491091,563103.9562491091,现金,0.0,0.0,False,False,0.0,-0.061493406251484806,-0.08730851525001615,
2018-10-29,563103.9562491091,563103.9562491091,现金,0.0,0.0,False,False,0.0,-0.061493406251484806,-0.08730851525001615,
2018-10-30,563103.9562491091,563103.9562491091,现金,0.0,0.0,False,False,0.0,-0.061493406251484806,-0.08730851525001615,
2018-10-31,563103.9562491091,563103.9562491091,现金,0.0,0.0,False,False,0.0,-0.061493406251484806,-0.08730851525001615,
2018-11-01,563103.9562491091,563103.9562491091,现金,0.0,0.0,False,False,0.0,-0.061493406251484806,-0.08730851525001615,
2018-11-02,563103.9562491091,563103.9562491091,现金,0.0,0.0,False,False,0.0,-0.061493406251484806,-0.08730851525001615,
2018-11-05,563103.9562491091,563103.9562491091,现金,0.0,0.0,False,False,0.0,-0.061493406251484806,-0.08730851525001615,
2018-11-06,563103.9562491091,563103.9562491091,现金,0.0,0.0,False,False,0.0,-0.061493406251484806,-0.08730851525001615,
2018-11-07,563103.9562491091,563103.9562491091,现金,0.0,0.0,False,False,0.0,-0.061493406251484806,-0.08730851525001615,
2018-11-08,563103.9562491091,563103.9562491091,现金,0.0,0.0,False,False,0.0,-0.061493406251484806,-0.08730851525001615,
2018-11-09,563103.9562491091,563103.9562491091,现金,0.0,0.0,False,False,0.0,-0.061493406251484806,-0.08730851525001615,
2018-11-12,563103.9562491091,563103.9562491091,现金,0.0,0.0,False,False,0.0,-0.061493406251484806,-0.08730851525001615,
2018-11-13,563103.9562491091,563103.9562491091,现金,0.0,0.0,False,False,0.0,-0.061493406251484806,-0.08730851525001615,
2018-11-14,563103.9562491091,563103.9562491091,现金,0.0,0.0,False,False,0.0,-0.061493406251484806,-0.08730851525001615,
2018-11-15,563103.9562491091,563103.9562491091,现金,0.0,0.0,False,False,0.0,-0.061493406251484806,-0.08730851525001615,
2018-11-16,563103.9562491091,563103.9562491091,现金,0.0,0.0,False,False,0.0,-0.061493406251484806,-0.08730851525001615,
2018-11-19,563103.9562491091,563103.9562491091,现金,0.0,0.0,False,False,0.0,-0.061493406251484806,-0.08730851525001615,
2018-11-20,563103.9562491091,563103.9562491091,现金,0.0,0.0,False,False,0.0,-0.061493406251484806,-0.08730851525001615,
2018-11-21,563103.9562491091,563103.9562491091,现金,0.0,0.0,False,False,0.0,-0.061493406251484806,-0.08730851525001615,
2018-11-22,563103.9562491091,563103.9562491091,现金,0.0,0.0,False,False,0.0,-0.061493406251484806,-0.08730851525001615,
2018-11-23,563103.9562491091,563103.9562491091,现金,0.0,0.0,False,False,0.0,-0.061493406251484806,-0.08730851525001615,
2018-11-26,563103.9562491091,563103.9562491091,现金,0.0,0.0,False,False,0.0,-0.061493406251484806,-0.08730851525001615,
2018-11-27,563103.9562491091,563103.9562491091,现金,0.0,0.0,False,False,0.0,-0.061493406251484806,-0.08730851525001615,
2018-11-28,563103.9562491091,563103.9562491091,现金,0.0,0.0,False,False,0.0,-0.061493406251484806,-0.08730851525001615,
2018-11-29,563103.9562491091,563103.9562491091,现金,0.0,0.0,False,False,0.0,-0.061493406251484806,-0.08730851525001615,
2018-11-30,563103.9562491091,563103.9562491091,现金,0.0,0.0,False,False,0.0,-0.061493406251484806,-0.08730851525001615,
2018-12-03,563103.9562491091,563103.9562491091,现金,0.0,0.0,False,False,0.0,-0.061493406251484806,-0.08730851525001615,
2018-12-04,563103.9562491091,563103.9562491091,现金,0.0,0.0,False,False,0.0,-0.061493406251484806,-0.08730851525001615,
2018-12-05,563103.9562491091,563103.9562491091,现金,0.0,0.0,False,False,0.0,-0.061493406251484806,-0.08730851525001615,
2018-12-06,563103.9562491091,563103.9562491091,现金,0.0,0.0,False,False,0.0,-0.061493406251484806,-0.08730851525001615,
2018-12-07,563103.9562491091,563103.9562491091,现金,0.0,0.0,False,False,0.0,-0.061493406251484806,-0.08730851525001615,
2018-12-10,563103.9562491091,563103.9562491091,现金,0.0,0.0,False,False,0.0,-0.061493406251484806,-0.08730851525001615,
2018-12-11,563103.9562491091,563103.9562491091,现金,0.0,0.0,False,False,0.0,-0.061493406251484806,-0.08730851525001615,
2018-12-12,563103.9562491091,563103.9562491091,现金,0.0,0.0,False,False,0.0,-0.061493406251484806,-0.08730851525001615,
2018-12-13,563103.9562491091,563103.9562491091,现金,0.0,0.0,False,False,0.0,-0.061493406251484806,-0.08730851525001615,
2018-12-14,563103.9562491091,563103.9562491091,现金,0.0,0.0,False,False,0.0,-0.061493406251484806,-0.08730851525001615,
2018-12-17,563103.9562491091,563103.9562491091,现金,0.0,0.0,False,False,0.0,-0.061493406251484806,-0.08730851525001615,
2018-12-18,563103.9562491091,563103.9562491091,现金,0.0,0.0,False,False,0.0,-0.061493406251484806,-0.08730851525001615,
2018-12-19,563103.9562491091,563103.9562491091,现金,0.0,0.0,False,False,0.0,-0.061493406251484806,-0.08730851525001615,
2018-12-20,563103.9562491091,563103.9562491091,现金,0.0,0.0,False,False,0.0,-0.061493406251484806,-0.08730851525001615,
2018-12-21,563103.9562491091,563103.9562491091,现金,0.0,0.0,False,False,0.0,-0.061493406251484806,-0.08730851525001615,
2018-12-24,563103.9562491091,563103.9562491091,现金,0.0,0.0,False,False,0.0,-0.061493406251484806,-0.08730851525001615,
2018-12-25,563103.9562491091,563103.9562491091,现金,0.0,0.0,False,False,0.0,-0.061493406251484806,-0.08730851525001615,
2018-12-26,563103.9562491091,563103.9562491091,现金,0.0,0.0,False,False,0.0,-0.061493406251484806,-0.08730851525001615,
2018-12-27,563103.9562491091,563103.9562491091,现金,0.0,0.0,False,False,0.0,-0.061493406251484806,-0.08730851525001615,
2018-12-28,563103.9562491091,563103.9562491091,现金,0.0,0.0,False,False,0.0,-0.061493406251484806,-0.08730851525001615,
2019-01-02,563103.9562491091,563103.9562491091,现金,0.0,0.0,False,False,0.0,-0.061493406251484806,-0.08730851525001615,
2019-01-03,563103.9562491091,563103.9562491091,现金,0.0,0.0,False,False,0.0,-0.061493406251484806,-0.08730851525001615,
2019-01-04,563103.9562491091,563103.9562491091,现金,0.0,0.0,False,False,0.0,-0.061493406251484806,-0.08730851525001615,
2019-01-07,563103.9562491091,563103.9562491091,现金,0.0,0.0,False,False,0.0,-0.061493406251484806,-0.08730851525001615,
2019-01-08,563103.9562491091,563103.9562491091,现金,0.0,0.0,False,False,0.0,-0.061493406251484806,-0.08730851525001615,
2019-01-09,563103.9562491091,563103.9562491091,现金,0.0,0.0,False,False,0.0,-0.061493406251484806,-0.08730851525001615,
2019-01-10,563103.9562491091,563103.9562491091,现金,0.0,0.0,False,False,0.0,-0.061493406251484806,-0.08730851525001615,
2019-01-11,563103.9562491091,563103.9562491091,现金,0.0,0.0,False,False,0.0,-0.061493406251484806,-0.08730851525001615,
2019-01-14,563103.9562491091,563103.9562491091,现金,0.0,0.0,False,False,0.0,-0.061493406251484806,-0.08730851525001615,
2019-01-15,563103.9562491091,563103.9562491091,现金,0.0,0.0,False,False,0.0,-0.061493406251484806,-0.08730851525001615,
2019-01-16,563103.9562491091,563103.9562491091,现金,0.0,0.0,False,False,0.0,-0.061493406251484806,-0.08730851525001615,
2019-01-17,563103.9562491091,563103.9562491091,现金,0.0,0.0,False,False,0.0,-0.061493406251484806,-0.08730851525001615,
2019-01-18,563103.9562491091,563103.9562491091,现金,0.0,0.0,False,False,0.0,-0.061493406251484806,-0.08730851525001615,
2019-01-21,563103.9562491091,563103.9562491091,现金,0.0,0.0,False,False,0.0,-0.061493406251484806,-0.08730851525001615,
2019-01-22,563103.9562491091,563103.9562491091,现金,0.0,0.0,False,False,0.0,-0.061493406251484806,-0.08730851525001615,
2019-01-23,563103.9562491091,563103.9562491091,现金,0.0,0.0,False,False,0.0,-0.061493406251484806,-0.08730851525001615,
2019-01-24,563103.9562491091,563103.9562491091,现金,0.0,0.0,False,False,0.0,-0.061493406251484806,-0.08730851525001615,
2019-01-25,563103.9562491091,563103.9562491091,现金,0.0,0.0,False,False,0.0,-0.061493406251484806,-0.08730851525001615,
2019-01-28,563103.9562491091,563103.9562491091,现金,0.0,0.0,False,False,0.0,-0.061493406251484806,-0.08730851525001615,
2019-01-29,563103.9562491091,563103.9562491091,现金,0.0,0.0,False,False,0.0,-0.061493406251484806,-0.08730851525001615,
2019-01-30,563103.9562491091,563103.9562491091,现金,0.0,0.0,False,False,0.0,-0.061493406251484806,-0.08730851525001615,
2019-01-31,563103.9562491091,563103.9562491091,现金,0.0,0.0,False,False,0.0,-0.061493406251484806,-0.08730851525001615,
2019-02-01,563103.9562491091,563103.9562491091,现金,0.0,0.0,False,False,0.0,-0.061493406251484806,-0.08730851525001615,
2019-02-11,563103.9562491091,563103.9562491091,现金,0.0,0.0,False,False,0.0,-0.061493406251484806,-0.08730851525001615,
2019-02-12,563103.9562491091,563103.9562491091,现金,0.0,0.0,False,False,0.0,-0.061493406251484806,-0.08730851525001615,
2019-02-13,563103.9562491091,563103.9562491091,现金,0.0,0.0,False,False,0.0,-0.061493406251484806,-0.08730851525001615,
2019-02-14,563103.9562491091,563103.9562491091,现金,0.0,0.0,False,False,0.0,-0.061493406251484806,-0.08730851525001615,
2019-02-15,563103.9562491091,563103.9562491091,现金,0.0,0.0,False,False,0.0,-0.061493406251484806,-0.08730851525001615,
2019-02-18,563103.9562491091,563103.9562491091,现金,0.0,0.0,False,False,0.0,-0.061493406251484806,-0.08730851525001615,
2019-02-19,562807.3474392954,0.0,农林牧渔,1.0,450.1230665460505,False,False,-0.0005267389911260967,-0.06198775426784109,-0.08778926544190269,002714 / 300498 / 002311 / 000876 / 002299
2019-02-20,579548.2335495297,0.0,农林牧渔,1.0,0.0,False,False,0.029745322598227153,-0.03408627741745052,-0.06065526286490641,002714 / 300498 / 002311 / 000876 / 002299
2019-02-21,602036.3742926483,0.0,农林牧渔,1.0,0.0,False,False,0.03880288031487322,0.003393957154413707,-0.02420598145544728,002714 / 300498 / 002311 / 000876 / 002299
2019-02-22,601786.5054648039,0.0,农林牧渔,1.0,0.0,False,False,-0.00041503942039711195,0.0029775091080064264,-0.024610974439331024,002714 / 300498 / 002311 / 000876 / 002299
2019-02-25,600826.848778471,0.0,农林牧渔,1.0,0.0,False,False,-0.0015946796374101124,0.0013780812974517609,-0.026166407456945873,002714 / 300498 / 002311 / 000876 / 002299
2019-02-26,583982.1083615987,0.0,光学光电子,1.0,1251.8215012038775,False,False,-0.028035931568502703,-0.02669648606400221,-0.053468739416592026,002456 / 300433 / 002273 / 600703 / 300296
2019-02-27,565756.6618560721,0.0,光学光电子,1.0,0.0,False,False,-0.031208912472779793,-0.05707223023987973,-0.08300895068088954,002456 / 300433 / 002273 / 600703 / 300296
2019-02-28,566812.9552643867,0.0,5G,1.0,1188.7553127151707,False,False,0.0018670454623535004,-0.055311741226022115,-0.08129688670323965,000063 / 600050 / 002465 / 002194 / 300136
2019-03-01,575316.0122751251,0.0,5G,1.0,0.0,False,False,0.015001521986688138,-0.041139979541458094,-0.06751494174987938,000063 / 600050 / 002465 / 002194 / 300136
2019-03-04,584245.4265377659,0.0,5G,1.0,0.0,False,False,0.015520886038490112,-0.02625762243705687,-0.053041947428184466,000063 / 600050 / 002465 / 002194 / 300136
2019-03-05,607905.3062354175,0.0,5G,1.0,0.0,False,False,0.040496473952496004,0.013175510392362533,-0.01469348531810355,000063 / 600050 / 002465 / 002194 / 300136
2019-03-06,610224.4325653465,0.0,5G,1.0,0.0,False,False,0.003814946680249731,0.01704072094224407,-0.010934593500889433,000063 / 600050 / 002465 / 002194 / 300136
2019-03-07,599468.2522976247,0.0,5G,1.0,0.0,False,False,-0.017626597189010385,-0.0008862461706254932,-0.028368451014834095,000063 / 600050 / 002465 / 002194 / 300136
2019-03-08,579481.0088053497,0.0,5G,1.0,0.0,False,False,-0.03334162137138785,-0.03419831865775047,-0.06076422223359257,000063 / 600050 / 002465 / 002194 / 300136
2019-03-11,569261.1859960642,0.0,云计算,1.0,1221.8806545777343,False,False,-0.017636165213342436,-0.051231356673226314,-0.0773287395845631,600588 / 000977 / 603019 / 000938 / 300442
2019-03-12,586248.4845366221,0.0,云计算,1.0,0.0,False,False,0.02984095694287392,-0.022919192438963232,-0.04979534623007886,600588 / 000977 / 603019 / 000938 / 300442
2019-03-13,543968.3487554423,0.0,云计算,1.0,0.0,False,False,-0.07211982102537717,-0.09338608540759619,-0.11832393579744604,600588 / 000977 / 603019 / 000938 / 300442
2019-03-14,527210.6621914689,0.0,云计算,1.0,0.0,False,False,-0.03080636327888142,-0.12131556301421853,-0.1454851689255643,600588 / 000977 / 603019 / 000938 / 300442
2019-03-15,531465.9904411254,0.0,云计算,1.0,0.0,False,False,0.00807140021024666,-0.11422334926479105,-0.13858803773837125,600588 / 000977 / 603019 / 000938 / 300442
2019-03-18,545545.057619381,0.0,云计算,1.0,0.0,False,False,0.026491003058483287,-0.09075823730103172,-0.1157683708114845,600588 / 000977 / 603019 / 000938 / 300442
2019-03-19,552263.0837112518,0.0,云计算,1.0,0.0,False,False,0.012314337739923076,-0.07956152714791354,-0.10487964388933468,600588 / 000977 / 603019 / 000938 / 300442
2019-03-20,545292.5117097142,0.0,云计算,1.0,0.0,False,False,-0.012621832251931142,-0.09117914715047637,-0.11617770286945239,600588 / 000977 / 603019 / 000938 / 300442
2019-03-21,555433.3769523499,0.0,云计算,1.0,0.0,False,False,0.018597110770584235,-0.07427770507941678,-0.09974116170820335,600588 / 000977 / 603019 / 000938 / 300442
2019-03-22,551486.0796197262,0.0,云计算,1.0,0.0,False,False,-0.007106698114330956,-0.080856533967123,-0.1061390294967014,600588 / 000977 / 603019 / 000938 / 300442
2019-03-25,539054.1923759179,0.0,游戏,1.0,1139.1975013737167,False,False,-0.022542522292458567,-0.10157634604013677,-0.1262889103506306,002555 / 300002 / 002624 / 603444 / 002517
2019-03-26,515048.5309401336,0.0,游戏,1.0,0.0,False,False,-0.044532927811910206,-0.14158578176644399,-0.16519782323445142,002555 / 300002 / 002624 / 603444 / 002517
2019-03-27,509734.315275455,0.0,游戏,1.0,0.0,False,False,-0.010317893063355399,-0.1504428078742417,-0.1738112228233747,002555 / 300002 / 002624 / 603444 / 002517
2019-03-28,510533.552645536,510533.552645536,现金,0.0,664.5575432454159,False,False,0.0015679489218791698,-0.1491107455907733,-0.17251580102093178,
2019-03-29,510533.552645536,510533.552645536,现金,0.0,0.0,False,False,0.0,-0.1491107455907733,-0.17251580102093178,
2019-04-01,510533.552645536,510533.552645536,现金,0.0,0.0,False,False,0.0,-0.1491107455907733,-0.17251580102093178,
2019-04-02,510533.552645536,510533.552645536,现金,0.0,0.0,False,False,0.0,-0.1491107455907733,-0.17251580102093178,
2019-04-03,510533.552645536,510533.552645536,现金,0.0,0.0,False,False,0.0,-0.1491107455907733,-0.17251580102093178,
2019-04-04,510533.552645536,510533.552645536,现金,0.0,0.0,False,False,0.0,-0.1491107455907733,-0.17251580102093178,
2019-04-08,510533.552645536,510533.552645536,现金,0.0,0.0,False,False,0.0,-0.1491107455907733,-0.17251580102093178,
2019-04-09,510533.552645536,510533.552645536,现金,0.0,0.0,False,False,0.0,-0.1491107455907733,-0.17251580102093178,
2019-04-10,510533.552645536,510533.552645536,现金,0.0,0.0,False,False,0.0,-0.1491107455907733,-0.17251580102093178,
2019-04-11,510533.552645536,510533.552645536,现金,0.0,0.0,False,False,0.0,-0.1491107455907733,-0.17251580102093178,
2019-04-12,510533.552645536,510533.552645536,现金,0.0,0.0,False,False,0.0,-0.1491107455907733,-0.17251580102093178,
2019-04-15,510533.552645536,510533.552645536,现金,0.0,0.0,False,False,0.0,-0.1491107455907733,-0.17251580102093178,
2019-04-16,510533.552645536,510533.552645536,现金,0.0,0.0,False,False,0.0,-0.1491107455907733,-0.17251580102093178,
2019-04-17,510533.552645536,510533.552645536,现金,0.0,0.0,False,False,0.0,-0.1491107455907733,-0.17251580102093178,
2019-04-18,510533.552645536,510533.552645536,现金,0.0,0.0,False,False,0.0,-0.1491107455907733,-0.17251580102093178,
2019-04-19,510533.552645536,510533.552645536,现金,0.0,0.0,False,False,0.0,-0.1491107455907733,-0.17251580102093178,
2019-04-22,510533.552645536,510533.552645536,现金,0.0,0.0,False,False,0.0,-0.1491107455907733,-0.17251580102093178,
2019-04-23,510533.552645536,510533.552645536,现金,0.0,0.0,False,False,0.0,-0.1491107455907733,-0.17251580102093178,
2019-04-24,510533.552645536,510533.552645536,现金,0.0,0.0,False,False,0.0,-0.1491107455907733,-0.17251580102093178,
2019-04-25,510533.552645536,510533.552645536,现金,0.0,0.0,False,False,0.0,-0.1491107455907733,-0.17251580102093178,
2019-04-26,510533.552645536,510533.552645536,现金,0.0,0.0,False,False,0.0,-0.1491107455907733,-0.17251580102093178,
2019-04-29,510533.552645536,510533.552645536,现金,0.0,0.0,False,False,0.0,-0.1491107455907733,-0.17251580102093178,
2019-04-30,510533.552645536,510533.552645536,现金,0.0,0.0,False,False,0.0,-0.1491107455907733,-0.17251580102093178,
2019-05-06,510533.552645536,510533.552645536,现金,0.0,0.0,False,False,0.0,-0.1491107455907733,-0.17251580102093178,
2019-05-07,510533.552645536,510533.552645536,现金,0.0,0.0,False,False,0.0,-0.1491107455907733,-0.17251580102093178,
2019-05-08,510533.552645536,510533.552645536,现金,0.0,0.0,False,False,0.0,-0.1491107455907733,-0.17251580102093178,
2019-05-09,510533.552645536,510533.552645536,现金,0.0,0.0,False,False,0.0,-0.1491107455907733,-0.17251580102093178,
2019-05-10,510533.552645536,510533.552645536,现金,0.0,0.0,False,False,0.0,-0.1491107455907733,-0.17251580102093178,
2019-05-13,510533.552645536,510533.552645536,现金,0.0,0.0,False,False,0.0,-0.1491107455907733,-0.17251580102093178,
2019-05-14,510533.552645536,510533.552645536,现金,0.0,0.0,False,False,0.0,-0.1491107455907733,-0.17251580102093178,
2019-05-15,510533.552645536,510533.552645536,现金,0.0,0.0,False,False,0.0,-0.1491107455907733,-0.17251580102093178,
2019-05-16,510533.552645536,510533.552645536,现金,0.0,0.0,False,False,0.0,-0.1491107455907733,-0.17251580102093178,
2019-05-17,510533.552645536,510533.552645536,现金,0.0,0.0,False,False,0.0,-0.1491107455907733,-0.17251580102093178,
2019-05-20,510533.552645536,510533.552645536,现金,0.0,0.0,False,False,0.0,-0.1491107455907733,-0.17251580102093178,
2019-05-21,510533.552645536,510533.552645536,现金,0.0,0.0,False,False,0.0,-0.1491107455907733,-0.17251580102093178,
2019-05-22,510533.552645536,510533.552645536,现金,0.0,0.0,False,False,0.0,-0.1491107455907733,-0.17251580102093178,
2019-05-23,510533.552645536,510533.552645536,现金,0.0,0.0,False,False,0.0,-0.1491107455907733,-0.17251580102093178,
2019-05-24,510533.552645536,510533.552645536,现金,0.0,0.0,False,False,0.0,-0.1491107455907733,-0.17251580102093178,
2019-05-27,510533.552645536,510533.552645536,现金,0.0,0.0,False,False,0.0,-0.1491107455907733,-0.17251580102093178,
2019-05-28,510533.552645536,510533.552645536,现金,0.0,0.0,False,False,0.0,-0.1491107455907733,-0.17251580102093178,
2019-05-29,510533.552645536,510533.552645536,现金,0.0,0.0,False,False,0.0,-0.1491107455907733,-0.17251580102093178,
2019-05-30,510533.552645536,510533.552645536,现金,0.0,0.0,False,False,0.0,-0.1491107455907733,-0.17251580102093178,
2019-05-31,510533.552645536,510533.552645536,现金,0.0,0.0,False,False,0.0,-0.1491107455907733,-0.17251580102093178,
2019-06-03,510533.552645536,510533.552645536,现金,0.0,0.0,False,False,0.0,-0.1491107455907733,-0.17251580102093178,
2019-06-04,510533.552645536,510533.552645536,现金,0.0,0.0,False,False,0.0,-0.1491107455907733,-0.17251580102093178,
2019-06-05,510533.552645536,510533.552645536,现金,0.0,0.0,False,False,0.0,-0.1491107455907733,-0.17251580102093178,
2019-06-06,510533.552645536,510533.552645536,现金,0.0,0.0,False,False,0.0,-0.1491107455907733,-0.17251580102093178,
2019-06-10,510533.552645536,510533.552645536,现金,0.0,0.0,False,False,0.0,-0.1491107455907733,-0.17251580102093178,
2019-06-11,510533.552645536,510533.552645536,现金,0.0,0.0,False,False,0.0,-0.1491107455907733,-0.17251580102093178,
2019-06-12,510533.552645536,510533.552645536,现金,0.0,0.0,False,False,0.0,-0.1491107455907733,-0.17251580102093178,
2019-06-13,517691.2905296264,0.0,农业种植,1.0,408.1003618269673,False,False,0.014020112580259703,-0.1371811824506226,-0.16091437939285924,000998 / 002041 / 600598 / 601952 / 000713
2019-06-14,508989.9408509525,0.0,农业种植,1.0,0.0,False,False,-0.016807989313036287,-0.15168343191507916,-0.17501772153674644,000998 / 002041 / 600598 / 601952 / 000713
2019-06-17,498883.6334338639,0.0,农业种植,1.0,0.0,False,False,-0.01985561325670293,-0.1685272776102268,-0.19139825060154636,000998 / 002041 / 600598 / 601952 / 000713
2019-06-18,484906.5119381624,0.0,农业种植,1.0,0.0,False,False,-0.02801679702237514,-0.1918224801030627,-0.21405268168638025,000998 / 002041 / 600598 / 601952 / 000713
2019-06-19,491864.7935173875,0.0,农业种植,1.0,0.0,False,False,0.014349738367944287,-0.18022534413768754,-0.20277454329759237,000998 / 002041 / 600598 / 601952 / 000713
2019-06-20,485760.0870816107,0.0,黄金概念,1.0,1020.829051120034,False,False,-0.012411350672450583,-0.19039985486398214,-0.21266918800573043,600547 / 601899 / 600489 / 000975 / 002237
2019-06-21,506582.5893761407,0.0,黄金概念,1.0,0.0,False,False,0.04286581555028346,-0.15569568437309889,-0.17891961064172912,600547 / 601899 / 600489 / 000975 / 002237
2019-06-24,521465.0051364106,0.0,黄金概念,1.0,0.0,False,False,0.02937806405584853,-0.13089165810598236,-0.15479785836816073,600547 / 601899 / 600489 / 000975 / 002237
2019-06-25,560867.5608995714,0.0,黄金概念,1.0,0.0,False,False,0.07556126561715004,-0.06522073183404764,-0.09093331484413336,600547 / 601899 / 600489 / 000975 / 002237
2019-06-26,528496.2299156303,0.0,黄金概念,1.0,0.0,False,False,-0.05771653281573452,-0.11917295014061613,-0.14340149200962293,600547 / 601899 / 600489 / 000975 / 002237
2019-06-27,540359.980720327,0.0,黄金概念,1.0,0.0,False,False,0.02244812759892456,-0.09940003213278836,-0.12417245940120647,600547 / 601899 / 600489 / 000975 / 002237
2019-06-28,541363.6520145645,0.0,黄金概念,1.0,0.0,False,False,0.0018574123363086503,-0.09772724664239252,-0.12254568652281927,600547 / 601899 / 600489 / 000975 / 002237
2019-07-01,536702.849120211,0.0,黄金概念,1.0,0.0,False,False,-0.008609375374592276,-0.105495251466315,-0.1301000200815995,600547 / 601899 / 600489 / 000975 / 002237
2019-07-02,540801.9580508003,0.0,黄金概念,1.0,0.0,False,False,0.007637576244114763,-0.09866340324866629,-0.12345609266021873,600547 / 601899 / 600489 / 000975 / 002237
2019-07-03,556565.5881843411,0.0,黄金概念,1.0,0.0,False,False,0.029148618822234518,-0.07239068635943147,-0.09790604842421935,600547 / 601899 / 600489 / 000975 / 002237
2019-07-04,540537.8478043971,0.0,黄金概念,1.0,0.0,False,False,-0.028797576997583674,-0.09910358699267152,-0.12388416845377737,600547 / 601899 / 600489 / 000975 / 002237
2019-07-05,558873.5657556803,0.0,黄金概念,1.0,0.0,False,False,0.03392124719066536,-0.06854405707386613,-0.09416522676424266,600547 / 601899 / 600489 / 000975 / 002237
2019-07-08,542974.4643282599,0.0,黄金概念,1.0,0.0,False,False,-0.02844847636678327,-0.09504255945290008,-0.11993484590285064,600547 / 601899 / 600489 / 000975 / 002237
2019-07-09,526503.0530351694,0.0,黄金概念,1.0,0.0,False,False,-0.030335517368147547,-0.12249491160805104,-0.14663207767006614,600547 / 601899 / 600489 / 000975 / 002237
2019-07-10,510698.6551000017,0.0,黄金概念,1.0,0.0,False,False,-0.03001767576476322,-0.14883557483333043,-0.17224819927061574,600547 / 601899 / 600489 / 000975 / 002237
2019-07-11,532231.8860482109,532231.8860482109,现金,0.0,692.8020945856355,False,False,0.0421642601427894,-0.1129468565863152,-0.13734665701099957,
2019-07-12,532231.8860482109,532231.8860482109,现金,0.0,0.0,False,False,0.0,-0.1129468565863152,-0.13734665701099957,
2019-07-15,532231.8860482109,532231.8860482109,现金,0.0,0.0,False,False,0.0,-0.1129468565863152,-0.13734665701099957,
2019-07-16,532231.8860482109,532231.8860482109,现金,0.0,0.0,False,False,0.0,-0.1129468565863152,-0.13734665701099957,
2019-07-17,532231.8860482109,532231.8860482109,现金,0.0,0.0,False,False,0.0,-0.1129468565863152,-0.13734665701099957,
2019-07-18,532231.8860482109,532231.8860482109,现金,0.0,0.0,False,False,0.0,-0.1129468565863152,-0.13734665701099957,
2019-07-19,532231.8860482109,532231.8860482109,现金,0.0,0.0,False,False,0.0,-0.1129468565863152,-0.13734665701099957,
2019-07-22,532231.8860482109,532231.8860482109,现金,0.0,0.0,False,False,0.0,-0.1129468565863152,-0.13734665701099957,
2019-07-23,532231.8860482109,532231.8860482109,现金,0.0,0.0,False,False,0.0,-0.1129468565863152,-0.13734665701099957,
2019-07-24,532231.8860482109,532231.8860482109,现金,0.0,0.0,False,False,0.0,-0.1129468565863152,-0.13734665701099957,
2019-07-25,532231.8860482109,532231.8860482109,现金,0.0,0.0,False,False,0.0,-0.1129468565863152,-0.13734665701099957,
2019-07-26,532231.8860482109,532231.8860482109,现金,0.0,0.0,False,False,0.0,-0.1129468565863152,-0.13734665701099957,
2019-07-29,532231.8860482109,532231.8860482109,现金,0.0,0.0,False,False,0.0,-0.1129468565863152,-0.13734665701099957,
2019-07-30,532231.8860482109,532231.8860482109,现金,0.0,0.0,False,False,0.0,-0.1129468565863152,-0.13734665701099957,
2019-07-31,539305.1078376913,0.0,PCB,1.0,425.4451527163956,False,False,0.013289737001664248,-0.10115815360384783,-0.1258822209590693,002463 / 600183 / 002916 / 002938 / 300476
2019-08-01,537091.6226248604,0.0,PCB,1.0,0.0,False,False,-0.004104328293321302,-0.10484729562523265,-0.12946988729128228,002463 / 600183 / 002916 / 002938 / 300476
2019-08-02,529553.3698943802,0.0,PCB,1.0,0.0,False,False,-0.014035319883857866,-0.11741105017603293,-0.14168805589167988,002463 / 600183 / 002916 / 002938 / 300476
2019-08-05,524739.1487504165,0.0,PCB,1.0,0.0,False,False,-0.00909109717293266,-0.1254347520826392,-0.14949105318025735,002463 / 600183 / 002916 / 002938 / 300476
2019-08-06,535984.1097485927,0.0,PCB,1.0,0.0,False,False,0.021429620841048935,-0.10669315041901217,-0.13126496892799033,002463 / 600183 / 002916 / 002938 / 300476
2019-08-07,528195.3628508835,0.0,PCB,1.0,0.0,False,False,-0.014531675018057078,-0.11967439524852752,-0.14388914407633058,002463 / 600183 / 002916 / 002938 / 300476
2019-08-08,547915.2012307473,0.0,PCB,1.0,0.0,False,False,0.03733436483317054,-0.08680799794875449,-0.1119267890436384,002463 / 600183 / 002916 / 002938 / 300476
2019-08-09,552889.835806048,0.0,PCB,1.0,0.0,False,False,0.009079205256810718,-0.07851694032325329,-0.10386379007829061,002463 / 600183 / 002916 / 002938 / 300476
2019-08-12,591771.8955040205,0.0,PCB,1.0,0.0,False,False,0.07032514830244074,-0.013713507493299137,-0.040842878216359124,002463 / 600183 / 002916 / 002938 / 300476
2019-08-13,591931.0702350697,0.0,PCB,1.0,0.0,False,False,0.0002689798759598627,-0.013448216274883795,-0.04058488425271567,002463 / 600183 / 002916 / 002938 / 300476
2019-08-14,576026.4819538761,0.0,PCB,1.0,0.0,False,False,-0.026868987084725182,-0.039955863410206516,-0.0663633966066196,002463 / 600183 / 002916 / 002938 / 300476
2019-08-15,587608.7959181886,0.0,PCB,1.0,0.0,False,False,0.020107259522210708,-0.02065200680301893,-0.04759052312275369,002463 / 600183 / 002916 / 002938 / 300476
2019-08-16,576662.6830148374,0.0,PCB,1.0,0.0,False,False,-0.018628231877038104,-0.03889552830860421,-0.06533222769991154,002463 / 600183 / 002916 / 002938 / 300476
2019-08-19,610026.3902885854,0.0,PCB,1.0,0.0,False,False,0.0578565394579027,0.016710650480975753,-0.011255584851801448,002463 / 600183 / 002916 / 002938 / 300476
2019-08-20,608646.0406587423,0.0,PCB,1.0,0.0,False,False,-0.0022627703519353393,0.014410067764570433,-0.013492886400040427,002463 / 600183 / 002916 / 002938 / 300476
2019-08-21,626432.8779659588,0.0,PCB,1.0,0.0,False,False,0.029223614578952395,0.04405479660993139,0.0,002463 / 600183 / 002916 / 002938 / 300476
2019-08-22,616413.5177760043,0.0,PCB,1.0,0.0,False,False,-0.015994307678242503,0.027355862960007027,-0.015994307678242503,002463 / 600183 / 002916 / 002938 / 300476
2019-08-23,624184.3405665641,0.0,PCB,1.0,0.0,False,False,0.012606509374740282,0.04030723427760696,-0.0035894306931905096,002463 / 600183 / 002916 / 002938 / 300476
2019-08-26,629702.965274685,0.0,PCB,1.0,0.0,False,False,0.008841337966139395,0.04950494212447487,0.0,002463 / 600183 / 002916 / 002938 / 300476
2019-08-27,632724.8704617543,0.0,PCB,1.0,0.0,False,False,0.004798937520885227,0.054541450769590494,0.0,002463 / 600183 / 002916 / 002938 / 300476
2019-08-28,622110.2504329643,0.0,PCB,1.0,0.0,False,False,-0.016776043623895398,0.03685041738827377,-0.016776043623895398,002463 / 600183 / 002916 / 002938 / 300476
2019-08-29,643333.4703712048,0.0,PCB,1.0,0.0,False,False,0.03411488546197394,0.0722224506186746,0.0,002463 / 600183 / 002916 / 002938 / 300476
2019-08-30,617225.0725493972,0.0,PCB,1.0,0.0,False,False,-0.04058299315088165,0.028708454248995485,-0.04058299315088165,002463 / 600183 / 002916 / 002938 / 300476
2019-09-02,650408.7042753369,0.0,PCB,1.0,0.0,False,False,0.0537626114066907,0.08401450712556158,0.0,002463 / 600183 / 002916 / 002938 / 300476
2019-09-03,686991.4275379855,0.0,PCB,1.0,0.0,False,False,0.05624574674689775,0.14498571256330917,0.0,002463 / 600183 / 002916 / 002938 / 300476
2019-09-04,688038.7394764269,0.0,PCB,1.0,0.0,False,False,0.0015244905488771554,0.1467312324607115,0.0,002463 / 600183 / 002916 / 002938 / 300476
2019-09-05,697096.4080014,0.0,PCB,1.0,0.0,False,False,0.013164474622265665,0.1618273466689999,0.0,002463 / 600183 / 002916 / 002938 / 300476
2019-09-06,689533.5493950011,0.0,PCB,1.0,0.0,False,False,-0.010849085606511433,0.14922258232500196,-0.010849085606511433,002463 / 600183 / 002916 / 002938 / 300476
2019-09-09,722568.5320680746,0.0,PCB,1.0,0.0,False,False,0.04790917382056081,0.20428088678012424,0.0,002463 / 600183 / 002916 / 002938 / 300476
2019-09-10,710445.780285527,0.0,PCB,1.0,0.0,False,False,-0.0167773038051503,0.1840763004758783,-0.0167773038051503,002463 / 600183 / 002916 / 002938 / 300476
2019-09-11,714609.5274629975,0.0,储能,1.0,1500.3581531516838,False,False,0.005860752914595535,0.19101587910499584,-0.011014878522729865,300750 / 300274 / 300763 / 300014 / 002074
2019-09-12,713143.1915037557,0.0,储能,1.0,0.0,False,False,-0.0020519401195887577,0.1885719858395929,-0.013044216771165518,300750 / 300274 / 300763 / 300014 / 002074
2019-09-16,706577.2853611097,0.0,储能,1.0,0.0,False,False,-0.009206995482633706,0.17762880893518274,-0.022131114208912672,300750 / 300274 / 300763 / 300014 / 002074
2019-09-17,689513.1571570411,0.0,储能,1.0,0.0,False,False,-0.024150405847461642,0.1491885952617351,-0.04574704466637247,300750 / 300274 / 300763 / 300014 / 002074
2019-09-18,686836.0061912343,0.0,PCB,1.0,1451.3116440217805,False,False,-0.0038826684277426526,0.14472667698539055,-0.04945209248812654,002463 / 600183 / 002916 / 002938 / 300476
2019-09-19,706406.1254105425,0.0,PCB,1.0,0.0,False,False,0.028493146898095567,0.17734354235090422,-0.02236799132571332,002463 / 600183 / 002916 / 002938 / 300476
2019-09-20,717677.2898640822,0.0,PCB,1.0,0.0,False,False,0.015955643712728618,0.19612881644013713,-0.0067692433131471,002463 / 600183 / 002916 / 002938 / 300476
2019-09-23,740402.0607534611,0.0,PCB,1.0,0.0,False,False,0.03166433048715067,0.23400343458910178,0.0,002463 / 600183 / 002916 / 002938 / 300476
2019-09-24,733274.2658324866,0.0,PCB,1.0,0.0,False,False,-0.00962692474642901,0.2221237763874777,-0.00962692474642901,002463 / 600183 / 002916 / 002938 / 300476
2019-09-25,699247.3100134457,0.0,光学光电子,1.0,1525.1471697980974,False,False,-0.04640413199338189,0.1654121833557427,-0.055584327653187215,002456 / 300433 / 002273 / 600703 / 300296
2019-09-26,680787.9840230376,0.0,光学光电子,1.0,0.0,False,False,-0.026398851630981768,0.1346466400383961,-0.08051581686544462,002456 / 300433 / 002273 / 600703 / 300296
2019-09-27,724415.4163166755,0.0,光学光电子,1.0,0.0,False,False,0.06408372844042676,0.2073590271944592,-0.021591842168182218,002456 / 300433 / 002273 / 600703 / 300296
2019-09-30,678700.6833227118,0.0,光学光电子,1.0,0.0,False,False,-0.06310568765419489,0.13116780553785312,-0.08333496177463307,002456 / 300433 / 002273 / 600703 / 300296
2019-10-08,667781.3798411873,0.0,光学光电子,1.0,0.0,False,False,-0.016088540574420773,0.11296896640197884,-0.09808276443527486,002456 / 300433 / 002273 / 600703 / 300296
2019-10-09,662948.1777007595,662948.1777007595,现金,0.0,862.954471824359,False,False,-0.007237701269204644,0.10491362950126581,-0.10461057195583923,
2019-10-10,662948.1777007595,662948.1777007595,现金,0.0,0.0,False,False,0.0,0.10491362950126581,-0.10461057195583923,
2019-10-11,662948.1777007595,662948.1777007595,现金,0.0,0.0,False,False,0.0,0.10491362950126581,-0.10461057195583923,
2019-10-14,662948.1777007595,662948.1777007595,现金,0.0,0.0,False,False,0.0,0.10491362950126581,-0.10461057195583923,
2019-10-15,662948.1777007595,662948.1777007595,现金,0.0,0.0,False,False,0.0,0.10491362950126581,-0.10461057195583923,
2019-10-16,662948.1777007595,662948.1777007595,现金,0.0,0.0,False,False,0.0,0.10491362950126581,-0.10461057195583923,
2019-10-17,675029.3580891418,0.0,消费电子,1.0,529.9345944850196,False,False,0.018223415939210064,0.12504893014856955,-0.08829351798101914,002475 / 002241 / 002600 / 300433 / 601231
2019-10-18,660697.7603577697,0.0,消费电子,1.0,0.0,False,False,-0.021231073226121167,0.10116293392961606,-0.10765002506149335,002475 / 002241 / 002600 / 300433 / 601231
2019-10-21,658920.867081472,0.0,消费电子,1.0,0.0,False,False,-0.002689419251755143,0.09820144513578666,-0.11004992826339621,002475 / 002241 / 002600 / 300433 / 601231
2019-10-22,670929.0926358624,0.0,消费电子,1.0,0.0,False,False,0.01822407842018725,0.11821515439310404,-0.09383140836601722,002475 / 002241 / 002600 / 300433 / 601231
2019-10-23,652430.3747288387,0.0,消费电子,1.0,0.0,False,False,-0.027571792772241088,0.08738395788139774,-0.11881610099126294,002475 / 002241 / 002600 / 300433 / 601231
2019-10-24,656242.0942772874,0.0,消费电子,1.0,0.0,False,False,0.005842339192182688,0.09373682379547899,-0.1136679257625639,002475 / 002241 / 002600 / 300433 / 601231
2019-10-25,679333.1890772176,0.0,消费电子,1.0,0.0,False,False,0.035186854060863304,0.1322219817953627,-0.08248068841690892,002475 / 002241 / 002600 / 300433 / 601231
2019-10-28,687746.7984823119,0.0,消费电子,1.0,0.0,False,False,0.012385099889677287,0.1462446641371864,-0.07111712009224447,002475 / 002241 / 002600 / 300433 / 601231
2019-10-29,698534.0467269048,0.0,农林牧渔,1.0,1441.8227918542514,False,False,0.015684912337502244,0.16422341121150796,-0.05654767354908463,002714 / 300498 / 002311 / 000876 / 002299
2019-10-30,701078.6117380651,0.0,农林牧渔,1.0,0.0,False,False,0.0036427215295851134,0.1684643528967753,-0.053110939447384764,002714 / 300498 / 002311 / 000876 / 002299
2019-10-31,684975.9599526577,0.0,农林牧渔,1.0,0.0,False,False,-0.022968396861354656,0.14162659992109616,-0.07485946317383252,002714 / 300498 / 002311 / 000876 / 002299
2019-11-01,670607.1871276996,0.0,农林牧渔,1.0,0.0,False,False,-0.020977046881982764,0.11767864521283267,-0.09426617958725769,002714 / 300498 / 002311 / 000876 / 002299
2019-11-04,674650.1248860066,0.0,农林牧渔,1.0,0.0,False,False,0.006028771888985318,0.12441687481001096,-0.08880571699185014,002714 / 300498 / 002311 / 000876 / 002299
2019-11-05,685090.4089347098,0.0,农林牧渔,1.0,0.0,False,False,0.0154751087468743,0.14181734822451642,-0.07470488637276884,002714 / 300498 / 002311 / 000876 / 002299
2019-11-06,669477.6697307286,0.0,农林牧渔,1.0,0.0,False,False,-0.022789312184735566,0.1157961162178811,-0.09579172558023019,002714 / 300498 / 002311 / 000876 / 002299
2019-11-07,676645.6471463899,0.0,农林牧渔,1.0,0.0,False,False,0.01070682076452889,0.1277427452439832,-0.08611052965221389,002714 / 300498 / 002311 / 000876 / 002299
2019-11-08,678365.7570683048,0.0,消费电子,1.0,1421.3678744946546,False,False,0.0025421133338683344,0.1306095951138413,-0.08378731904396075,002475 / 002241 / 002600 / 300433 / 601231
2019-11-11,672272.9485786429,0.0,消费电子,1.0,0.0,False,False,-0.00898159794502773,0.12045491429773825,-0.09201637297644394,002475 / 002241 / 002600 / 300433 / 601231
2019-11-12,660265.4683465811,0.0,消费电子,1.0,0.0,False,False,-0.017861019482412144,0.10044244724430174,-0.1082338862284229,002475 / 002241 / 002600 / 300433 / 601231
2019-11-13,677091.4666116949,0.0,消费电子,1.0,0.0,False,False,0.025483686595406896,0.1284857776861581,-0.08550839806866417,002475 / 002241 / 002600 / 300433 / 601231
2019-11-14,696240.5277517623,0.0,消费电子,1.0,0.0,False,False,0.028281350577187503,0.16040087958627058,-0.05964534047455017,002475 / 002241 / 002600 / 300433 / 601231
2019-11-15,675361.3204430863,0.0,消费电子,1.0,0.0,False,False,-0.029988497475286646,0.12560220073847717,-0.08784516380760321,002475 / 002241 / 002600 / 300433 / 601231
2019-11-18,676178.856156003,0.0,消费电子,1.0,0.0,False,False,0.0012105160425537331,0.12696476026000503,-0.08674098574509936,002475 / 002241 / 002600 / 300433 / 601231
2019-11-19,688714.3527001069,0.0,消费电子,1.0,0.0,False,False,0.01853872896198916,0.14785725450017817,-0.06981032440773438,002475 / 002241 / 002600 / 300433 / 601231
2019-11-20,678168.4318247568,0.0,消费电子,1.0,0.0,False,False,-0.015312474372001672,0.13028071970792787,-0.08405382997634148,002475 / 002241 / 002600 / 300433 / 601231
2019-11-21,677298.7688401229,0.0,消费电子,1.0,0.0,False,False,-0.001282370195695992,0.12883128140020483,-0.08522841204564169,002475 / 002241 / 002600 / 300433 / 601231
2019-11-22,676287.7581153373,676287.7581153373,现金,0.0,880.3184995994178,False,False,-0.0014927101174521118,0.12714626352556224,-0.08659390085013896,
2019-11-25,676287.7581153373,676287.7581153373,现金,0.0,0.0,False,False,0.0,0.12714626352556224,-0.08659390085013896,
2019-11-26,676287.7581153373,676287.7581153373,现金,0.0,0.0,False,False,0.0,0.12714626352556224,-0.08659390085013896,
2019-11-27,676287.7581153373,676287.7581153373,现金,0.0,0.0,False,False,0.0,0.12714626352556224,-0.08659390085013896,
2019-11-28,676287.7581153373,676287.7581153373,现金,0.0,0.0,False,False,0.0,0.12714626352556224,-0.08659390085013896,
2019-11-29,676287.7581153373,676287.7581153373,现金,0.0,0.0,False,False,0.0,0.12714626352556224,-0.08659390085013896,
2019-12-02,676287.7581153373,676287.7581153373,现金,0.0,0.0,False,False,0.0,0.12714626352556224,-0.08659390085013896,
2019-12-03,676287.7581153373,676287.7581153373,现金,0.0,0.0,False,False,0.0,0.12714626352556224,-0.08659390085013896,
2019-12-04,676287.7581153373,676287.7581153373,现金,0.0,0.0,False,False,0.0,0.12714626352556224,-0.08659390085013896,
2019-12-05,676287.7581153373,676287.7581153373,现金,0.0,0.0,False,False,0.0,0.12714626352556224,-0.08659390085013896,
2019-12-06,676287.7581153373,676287.7581153373,现金,0.0,0.0,False,False,0.0,0.12714626352556224,-0.08659390085013896,
2019-12-09,676287.7581153373,676287.7581153373,现金,0.0,0.0,False,False,0.0,0.12714626352556224,-0.08659390085013896,
2019-12-10,676287.7581153373,676287.7581153373,现金,0.0,0.0,False,False,0.0,0.12714626352556224,-0.08659390085013896,
2019-12-11,676287.7581153373,676287.7581153373,现金,0.0,0.0,False,False,0.0,0.12714626352556224,-0.08659390085013896,
2019-12-12,676287.7581153373,676287.7581153373,现金,0.0,0.0,False,False,0.0,0.12714626352556224,-0.08659390085013896,
2019-12-13,676287.7581153373,676287.7581153373,现金,0.0,0.0,False,False,0.0,0.12714626352556224,-0.08659390085013896,
2019-12-16,691717.6577037032,0.0,储能,1.0,540.5977283096222,False,False,0.02281558316442922,0.15286276283950517,-0.06575400803208842,300750 / 300274 / 300763 / 300014 / 002074
2019-12-17,696883.1666979641,0.0,储能,1.0,0.0,False,False,0.007467655244494997,0.16147194449660685,-0.05877738105052077,300750 / 300274 / 300763 / 300014 / 002074
2019-12-18,690887.7552959446,0.0,储能,1.0,0.0,False,False,-0.00860318011472061,0.1514795921599077,-0.06687488876939218,300750 / 300274 / 300763 / 300014 / 002074
2019-12-19,691931.6012872197,0.0,储能,1.0,0.0,False,False,0.0015108763808209247,0.15321933547869948,-0.06546505207848297,300750 / 300274 / 300763 / 300014 / 002074
2019-12-20,688589.0592791861,0.0,储能,1.0,0.0,False,False,-0.004830740497782426,0.14764843213197687,-0.06997954789800043,300750 / 300274 / 300763 / 300014 / 002074
2019-12-23,676091.8397476082,0.0,储能,1.0,0.0,False,False,-0.01814902424482312,0.12681973291268034,-0.08685851163138092,300750 / 300274 / 300763 / 300014 / 002074
2019-12-24,708515.2177848632,0.0,储能,1.0,0.0,False,False,0.04795706164617952,0.18085869630810536,-0.04306692898200293,300750 / 300274 / 300763 / 300014 / 002074
2019-12-25,712071.2022332519,0.0,储能,1.0,0.0,False,False,0.005018924589236473,0.18678533705541978,-0.038264154061617095,300750 / 300274 / 300763 / 300014 / 002074
2019-12-26,718180.6837233761,0.0,储能,1.0,0.0,False,False,0.008579874415596711,0.19696780620562682,-0.03001258128248807,300750 / 300274 / 300763 / 300014 / 002074
2019-12-27,701197.5666213124,0.0,传媒,1.0,1506.3951259435162,False,False,-0.023647415597444765,0.16866261103552072,-0.05295027689719378,300413 / 002027 / 300251 / 300133 / 002555
2019-12-30,706544.6876055357,0.0,传媒,1.0,0.0,False,False,0.007625698146655369,0.17757447934255954,-0.04572836157893834,300413 / 002027 / 300251 / 300133 / 002555
2019-12-31,710564.6023609058,0.0,传媒,1.0,0.0,False,False,0.0056895406984001085,0.18427433726817632,-0.04029899425481276,300413 / 002027 / 300251 / 300133 / 002555
2020-01-02,758189.1892322781,0.0,传媒,1.0,0.0,False,False,0.06702358478474157,0.2636486487204637,0.0,300413 / 002027 / 300251 / 300133 / 002555
2020-01-03,761060.6207896604,0.0,传媒,1.0,0.0,False,False,0.0037872230284499153,0.2684343679827672,0.0,300413 / 002027 / 300251 / 300133 / 002555
2020-01-06,775372.0343267706,0.0,传媒,1.0,0.0,False,False,0.018804564506649912,0.29228672387795096,0.0,300413 / 002027 / 300251 / 300133 / 002555
2020-01-07,796640.53479646,0.0,传媒,1.0,0.0,False,False,0.027430058769344345,0.3277342246607666,0.0,300413 / 002027 / 300251 / 300133 / 002555
2020-01-08,761570.3070541949,0.0,农业种植,1.0,1648.9716142678901,False,False,-0.044022650380482364,0.26928384509032477,-0.044022650380482364,000998 / 002041 / 600598 / 601952 / 000713
2020-01-09,765660.5544181201,0.0,农业种植,1.0,0.0,False,False,0.0053708072991272005,0.27610092403020015,-0.038888280253345675,000998 / 002041 / 600598 / 601952 / 000713
2020-01-10,743448.2549004387,0.0,农业种植,1.0,0.0,False,False,-0.029010635835304388,0.23908042483406455,-0.06677074235195901,000998 / 002041 / 600598 / 601952 / 000713
2020-01-13,750700.3922147185,0.0,农业种植,1.0,0.0,False,False,0.009754730428751968,0.25116732035786415,-0.057667342515378084,000998 / 002041 / 600598 / 601952 / 000713
2020-01-14,769081.7619752493,0.0,农业种植,1.0,0.0,False,False,0.02448562695738299,0.28180293662541556,-0.0345937365944502,000998 / 002041 / 600598 / 601952 / 000713
2020-01-15,729459.7538311355,0.0,农业种植,1.0,0.0,False,False,-0.051518590224206795,0.21576625638522584,-0.0843301062787234,000998 / 002041 / 600598 / 601952 / 000713
2020-01-16,745987.0275364281,0.0,农业种植,1.0,0.0,False,False,0.022656868481764958,0.24331171256071338,-0.06358389392396879,000998 / 002041 / 600598 / 601952 / 000713
2020-01-17,736517.245022685,0.0,农业种植,1.0,0.0,False,False,-0.012694299182408497,0.22752874170447512,-0.07547104013372397,000998 / 002041 / 600598 / 601952 / 000713
2020-01-20,728987.4599282277,0.0,农业种植,1.0,0.0,False,False,-0.010223501412007563,0.21497909988037955,-0.08492296326035864,000998 / 002041 / 600598 / 601952 / 000713
2020-01-21,705206.566498931,0.0,农业种植,1.0,0.0,False,False,-0.03262181414154641,0.17534427749821835,-0.11477443627807626,000998 / 002041 / 600598 / 601952 / 000713
2020-01-22,710992.515569334,0.0,农业种植,1.0,0.0,False,False,0.008204615988089747,0.18498752594889,-0.10751150046489766,000998 / 002041 / 600598 / 601952 / 000713
2020-01-23,680443.1570982179,0.0,农业种植,1.0,0.0,False,False,-0.042967201204155425,0.13407192849702976,-0.14585923339681717,000998 / 002041 / 600598 / 601952 / 000713
2020-02-03,612706.225531877,612706.225531877,现金,0.0,797.5549145803947,False,False,-0.09954825889528851,0.021177042553128356,-0.23088745956365098,
2020-02-04,612706.225531877,612706.225531877,现金,0.0,0.0,False,False,0.0,0.021177042553128356,-0.23088745956365098,
2020-02-05,612706.225531877,612706.225531877,现金,0.0,0.0,False,False,0.0,0.021177042553128356,-0.23088745956365098,
2020-02-06,612706.225531877,612706.225531877,现金,0.0,0.0,False,False,0.0,0.021177042553128356,-0.23088745956365098,
2020-02-07,612706.225531877,612706.225531877,现金,0.0,0.0,False,False,0.0,0.021177042553128356,-0.23088745956365098,
2020-02-10,612706.225531877,612706.225531877,现金,0.0,0.0,False,False,0.0,0.021177042553128356,-0.23088745956365098,
2020-02-11,612706.225531877,612706.225531877,现金,0.0,0.0,False,False,0.0,0.021177042553128356,-0.23088745956365098,
2020-02-12,612706.225531877,612706.225531877,现金,0.0,0.0,False,False,0.0,0.021177042553128356,-0.23088745956365098,
2020-02-13,612706.225531877,612706.225531877,现金,0.0,0.0,False,False,0.0,0.021177042553128356,-0.23088745956365098,
2020-02-14,612706.225531877,612706.225531877,现金,0.0,0.0,False,False,0.0,0.021177042553128356,-0.23088745956365098,
2020-02-17,612706.225531877,612706.225531877,现金,0.0,0.0,False,False,0.0,0.021177042553128356,-0.23088745956365098,
2020-02-18,622623.9439467377,0.0,商业航天,1.0,489.7731618959849,False,False,0.016186743338948872,0.037706573244562724,-0.21843803227284075,600118 / 601698 / 600879 / 002465 / 300045
2020-02-19,583478.6644645947,0.0,商业航天,1.0,0.0,False,False,-0.06287146497130491,-0.02753555922567552,-0.267575978149703,600118 / 601698 / 600879 / 002465 / 300045
2020-02-20,597632.1678537694,0.0,商业航天,1.0,0.0,False,False,0.024257105274212654,-0.003946386910384403,-0.24980949154631804,600118 / 601698 / 600879 / 002465 / 300045
2020-02-21,623061.6627081268,0.0,商业航天,1.0,0.0,False,False,0.042550411812136035,0.03843610451354462,-0.21788857647405824,600118 / 601698 / 600879 / 002465 / 300045
2020-02-24,622994.3379103461,0.0,商业航天,1.0,0.0,False,False,-0.00010805479105890914,0.03832389651724344,-0.21797308736051213,600118 / 601698 / 600879 / 002465 / 300045
2020-02-25,655051.615239732,0.0,商业航天,1.0,0.0,False,False,0.051456771560577375,0.09175269206621994,-0.17773250716259836,600118 / 601698 / 600879 / 002465 / 300045
2020-02-26,605710.0878264187,0.0,商业航天,1.0,0.0,False,False,-0.07532464047929344,0.00951681304403107,-0.23966951043838558,600118 / 601698 / 600879 / 002465 / 300045
2020-02-27,597243.165210784,0.0,商业航天,1.0,0.0,False,False,-0.013978506856338058,-0.004594724648693371,-0.25029779539980557,600118 / 601698 / 600879 / 002465 / 300045
2020-02-28,543605.6480839015,0.0,云计算,1.0,1184.1589846361726,False,False,-0.08980850724001543,-0.09399058652683079,-0.31762743126949766,600588 / 000977 / 603019 / 000938 / 300442
2020-03-02,570118.4138130962,0.0,云计算,1.0,0.0,False,False,0.04877205713856503,-0.04980264364483955,-0.2843467173575842,600588 / 000977 / 603019 / 000938 / 300442
2020-03-03,583880.0640964492,0.0,云计算,1.0,0.0,False,False,0.024138231549673206,-0.026866559839251347,-0.2670721127118778,600588 / 000977 / 603019 / 000938 / 300442
2020-03-04,571964.425285758,0.0,云计算,1.0,0.0,False,False,-0.020407682233731683,-0.04672595785707001,-0.28202947213589413,600588 / 000977 / 603019 / 000938 / 300442
2020-03-05,571890.8513833975,0.0,云计算,1.0,0.0,False,False,-0.0001286337036149332,-0.046848581027670866,-0.2821218273439796,600588 / 000977 / 603019 / 000938 / 300442
2020-03-06,560520.5158901438,0.0,云计算,1.0,0.0,False,False,-0.019882002773342067,-0.06579914018309363,-0.29639468316364836,600588 / 000977 / 603019 / 000938 / 300442
2020-03-09,552233.5034643337,0.0,农林牧渔,1.0,1154.6973209120945,False,False,-0.014784494395624015,-0.07961082755944382,-0.30679713202714665,002714 / 300498 / 002311 / 000876 / 002299
2020-03-10,548858.5066382436,0.0,农林牧渔,1.0,0.0,False,False,-0.006111539421128409,-0.08523582226959403,-0.3110336686816021,002714 / 300498 / 002311 / 000876 / 002299
2020-03-11,548520.4552237903,0.0,农林牧渔,1.0,0.0,False,False,-0.000615917236163277,-0.08579924129368288,-0.3114580149201972,002714 / 300498 / 002311 / 000876 / 002299
2020-03-12,525728.710482117,0.0,农林牧渔,1.0,0.0,False,False,-0.041551312306802535,-0.12378548252980492,-0.34006783797859386,002714 / 300498 / 002311 / 000876 / 002299
2020-03-13,524586.7607422918,0.0,农林牧渔,1.0,0.0,False,False,-0.0021721274053646544,-0.12568873209618037,-0.34150129471340207,002714 / 300498 / 002311 / 000876 / 002299
2020-03-16,528126.7170808727,528126.7170808727,现金,0.0,687.4584281617449,False,False,0.006748085547511495,-0.11978880486521215,-0.3370576891172026,
2020-03-17,528126.7170808727,528126.7170808727,现金,0.0,0.0,False,False,0.0,-0.11978880486521215,-0.3370576891172026,
2020-03-18,528126.7170808727,528126.7170808727,现金,0.0,0.0,False,False,0.0,-0.11978880486521215,-0.3370576891172026,
2020-03-19,528126.7170808727,528126.7170808727,现金,0.0,0.0,False,False,0.0,-0.11978880486521215,-0.3370576891172026,
2020-03-20,528126.7170808727,528126.7170808727,现金,0.0,0.0,False,False,0.0,-0.11978880486521215,-0.3370576891172026,
2020-03-23,528126.7170808727,528126.7170808727,现金,0.0,0.0,False,False,0.0,-0.11978880486521215,-0.3370576891172026,
2020-03-24,528126.7170808727,528126.7170808727,现金,0.0,0.0,False,False,0.0,-0.11978880486521215,-0.3370576891172026,
2020-03-25,528126.7170808727,528126.7170808727,现金,0.0,0.0,False,False,0.0,-0.11978880486521215,-0.3370576891172026,
2020-03-26,528126.7170808727,528126.7170808727,现金,0.0,0.0,False,False,0.0,-0.11978880486521215,-0.3370576891172026,
2020-03-27,528126.7170808727,528126.7170808727,现金,0.0,0.0,False,False,0.0,-0.11978880486521215,-0.3370576891172026,
2020-03-30,528126.7170808727,528126.7170808727,现金,0.0,0.0,False,False,0.0,-0.11978880486521215,-0.3370576891172026,
2020-03-31,528126.7170808727,528126.7170808727,现金,0.0,0.0,False,False,0.0,-0.11978880486521215,-0.3370576891172026,
2020-04-01,528126.7170808727,528126.7170808727,现金,0.0,0.0,False,False,0.0,-0.11978880486521215,-0.3370576891172026,
2020-04-02,528126.7170808727,528126.7170808727,现金,0.0,0.0,False,False,0.0,-0.11978880486521215,-0.3370576891172026,
2020-04-03,528126.7170808727,528126.7170808727,现金,0.0,0.0,False,False,0.0,-0.11978880486521215,-0.3370576891172026,
2020-04-07,528126.7170808727,528126.7170808727,现金,0.0,0.0,False,False,0.0,-0.11978880486521215,-0.3370576891172026,
2020-04-08,528126.7170808727,528126.7170808727,现金,0.0,0.0,False,False,0.0,-0.11978880486521215,-0.3370576891172026,
2020-04-09,528126.7170808727,528126.7170808727,现金,0.0,0.0,False,False,0.0,-0.11978880486521215,-0.3370576891172026,
2020-04-10,528126.7170808727,528126.7170808727,现金,0.0,0.0,False,False,0.0,-0.11978880486521215,-0.3370576891172026,
2020-04-13,528126.7170808727,528126.7170808727,现金,0.0,0.0,False,False,0.0,-0.11978880486521215,-0.3370576891172026,
2020-04-14,528126.7170808727,528126.7170808727,现金,0.0,0.0,False,False,0.0,-0.11978880486521215,-0.3370576891172026,
2020-04-15,528126.7170808727,528126.7170808727,现金,0.0,0.0,False,False,0.0,-0.11978880486521215,-0.3370576891172026,
2020-04-16,528126.7170808727,528126.7170808727,现金,0.0,0.0,False,False,0.0,-0.11978880486521215,-0.3370576891172026,
2020-04-17,528126.7170808727,528126.7170808727,现金,0.0,0.0,False,False,0.0,-0.11978880486521215,-0.3370576891172026,
2020-04-20,528126.7170808727,528126.7170808727,现金,0.0,0.0,False,False,0.0,-0.11978880486521215,-0.3370576891172026,
2020-04-21,528126.7170808727,528126.7170808727,现金,0.0,0.0,False,False,0.0,-0.11978880486521215,-0.3370576891172026,
2020-04-22,528126.7170808727,528126.7170808727,现金,0.0,0.0,False,False,0.0,-0.11978880486521215,-0.3370576891172026,
2020-04-23,528126.7170808727,528126.7170808727,现金,0.0,0.0,False,False,0.0,-0.11978880486521215,-0.3370576891172026,
2020-04-24,528126.7170808727,528126.7170808727,现金,0.0,0.0,False,False,0.0,-0.11978880486521215,-0.3370576891172026,
2020-04-27,528126.7170808727,528126.7170808727,现金,0.0,0.0,False,False,0.0,-0.11978880486521215,-0.3370576891172026,
2020-04-28,528126.7170808727,528126.7170808727,现金,0.0,0.0,False,False,0.0,-0.11978880486521215,-0.3370576891172026,
2020-04-29,528126.7170808727,528126.7170808727,现金,0.0,0.0,False,False,0.0,-0.11978880486521215,-0.3370576891172026,
2020-04-30,528126.7170808727,528126.7170808727,现金,0.0,0.0,False,False,0.0,-0.11978880486521215,-0.3370576891172026,
2020-05-06,528126.7170808727,528126.7170808727,现金,0.0,0.0,False,False,0.0,-0.11978880486521215,-0.3370576891172026,
2020-05-07,528126.7170808727,528126.7170808727,现金,0.0,0.0,False,False,0.0,-0.11978880486521215,-0.3370576891172026,
2020-05-08,528126.7170808727,528126.7170808727,现金,0.0,0.0,False,False,0.0,-0.11978880486521215,-0.3370576891172026,
2020-05-11,528126.7170808727,528126.7170808727,现金,0.0,0.0,False,False,0.0,-0.11978880486521215,-0.3370576891172026,
2020-05-12,528126.7170808727,528126.7170808727,现金,0.0,0.0,False,False,0.0,-0.11978880486521215,-0.3370576891172026,
2020-05-13,528126.7170808727,528126.7170808727,现金,0.0,0.0,False,False,0.0,-0.11978880486521215,-0.3370576891172026,
2020-05-14,528126.7170808727,528126.7170808727,现金,0.0,0.0,False,False,0.0,-0.11978880486521215,-0.3370576891172026,
2020-05-15,528126.7170808727,528126.7170808727,现金,0.0,0.0,False,False,0.0,-0.11978880486521215,-0.3370576891172026,
2020-05-18,528126.7170808727,528126.7170808727,现金,0.0,0.0,False,False,0.0,-0.11978880486521215,-0.3370576891172026,
2020-05-19,528126.7170808727,528126.7170808727,现金,0.0,0.0,False,False,0.0,-0.11978880486521215,-0.3370576891172026,
2020-05-20,528126.7170808727,528126.7170808727,现金,0.0,0.0,False,False,0.0,-0.11978880486521215,-0.3370576891172026,
2020-05-21,528126.7170808727,528126.7170808727,现金,0.0,0.0,False,False,0.0,-0.11978880486521215,-0.3370576891172026,
2020-05-22,528126.7170808727,528126.7170808727,现金,0.0,0.0,False,False,0.0,-0.11978880486521215,-0.3370576891172026,
2020-05-25,528126.7170808727,528126.7170808727,现金,0.0,0.0,False,False,0.0,-0.11978880486521215,-0.3370576891172026,
2020-05-26,528126.7170808727,528126.7170808727,现金,0.0,0.0,False,False,0.0,-0.11978880486521215,-0.3370576891172026,
2020-05-27,528126.7170808727,528126.7170808727,现金,0.0,0.0,False,False,0.0,-0.11978880486521215,-0.3370576891172026,
2020-05-28,528126.7170808727,528126.7170808727,现金,0.0,0.0,False,False,0.0,-0.11978880486521215,-0.3370576891172026,
2020-05-29,528126.7170808727,528126.7170808727,现金,0.0,0.0,False,False,0.0,-0.11978880486521215,-0.3370576891172026,
2020-06-01,528126.7170808727,528126.7170808727,现金,0.0,0.0,False,False,0.0,-0.11978880486521215,-0.3370576891172026,
2020-06-02,528126.7170808727,528126.7170808727,现金,0.0,0.0,False,False,0.0,-0.11978880486521215,-0.3370576891172026,
2020-06-03,528126.7170808727,528126.7170808727,现金,0.0,0.0,False,False,0.0,-0.11978880486521215,-0.3370576891172026,
2020-06-04,528126.7170808727,528126.7170808727,现金,0.0,0.0,False,False,0.0,-0.11978880486521215,-0.3370576891172026,
2020-06-05,528126.7170808727,528126.7170808727,现金,0.0,0.0,False,False,0.0,-0.11978880486521215,-0.3370576891172026,
2020-06-08,522086.51893794857,0.0,商贸零售,1.0,422.16364275049784,False,False,-0.01143702438746197,-0.1298558017700857,-0.3446397764942496,601888 / 600827 / 600859 / 000785 / 002419
2020-06-09,546738.0586571,0.0,商贸零售,1.0,0.0,False,False,0.047217345832446744,-0.08876990223816672,-0.3136954061761489,601888 / 600827 / 600859 / 000785 / 002419
2020-06-10,566417.5503113357,0.0,商贸零售,1.0,0.0,False,False,0.03599436941077894,-0.05597074948110714,-0.28899230509773866,601888 / 600827 / 600859 / 000785 / 002419
2020-06-11,586056.4760724542,0.0,商贸零售,1.0,0.0,False,False,0.034672170292611604,-0.023239206545909608,-0.26434012522073025,601888 / 600827 / 600859 / 000785 / 002419
2020-06-12,606922.499099216,0.0,商贸零售,1.0,0.0,False,False,0.035604116460922874,0.011537498498693344,-0.23814760536346113,601888 / 600827 / 600859 / 000785 / 002419
2020-06-15,634396.5104088661,0.0,商贸零售,1.0,0.0,False,False,0.045267742340128425,0.05732751734811026,-0.2036602674618445,601888 / 600827 / 600859 / 000785 / 002419
2020-06-16,653168.3088342731,0.0,商贸零售,1.0,0.0,False,False,0.029590008957187885,0.08861384805712191,-0.1800965676430759,601888 / 600827 / 600859 / 000785 / 002419
2020-06-17,662882.3602277539,0.0,商贸零售,1.0,0.0,False,False,0.014872202558047665,0.10480393371292318,-0.16790279771902517,601888 / 600827 / 600859 / 000785 / 002419
2020-06-18,673653.0622455233,0.0,商贸零售,1.0,0.0,False,False,0.01624828576531856,0.12275510374253895,-0.1543826445918418,601888 / 600827 / 600859 / 000785 / 002419
2020-06-19,689351.878691574,0.0,商贸零售,1.0,0.0,False,False,0.02330400813991851,0.14891979781929,-0.13467637085815376,601888 / 600827 / 600859 / 000785 / 002419
2020-06-22,673567.3449548406,0.0,商贸零售,1.0,0.0,False,False,-0.022897643750087737,0.12261224159140105,-0.15449024304677683,601888 / 600827 / 600859 / 000785 / 002419
2020-06-23,674398.721204463,0.0,商贸零售,1.0,0.0,False,False,0.0012342882353926221,0.123997868674105,-0.15344664030085975,601888 / 600827 / 600859 / 000785 / 002419
2020-06-24,659628.3873911288,0.0,商贸零售,1.0,0.0,False,False,-0.021901485499490114,0.09938064565188132,-0.1719874164328551,601888 / 600827 / 600859 / 000785 / 002419
2020-06-29,674555.6495205469,0.0,商贸零售,1.0,0.0,False,False,0.02262980553104499,0.12425941586757827,-0.15324965268947244,601888 / 600827 / 600859 / 000785 / 002419
2020-06-30,719496.9558623319,0.0,商贸零售,1.0,0.0,False,False,0.06662357119642826,0.1991615931038866,-0.09683612063982916,601888 / 600827 / 600859 / 000785 / 002419
2020-07-01,757966.4567424838,0.0,商贸零售,1.0,0.0,False,False,0.053467218404065875,0.26327742790413966,-0.04854646024741549,601888 / 600827 / 600859 / 000785 / 002419
2020-07-02,799030.0499758662,0.0,商贸零售,1.0,0.0,False,False,0.05417600326254757,0.33171674995977707,0.0,601888 / 600827 / 600859 / 000785 / 002419
2020-07-03,865740.5139461387,0.0,商贸零售,1.0,0.0,False,False,0.08348930553023304,0.4429008565768977,0.0,601888 / 600827 / 600859 / 000785 / 002419
2020-07-06,934464.8106635683,0.0,商贸零售,1.0,0.0,False,False,0.07938209614815972,0.5574413511059473,0.0,601888 / 600827 / 600859 / 000785 / 002419
2020-07-07,972561.911279842,0.0,商贸零售,1.0,0.0,False,False,0.040768898070352,0.6209365187997367,0.0,601888 / 600827 / 600859 / 000785 / 002419
2020-07-08,1021790.785029957,0.0,商贸零售,1.0,0.0,False,False,0.05061772744660775,0.702984641716595,0.0,601888 / 600827 / 600859 / 000785 / 002419
2020-07-09,1053102.2243092433,0.0,商贸零售,1.0,0.0,False,False,0.03064368923464933,0.7551703738487388,0.0,601888 / 600827 / 600859 / 000785 / 002419
2020-07-10,1093989.5236493673,0.0,商贸零售,1.0,0.0,False,False,0.038825574950184016,0.8233158727489454,0.0,601888 / 600827 / 600859 / 000785 / 002419
2020-07-13,1049321.0310456385,0.0,商贸零售,1.0,0.0,False,False,-0.04083082299976892,0.7488683850760642,-0.04083082299976892,601888 / 600827 / 600859 / 000785 / 002419
2020-07-14,999289.4510494379,0.0,商贸零售,1.0,0.0,False,False,-0.04767995543398629,0.6654824184157297,-0.0865639666127932,601888 / 600827 / 600859 / 000785 / 002419
2020-07-15,1015673.196321001,0.0,商贸零售,1.0,0.0,False,False,0.01639539500227616,0.6927886605350018,-0.0715878220360977,601888 / 600827 / 600859 / 000785 / 002419
2020-07-16,928512.7720476484,0.0,商贸零售,1.0,0.0,False,False,-0.08581542231208572,0.5475212867460808,-0.15125990516775323,601888 / 600827 / 600859 / 000785 / 002419
2020-07-17,894447.001306152,0.0,商贸零售,1.0,0.0,False,False,-0.036688532206585855,0.49074500217691996,-0.18239893347202685,601888 / 600827 / 600859 / 000785 / 002419
2020-07-20,926269.5728307061,0.0,商贸零售,1.0,0.0,False,False,0.03557792857272024,0.5437826213845103,-0.15331038112611473,601888 / 600827 / 600859 / 000785 / 002419
2020-07-21,851156.6649359594,0.0,军工,1.0,1925.054942621823,False,False,-0.08109184420816018,0.4185944415599323,-0.2219700037925023,600760 / 000768 / 600893 / 600038 / 600316
2020-07-22,878345.1970577824,0.0,军工,1.0,0.0,False,False,0.031943040854727656,0.46390866176297063,-0.19711735983744272,600760 / 000768 / 600893 / 600038 / 600316
2020-07-23,930586.9673863107,0.0,军工,1.0,0.0,False,False,0.0594774930215638,0.5509782789771844,-0.1493639132100395,600760 / 000768 / 600893 / 600038 / 600316
2020-07-24,924618.4988766385,0.0,军工,1.0,0.0,False,False,-0.006413660107916108,0.5410308314610641,-0.15481960394623817,600760 / 000768 / 600893 / 600038 / 600316
2020-07-27,927566.7792966086,0.0,军工,1.0,0.0,False,False,0.0031886452883564953,0.5459446321610144,-0.15212462345855016,600760 / 000768 / 600893 / 600038 / 600316
2020-07-28,931105.6859389642,0.0,军工,1.0,0.0,False,False,0.0038152580723505025,0.5518428098982737,-0.14888976008385313,600760 / 000768 / 600893 / 600038 / 600316
2020-07-29,944107.231584353,0.0,军工,1.0,0.0,False,False,0.01396355520294934,0.5735120526405884,-0.13700523526498853,600760 / 000768 / 600893 / 600038 / 600316
2020-07-30,932293.6590804195,0.0,军工,1.0,0.0,False,False,-0.0125129562709827,0.5538227651340324,-0.1478038510182047,600760 / 000768 / 600893 / 600038 / 600316
2020-07-31,925124.9453563804,0.0,军工,1.0,0.0,False,False,-0.007689330131355754,0.5418749089273007,-0.15435666854439578,600760 / 000768 / 600893 / 600038 / 600316
2020-08-03,1006124.7575130163,0.0,军工,1.0,0.0,False,False,0.08755553783649495,0.6768745958550273,-0.08031591184095499,600760 / 000768 / 600893 / 600038 / 600316
2020-08-04,962496.9435034825,0.0,军工,1.0,0.0,False,False,-0.04336223086029112,0.6041615725058043,-0.12019546559024386,600760 / 000768 / 600893 / 600038 / 600316
2020-08-05,999399.2214123553,0.0,军工,1.0,0.0,False,False,0.038340150748477964,0.6656653690205923,-0.08646362711177935,600760 / 000768 / 600893 / 600038 / 600316
2020-08-06,1070746.0435899345,0.0,军工,1.0,0.0,False,False,0.07138971158767915,0.7845767393165575,-0.02124652892643475,600760 / 000768 / 600893 / 600038 / 600316
2020-08-07,1122297.9903611685,0.0,军工,1.0,0.0,False,False,0.048145820458410205,0.8704966506019476,0.0,600760 / 000768 / 600893 / 600038 / 600316
2020-08-10,1119851.1529078004,0.0,军工,1.0,0.0,False,False,-0.0021802030070290357,0.8664185881796673,-0.0021802030070290357,600760 / 000768 / 600893 / 600038 / 600316
2020-08-11,1136794.755951521,0.0,军工,1.0,0.0,False,False,0.01513022779833273,0.8946579265858683,0.0,600760 / 000768 / 600893 / 600038 / 600316
2020-08-12,1068130.3424564507,0.0,军工,1.0,0.0,False,False,-0.06040176833644584,0.7802172374274179,-0.06040176833644584,600760 / 000768 / 600893 / 600038 / 600316
2020-08-13,1104405.3628256416,0.0,军工,1.0,0.0,False,False,0.03396123013017949,0.8406756047094028,-0.028491856561010165,600760 / 000768 / 600893 / 600038 / 600316
2020-08-14,1172024.0453690474,0.0,军工,1.0,0.0,False,False,0.06122632578530962,0.9533734089484125,0.0,600760 / 000768 / 600893 / 600038 / 600316
2020-08-17,1249468.4608253478,0.0,农业种植,1.0,2520.5482737110433,False,False,0.06607749709769362,1.082447434708913,0.0,000998 / 002041 / 600598 / 601952 / 000713
2020-08-18,1302361.3913820419,0.0,农业种植,1.0,0.0,False,False,0.042332345485339484,1.1706023189700696,0.0,000998 / 002041 / 600598 / 601952 / 000713
2020-08-19,1366966.6883037328,0.0,农业种植,1.0,0.0,False,False,0.049606274686270435,1.2782778138395545,0.0,000998 / 002041 / 600598 / 601952 / 000713
2020-08-20,1276261.7419299416,0.0,农业种植,1.0,0.0,False,False,-0.06635490619478579,1.1271029032165694,-0.06635490619478579,000998 / 002041 / 600598 / 601952 / 000713
2020-08-21,1246718.0742661692,0.0,农业种植,1.0,0.0,False,False,-0.02314859616421383,1.0778634571102819,-0.08796747943198224,000998 / 002041 / 600598 / 601952 / 000713
2020-08-24,1280407.3697543843,0.0,农业种植,1.0,0.0,False,False,0.027022384758514706,1.1340122829239738,-0.06332218574891524,000998 / 002041 / 600598 / 601952 / 000713
2020-08-25,1235872.4941445806,0.0,农业种植,1.0,0.0,False,False,-0.03478180199661507,1.0597874902409674,-0.09590152801881868,000998 / 002041 / 600598 / 601952 / 000713
2020-08-26,1174296.7630560477,0.0,农业种植,1.0,0.0,False,False,-0.04982369247658758,0.9571612717600795,-0.14094705225536175,000998 / 002041 / 600598 / 601952 / 000713
2020-08-27,1173890.7896234365,1173890.7896234365,现金,0.0,1528.0444843401096,False,False,-0.00034571621534129626,0.9564846493723942,-0.1412440407892338,
2020-08-28,1173890.7896234365,1173890.7896234365,现金,0.0,0.0,False,False,0.0,0.9564846493723942,-0.1412440407892338,
2020-08-31,1173890.7896234365,1173890.7896234365,现金,0.0,0.0,False,False,0.0,0.9564846493723942,-0.1412440407892338,
2020-09-01,1173890.7896234365,1173890.7896234365,现金,0.0,0.0,False,False,0.0,0.9564846493723942,-0.1412440407892338,
2020-09-02,1173890.7896234365,1173890.7896234365,现金,0.0,0.0,False,False,0.0,0.9564846493723942,-0.1412440407892338,
2020-09-03,1173890.7896234365,1173890.7896234365,现金,0.0,0.0,False,False,0.0,0.9564846493723942,-0.1412440407892338,
2020-09-04,1186946.0983334098,0.0,传媒,1.0,938.3619421450333,False,False,0.011121399729323356,0.9782434972223495,-0.13169347249691232,300413 / 002027 / 300251 / 300133 / 002555
2020-09-07,1144980.4114076714,0.0,传媒,1.0,0.0,False,False,-0.03535601741701866,0.9083006856794524,-0.16239333320662253,300413 / 002027 / 300251 / 300133 / 002555
2020-09-08,1158208.390744607,0.0,传媒,1.0,0.0,False,False,0.011553018029952788,0.9303473179076782,-0.15271644828315,300413 / 002027 / 300251 / 300133 / 002555
2020-09-09,1095878.317515085,0.0,传媒,1.0,0.0,False,False,-0.05381593997039713,0.8264638625251417,-0.19831380904024887,300413 / 002027 / 300251 / 300133 / 002555
2020-09-10,1104521.8911727122,1104521.8911727122,现金,0.0,1437.7475303139338,False,False,0.007887348001579753,0.8408698186211869,-0.1919906310640883,
2020-09-11,1104521.8911727122,1104521.8911727122,现金,0.0,0.0,False,False,0.0,0.8408698186211869,-0.1919906310640883,
2020-09-14,1104521.8911727122,1104521.8911727122,现金,0.0,0.0,False,False,0.0,0.8408698186211869,-0.1919906310640883,
2020-09-15,1104521.8911727122,1104521.8911727122,现金,0.0,0.0,False,False,0.0,0.8408698186211869,-0.1919906310640883,
2020-09-16,1104521.8911727122,1104521.8911727122,现金,0.0,0.0,False,False,0.0,0.8408698186211869,-0.1919906310640883,
2020-09-17,1104521.8911727122,1104521.8911727122,现金,0.0,0.0,False,False,0.0,0.8408698186211869,-0.1919906310640883,
2020-09-18,1104521.8911727122,1104521.8911727122,现金,0.0,0.0,False,False,0.0,0.8408698186211869,-0.1919906310640883,
2020-09-21,1102848.8774997564,0.0,工程机械,1.0,882.9111839909772,False,False,-0.0015146948976987318,0.838081462499594,-0.19321451873250828,600031 / 000157 / 000425 / 601100 / 603298
2020-09-22,1084463.5891132678,0.0,工程机械,1.0,0.0,False,False,-0.016670723216556604,0.8074393151887798,-0.20666421618585507,600031 / 000157 / 000425 / 601100 / 603298
2020-09-23,1094235.9227436336,0.0,工程机械,1.0,0.0,False,False,0.009011214141690482,0.8237265379060561,-0.19951529755164,600031 / 000157 / 000425 / 601100 / 603298
2020-09-24,1068523.4809383042,0.0,工程机械,1.0,0.0,False,False,-0.023498078678370615,0.780872468230507,-0.2183251500706037,600031 / 000157 / 000425 / 601100 / 603298
2020-09-25,1072404.6906118125,0.0,工程机械,1.0,0.0,False,False,0.003632311074811545,0.7873411510196875,-0.21548586385630353,600031 / 000157 / 000425 / 601100 / 603298
2020-09-28,1072363.4769207905,0.0,工程机械,1.0,0.0,False,False,-3.843109917622822e-05,0.7872724615346509,-0.2155160135968749,600031 / 000157 / 000425 / 601100 / 603298
2020-09-29,1070635.6617028157,0.0,工程机械,1.0,0.0,False,False,-0.0016112216194980045,0.7843927695046928,-0.2167799911559175,600031 / 000157 / 000425 / 601100 / 603298
2020-09-30,1070668.4763749503,0.0,工程机械,1.0,0.0,False,False,3.06497096149716e-05,0.784447460624917,-0.21675598569008192,600031 / 000157 / 000425 / 601100 / 603298
2020-10-09,1112460.2058682262,0.0,工程机械,1.0,0.0,False,False,0.03903330528117688,0.8541003431137104,-0.18618338296986836,600031 / 000157 / 000425 / 601100 / 603298
2020-10-12,1145117.6310637924,0.0,工程机械,1.0,0.0,False,False,0.029356039005528745,0.9085293851063208,-0.16229295061698434,600031 / 000157 / 000425 / 601100 / 603298
2020-10-13,1167211.3479947913,0.0,工程机械,1.0,0.0,False,False,0.019293840503070703,0.9453522466579856,-0.1461303644178905,600031 / 000157 / 000425 / 601100 / 603298
2020-10-14,1149687.9017233658,0.0,储能,1.0,2428.9614021579046,False,False,-0.015013087648205192,0.9161465028722762,-0.15894958409702575,300750 / 300274 / 300763 / 300014 / 002074
2020-10-15,1128746.6291498733,0.0,储能,1.0,0.0,False,False,-0.018214745534072208,0.8812443819164555,-0.17426910340402402,300750 / 300274 / 300763 / 300014 / 002074
2020-10-16,1110613.6755764917,0.0,储能,1.0,0.0,False,False,-0.01606468015504825,0.8510227926274863,-0.18753420615197958,300750 / 300274 / 300763 / 300014 / 002074
2020-10-19,1078464.9642223525,0.0,风电设备,1.0,2350.337227548066,False,False,-0.02894679946872769,0.7974416070372541,-0.21105249056169884,002202 / 601615 / 603218 / 002487 / 300129
2020-10-20,1083872.4408568675,0.0,风电设备,1.0,0.0,False,False,0.005014049425716927,0.8064540680947792,-0.20709666875507893,002202 / 601615 / 603218 / 002487 / 300129
2020-10-21,1022464.0952711347,0.0,风电设备,1.0,0.0,False,False,-0.05665643231705908,0.7041068254518912,-0.25201974267572747,002202 / 601615 / 603218 / 002487 / 300129
2020-10-22,1009497.0003415332,0.0,风电设备,1.0,0.0,False,False,-0.01268220076340476,0.6824950005692221,-0.26150577846617695,002202 / 601615 / 603218 / 002487 / 300129
2020-10-23,1016822.769453996,0.0,风电设备,1.0,0.0,False,False,0.007256850797956016,0.6947046157566599,-0.25614663608535326,002202 / 601615 / 603218 / 002487 / 300129
2020-10-26,1044183.9038768613,0.0,风电设备,1.0,0.0,False,False,0.026908459610476054,0.7403065064614356,-0.23613068788633917,002202 / 601615 / 603218 / 002487 / 300129
2020-10-27,1022572.3745396221,0.0,风电设备,1.0,0.0,False,False,-0.020697052748083533,0.7042872908993703,-0.25194053133179795,002202 / 601615 / 603218 / 002487 / 300129
2020-10-28,1020847.9614832551,0.0,风电设备,1.0,0.0,False,False,-0.0016863481737841024,0.7014132691387587,-0.2532020200506685,002202 / 601615 / 603218 / 002487 / 300129
2020-10-29,1021618.1009837943,0.0,AI医疗,1.0,2093.9648464162,False,False,0.0007544115574469323,0.7026968349729905,-0.2526386270235166,300760 / 300015 / 300347 / 002044 / 300253
2020-10-30,994639.0413923168,0.0,AI医疗,1.0,0.0,False,False,-0.02640816520918854,0.6577317356538614,-0.2723750696320456,300760 / 300015 / 300347 / 002044 / 300253
2020-11-02,990132.9161375205,0.0,AI医疗,1.0,0.0,False,False,-0.00453041260927034,0.6502215268958673,-0.27567151079140406,300760 / 300015 / 300347 / 002044 / 300253
2020-11-03,1000025.1171467263,0.0,AI医疗,1.0,0.0,False,False,0.009990780882020545,0.6667085285778773,-0.26843490356911603,300760 / 300015 / 300347 / 002044 / 300253
2020-11-04,995589.1728772847,0.0,机器人,1.0,2091.2138324460966,False,False,-0.004435832853976973,0.6593152881288078,-0.271680004058687,002472 / 300124 / 688017 / 002896 / 601689
2020-11-05,1016406.3239342303,0.0,机器人,1.0,0.0,False,False,0.020909378711686077,0.6940105398903837,-0.2564512854402564,002472 / 300124 / 688017 / 002896 / 601689
2020-11-06,1012373.5393019991,0.0,机器人,1.0,0.0,False,False,-0.003967689434104749,0.6872892321699986,-0.2594014558187573,002472 / 300124 / 688017 / 002896 / 601689
2020-11-09,1054507.3437127771,0.0,机器人,1.0,0.0,False,False,0.041618832155399854,0.7575122395212952,-0.22857860931394458,002472 / 300124 / 688017 / 002896 / 601689
2020-11-10,1059677.4860255367,0.0,机器人,1.0,0.0,False,False,0.004902898347351581,0.7661291433758946,-0.22479640865243822,002472 / 300124 / 688017 / 002896 / 601689
2020-11-11,1022543.8802754415,0.0,机器人,1.0,0.0,False,False,-0.03504236547420647,0.7042398004590691,-0.2519613762173569,002472 / 300124 / 688017 / 002896 / 601689
2020-11-12,1032033.890854784,0.0,机器人,1.0,0.0,False,False,0.009280785658593249,0.7200564847579733,-0.24501899008568118,002472 / 300124 / 688017 / 002896 / 601689
2020-11-13,1052314.5148835038,0.0,机器人,1.0,0.0,False,False,0.01965112212731923,0.7538575248058397,-0.23018276605604815,002472 / 300124 / 688017 / 002896 / 601689
2020-11-16,1052060.335438368,0.0,机器人,1.0,0.0,False,False,-0.00024154322832281583,0.7534338923972799,-0.2303687101959535,002472 / 300124 / 688017 / 002896 / 601689
2020-11-17,1030723.7387466577,0.0,机器人,1.0,0.0,False,False,-0.020280772853982554,0.7178728979110962,-0.2459774275657869,002472 / 300124 / 688017 / 002896 / 601689
2020-11-18,1022255.096708882,0.0,机器人,1.0,0.0,False,False,-0.00821620936767542,0.7037584945148034,-0.25217263488885966,002472 / 300124 / 688017 / 002896 / 601689
2020-11-19,1034619.2929783323,0.0,机器人,1.0,0.0,False,False,0.012095020420300528,0.7243654882972204,-0.2431276476369808,002472 / 300124 / 688017 / 002896 / 601689
2020-11-20,1057248.2349832808,0.0,机器人,1.0,0.0,False,False,0.021871757233336675,0.7620803916388013,-0.22657351928947245,002472 / 300124 / 688017 / 002896 / 601689
2020-11-23,1090836.090016198,0.0,机器人,1.0,0.0,False,False,0.0317691284993713,0.8180601500269968,-0.20200243403896312,002472 / 300124 / 688017 / 002896 / 601689
2020-11-24,1061623.9652843901,0.0,机器人,1.0,0.0,False,False,-0.026779573025837666,0.7693732754739835,-0.22337246813105738,002472 / 300124 / 688017 / 002896 / 601689
2020-11-25,1043467.8411596734,0.0,机器人,1.0,0.0,False,False,-0.017102217657504637,0.7391130685994556,-0.2366545212198906,002472 / 300124 / 688017 / 002896 / 601689
2020-11-26,1016032.7351476403,0.0,机器人,1.0,0.0,False,False,-0.02629223913747325,0.6933878919127339,-0.25672458309248625,002472 / 300124 / 688017 / 002896 / 601689
2020-11-27,1022238.6495075049,0.0,机器人,1.0,0.0,False,False,0.006107986627972961,0.703731082512508,-0.2521846667851142,002472 / 300124 / 688017 / 002896 / 601689
2020-11-30,1022610.2873359333,1022610.2873359333,现金,0.0,1331.1238345215913,False,False,0.0003635529028445106,0.7043504788932222,-0.25191279634993224,
2020-12-01,1022610.2873359333,1022610.2873359333,现金,0.0,0.0,False,False,0.0,0.7043504788932222,-0.25191279634993224,
2020-12-02,1022610.2873359333,1022610.2873359333,现金,0.0,0.0,False,False,0.0,0.7043504788932222,-0.25191279634993224,
2020-12-03,1022610.2873359333,1022610.2873359333,现金,0.0,0.0,False,False,0.0,0.7043504788932222,-0.25191279634993224,
2020-12-04,1022610.2873359333,1022610.2873359333,现金,0.0,0.0,False,False,0.0,0.7043504788932222,-0.25191279634993224,
2020-12-07,1022610.2873359333,1022610.2873359333,现金,0.0,0.0,False,False,0.0,0.7043504788932222,-0.25191279634993224,
2020-12-08,1004386.1006927585,0.0,工程机械,1.0,817.4342824427926,False,False,-0.017821243213435478,0.6739768344879307,-0.2652446403510389,600031 / 000157 / 000425 / 601100 / 603298
2020-12-09,985328.6133889008,0.0,工程机械,1.0,0.0,False,False,-0.01897426427019755,0.6422143556481679,-0.2791860827189624,600031 / 000157 / 000425 / 601100 / 603298
2020-12-10,989063.7861433595,0.0,工程机械,1.0,0.0,False,False,0.003790788883732965,0.6484396435722659,-0.27645362933409334,600031 / 000157 / 000425 / 601100 / 603298
2020-12-11,990494.9176274152,0.0,工程机械,1.0,0.0,False,False,0.001446955701043251,0.6508248627123585,-0.27540668978808913,600031 / 000157 / 000425 / 601100 / 603298
2020-12-14,988752.382855077,0.0,工程机械,1.0,0.0,False,False,-0.00175925665172727,0.647920638091795,-0.27668143538887646,600031 / 000157 / 000425 / 601100 / 603298
2020-12-15,992995.9618854553,0.0,工程机械,1.0,0.0,False,False,0.004291852140092534,0.6549932698090921,-0.27357705905938157,600031 / 000157 / 000425 / 601100 / 603298
2020-12-16,1003682.7121309766,0.0,工程机械,1.0,0.0,False,False,0.010762128604460575,0.6728045202182944,-0.26575920194774816,600031 / 000157 / 000425 / 601100 / 603298
2020-12-17,1025988.7998848397,0.0,储能,1.0,2100.5599910848505,False,False,0.022224242267263605,0.7099813331413996,-0.2494412565693258,300750 / 300274 / 300763 / 300014 / 002074
2020-12-18,1036625.708731288,0.0,储能,1.0,0.0,False,False,0.010367470724477856,0.7277095145521466,-0.2416598607698074,300750 / 300274 / 300763 / 300014 / 002074
2020-12-21,1110198.8425333877,0.0,储能,1.0,0.0,False,False,0.07097367273685018,0.8503314042223129,-0.18783767590486644,300750 / 300274 / 300763 / 300014 / 002074
2020-12-22,1074128.7508861022,0.0,储能,1.0,0.0,False,False,-0.03248975792928799,0.7902145848101703,-0.2142246332140052,300750 / 300274 / 300763 / 300014 / 002074
2020-12-23,1135635.2519141496,0.0,储能,1.0,0.0,False,False,0.05726175840401604,0.8927254198569161,-0.1692297540012786,300750 / 300274 / 300763 / 300014 / 002074
2020-12-24,1105108.1434792564,0.0,储能,1.0,0.0,False,False,-0.02688108561568403,0.8418469057987608,-0.19156176011093318,300750 / 300274 / 300763 / 300014 / 002074
2020-12-25,1160065.9289299566,0.0,储能,1.0,0.0,False,False,0.04973068543108772,0.933443214883261,-0.15135757231254776,300750 / 300274 / 300763 / 300014 / 002074
2020-12-28,1169242.2529920498,0.0,储能,1.0,0.0,False,False,0.007910174614435439,0.948737088320083,-0.14464466252432162,300750 / 300274 / 300763 / 300014 / 002074
2020-12-29,1075737.6095637437,0.0,储能,1.0,0.0,False,False,-0.07997029117706878,0.7928960159395728,-0.21304767792211154,300750 / 300274 / 300763 / 300014 / 002074
2020-12-30,1130695.7694897535,0.0,储能,1.0,0.0,False,False,0.051088815188210956,0.8844929491495892,-0.17284321617754095,300750 / 300274 / 300763 / 300014 / 002074
2020-12-31,1180211.824565874,0.0,储能,1.0,0.0,False,False,0.0437925535871293,0.96701970760979,-0.1366199083970383,300750 / 300274 / 300763 / 300014 / 002074
2021-01-04,1284732.5933652213,0.0,储能,1.0,0.0,False,False,0.0885610249141453,1.1412209889420355,-0.06015808259421129,300750 / 300274 / 300763 / 300014 / 002074
2021-01-05,1261078.9788017676,1261078.9788017676,现金,0.0,1641.5366701134453,False,False,-0.01841131351816616,1.101798298002946,-0.07746180679308368,
2021-01-06,1262114.983589486,0.0,储能,1.0,1008.0567376512932,False,False,0.0008215225256571479,1.1035249726491432,-0.07670392088658518,300750 / 300274 / 300763 / 300014 / 002074
2021-01-07,1350024.9599320125,0.0,储能,1.0,0.0,False,False,0.06965290602327556,1.2500415998866874,-0.01239366585643964,300750 / 300274 / 300763 / 300014 / 002074
2021-01-08,1301792.5830028513,0.0,储能,1.0,0.0,False,False,-0.03572702606297751,1.169654305004752,-0.04767790309634823,300750 / 300274 / 300763 / 300014 / 002074
2021-01-11,1217134.1026256122,0.0,储能,1.0,0.0,False,False,-0.06503223438403449,1.0285568377093535,-0.10960953691128172,300750 / 300274 / 300763 / 300014 / 002074
2021-01-12,1277378.2225536872,0.0,储能,1.0,0.0,False,False,0.049496698677751194,1.1289637042561451,-0.06553814845423611,300750 / 300274 / 300763 / 300014 / 002074
2021-01-13,1240654.687663173,0.0,储能,1.0,0.0,False,False,-0.028749147466361036,1.067757812771955,-0.09240313002601408,300750 / 300274 / 300763 / 300014 / 002074
2021-01-14,1216711.4304077132,0.0,储能,1.0,0.0,False,False,-0.019298889121644347,1.027852384012855,-0.10991874138679358,300750 / 300274 / 300763 / 300014 / 002074
2021-01-15,1226719.1892312989,0.0,储能,1.0,0.0,False,False,0.008225252573021535,1.0445319820521646,-0.10259759822418701,300750 / 300274 / 300763 / 300014 / 002074
2021-01-18,1245839.6960874558,0.0,储能,1.0,0.0,False,False,0.015586702339056568,1.076399493479093,-0.08861005410935308,300750 / 300274 / 300763 / 300014 / 002074
2021-01-19,1217420.107134547,0.0,储能,1.0,0.0,False,False,-0.022811593692318666,1.029033511890912,-0.10940031125027472,300750 / 300274 / 300763 / 300014 / 002074
2021-01-20,1259988.6290830057,0.0,智能驾驶,1.0,2587.427199899617,False,False,0.034966172892159975,1.099981048471676,-0.07825944855574796,002920 / 603596 / 002906 / 300496 / 002405
2021-01-21,1291441.038168461,0.0,智能驾驶,1.0,0.0,False,False,0.02496245470750469,1.1524017302807685,-0.055250541788250396,002920 / 603596 / 002906 / 300496 / 002405
2021-01-22,1287608.8763015808,0.0,汽车零部件,1.0,2713.7978072225906,False,False,-0.0029673533313724354,1.1460147938359682,-0.05805394724038737,601689 / 002920 / 603596 / 002472 / 002906
2021-01-25,1237790.232001516,0.0,汽车零部件,1.0,0.0,False,False,-0.038690820805118764,1.062983720002527,-0.09449861317579844,601689 / 002920 / 603596 / 002472 / 002906
2021-01-26,1220900.5633347235,0.0,汽车零部件,1.0,0.0,False,False,-0.013645016926237874,1.034834272224539,-0.10685419492574655,601689 / 002920 / 603596 / 002472 / 002906
2021-01-27,1227469.0685002152,0.0,汽车零部件,1.0,0.0,False,False,0.005380049254421371,1.0457817808336918,-0.10204902650306713,601689 / 002920 / 603596 / 002472 / 002906
2021-01-28,1183505.3425613656,0.0,汽车零部件,1.0,0.0,False,False,-0.0358165652129766,0.9725089042689425,-0.1342105461033759,601689 / 002920 / 603596 / 002472 / 002906
2021-01-29,1172287.9867705067,0.0,储能,1.0,2506.223704591111,False,False,-0.009478077865353818,0.9538133112841778,-0.14241656596241026,300750 / 300274 / 300763 / 300014 / 002074
2021-02-01,1144539.2678786768,0.0,储能,1.0,0.0,False,False,-0.023670564916624226,0.9075654464644614,-0.16271605030921854,300750 / 300274 / 300763 / 300014 / 002074
2021-02-02,1182303.986623025,0.0,储能,1.0,0.0,False,False,0.03299556407037274,0.9705066443717083,-0.13508939410210163,300750 / 300274 / 300763 / 300014 / 002074
2021-02-03,1216064.9743729117,0.0,基础化工,1.0,2530.702760016893,False,False,0.028555251552789818,1.0267749572881861,-0.1103916541800114,002493 / 600309 / 002648 / 000830 / 002064
2021-02-04,1220773.3970886455,0.0,基础化工,1.0,0.0,False,False,0.0038718512702511365,1.0346223284810758,-0.10694722297622217,002493 / 600309 / 002648 / 000830 / 002064
2021-02-05,1159748.1422708642,0.0,基础化工,1.0,0.0,False,False,-0.04998901103457609,0.9329135704514404,-0.1515900481013226,002493 / 600309 / 002648 / 000830 / 002064
2021-02-08,1248921.0927638956,0.0,基础化工,1.0,0.0,False,False,0.07688992742719547,1.0815351546064926,-0.08635586847132304,002493 / 600309 / 002648 / 000830 / 002064
2021-02-09,1261116.508211471,0.0,轻工制造,1.0,2662.509044365832,False,False,0.009764760574734632,1.1018608470191182,-0.07743435227643425,002078 / 603816 / 002572 / 603833 / 002511
2021-02-10,1268430.3174978325,0.0,轻工制造,1.0,0.0,False,False,0.005799471530774092,1.114050529163054,-0.07208395906719134,002078 / 603816 / 002572 / 603833 / 002511
2021-02-18,1259349.0993107725,0.0,轻工制造,1.0,0.0,False,False,-0.0071594143263415955,1.0989151655179543,-0.07872729446428783,002078 / 603816 / 002572 / 603833 / 002511
2021-02-19,1235421.8651444302,0.0,轻工制造,1.0,0.0,False,False,-0.018999683391553113,1.0590364419073834,-0.09623118418674592,002078 / 603816 / 002572 / 603833 / 002511
2021-02-22,1200201.8089219446,0.0,轻工制造,1.0,0.0,False,False,-0.028508525885907132,1.0003363482032408,-0.12199630086723368,002078 / 603816 / 002572 / 603833 / 002511
2021-02-23,1193832.353280562,0.0,轻工制造,1.0,0.0,False,False,-0.005306987203346991,0.9897205888009366,-0.12665585526302248,002078 / 603816 / 002572 / 603833 / 002511
2021-02-24,1161995.8226615896,0.0,轻工制造,1.0,0.0,False,False,-0.026667505308838324,0.9366597044359826,-0.14994576487923872,002078 / 603816 / 002572 / 603833 / 002511
2021-02-25,1169371.9493823336,1169371.9493823336,现金,0.0,1522.1623452458532,False,False,0.006347808294051127,0.9489532489705559,-0.14454978355514592,
2021-02-26,1169371.9493823336,1169371.9493823336,现金,0.0,0.0,False,False,0.0,0.9489532489705559,-0.14454978355514592,
2021-03-01,1169371.9493823336,1169371.9493823336,现金,0.0,0.0,False,False,0.0,0.9489532489705559,-0.14454978355514592,
2021-03-02,1169371.9493823336,1169371.9493823336,现金,0.0,0.0,False,False,0.0,0.9489532489705559,-0.14454978355514592,
2021-03-03,1169371.9493823336,1169371.9493823336,现金,0.0,0.0,False,False,0.0,0.9489532489705559,-0.14454978355514592,
2021-03-04,1169371.9493823336,1169371.9493823336,现金,0.0,0.0,False,False,0.0,0.9489532489705559,-0.14454978355514592,
2021-03-05,1169371.9493823336,1169371.9493823336,现金,0.0,0.0,False,False,0.0,0.9489532489705559,-0.14454978355514592,
2021-03-08,1169371.9493823336,1169371.9493823336,现金,0.0,0.0,False,False,0.0,0.9489532489705559,-0.14454978355514592,
2021-03-09,1169371.9493823336,1169371.9493823336,现金,0.0,0.0,False,False,0.0,0.9489532489705559,-0.14454978355514592,
2021-03-10,1169371.9493823336,1169371.9493823336,现金,0.0,0.0,False,False,0.0,0.9489532489705559,-0.14454978355514592,
2021-03-11,1169371.9493823336,1169371.9493823336,现金,0.0,0.0,False,False,0.0,0.9489532489705559,-0.14454978355514592,
2021-03-12,1169371.9493823336,1169371.9493823336,现金,0.0,0.0,False,False,0.0,0.9489532489705559,-0.14454978355514592,
2021-03-15,1169371.9493823336,1169371.9493823336,现金,0.0,0.0,False,False,0.0,0.9489532489705559,-0.14454978355514592,
2021-03-16,1169371.9493823336,1169371.9493823336,现金,0.0,0.0,False,False,0.0,0.9489532489705559,-0.14454978355514592,
2021-03-17,1169371.9493823336,1169371.9493823336,现金,0.0,0.0,False,False,0.0,0.9489532489705559,-0.14454978355514592,
2021-03-18,1169371.9493823336,1169371.9493823336,现金,0.0,0.0,False,False,0.0,0.9489532489705559,-0.14454978355514592,
2021-03-19,1169371.9493823336,1169371.9493823336,现金,0.0,0.0,False,False,0.0,0.9489532489705559,-0.14454978355514592,
2021-03-22,1169371.9493823336,1169371.9493823336,现金,0.0,0.0,False,False,0.0,0.9489532489705559,-0.14454978355514592,
2021-03-23,1169371.9493823336,1169371.9493823336,现金,0.0,0.0,False,False,0.0,0.9489532489705559,-0.14454978355514592,
2021-03-24,1169371.9493823336,1169371.9493823336,现金,0.0,0.0,False,False,0.0,0.9489532489705559,-0.14454978355514592,
2021-03-25,1169371.9493823336,1169371.9493823336,现金,0.0,0.0,False,False,0.0,0.9489532489705559,-0.14454978355514592,
2021-03-26,1169371.9493823336,1169371.9493823336,现金,0.0,0.0,False,False,0.0,0.9489532489705559,-0.14454978355514592,
2021-03-29,1169371.9493823336,1169371.9493823336,现金,0.0,0.0,False,False,0.0,0.9489532489705559,-0.14454978355514592,
2021-03-30,1169371.9493823336,1169371.9493823336,现金,0.0,0.0,False,False,0.0,0.9489532489705559,-0.14454978355514592,
2021-03-31,1169371.9493823336,1169371.9493823336,现金,0.0,0.0,False,False,0.0,0.9489532489705559,-0.14454978355514592,
2021-04-01,1169371.9493823336,1169371.9493823336,现金,0.0,0.0,False,False,0.0,0.9489532489705559,-0.14454978355514592,
2021-04-02,1169371.9493823336,1169371.9493823336,现金,0.0,0.0,False,False,0.0,0.9489532489705559,-0.14454978355514592,
2021-04-06,1169371.9493823336,1169371.9493823336,现金,0.0,0.0,False,False,0.0,0.9489532489705559,-0.14454978355514592,
2021-04-07,1169371.9493823336,1169371.9493823336,现金,0.0,0.0,False,False,0.0,0.9489532489705559,-0.14454978355514592,
2021-04-08,1126292.9284679005,0.0,航运港口,1.0,934.7497596981084,False,False,-0.03683945124319732,0.8771548807798342,-0.17606410009484874,601919 / 601872 / 600026 / 601018 / 601298
2021-04-09,1134230.2835300956,0.0,航运港口,1.0,0.0,False,False,0.007047327441709328,0.8903838058834928,-0.17025755401723763,601919 / 601872 / 600026 / 601018 / 601298
2021-04-12,1106407.42594683,0.0,航运港口,1.0,0.0,False,False,-0.024530166393258113,0.8440123765780501,-0.19061127428074376,601919 / 601872 / 600026 / 601018 / 601298
2021-04-13,1093124.7984672645,0.0,航运港口,1.0,0.0,False,False,-0.012005186487426767,0.8218746641121075,-0.20032813687382411,601919 / 601872 / 600026 / 601018 / 601298
2021-04-14,1095134.957794689,0.0,航运港口,1.0,0.0,False,False,0.0018389111016812176,0.8252249296578151,-0.19885761140701919,601919 / 601872 / 600026 / 601018 / 601298
2021-04-15,1079134.3265673765,0.0,航运港口,1.0,0.0,False,False,-0.014610647859815917,0.7985572109456276,-0.21056282073232313,601919 / 601872 / 600026 / 601018 / 601298
2021-04-16,1079292.2932791708,1079292.2932791708,现金,0.0,1404.9063595303112,False,False,0.0001463828069456774,0.7988204887986179,-0.21044726070211472,
2021-04-19,1079292.2932791708,1079292.2932791708,现金,0.0,0.0,False,False,0.0,0.7988204887986179,-0.21044726070211472,
2021-04-20,1079292.2932791708,1079292.2932791708,现金,0.0,0.0,False,False,0.0,0.7988204887986179,-0.21044726070211472,
2021-04-21,1079292.2932791708,1079292.2932791708,现金,0.0,0.0,False,False,0.0,0.7988204887986179,-0.21044726070211472,
2021-04-22,1079292.2932791708,1079292.2932791708,现金,0.0,0.0,False,False,0.0,0.7988204887986179,-0.21044726070211472,
2021-04-23,1079292.2932791708,1079292.2932791708,现金,0.0,0.0,False,False,0.0,0.7988204887986179,-0.21044726070211472,
2021-04-26,1079292.2932791708,1079292.2932791708,现金,0.0,0.0,False,False,0.0,0.7988204887986179,-0.21044726070211472,
2021-04-27,1079292.2932791708,1079292.2932791708,现金,0.0,0.0,False,False,0.0,0.7988204887986179,-0.21044726070211472,
2021-04-28,1079292.2932791708,1079292.2932791708,现金,0.0,0.0,False,False,0.0,0.7988204887986179,-0.21044726070211472,
2021-04-29,1079292.2932791708,1079292.2932791708,现金,0.0,0.0,False,False,0.0,0.7988204887986179,-0.21044726070211472,
2021-04-30,1079292.2932791708,1079292.2932791708,现金,0.0,0.0,False,False,0.0,0.7988204887986179,-0.21044726070211472,
2021-05-06,1079292.2932791708,1079292.2932791708,现金,0.0,0.0,False,False,0.0,0.7988204887986179,-0.21044726070211472,
2021-05-07,1079292.2932791708,1079292.2932791708,现金,0.0,0.0,False,False,0.0,0.7988204887986179,-0.21044726070211472,
2021-05-10,1079292.2932791708,1079292.2932791708,现金,0.0,0.0,False,False,0.0,0.7988204887986179,-0.21044726070211472,
2021-05-11,1079292.2932791708,1079292.2932791708,现金,0.0,0.0,False,False,0.0,0.7988204887986179,-0.21044726070211472,
2021-05-12,1079292.2932791708,1079292.2932791708,现金,0.0,0.0,False,False,0.0,0.7988204887986179,-0.21044726070211472,
2021-05-13,1079292.2932791708,1079292.2932791708,现金,0.0,0.0,False,False,0.0,0.7988204887986179,-0.21044726070211472,
2021-05-14,1079292.2932791708,1079292.2932791708,现金,0.0,0.0,False,False,0.0,0.7988204887986179,-0.21044726070211472,
2021-05-17,1079292.2932791708,1079292.2932791708,现金,0.0,0.0,False,False,0.0,0.7988204887986179,-0.21044726070211472,
2021-05-18,1079292.2932791708,1079292.2932791708,现金,0.0,0.0,False,False,0.0,0.7988204887986179,-0.21044726070211472,
2021-05-19,1079292.2932791708,1079292.2932791708,现金,0.0,0.0,False,False,0.0,0.7988204887986179,-0.21044726070211472,
2021-05-20,1081361.9683979973,0.0,储能,1.0,862.7436397115674,False,False,0.0019176224380685891,0.8022699473299955,-0.20893319665319865,300750 / 300274 / 300763 / 300014 / 002074
2021-05-21,1093822.9173514296,0.0,储能,1.0,0.0,False,False,0.011523383767502615,0.823038195585716,-0.19981743029250187,300750 / 300274 / 300763 / 300014 / 002074
2021-05-24,1092701.0155096496,0.0,储能,1.0,0.0,False,False,-0.0010256704480982037,0.8211683591827494,-0.20063815390733408,300750 / 300274 / 300763 / 300014 / 002074
2021-05-25,1113457.8563272173,0.0,储能,1.0,0.0,False,False,0.018995901461559717,0.8557630938786955,-0.18545355504682726,300750 / 300274 / 300763 / 300014 / 002074
2021-05-26,1081856.7188154268,0.0,储能,1.0,0.0,False,False,-0.028381080911340506,0.8030945313590447,-0.208571263607088,300750 / 300274 / 300763 / 300014 / 002074
2021-05-27,1086794.570232109,0.0,储能,1.0,0.0,False,False,0.004564237879937316,0.8113242837201815,-0.20495899458917255,300750 / 300274 / 300763 / 300014 / 002074
2021-05-28,1124849.0859776011,0.0,储能,1.0,0.0,False,False,0.0350153716146786,0.8747484766293352,-0.17712033833580476,300750 / 300274 / 300763 / 300014 / 002074
2021-05-31,1188647.1660773251,0.0,储能,1.0,0.0,False,False,0.056717012882023576,0.9810786101288751,-0.1304490619648414,300750 / 300274 / 300763 / 300014 / 002074
2021-06-01,1171946.4412143843,0.0,储能,1.0,0.0,False,False,-0.014050195330928328,0.9532440686906405,-0.1426664224944273,300750 / 300274 / 300763 / 300014 / 002074
2021-06-02,1143705.6420536013,0.0,储能,1.0,0.0,False,False,-0.02409734623326254,0.9061760700893355,-0.16332588654898084,300750 / 300274 / 300763 / 300014 / 002074
2021-06-03,1108872.7946108775,0.0,储能,1.0,0.0,False,False,-0.030456129760957573,0.8481213243514625,-0.18880774191587923,300750 / 300274 / 300763 / 300014 / 002074
2021-06-04,1129362.7574375446,0.0,储能,1.0,0.0,False,False,0.018478190578981035,0.8822712623959077,-0.17381837677480683,300750 / 300274 / 300763 / 300014 / 002074
2021-06-07,1090636.3289707769,0.0,储能,1.0,0.0,False,False,-0.03429051313382747,0.8177272149512949,-0.2021485685769372,300750 / 300274 / 300763 / 300014 / 002074
2021-06-08,1086437.853812879,0.0,储能,1.0,0.0,False,False,-0.003849564741585265,0.8107297563547982,-0.20521994931636678,300750 / 300274 / 300763 / 300014 / 002074
2021-06-09,1100413.3924869439,0.0,储能,1.0,0.0,False,False,0.012863633778054995,0.8340223208115731,-0.19499618981026856,300750 / 300274 / 300763 / 300014 / 002074
2021-06-10,1184390.5370652056,0.0,储能,1.0,0.0,False,False,0.07631417897275194,0.9739842284420095,-0.13356298496570218,300750 / 300274 / 300763 / 300014 / 002074
2021-06-11,1214233.3079272616,0.0,储能,1.0,0.0,False,False,0.02519673192932048,1.0237221798787695,-0.1117316037642423,300750 / 300274 / 300763 / 300014 / 002074
2021-06-15,1209114.7063239592,0.0,储能,1.0,0.0,False,False,-0.004215500900761837,1.0151911772065985,-0.11547609998869246,300750 / 300274 / 300763 / 300014 / 002074
2021-06-16,1123640.4159164773,0.0,储能,1.0,0.0,False,False,-0.07069163079435792,0.8727340265274621,-0.1780045369570774,300750 / 300274 / 300763 / 300014 / 002074
2021-06-17,1131559.4159274243,1131559.4159274243,现金,0.0,1472.9420653906595,False,False,0.00704762831487149,0.8859323598790405,-0.17221141845704013,
2021-06-18,1131559.4159274243,1131559.4159274243,现金,0.0,0.0,False,False,0.0,0.8859323598790405,-0.17221141845704013,
2021-06-21,1131559.4159274243,1131559.4159274243,现金,0.0,0.0,False,False,0.0,0.8859323598790405,-0.17221141845704013,
2021-06-22,1131559.4159274243,1131559.4159274243,现金,0.0,0.0,False,False,0.0,0.8859323598790405,-0.17221141845704013,
2021-06-23,1131559.4159274243,1131559.4159274243,现金,0.0,0.0,False,False,0.0,0.8859323598790405,-0.17221141845704013,
2021-06-24,1131559.4159274243,1131559.4159274243,现金,0.0,0.0,False,False,0.0,0.8859323598790405,-0.17221141845704013,
2021-06-25,1131559.4159274243,1131559.4159274243,现金,0.0,0.0,False,False,0.0,0.8859323598790405,-0.17221141845704013,
2021-06-28,1131559.4159274243,1131559.4159274243,现金,0.0,0.0,False,False,0.0,0.8859323598790405,-0.17221141845704013,
2021-06-29,1109105.9916441992,0.0,消费电子,1.0,904.5239136110507,False,False,-0.019842903489802444,0.8485099860736653,-0.18863714739055748,002475 / 002241 / 002600 / 300433 / 601231
2021-06-30,1103681.6612538637,0.0,消费电子,1.0,0.0,False,False,-0.004890723187144785,0.8394694354231063,-0.19260529850700248,002475 / 002241 / 002600 / 300433 / 601231
2021-07-01,1094899.466063115,0.0,消费电子,1.0,0.0,False,False,-0.007957181403894564,0.824832443438525,-0.19902988461132554,002475 / 002241 / 002600 / 300433 / 601231
2021-07-02,1063437.3961030224,0.0,消费电子,1.0,0.0,False,False,-0.02873512220552954,0.7723956601717039,-0.22204585875999616,002475 / 002241 / 002600 / 300433 / 601231
2021-07-05,1086145.0890660924,0.0,消费电子,1.0,0.0,False,False,0.021353107429062268,0.810241815110154,-0.20543412040721454,002475 / 002241 / 002600 / 300433 / 601231
2021-07-06,1075765.303289055,0.0,消费电子,1.0,0.0,False,False,-0.009556537042360036,0.7929421721484249,-0.21302741866813835,002475 / 002241 / 002600 / 300433 / 601231
2021-07-07,1080342.4795948754,0.0,消费电子,1.0,0.0,False,False,0.004254809382516989,0.8005707993247924,-0.20967900034530396,002475 / 002241 / 002600 / 300433 / 601231
2021-07-08,1097988.6601782655,0.0,消费电子,1.0,0.0,False,False,0.016333876448149542,0.8299811002971091,-0.19676999478256618,002475 / 002241 / 002600 / 300433 / 601231
2021-07-09,1083635.653632267,0.0,储能,1.0,2279.7010179583167,False,False,-0.013072089964634381,0.806059422720445,-0.20726988967306215,300750 / 300274 / 300763 / 300014 / 002074
2021-07-12,1123330.826918139,0.0,储能,1.0,0.0,False,False,0.036631475858898366,0.8722180448635648,-0.17823101577399914,300750 / 300274 / 300763 / 300014 / 002074
2021-07-13,1132764.1860891327,0.0,储能,1.0,0.0,False,False,0.008397667850774004,0.8879403101485546,-0.17133007279440127,300750 / 300274 / 300763 / 300014 / 002074
2021-07-14,1138726.3969039274,0.0,储能,1.0,0.0,False,False,0.00526341747736514,0.8978773281732124,-0.16696843701658048,300750 / 300274 / 300763 / 300014 / 002074
2021-07-15,1183895.040858576,0.0,储能,1.0,0.0,False,False,0.03966593211280367,0.9731584014309602,-0.1339254635914574,300750 / 300274 / 300763 / 300014 / 002074
2021-07-16,1132203.2854417271,0.0,储能,1.0,0.0,False,False,-0.04366244779550843,0.8870054757362118,-0.17174039782441464,300750 / 300274 / 300763 / 300014 / 002074
2021-07-19,1112889.8547745517,0.0,储能,1.0,0.0,False,False,-0.017058271174014816,0.8548164246242529,-0.18586907472080738,300750 / 300274 / 300763 / 300014 / 002074
2021-07-20,1137745.8077867476,0.0,储能,1.0,0.0,False,False,0.022334602930881298,0.8962430129779126,-0.16768578377094545,300750 / 300274 / 300763 / 300014 / 002074
2021-07-21,1207027.6227080494,0.0,储能,1.0,0.0,False,False,0.06089393118140807,1.0117127045134158,-0.1170028991665858,300750 / 300274 / 300763 / 300014 / 002074
2021-07-22,1264202.9148155213,0.0,储能,1.0,0.0,False,False,0.04736866914378912,1.107004858025869,-0.07517650164228284,300750 / 300274 / 300763 / 300014 / 002074
2021-07-23,1258964.2324342506,0.0,储能,1.0,0.0,False,False,-0.0041438619701609225,1.0982737207237512,-0.07900884256623852,300750 / 300274 / 300763 / 300014 / 002074
2021-07-26,1256376.9823822286,0.0,储能,1.0,0.0,False,False,-0.0020550623960297054,1.0939616373037144,-0.08090153686095658,300750 / 300274 / 300763 / 300014 / 002074
2021-07-27,1115677.919663338,0.0,储能,1.0,0.0,False,False,-0.11198793410884511,0.8594631994388966,-0.1838294749905125,300750 / 300274 / 300763 / 300014 / 002074
2021-07-28,1089874.8707770181,1089874.8707770181,现金,0.0,1418.6816181136714,False,False,-0.023127686253848312,0.816458117961697,-0.20270561082257066,
2021-07-29,1089874.8707770181,1089874.8707770181,现金,0.0,0.0,False,False,0.0,0.816458117961697,-0.20270561082257066,
2021-07-30,1089874.8707770181,1089874.8707770181,现金,0.0,0.0,False,False,0.0,0.816458117961697,-0.20270561082257066,
2021-08-02,1089874.8707770181,1089874.8707770181,现金,0.0,0.0,False,False,0.0,0.816458117961697,-0.20270561082257066,
2021-08-03,1089874.8707770181,1089874.8707770181,现金,0.0,0.0,False,False,0.0,0.816458117961697,-0.20270561082257066,
2021-08-04,1089874.8707770181,1089874.8707770181,现金,0.0,0.0,False,False,0.0,0.816458117961697,-0.20270561082257066,
2021-08-05,1089874.8707770181,1089874.8707770181,现金,0.0,0.0,False,False,0.0,0.816458117961697,-0.20270561082257066,
2021-08-06,1089874.8707770181,1089874.8707770181,现金,0.0,0.0,False,False,0.0,0.816458117961697,-0.20270561082257066,
2021-08-09,1089874.8707770181,1089874.8707770181,现金,0.0,0.0,False,False,0.0,0.816458117961697,-0.20270561082257066,
2021-08-10,1099266.5419651768,0.0,液冷,1.0,871.2029342741954,False,False,0.008617201331986735,0.8321109032752947,-0.19583516455016525,002837 / 300499 / 301018 / 300249 / 600510
2021-08-11,1137934.8638660447,0.0,液冷,1.0,0.0,False,False,0.035176474880914466,0.8965581064434078,-0.16754748041584933,002837 / 300499 / 301018 / 300249 / 600510
2021-08-12,1101863.93621084,0.0,液冷,1.0,0.0,False,False,-0.03169858732744735,0.8364398936847333,-0.1939350493038411,002837 / 300499 / 301018 / 300249 / 600510
2021-08-13,1086849.8096683496,0.0,液冷,1.0,0.0,False,False,-0.01362611666384328,0.8114163494472493,-0.20491858436066201,002837 / 300499 / 301018 / 300249 / 600510
2021-08-16,1075368.1300477283,0.0,液冷,1.0,0.0,False,False,-0.010564182390688237,0.7922802167462137,-0.21331796945092263,002837 / 300499 / 301018 / 300249 / 600510
2021-08-17,1035907.9460838758,0.0,液冷,1.0,0.0,False,False,-0.03669458194014086,0.7265132434731263,-0.2421849376817421,002837 / 300499 / 301018 / 300249 / 600510
2021-08-18,1042971.1673630184,0.0,液冷,1.0,0.0,False,False,0.006818387006146898,0.738285278938364,-0.23701786130776903,002837 / 300499 / 301018 / 300249 / 600510
2021-08-19,1037884.2285812589,1037884.2285812589,现金,0.0,1351.0058047017487,False,False,-0.004877353220243852,0.7298070476354315,-0.24073919469890803,
2021-08-20,1037884.2285812589,1037884.2285812589,现金,0.0,0.0,False,False,0.0,0.7298070476354315,-0.24073919469890803,
2021-08-23,1037884.2285812589,1037884.2285812589,现金,0.0,0.0,False,False,0.0,0.7298070476354315,-0.24073919469890803,
2021-08-24,1037884.2285812589,1037884.2285812589,现金,0.0,0.0,False,False,0.0,0.7298070476354315,-0.24073919469890803,
2021-08-25,1037884.2285812589,1037884.2285812589,现金,0.0,0.0,False,False,0.0,0.7298070476354315,-0.24073919469890803,
2021-08-26,1037884.2285812589,1037884.2285812589,现金,0.0,0.0,False,False,0.0,0.7298070476354315,-0.24073919469890803,
2021-08-27,1081249.512164345,0.0,煤炭,1.0,829.6436679306627,False,False,0.041782389970762335,0.8020825202739084,-0.20901546364230272,601088 / 600188 / 601225 / 000723 / 600157
2021-08-30,1123876.841279335,0.0,煤炭,1.0,0.0,False,False,0.039424137199990605,0.8731280687988918,-0.17783158075786587,601088 / 600188 / 601225 / 000723 / 600157
2021-08-31,1182926.2760247614,0.0,煤炭,1.0,0.0,False,False,0.05254084128845382,0.9715437933746023,-0.13463416033008602,601088 / 600188 / 601225 / 000723 / 600157
2021-09-01,1158926.361382818,0.0,煤炭,1.0,0.0,False,False,-0.02028859712423947,0.9315439356380302,-0.15219121921622802,601088 / 600188 / 601225 / 000723 / 600157
2021-09-02,1209211.1372786062,0.0,煤炭,1.0,0.0,False,False,0.04338910354562042,1.0153518954643435,-0.11540555623991489,601088 / 600188 / 601225 / 000723 / 600157
2021-09-03,1185922.8485625791,0.0,煤炭,1.0,0.0,False,False,-0.01925907560563711,0.9765380809376318,-0.1324420275126168,601088 / 600188 / 601225 / 000723 / 600157
2021-09-06,1208767.9007502575,0.0,煤炭,1.0,0.0,False,False,0.019263523099641855,1.014613167917096,-0.11572980446932757,601088 / 600188 / 601225 / 000723 / 600157
2021-09-07,1272554.5873768504,0.0,电网设备,1.0,2553.802474298093,False,False,0.05277000372610963,1.1209243122947505,-0.06906686295628628,600089 / 000400 / 002028 / 600406 / 000682
2021-09-08,1252894.7591119013,0.0,电网设备,1.0,0.0,False,False,-0.015449104077707498,1.0881579318531687,-0.0834489458798614,600089 / 000400 / 002028 / 600406 / 000682
2021-09-09,1235887.6017719856,0.0,电网设备,1.0,0.0,False,False,-0.013574290431201841,1.0598126696199759,-0.09589047608351231,600089 / 000400 / 002028 / 600406 / 000682
2021-09-10,1234312.5669915942,0.0,建筑装饰,1.0,2633.429218800431,False,False,-0.001274415875791024,1.0571876116526568,-0.0970426876142454,601668 / 601390 / 601186 / 601800 / 601669
2021-09-13,1238327.7342480223,0.0,建筑装饰,1.0,0.0,False,False,0.003252958256930283,1.0638795570800372,-0.09410540516926447,601668 / 601390 / 601186 / 601800 / 601669
2021-09-14,1186096.3711803968,0.0,建筑装饰,1.0,0.0,False,False,-0.04217894958101964,0.9768272853006612,-0.13231508761034827,601668 / 601390 / 601186 / 601800 / 601669
2021-09-15,1165855.6801320978,0.0,建筑装饰,1.0,0.0,False,False,-0.017064963303239478,0.9430928002201631,-0.14712209879905225,601668 / 601390 / 601186 / 601800 / 601669
2021-09-16,1150867.428276412,0.0,建筑装饰,1.0,0.0,False,False,-0.012856009634046317,0.9181123804606866,-0.15808670531355673,601668 / 601390 / 601186 / 601800 / 601669
2021-09-17,1144484.018061678,0.0,建筑装饰,1.0,0.0,False,False,-0.005546607765495759,0.9074733634361298,-0.16275646813173872,601668 / 601390 / 601186 / 601800 / 601669
2021-09-22,1188561.2795055048,0.0,建筑装饰,1.0,0.0,False,False,0.03851278021206195,0.980935465842508,-0.13051189200492597,601668 / 601390 / 601186 / 601800 / 601669
2021-09-23,1145007.380999038,0.0,风电设备,1.0,2525.2233311171585,False,False,-0.036644217893912145,0.9083456349983967,-0.16237360369046283,002202 / 601615 / 603218 / 002487 / 300129
2021-09-24,1127909.7865291454,0.0,风电设备,1.0,0.0,False,False,-0.014932300659035613,0.8798496442152424,-0.17488129288010135,002202 / 601615 / 603218 / 002487 / 300129
2021-09-27,1090229.196155618,0.0,风电设备,1.0,0.0,False,False,-0.03340745051027516,0.8170486602593632,-0.2024464052533117,002202 / 601615 / 603218 / 002487 / 300129
2021-09-28,1132724.159405308,0.0,风电设备,1.0,0.0,False,False,0.03897800884395353,0.8878735990088469,-0.17135935418374826,002202 / 601615 / 603218 / 002487 / 300129
2021-09-29,1097653.1843595416,0.0,风电设备,1.0,0.0,False,False,-0.03096162005070946,0.8294219739325694,-0.1970154110180855,002202 / 601615 / 603218 / 002487 / 300129
2021-09-30,1130491.970386617,0.0,风电设备,1.0,0.0,False,False,0.029917269402571778,0.8841532839776949,-0.17299230474340022,002202 / 601615 / 603218 / 002487 / 300129
2021-10-08,1070006.9875796677,0.0,风电设备,1.0,0.0,False,False,-0.05350323964376669,0.7833449792994462,-0.21723989564995327,002202 / 601615 / 603218 / 002487 / 300129
2021-10-11,1071465.7434363735,0.0,风电设备,1.0,0.0,False,False,0.001363314327512466,0.7857762390606227,-0.21617274758468763,002202 / 601615 / 603218 / 002487 / 300129
2021-10-12,1088936.871543753,0.0,风电设备,1.0,0.0,False,False,0.016305820521472336,0.814894785906255,-0.20339180108696475,002202 / 601615 / 603218 / 002487 / 300129
2021-10-13,1090579.6043314217,0.0,风电设备,1.0,0.0,False,False,0.001508565675933049,0.8176326738857027,-0.20219006530091788,002202 / 601615 / 603218 / 002487 / 300129
2021-10-14,1128539.4655365902,0.0,风电设备,1.0,0.0,False,False,0.03480705218986713,0.8808991092276504,-0.17442065326625233,002202 / 601615 / 603218 / 002487 / 300129
2021-10-15,1125695.914176818,0.0,食品饮料,1.0,2335.4356130029596,False,False,-0.002519673832071301,0.8761598569613633,-0.17650084394251586,600519 / 000858 / 000568 / 600809 / 603369
2021-10-18,1042096.7531012956,0.0,食品饮料,1.0,0.0,False,False,-0.07426442614092243,0.7368279218354925,-0.2376575361946588,600519 / 000858 / 000568 / 600809 / 603369
2021-10-19,1065859.2205345817,0.0,食品饮料,1.0,0.0,False,False,0.022802553949591298,0.7764320342243027,-0.2202741810356732,600519 / 000858 / 000568 / 600809 / 603369
2021-10-20,1071320.5025222977,0.0,食品饮料,1.0,0.0,False,False,0.00512383050453602,0.7855341708704962,-0.21627899809928952,600519 / 000858 / 000568 / 600809 / 603369
2021-10-21,1047377.802389316,0.0,风电设备,1.0,2249.7123905939666,False,False,-0.02234877431787352,0.7456296706488601,-0.23379420189894617,002202 / 601615 / 603218 / 002487 / 300129
2021-10-22,1009034.132048852,0.0,风电设备,1.0,0.0,False,False,-0.03660920658523892,0.6817235534147534,-0.2618443882484355,002202 / 601615 / 603218 / 002487 / 300129
2021-10-25,1072932.667888778,0.0,风电设备,1.0,0.0,False,False,0.0633264364508459,0.7882211131479633,-0.2150996238100149,002202 / 601615 / 603218 / 002487 / 300129
2021-10-26,1036129.757172323,0.0,风电设备,1.0,0.0,False,False,-0.03430123046665412,0.7268829286205383,-0.2420226725070711,002202 / 601615 / 603218 / 002487 / 300129
2021-10-27,1116588.7082832947,0.0,风电设备,1.0,0.0,False,False,0.0776533542773159,0.8609811804721579,-0.18316319056108954,002202 / 601615 / 603218 / 002487 / 300129
2021-10-28,1150786.809740729,0.0,风电设备,1.0,0.0,False,False,0.030627303682850604,0.9179780162345481,-0.15814568153907338,002202 / 601615 / 603218 / 002487 / 300129
2021-10-29,1169161.2989798733,0.0,风电设备,1.0,0.0,False,False,0.015966892463152416,0.9486021649664556,-0.14470388416656732,002202 / 601615 / 603218 / 002487 / 300129
2021-11-01,1181282.5388341146,0.0,风电设备,1.0,0.0,False,False,0.01036746586191084,0.968804231390191,-0.13583663088383924,002202 / 601615 / 603218 / 002487 / 300129
2021-11-02,1222961.6589989834,0.0,风电设备,1.0,0.0,False,False,0.035282939343203035,1.0382694316649723,-0.10534640714869581,002202 / 601615 / 603218 / 002487 / 300129
2021-11-03,1184108.6847162445,0.0,风电设备,1.0,0.0,False,False,-0.03176957674579994,0.9735144745270741,-0.13376917312769088,002202 / 601615 / 603218 / 002487 / 300129
2021-11-04,1294367.3481216866,0.0,风电设备,1.0,0.0,False,False,0.09311532364266384,1.1572789135361443,-0.05310980933422349,002202 / 601615 / 603218 / 002487 / 300129
2021-11-05,1300083.8418086893,0.0,风电设备,1.0,0.0,False,False,0.004416438420899782,1.166806403014482,-0.04892792711579408,002202 / 601615 / 603218 / 002487 / 300129
2021-11-08,1276124.3845923305,0.0,风电设备,1.0,0.0,False,False,-0.0184291631399911,1.1268739743205507,-0.06645538950486662,002202 / 601615 / 603218 / 002487 / 300129
2021-11-09,1263740.454097836,0.0,风电设备,1.0,0.0,False,False,-0.009704328703389442,1.1062340901630603,-0.07551481326438914,002202 / 601615 / 603218 / 002487 / 300129
2021-11-10,1246972.2020028743,0.0,风电设备,1.0,0.0,False,False,-0.013268746790995323,1.078287003338124,-0.08778157311920998,002202 / 601615 / 603218 / 002487 / 300129
2021-11-11,1210525.481634009,0.0,风电设备,1.0,0.0,False,False,-0.029228173900208043,1.017542469390015,-0.11444405193505591,002202 / 601615 / 603218 / 002487 / 300129
2021-11-12,1217402.9797559343,0.0,风电设备,1.0,0.0,False,False,0.005681415407003065,1.0290049662598904,-0.10941284072795654,002202 / 601615 / 603218 / 002487 / 300129
2021-11-15,1163149.9354868028,0.0,风电设备,1.0,0.0,False,False,-0.04456457325248886,0.938583225811338,-0.1491014774250614,002202 / 601615 / 603218 / 002487 / 300129
2021-11-16,1192730.7887602162,0.0,风电设备,1.0,0.0,False,False,0.025431676837976314,0.9878846479336936,-0.12746170117702404,002202 / 601615 / 603218 / 002487 / 300129
2021-11-17,1260742.6302895965,0.0,风电设备,1.0,0.0,False,False,0.05702195513882491,1.1012377171493277,-0.07770786144463371,002202 / 601615 / 603218 / 002487 / 300129
2021-11-18,1288168.2775643494,0.0,风电设备,1.0,0.0,False,False,0.02175356541124751,1.1469471292739155,-0.05764471908029034,002202 / 601615 / 603218 / 002487 / 300129
2021-11-19,1297699.5548156546,0.0,风电设备,1.0,0.0,False,False,0.00739909328409083,1.1628325913594244,-0.05067214445000967,002202 / 601615 / 603218 / 002487 / 300129
2021-11-22,1306355.8194485637,0.0,风电设备,1.0,0.0,False,False,0.006670468985510825,1.1772596990809396,-0.044339682432481986,002202 / 601615 / 603218 / 002487 / 300129
2021-11-23,1240692.1214555271,0.0,风电设备,1.0,0.0,False,False,-0.050264787751896245,1.0678202024258785,-0.09237574545792304,002202 / 601615 / 603218 / 002487 / 300129
2021-11-24,1214134.2626228007,0.0,风电设备,1.0,0.0,False,False,-0.021405680243677172,1.0235571043713345,-0.11180406003205656,002202 / 601615 / 603218 / 002487 / 300129
2021-11-25,1226152.9118432174,0.0,风电设备,1.0,0.0,False,False,0.009898945767705891,1.0435881864053624,-0.10301185659121725,002202 / 601615 / 603218 / 002487 / 300129
2021-11-26,1278671.0335063157,0.0,风电设备,1.0,0.0,False,False,0.04283162495952508,1.131118389177193,-0.06459239683959161,002202 / 601615 / 603218 / 002487 / 300129
2021-11-29,1253493.691406558,0.0,风电设备,1.0,0.0,False,False,-0.019690242009093972,1.0891561523442634,-0.08301079892296659,002202 / 601615 / 603218 / 002487 / 300129
2021-11-30,1227606.3449986586,0.0,稀土永磁,1.0,2652.5986342927445,False,False,-0.0206521553202641,1.0460105749977644,-0.10194860233061442,600111 / 000831 / 002600 / 300224 / 688077
2021-12-01,1232256.3009136925,0.0,稀土永磁,1.0,0.0,False,False,0.003787823298549986,1.0537605015228206,-0.0985469423232268,600111 / 000831 / 002600 / 300224 / 688077
2021-12-02,1308522.6915047928,0.0,稀土永磁,1.0,0.0,False,False,0.06189166209541819,1.1808711525079878,-0.04275451428261434,600111 / 000831 / 002600 / 300224 / 688077
2021-12-03,1269467.170527249,0.0,稀土永磁,1.0,0.0,False,False,-0.029847033781760457,1.115778617545415,-0.07132545263225887,600111 / 000831 / 002600 / 300224 / 688077
2021-12-06,1230047.8200012865,0.0,稀土永磁,1.0,0.0,False,False,-0.031051886524635863,1.050079700002144,-0.10016254929543955,600111 / 000831 / 002600 / 300224 / 688077
2021-12-07,1214604.7483709408,0.0,稀土永磁,1.0,0.0,False,False,-0.01255485468063311,1.0243412472849012,-0.11145987772522659,600111 / 000831 / 002600 / 300224 / 688077
2021-12-08,1198903.151881019,0.0,煤炭,1.0,2541.4980153964725,False,False,-0.012927330072586396,0.9981719198016981,-0.12294632916860893,601088 / 600188 / 601225 / 000723 / 600157
2021-12-09,1198203.1885513668,0.0,煤炭,1.0,0.0,False,False,-0.0005838364246135708,0.9970053142522779,-0.12345838504798123,601088 / 600188 / 601225 / 000723 / 600157
2021-12-10,1176288.7603877012,0.0,煤炭,1.0,0.0,False,False,-0.018289408985933564,0.9604812673128353,-0.13948981313702935,601088 / 600188 / 601225 / 000723 / 600157
2021-12-13,1200562.531234523,0.0,煤炭,1.0,0.0,False,False,0.02063589457304782,1.0009375520575383,-0.1217324156418913,601088 / 600188 / 601225 / 000723 / 600157
2021-12-14,1212684.6838834276,0.0,食品饮料,1.0,2508.128944339853,False,False,0.010097060614110198,1.0211411398057129,-0.11286449460721937,600519 / 000858 / 000568 / 600809 / 603369
2021-12-15,1198061.9790963882,0.0,食品饮料,1.0,0.0,False,False,-0.01205812605813783,0.996769965160647,-0.12356168636189535,600519 / 000858 / 000568 / 600809 / 603369
2021-12-16,1170152.914583861,0.0,食品饮料,1.0,0.0,False,False,-0.02329517587527241,0.9502548576397682,-0.14397847102192218,600519 / 000858 / 000568 / 600809 / 603369
2021-12-17,1136521.9021102127,0.0,食品饮料,1.0,0.0,False,False,-0.028740698804829545,0.8942031701836879,-0.16858112795673075,600519 / 000858 / 000568 / 600809 / 603369
2021-12-20,1144814.2045217478,0.0,食品饮料,1.0,0.0,False,False,0.007296209950849564,0.9080236742029129,-0.16251492130920453,600519 / 000858 / 000568 / 600809 / 603369
2021-12-21,1135960.5150074153,0.0,食品饮料,1.0,0.0,False,False,-0.007733734853535568,0.893267525012359,-0.16899180885159149,600519 / 000858 / 000568 / 600809 / 603369
2021-12-22,1136840.0531523812,0.0,食品饮料,1.0,0.0,False,False,0.0007742682367442022,0.8947334219206353,-0.168348385604711,600519 / 000858 / 000568 / 600809 / 603369
2021-12-23,1164097.0646171016,0.0,食品饮料,1.0,0.0,False,False,0.023976118178752115,0.940161774361836,-0.14840860821441948,600519 / 000858 / 000568 / 600809 / 603369
2021-12-24,1176567.7216663759,0.0,食品饮料,1.0,0.0,False,False,0.010712729572405655,0.960946202777293,-0.13928573992803195,600519 / 000858 / 000568 / 600809 / 603369
2021-12-27,1163754.2214565119,0.0,食品饮料,1.0,0.0,False,False,-0.010890576015221809,0.9395903690941865,-0.14865941400473115,600519 / 000858 / 000568 / 600809 / 603369
2021-12-28,1174794.176931384,0.0,食品饮料,1.0,0.0,False,False,0.009486500904851702,0.95799029488564,-0.1405831707653501,600519 / 000858 / 000568 / 600809 / 603369
2021-12-29,1117635.460223165,0.0,食品饮料,1.0,0.0,False,False,-0.048654239040850644,0.8627257670386086,-0.1823974426106626,600519 / 000858 / 000568 / 600809 / 603369
2021-12-30,1120496.285217596,1120496.285217596,现金,0.0,1458.541274439646,False,False,0.0025597120852443034,0.8674938086959934,-0.18030461546358645,
2021-12-31,1120496.285217596,1120496.285217596,现金,0.0,0.0,False,False,0.0,0.8674938086959934,-0.18030461546358645,
2022-01-04,1120496.285217596,1120496.285217596,现金,0.0,0.0,False,False,0.0,0.8674938086959934,-0.18030461546358645,
2022-01-05,1120496.285217596,1120496.285217596,现金,0.0,0.0,False,False,0.0,0.8674938086959934,-0.18030461546358645,
2022-01-06,1120496.285217596,1120496.285217596,现金,0.0,0.0,False,False,0.0,0.8674938086959934,-0.18030461546358645,
2022-01-07,1120496.285217596,1120496.285217596,现金,0.0,0.0,False,False,0.0,0.8674938086959934,-0.18030461546358645,
2022-01-10,1120496.285217596,1120496.285217596,现金,0.0,0.0,False,False,0.0,0.8674938086959934,-0.18030461546358645,
2022-01-11,1120496.285217596,1120496.285217596,现金,0.0,0.0,False,False,0.0,0.8674938086959934,-0.18030461546358645,
2022-01-12,1120496.285217596,1120496.285217596,现金,0.0,0.0,False,False,0.0,0.8674938086959934,-0.18030461546358645,
2022-01-13,1120496.285217596,1120496.285217596,现金,0.0,0.0,False,False,0.0,0.8674938086959934,-0.18030461546358645,
2022-01-14,1120496.285217596,1120496.285217596,现金,0.0,0.0,False,False,0.0,0.8674938086959934,-0.18030461546358645,
2022-01-17,1120496.285217596,1120496.285217596,现金,0.0,0.0,False,False,0.0,0.8674938086959934,-0.18030461546358645,
2022-01-18,1120496.285217596,1120496.285217596,现金,0.0,0.0,False,False,0.0,0.8674938086959934,-0.18030461546358645,
2022-01-19,1120496.285217596,1120496.285217596,现金,0.0,0.0,False,False,0.0,0.8674938086959934,-0.18030461546358645,
2022-01-20,1120496.285217596,1120496.285217596,现金,0.0,0.0,False,False,0.0,0.8674938086959934,-0.18030461546358645,
2022-01-21,1120496.285217596,1120496.285217596,现金,0.0,0.0,False,False,0.0,0.8674938086959934,-0.18030461546358645,
2022-01-24,1120496.285217596,1120496.285217596,现金,0.0,0.0,False,False,0.0,0.8674938086959934,-0.18030461546358645,
2022-01-25,1120496.285217596,1120496.285217596,现金,0.0,0.0,False,False,0.0,0.8674938086959934,-0.18030461546358645,
2022-01-26,1120496.285217596,1120496.285217596,现金,0.0,0.0,False,False,0.0,0.8674938086959934,-0.18030461546358645,
2022-01-27,1120496.285217596,1120496.285217596,现金,0.0,0.0,False,False,0.0,0.8674938086959934,-0.18030461546358645,
2022-01-28,1120496.285217596,1120496.285217596,现金,0.0,0.0,False,False,0.0,0.8674938086959934,-0.18030461546358645,
2022-02-07,1120496.285217596,1120496.285217596,现金,0.0,0.0,False,False,0.0,0.8674938086959934,-0.18030461546358645,
2022-02-08,1120496.285217596,1120496.285217596,现金,0.0,0.0,False,False,0.0,0.8674938086959934,-0.18030461546358645,
2022-02-09,1120496.285217596,1120496.285217596,现金,0.0,0.0,False,False,0.0,0.8674938086959934,-0.18030461546358645,
2022-02-10,1120496.285217596,1120496.285217596,现金,0.0,0.0,False,False,0.0,0.8674938086959934,-0.18030461546358645,
2022-02-11,1120496.285217596,1120496.285217596,现金,0.0,0.0,False,False,0.0,0.8674938086959934,-0.18030461546358645,
2022-02-14,1120496.285217596,1120496.285217596,现金,0.0,0.0,False,False,0.0,0.8674938086959934,-0.18030461546358645,
2022-02-15,1120496.285217596,1120496.285217596,现金,0.0,0.0,False,False,0.0,0.8674938086959934,-0.18030461546358645,
2022-02-16,1120496.285217596,1120496.285217596,现金,0.0,0.0,False,False,0.0,0.8674938086959934,-0.18030461546358645,
2022-02-17,1120496.285217596,1120496.285217596,现金,0.0,0.0,False,False,0.0,0.8674938086959934,-0.18030461546358645,
2022-02-18,1120496.285217596,1120496.285217596,现金,0.0,0.0,False,False,0.0,0.8674938086959934,-0.18030461546358645,
2022-02-21,1120496.285217596,1120496.285217596,现金,0.0,0.0,False,False,0.0,0.8674938086959934,-0.18030461546358645,
2022-02-22,1120496.285217596,1120496.285217596,现金,0.0,0.0,False,False,0.0,0.8674938086959934,-0.18030461546358645,
2022-02-23,1120496.285217596,1120496.285217596,现金,0.0,0.0,False,False,0.0,0.8674938086959934,-0.18030461546358645,
2022-02-24,1120496.285217596,1120496.285217596,现金,0.0,0.0,False,False,0.0,0.8674938086959934,-0.18030461546358645,
2022-02-25,1120496.285217596,1120496.285217596,现金,0.0,0.0,False,False,0.0,0.8674938086959934,-0.18030461546358645,
2022-02-28,1120496.285217596,1120496.285217596,现金,0.0,0.0,False,False,0.0,0.8674938086959934,-0.18030461546358645,
2022-03-01,1120496.285217596,1120496.285217596,现金,0.0,0.0,False,False,0.0,0.8674938086959934,-0.18030461546358645,
2022-03-02,1120496.285217596,1120496.285217596,现金,0.0,0.0,False,False,0.0,0.8674938086959934,-0.18030461546358645,
2022-03-03,1120496.285217596,1120496.285217596,现金,0.0,0.0,False,False,0.0,0.8674938086959934,-0.18030461546358645,
2022-03-04,1120496.285217596,1120496.285217596,现金,0.0,0.0,False,False,0.0,0.8674938086959934,-0.18030461546358645,
2022-03-07,1120496.285217596,1120496.285217596,现金,0.0,0.0,False,False,0.0,0.8674938086959934,-0.18030461546358645,
2022-03-08,1120496.285217596,1120496.285217596,现金,0.0,0.0,False,False,0.0,0.8674938086959934,-0.18030461546358645,
2022-03-09,1120496.285217596,1120496.285217596,现金,0.0,0.0,False,False,0.0,0.8674938086959934,-0.18030461546358645,
2022-03-10,1120496.285217596,1120496.285217596,现金,0.0,0.0,False,False,0.0,0.8674938086959934,-0.18030461546358645,
2022-03-11,1120496.285217596,1120496.285217596,现金,0.0,0.0,False,False,0.0,0.8674938086959934,-0.18030461546358645,
2022-03-14,1120496.285217596,1120496.285217596,现金,0.0,0.0,False,False,0.0,0.8674938086959934,-0.18030461546358645,
2022-03-15,1120496.285217596,1120496.285217596,现金,0.0,0.0,False,False,0.0,0.8674938086959934,-0.18030461546358645,
2022-03-16,1120496.285217596,1120496.285217596,现金,0.0,0.0,False,False,0.0,0.8674938086959934,-0.18030461546358645,
2022-03-17,1120496.285217596,1120496.285217596,现金,0.0,0.0,False,False,0.0,0.8674938086959934,-0.18030461546358645,
2022-03-18,1120496.285217596,1120496.285217596,现金,0.0,0.0,False,False,0.0,0.8674938086959934,-0.18030461546358645,
2022-03-21,1120496.285217596,1120496.285217596,现金,0.0,0.0,False,False,0.0,0.8674938086959934,-0.18030461546358645,
2022-03-22,1120496.285217596,1120496.285217596,现金,0.0,0.0,False,False,0.0,0.8674938086959934,-0.18030461546358645,
2022-03-23,1120496.285217596,1120496.285217596,现金,0.0,0.0,False,False,0.0,0.8674938086959934,-0.18030461546358645,
2022-03-24,1120496.285217596,1120496.285217596,现金,0.0,0.0,False,False,0.0,0.8674938086959934,-0.18030461546358645,
2022-03-25,1120496.285217596,1120496.285217596,现金,0.0,0.0,False,False,0.0,0.8674938086959934,-0.18030461546358645,
2022-03-28,1120496.285217596,1120496.285217596,现金,0.0,0.0,False,False,0.0,0.8674938086959934,-0.18030461546358645,
2022-03-29,1120496.285217596,1120496.285217596,现金,0.0,0.0,False,False,0.0,0.8674938086959934,-0.18030461546358645,
2022-03-30,1120496.285217596,1120496.285217596,现金,0.0,0.0,False,False,0.0,0.8674938086959934,-0.18030461546358645,
2022-03-31,1120496.285217596,1120496.285217596,现金,0.0,0.0,False,False,0.0,0.8674938086959934,-0.18030461546358645,
2022-04-01,1120496.285217596,1120496.285217596,现金,0.0,0.0,False,False,0.0,0.8674938086959934,-0.18030461546358645,
2022-04-06,1120496.285217596,1120496.285217596,现金,0.0,0.0,False,False,0.0,0.8674938086959934,-0.18030461546358645,
2022-04-07,1120496.285217596,1120496.285217596,现金,0.0,0.0,False,False,0.0,0.8674938086959934,-0.18030461546358645,
2022-04-08,1120496.285217596,1120496.285217596,现金,0.0,0.0,False,False,0.0,0.8674938086959934,-0.18030461546358645,
2022-04-11,1120496.285217596,1120496.285217596,现金,0.0,0.0,False,False,0.0,0.8674938086959934,-0.18030461546358645,
2022-04-12,1120496.285217596,1120496.285217596,现金,0.0,0.0,False,False,0.0,0.8674938086959934,-0.18030461546358645,
2022-04-13,1120496.285217596,1120496.285217596,现金,0.0,0.0,False,False,0.0,0.8674938086959934,-0.18030461546358645,
2022-04-14,1120496.285217596,1120496.285217596,现金,0.0,0.0,False,False,0.0,0.8674938086959934,-0.18030461546358645,
2022-04-15,1120496.285217596,1120496.285217596,现金,0.0,0.0,False,False,0.0,0.8674938086959934,-0.18030461546358645,
2022-04-18,1120496.285217596,1120496.285217596,现金,0.0,0.0,False,False,0.0,0.8674938086959934,-0.18030461546358645,
2022-04-19,1120496.285217596,1120496.285217596,现金,0.0,0.0,False,False,0.0,0.8674938086959934,-0.18030461546358645,
2022-04-20,1120496.285217596,1120496.285217596,现金,0.0,0.0,False,False,0.0,0.8674938086959934,-0.18030461546358645,
2022-04-21,1120496.285217596,1120496.285217596,现金,0.0,0.0,False,False,0.0,0.8674938086959934,-0.18030461546358645,
2022-04-22,1120496.285217596,1120496.285217596,现金,0.0,0.0,False,False,0.0,0.8674938086959934,-0.18030461546358645,
2022-04-25,1120496.285217596,1120496.285217596,现金,0.0,0.0,False,False,0.0,0.8674938086959934,-0.18030461546358645,
2022-04-26,1120496.285217596,1120496.285217596,现金,0.0,0.0,False,False,0.0,0.8674938086959934,-0.18030461546358645,
2022-04-27,1120496.285217596,1120496.285217596,现金,0.0,0.0,False,False,0.0,0.8674938086959934,-0.18030461546358645,
2022-04-28,1120496.285217596,1120496.285217596,现金,0.0,0.0,False,False,0.0,0.8674938086959934,-0.18030461546358645,
2022-04-29,1120496.285217596,1120496.285217596,现金,0.0,0.0,False,False,0.0,0.8674938086959934,-0.18030461546358645,
2022-05-05,1120496.285217596,1120496.285217596,现金,0.0,0.0,False,False,0.0,0.8674938086959934,-0.18030461546358645,
2022-05-06,1120496.285217596,1120496.285217596,现金,0.0,0.0,False,False,0.0,0.8674938086959934,-0.18030461546358645,
2022-05-09,1120496.285217596,1120496.285217596,现金,0.0,0.0,False,False,0.0,0.8674938086959934,-0.18030461546358645,
2022-05-10,1120496.285217596,1120496.285217596,现金,0.0,0.0,False,False,0.0,0.8674938086959934,-0.18030461546358645,
2022-05-11,1120496.285217596,1120496.285217596,现金,0.0,0.0,False,False,0.0,0.8674938086959934,-0.18030461546358645,
2022-05-12,1120496.285217596,1120496.285217596,现金,0.0,0.0,False,False,0.0,0.8674938086959934,-0.18030461546358645,
2022-05-13,1120496.285217596,1120496.285217596,现金,0.0,0.0,False,False,0.0,0.8674938086959934,-0.18030461546358645,
2022-05-16,1120496.285217596,1120496.285217596,现金,0.0,0.0,False,False,0.0,0.8674938086959934,-0.18030461546358645,
2022-05-17,1120496.285217596,1120496.285217596,现金,0.0,0.0,False,False,0.0,0.8674938086959934,-0.18030461546358645,
2022-05-18,1120496.285217596,1120496.285217596,现金,0.0,0.0,False,False,0.0,0.8674938086959934,-0.18030461546358645,
2022-05-19,1120496.285217596,1120496.285217596,现金,0.0,0.0,False,False,0.0,0.8674938086959934,-0.18030461546358645,
2022-05-20,1120496.285217596,1120496.285217596,现金,0.0,0.0,False,False,0.0,0.8674938086959934,-0.18030461546358645,
2022-05-23,1120496.285217596,1120496.285217596,现金,0.0,0.0,False,False,0.0,0.8674938086959934,-0.18030461546358645,
2022-05-24,1120496.285217596,1120496.285217596,现金,0.0,0.0,False,False,0.0,0.8674938086959934,-0.18030461546358645,
2022-05-25,1120496.285217596,1120496.285217596,现金,0.0,0.0,False,False,0.0,0.8674938086959934,-0.18030461546358645,
2022-05-26,1120496.285217596,1120496.285217596,现金,0.0,0.0,False,False,0.0,0.8674938086959934,-0.18030461546358645,
2022-05-27,1120496.285217596,1120496.285217596,现金,0.0,0.0,False,False,0.0,0.8674938086959934,-0.18030461546358645,
2022-05-30,1120496.285217596,1120496.285217596,现金,0.0,0.0,False,False,0.0,0.8674938086959934,-0.18030461546358645,
2022-05-31,1120496.285217596,1120496.285217596,现金,0.0,0.0,False,False,0.0,0.8674938086959934,-0.18030461546358645,
2022-06-01,1120496.285217596,1120496.285217596,现金,0.0,0.0,False,False,0.0,0.8674938086959934,-0.18030461546358645,
2022-06-02,1120496.285217596,1120496.285217596,现金,0.0,0.0,False,False,0.0,0.8674938086959934,-0.18030461546358645,
2022-06-06,1120496.285217596,1120496.285217596,现金,0.0,0.0,False,False,0.0,0.8674938086959934,-0.18030461546358645,
2022-06-07,1120496.285217596,1120496.285217596,现金,0.0,0.0,False,False,0.0,0.8674938086959934,-0.18030461546358645,
2022-06-08,1120496.285217596,1120496.285217596,现金,0.0,0.0,False,False,0.0,0.8674938086959934,-0.18030461546358645,
2022-06-09,1120496.285217596,1120496.285217596,现金,0.0,0.0,False,False,0.0,0.8674938086959934,-0.18030461546358645,
2022-06-10,1120496.285217596,1120496.285217596,现金,0.0,0.0,False,False,0.0,0.8674938086959934,-0.18030461546358645,
2022-06-13,1120496.285217596,1120496.285217596,现金,0.0,0.0,False,False,0.0,0.8674938086959934,-0.18030461546358645,
2022-06-14,1120496.285217596,1120496.285217596,现金,0.0,0.0,False,False,0.0,0.8674938086959934,-0.18030461546358645,
2022-06-15,1120496.285217596,1120496.285217596,现金,0.0,0.0,False,False,0.0,0.8674938086959934,-0.18030461546358645,
2022-06-16,1120496.285217596,1120496.285217596,现金,0.0,0.0,False,False,0.0,0.8674938086959934,-0.18030461546358645,
2022-06-17,1120496.285217596,1120496.285217596,现金,0.0,0.0,False,False,0.0,0.8674938086959934,-0.18030461546358645,
2022-06-20,1120496.285217596,1120496.285217596,现金,0.0,0.0,False,False,0.0,0.8674938086959934,-0.18030461546358645,
2022-06-21,1120496.285217596,1120496.285217596,现金,0.0,0.0,False,False,0.0,0.8674938086959934,-0.18030461546358645,
2022-06-22,1120496.285217596,1120496.285217596,现金,0.0,0.0,False,False,0.0,0.8674938086959934,-0.18030461546358645,
2022-06-23,1120496.285217596,1120496.285217596,现金,0.0,0.0,False,False,0.0,0.8674938086959934,-0.18030461546358645,
2022-06-24,1120496.285217596,1120496.285217596,现金,0.0,0.0,False,False,0.0,0.8674938086959934,-0.18030461546358645,
2022-06-27,1120496.285217596,1120496.285217596,现金,0.0,0.0,False,False,0.0,0.8674938086959934,-0.18030461546358645,
2022-06-28,1120496.285217596,1120496.285217596,现金,0.0,0.0,False,False,0.0,0.8674938086959934,-0.18030461546358645,
2022-06-29,1120496.285217596,1120496.285217596,现金,0.0,0.0,False,False,0.0,0.8674938086959934,-0.18030461546358645,
2022-06-30,1120496.285217596,1120496.285217596,现金,0.0,0.0,False,False,0.0,0.8674938086959934,-0.18030461546358645,
2022-07-01,1120496.285217596,1120496.285217596,现金,0.0,0.0,False,False,0.0,0.8674938086959934,-0.18030461546358645,
2022-07-04,1120496.285217596,1120496.285217596,现金,0.0,0.0,False,False,0.0,0.8674938086959934,-0.18030461546358645,
2022-07-05,1120496.285217596,1120496.285217596,现金,0.0,0.0,False,False,0.0,0.8674938086959934,-0.18030461546358645,
2022-07-06,1120496.285217596,1120496.285217596,现金,0.0,0.0,False,False,0.0,0.8674938086959934,-0.18030461546358645,
2022-07-07,1120496.285217596,1120496.285217596,现金,0.0,0.0,False,False,0.0,0.8674938086959934,-0.18030461546358645,
2022-07-08,1120496.285217596,1120496.285217596,现金,0.0,0.0,False,False,0.0,0.8674938086959934,-0.18030461546358645,
2022-07-11,1120496.285217596,1120496.285217596,现金,0.0,0.0,False,False,0.0,0.8674938086959934,-0.18030461546358645,
2022-07-12,1120496.285217596,1120496.285217596,现金,0.0,0.0,False,False,0.0,0.8674938086959934,-0.18030461546358645,
2022-07-13,1120496.285217596,1120496.285217596,现金,0.0,0.0,False,False,0.0,0.8674938086959934,-0.18030461546358645,
2022-07-14,1120496.285217596,1120496.285217596,现金,0.0,0.0,False,False,0.0,0.8674938086959934,-0.18030461546358645,
2022-07-15,1120496.285217596,1120496.285217596,现金,0.0,0.0,False,False,0.0,0.8674938086959934,-0.18030461546358645,
2022-07-18,1120496.285217596,1120496.285217596,现金,0.0,0.0,False,False,0.0,0.8674938086959934,-0.18030461546358645,
2022-07-19,1120496.285217596,1120496.285217596,现金,0.0,0.0,False,False,0.0,0.8674938086959934,-0.18030461546358645,
2022-07-20,1120496.285217596,1120496.285217596,现金,0.0,0.0,False,False,0.0,0.8674938086959934,-0.18030461546358645,
2022-07-21,1120496.285217596,1120496.285217596,现金,0.0,0.0,False,False,0.0,0.8674938086959934,-0.18030461546358645,
2022-07-22,1120496.285217596,1120496.285217596,现金,0.0,0.0,False,False,0.0,0.8674938086959934,-0.18030461546358645,
2022-07-25,1120496.285217596,1120496.285217596,现金,0.0,0.0,False,False,0.0,0.8674938086959934,-0.18030461546358645,
2022-07-26,1120496.285217596,1120496.285217596,现金,0.0,0.0,False,False,0.0,0.8674938086959934,-0.18030461546358645,
2022-07-27,1120496.285217596,1120496.285217596,现金,0.0,0.0,False,False,0.0,0.8674938086959934,-0.18030461546358645,
2022-07-28,1120496.285217596,1120496.285217596,现金,0.0,0.0,False,False,0.0,0.8674938086959934,-0.18030461546358645,
2022-07-29,1120496.285217596,1120496.285217596,现金,0.0,0.0,False,False,0.0,0.8674938086959934,-0.18030461546358645,
2022-08-01,1120496.285217596,1120496.285217596,现金,0.0,0.0,False,False,0.0,0.8674938086959934,-0.18030461546358645,
2022-08-02,1120496.285217596,1120496.285217596,现金,0.0,0.0,False,False,0.0,0.8674938086959934,-0.18030461546358645,
2022-08-03,1120496.285217596,1120496.285217596,现金,0.0,0.0,False,False,0.0,0.8674938086959934,-0.18030461546358645,
2022-08-04,1120496.285217596,1120496.285217596,现金,0.0,0.0,False,False,0.0,0.8674938086959934,-0.18030461546358645,
2022-08-05,1120496.285217596,1120496.285217596,现金,0.0,0.0,False,False,0.0,0.8674938086959934,-0.18030461546358645,
2022-08-08,1120496.285217596,1120496.285217596,现金,0.0,0.0,False,False,0.0,0.8674938086959934,-0.18030461546358645,
2022-08-09,1120496.285217596,1120496.285217596,现金,0.0,0.0,False,False,0.0,0.8674938086959934,-0.18030461546358645,
2022-08-10,1120496.285217596,1120496.285217596,现金,0.0,0.0,False,False,0.0,0.8674938086959934,-0.18030461546358645,
2022-08-11,1120496.285217596,1120496.285217596,现金,0.0,0.0,False,False,0.0,0.8674938086959934,-0.18030461546358645,
2022-08-12,1120496.285217596,1120496.285217596,现金,0.0,0.0,False,False,0.0,0.8674938086959934,-0.18030461546358645,
2022-08-15,1120496.285217596,1120496.285217596,现金,0.0,0.0,False,False,0.0,0.8674938086959934,-0.18030461546358645,
2022-08-16,1120496.285217596,1120496.285217596,现金,0.0,0.0,False,False,0.0,0.8674938086959934,-0.18030461546358645,
2022-08-17,1120496.285217596,1120496.285217596,现金,0.0,0.0,False,False,0.0,0.8674938086959934,-0.18030461546358645,
2022-08-18,1120496.285217596,1120496.285217596,现金,0.0,0.0,False,False,0.0,0.8674938086959934,-0.18030461546358645,
2022-08-19,1120496.285217596,1120496.285217596,现金,0.0,0.0,False,False,0.0,0.8674938086959934,-0.18030461546358645,
2022-08-22,1120496.285217596,1120496.285217596,现金,0.0,0.0,False,False,0.0,0.8674938086959934,-0.18030461546358645,
2022-08-23,1120496.285217596,1120496.285217596,现金,0.0,0.0,False,False,0.0,0.8674938086959934,-0.18030461546358645,
2022-08-24,1120496.285217596,1120496.285217596,现金,0.0,0.0,False,False,0.0,0.8674938086959934,-0.18030461546358645,
2022-08-25,1120496.285217596,1120496.285217596,现金,0.0,0.0,False,False,0.0,0.8674938086959934,-0.18030461546358645,
2022-08-26,1120496.285217596,1120496.285217596,现金,0.0,0.0,False,False,0.0,0.8674938086959934,-0.18030461546358645,
2022-08-29,1120496.285217596,1120496.285217596,现金,0.0,0.0,False,False,0.0,0.8674938086959934,-0.18030461546358645,
2022-08-30,1120496.285217596,1120496.285217596,现金,0.0,0.0,False,False,0.0,0.8674938086959934,-0.18030461546358645,
2022-08-31,1120496.285217596,1120496.285217596,现金,0.0,0.0,False,False,0.0,0.8674938086959934,-0.18030461546358645,
2022-09-01,1120496.285217596,1120496.285217596,现金,0.0,0.0,False,False,0.0,0.8674938086959934,-0.18030461546358645,
2022-09-02,1120496.285217596,1120496.285217596,现金,0.0,0.0,False,False,0.0,0.8674938086959934,-0.18030461546358645,
2022-09-05,1120496.285217596,1120496.285217596,现金,0.0,0.0,False,False,0.0,0.8674938086959934,-0.18030461546358645,
2022-09-06,1120496.285217596,1120496.285217596,现金,0.0,0.0,False,False,0.0,0.8674938086959934,-0.18030461546358645,
2022-09-07,1120496.285217596,1120496.285217596,现金,0.0,0.0,False,False,0.0,0.8674938086959934,-0.18030461546358645,
2022-09-08,1120496.285217596,1120496.285217596,现金,0.0,0.0,False,False,0.0,0.8674938086959934,-0.18030461546358645,
2022-09-09,1120496.285217596,1120496.285217596,现金,0.0,0.0,False,False,0.0,0.8674938086959934,-0.18030461546358645,
2022-09-13,1120496.285217596,1120496.285217596,现金,0.0,0.0,False,False,0.0,0.8674938086959934,-0.18030461546358645,
2022-09-14,1120496.285217596,1120496.285217596,现金,0.0,0.0,False,False,0.0,0.8674938086959934,-0.18030461546358645,
2022-09-15,1120496.285217596,1120496.285217596,现金,0.0,0.0,False,False,0.0,0.8674938086959934,-0.18030461546358645,
2022-09-16,1120496.285217596,1120496.285217596,现金,0.0,0.0,False,False,0.0,0.8674938086959934,-0.18030461546358645,
2022-09-19,1120496.285217596,1120496.285217596,现金,0.0,0.0,False,False,0.0,0.8674938086959934,-0.18030461546358645,
2022-09-20,1120496.285217596,1120496.285217596,现金,0.0,0.0,False,False,0.0,0.8674938086959934,-0.18030461546358645,
2022-09-21,1120496.285217596,1120496.285217596,现金,0.0,0.0,False,False,0.0,0.8674938086959934,-0.18030461546358645,
2022-09-22,1120496.285217596,1120496.285217596,现金,0.0,0.0,False,False,0.0,0.8674938086959934,-0.18030461546358645,
2022-09-23,1120496.285217596,1120496.285217596,现金,0.0,0.0,False,False,0.0,0.8674938086959934,-0.18030461546358645,
2022-09-26,1120496.285217596,1120496.285217596,现金,0.0,0.0,False,False,0.0,0.8674938086959934,-0.18030461546358645,
2022-09-27,1120496.285217596,1120496.285217596,现金,0.0,0.0,False,False,0.0,0.8674938086959934,-0.18030461546358645,
2022-09-28,1120496.285217596,1120496.285217596,现金,0.0,0.0,False,False,0.0,0.8674938086959934,-0.18030461546358645,
2022-09-29,1120496.285217596,1120496.285217596,现金,0.0,0.0,False,False,0.0,0.8674938086959934,-0.18030461546358645,
2022-09-30,1120496.285217596,1120496.285217596,现金,0.0,0.0,False,False,0.0,0.8674938086959934,-0.18030461546358645,
2022-10-10,1120496.285217596,1120496.285217596,现金,0.0,0.0,False,False,0.0,0.8674938086959934,-0.18030461546358645,
2022-10-11,1120496.285217596,1120496.285217596,现金,0.0,0.0,False,False,0.0,0.8674938086959934,-0.18030461546358645,
2022-10-12,1120496.285217596,1120496.285217596,现金,0.0,0.0,False,False,0.0,0.8674938086959934,-0.18030461546358645,
2022-10-13,1120496.285217596,1120496.285217596,现金,0.0,0.0,False,False,0.0,0.8674938086959934,-0.18030461546358645,
2022-10-14,1120496.285217596,1120496.285217596,现金,0.0,0.0,False,False,0.0,0.8674938086959934,-0.18030461546358645,
2022-10-17,1120496.285217596,1120496.285217596,现金,0.0,0.0,False,False,0.0,0.8674938086959934,-0.18030461546358645,
2022-10-18,1120496.285217596,1120496.285217596,现金,0.0,0.0,False,False,0.0,0.8674938086959934,-0.18030461546358645,
2022-10-19,1120496.285217596,1120496.285217596,现金,0.0,0.0,False,False,0.0,0.8674938086959934,-0.18030461546358645,
2022-10-20,1120496.285217596,1120496.285217596,现金,0.0,0.0,False,False,0.0,0.8674938086959934,-0.18030461546358645,
2022-10-21,1120496.285217596,1120496.285217596,现金,0.0,0.0,False,False,0.0,0.8674938086959934,-0.18030461546358645,
2022-10-24,1120496.285217596,1120496.285217596,现金,0.0,0.0,False,False,0.0,0.8674938086959934,-0.18030461546358645,
2022-10-25,1120496.285217596,1120496.285217596,现金,0.0,0.0,False,False,0.0,0.8674938086959934,-0.18030461546358645,
2022-10-26,1120496.285217596,1120496.285217596,现金,0.0,0.0,False,False,0.0,0.8674938086959934,-0.18030461546358645,
2022-10-27,1120496.285217596,1120496.285217596,现金,0.0,0.0,False,False,0.0,0.8674938086959934,-0.18030461546358645,
2022-10-28,1120496.285217596,1120496.285217596,现金,0.0,0.0,False,False,0.0,0.8674938086959934,-0.18030461546358645,
2022-10-31,1120496.285217596,1120496.285217596,现金,0.0,0.0,False,False,0.0,0.8674938086959934,-0.18030461546358645,
2022-11-01,1120496.285217596,1120496.285217596,现金,0.0,0.0,False,False,0.0,0.8674938086959934,-0.18030461546358645,
2022-11-02,1120496.285217596,1120496.285217596,现金,0.0,0.0,False,False,0.0,0.8674938086959934,-0.18030461546358645,
2022-11-03,1120496.285217596,1120496.285217596,现金,0.0,0.0,False,False,0.0,0.8674938086959934,-0.18030461546358645,
2022-11-04,1120496.285217596,1120496.285217596,现金,0.0,0.0,False,False,0.0,0.8674938086959934,-0.18030461546358645,
2022-11-07,1120496.285217596,1120496.285217596,现金,0.0,0.0,False,False,0.0,0.8674938086959934,-0.18030461546358645,
2022-11-08,1120496.285217596,1120496.285217596,现金,0.0,0.0,False,False,0.0,0.8674938086959934,-0.18030461546358645,
2022-11-09,1120496.285217596,1120496.285217596,现金,0.0,0.0,False,False,0.0,0.8674938086959934,-0.18030461546358645,
2022-11-10,1120496.285217596,1120496.285217596,现金,0.0,0.0,False,False,0.0,0.8674938086959934,-0.18030461546358645,
2022-11-11,1120496.285217596,1120496.285217596,现金,0.0,0.0,False,False,0.0,0.8674938086959934,-0.18030461546358645,
2022-11-14,1120496.285217596,1120496.285217596,现金,0.0,0.0,False,False,0.0,0.8674938086959934,-0.18030461546358645,
2022-11-15,1120496.285217596,1120496.285217596,现金,0.0,0.0,False,False,0.0,0.8674938086959934,-0.18030461546358645,
2022-11-16,1120496.285217596,1120496.285217596,现金,0.0,0.0,False,False,0.0,0.8674938086959934,-0.18030461546358645,
2022-11-17,1120496.285217596,1120496.285217596,现金,0.0,0.0,False,False,0.0,0.8674938086959934,-0.18030461546358645,
2022-11-18,1120496.285217596,1120496.285217596,现金,0.0,0.0,False,False,0.0,0.8674938086959934,-0.18030461546358645,
2022-11-21,1120496.285217596,1120496.285217596,现金,0.0,0.0,False,False,0.0,0.8674938086959934,-0.18030461546358645,
2022-11-22,1120496.285217596,1120496.285217596,现金,0.0,0.0,False,False,0.0,0.8674938086959934,-0.18030461546358645,
2022-11-23,1120496.285217596,1120496.285217596,现金,0.0,0.0,False,False,0.0,0.8674938086959934,-0.18030461546358645,
2022-11-24,1120496.285217596,1120496.285217596,现金,0.0,0.0,False,False,0.0,0.8674938086959934,-0.18030461546358645,
2022-11-25,1120496.285217596,1120496.285217596,现金,0.0,0.0,False,False,0.0,0.8674938086959934,-0.18030461546358645,
2022-11-28,1120496.285217596,1120496.285217596,现金,0.0,0.0,False,False,0.0,0.8674938086959934,-0.18030461546358645,
2022-11-29,1120496.285217596,1120496.285217596,现金,0.0,0.0,False,False,0.0,0.8674938086959934,-0.18030461546358645,
2022-11-30,1120496.285217596,1120496.285217596,现金,0.0,0.0,False,False,0.0,0.8674938086959934,-0.18030461546358645,
2022-12-01,1120496.285217596,1120496.285217596,现金,0.0,0.0,False,False,0.0,0.8674938086959934,-0.18030461546358645,
2022-12-02,1120496.285217596,1120496.285217596,现金,0.0,0.0,False,False,0.0,0.8674938086959934,-0.18030461546358645,
2022-12-05,1120496.285217596,1120496.285217596,现金,0.0,0.0,False,False,0.0,0.8674938086959934,-0.18030461546358645,
2022-12-06,1120496.285217596,1120496.285217596,现金,0.0,0.0,False,False,0.0,0.8674938086959934,-0.18030461546358645,
2022-12-07,1120496.285217596,1120496.285217596,现金,0.0,0.0,False,False,0.0,0.8674938086959934,-0.18030461546358645,
2022-12-08,1120496.285217596,1120496.285217596,现金,0.0,0.0,False,False,0.0,0.8674938086959934,-0.18030461546358645,
2022-12-09,1120496.285217596,1120496.285217596,现金,0.0,0.0,False,False,0.0,0.8674938086959934,-0.18030461546358645,
2022-12-12,1120496.285217596,1120496.285217596,现金,0.0,0.0,False,False,0.0,0.8674938086959934,-0.18030461546358645,
2022-12-13,1120496.285217596,1120496.285217596,现金,0.0,0.0,False,False,0.0,0.8674938086959934,-0.18030461546358645,
2022-12-14,1120496.285217596,1120496.285217596,现金,0.0,0.0,False,False,0.0,0.8674938086959934,-0.18030461546358645,
2022-12-15,1120496.285217596,1120496.285217596,现金,0.0,0.0,False,False,0.0,0.8674938086959934,-0.18030461546358645,
2022-12-16,1120496.285217596,1120496.285217596,现金,0.0,0.0,False,False,0.0,0.8674938086959934,-0.18030461546358645,
2022-12-19,1120496.285217596,1120496.285217596,现金,0.0,0.0,False,False,0.0,0.8674938086959934,-0.18030461546358645,
2022-12-20,1120496.285217596,1120496.285217596,现金,0.0,0.0,False,False,0.0,0.8674938086959934,-0.18030461546358645,
2022-12-21,1120496.285217596,1120496.285217596,现金,0.0,0.0,False,False,0.0,0.8674938086959934,-0.18030461546358645,
2022-12-22,1120496.285217596,1120496.285217596,现金,0.0,0.0,False,False,0.0,0.8674938086959934,-0.18030461546358645,
2022-12-23,1120496.285217596,1120496.285217596,现金,0.0,0.0,False,False,0.0,0.8674938086959934,-0.18030461546358645,
2022-12-26,1120496.285217596,1120496.285217596,现金,0.0,0.0,False,False,0.0,0.8674938086959934,-0.18030461546358645,
2022-12-27,1120496.285217596,1120496.285217596,现金,0.0,0.0,False,False,0.0,0.8674938086959934,-0.18030461546358645,
2022-12-28,1120496.285217596,1120496.285217596,现金,0.0,0.0,False,False,0.0,0.8674938086959934,-0.18030461546358645,
2022-12-29,1120496.285217596,1120496.285217596,现金,0.0,0.0,False,False,0.0,0.8674938086959934,-0.18030461546358645,
2022-12-30,1120496.285217596,1120496.285217596,现金,0.0,0.0,False,False,0.0,0.8674938086959934,-0.18030461546358645,
2023-01-03,1120496.285217596,1120496.285217596,现金,0.0,0.0,False,False,0.0,0.8674938086959934,-0.18030461546358645,
2023-01-04,1120496.285217596,1120496.285217596,现金,0.0,0.0,False,False,0.0,0.8674938086959934,-0.18030461546358645,
2023-01-05,1120496.285217596,1120496.285217596,现金,0.0,0.0,False,False,0.0,0.8674938086959934,-0.18030461546358645,
2023-01-06,1120496.285217596,1120496.285217596,现金,0.0,0.0,False,False,0.0,0.8674938086959934,-0.18030461546358645,
2023-01-09,1120496.285217596,1120496.285217596,现金,0.0,0.0,False,False,0.0,0.8674938086959934,-0.18030461546358645,
2023-01-10,1119563.2723363687,0.0,网络安全,1.0,895.6804837870474,False,False,-0.0008326782458240034,0.8659387872272812,-0.1809871579784923,002212 / 300369 / 300454 / 002439 / 688561
2023-01-11,1077116.1388769082,0.0,网络安全,1.0,0.0,False,False,-0.03791401031839792,0.7951935647948472,-0.21203921932179615,002212 / 300369 / 300454 / 002439 / 688561
2023-01-12,1082995.0818940317,0.0,网络安全,1.0,0.0,False,False,0.005458040043159418,0.8049918031567196,-0.20773849782841536,002212 / 300369 / 300454 / 002439 / 688561
2023-01-13,1081785.0053991918,0.0,网络安全,1.0,0.0,False,False,-0.0011173425577554186,0.8029750089986529,-0.20862372532166285,002212 / 300369 / 300454 / 002439 / 688561
2023-01-16,1134079.1299202219,0.0,网络安全,1.0,0.0,False,False,0.04834058917440154,0.8901318832003697,-0.170368129945069,002212 / 300369 / 300454 / 002439 / 688561
2023-01-17,1136013.248722213,0.0,网络安全,1.0,0.0,False,False,0.0017054531301772258,0.8933554145370217,-0.1689532316753889,002212 / 300369 / 300454 / 002439 / 688561
2023-01-18,1197794.7878709128,0.0,网络安全,1.0,0.0,False,False,0.05438452343596478,0.9963246464515214,-0.12375714922705627,002212 / 300369 / 300454 / 002439 / 688561
2023-01-19,1231516.5420536487,0.0,网络安全,1.0,0.0,False,False,0.028153198297578674,1.0525275700894148,-0.09908811049240995,002212 / 300369 / 300454 / 002439 / 688561
2023-01-20,1227776.4613366718,0.0,网络安全,1.0,0.0,False,False,-0.003036971562509483,1.0462941022277863,-0.1018241542811712,002212 / 300369 / 300454 / 002439 / 688561
2023-01-30,1264607.0664919598,0.0,网络安全,1.0,0.0,False,False,0.02999781011861935,1.1076784441532666,-0.07488084580816734,002212 / 300369 / 300454 / 002439 / 688561
2023-01-31,1226196.6498593623,0.0,网络安全,1.0,0.0,False,False,-0.030373400284049223,1.0436610830989372,-0.10297986018887695,002212 / 300369 / 300454 / 002439 / 688561
2023-02-01,1250006.9611453952,0.0,网络安全,1.0,0.0,False,False,0.019418020175445694,1.0833449352423252,-0.08556150501624349,002212 / 300369 / 300454 / 002439 / 688561
2023-02-02,1226073.808429394,0.0,网络安全,1.0,0.0,False,False,-0.019146415548015105,1.0434563473823233,-0.10306972443430396,002212 / 300369 / 300454 / 002439 / 688561
2023-02-03,1241961.7936636624,0.0,网络安全,1.0,0.0,False,False,0.012958424790609602,1.0699363227727705,-0.09144692091596529,002212 / 300369 / 300454 / 002439 / 688561
2023-02-06,1244631.036941943,0.0,网络安全,1.0,0.0,False,False,0.002149215291403328,1.074385061569905,-0.08949424474534629,002212 / 300369 / 300454 / 002439 / 688561
2023-02-07,1223046.5375168598,0.0,网络安全,1.0,0.0,False,False,-0.017342086758591724,1.0384108958614329,-0.10528431454716958,002212 / 300369 / 300454 / 002439 / 688561
2023-02-08,1199458.1898961791,0.0,AIGC,1.0,2565.8875391587276,False,False,-0.01928654952784703,0.9990969831602985,-0.12254029292799717,688111 / 002230 / 300364 / 300624 / 002315
2023-02-09,1210315.3764609538,0.0,AIGC,1.0,0.0,False,False,0.00905174240855744,1.0171922941015898,-0.11459775368569325,688111 / 002230 / 300364 / 300624 / 002315
2023-02-10,1206222.086283733,0.0,AIGC,1.0,0.0,False,False,-0.0033820029529740836,1.0103701438062216,-0.1175921866972981,688111 / 002230 / 300364 / 300624 / 002315
2023-02-13,1211634.7528852746,0.0,AIGC,1.0,0.0,False,False,0.0044872885873095125,1.0193912548087911,-0.11363256818731216,688111 / 002230 / 300364 / 300624 / 002315
2023-02-14,1226399.973586172,0.0,CPO,1.0,2610.4404859560186,False,False,0.012186197751209216,1.0439999559769535,-0.10283111938301126,300308 / 300502 / 300394 / 002281 / 603083
2023-02-15,1253397.533870021,0.0,CPO,1.0,0.0,False,False,0.022013666719923553,1.0889958897833685,-0.08308114265362199,300308 / 300502 / 300394 / 002281 / 603083
2023-02-16,1195025.4436588841,0.0,CPO,1.0,0.0,False,False,-0.04657109068254339,0.991709072764807,-0.12578305390763422,300308 / 300502 / 300394 / 002281 / 603083
2023-02-17,1163268.1976534007,0.0,CPO,1.0,0.0,False,False,-0.026574535441061697,0.9387803294223345,-0.1490149631247425,300308 / 300502 / 300394 / 002281 / 603083
2023-02-20,1198509.0619961289,0.0,CPO,1.0,0.0,False,False,0.030294702815582664,0.9975151033268814,-0.12323462433209897,300308 / 300502 / 300394 / 002281 / 603083
2023-02-21,1190835.0468321526,0.0,CPO,1.0,0.0,False,False,-0.006402967993579534,0.9847250780535877,-0.12884852497037924,300308 / 300502 / 300394 / 002281 / 603083
2023-02-22,1192274.660955878,0.0,CPO,1.0,0.0,False,False,0.001208911450460759,0.9871244349264634,-0.1277953799771302,300308 / 300502 / 300394 / 002281 / 603083
2023-02-23,1186417.4967147897,0.0,CPO,1.0,0.0,False,False,-0.004912596428403915,0.9773624945246495,-0.13208016927829191,300308 / 300502 / 300394 / 002281 / 603083
2023-02-24,1250314.57114187,0.0,CPO,1.0,0.0,False,False,0.0538571578757161,1.0838576185697835,-0.08533647393164812,300308 / 300502 / 300394 / 002281 / 603083
2023-02-27,1238980.731382952,0.0,CPO,1.0,0.0,False,False,-0.009064790589912941,1.0649678856382536,-0.09362770725568914,300308 / 300502 / 300394 / 002281 / 603083
2023-02-28,1281974.3350256516,0.0,CPO,1.0,0.0,False,False,0.03470078472867777,1.1366238917094194,-0.06217587744113062,300308 / 300502 / 300394 / 002281 / 603083
2023-03-01,1325514.573783208,0.0,CPO,1.0,0.0,False,False,0.033963424670810705,1.2091909563053465,-0.03032415850013337,300308 / 300502 / 300394 / 002281 / 603083
2023-03-02,1383256.6727204812,0.0,CPO,1.0,0.0,False,False,0.043562024951916634,1.3054277878674685,0.0,300308 / 300502 / 300394 / 002281 / 603083
2023-03-03,1336516.1449397914,0.0,CPO,1.0,0.0,False,False,-0.033790205897770376,1.2275269082329858,-0.033790205897770376,300308 / 300502 / 300394 / 002281 / 603083
2023-03-06,1315069.1487111656,0.0,CPO,1.0,0.0,False,False,-0.016046941378019763,1.1917819145186095,-0.04929491782259732,300308 / 300502 / 300394 / 002281 / 603083
2023-03-07,1271830.3076115414,0.0,CPO,1.0,0.0,False,False,-0.032879519029094806,1.1197171793525689,-0.08055364366310636,300308 / 300502 / 300394 / 002281 / 603083
2023-03-08,1291772.2056975404,0.0,CPO,1.0,0.0,False,False,0.015679684598371768,1.1529536761625674,-0.06613701479062184,300308 / 300502 / 300394 / 002281 / 603083
2023-03-09,1316389.2843323185,0.0,商业航天,1.0,2698.2358180657175,False,False,0.019056826370935198,1.1939821405538642,-0.04834055002724347,600118 / 601698 / 600879 / 002465 / 300045
2023-03-10,1325390.7195975517,0.0,商业航天,1.0,0.0,False,False,0.006837973669619135,1.208984532662586,-0.041833127765885436,600118 / 601698 / 600879 / 002465 / 300045
2023-03-13,1382364.006031943,0.0,商业航天,1.0,0.0,False,False,0.04298603090543063,1.3039400100532386,-0.000645336983470024,600118 / 601698 / 600879 / 002465 / 300045
2023-03-14,1398017.4412729363,0.0,商业航天,1.0,0.0,False,False,0.011323671024917825,1.3300290687882272,0.0,600118 / 601698 / 600879 / 002465 / 300045
2023-03-15,1413844.1161656177,0.0,商业航天,1.0,0.0,False,False,0.011320799315830188,1.3564068602760293,0.0,600118 / 601698 / 600879 / 002465 / 300045
2023-03-16,1399977.7076415294,0.0,商业航天,1.0,0.0,False,False,-0.009807593613427756,1.333296179402549,-0.009807593613427756,600118 / 601698 / 600879 / 002465 / 300045
2023-03-17,1441281.1700374882,0.0,商业航天,1.0,0.0,False,False,0.029502942918670172,1.4021352833958138,0.0,600118 / 601698 / 600879 / 002465 / 300045
2023-03-20,1391699.8338142142,0.0,商业航天,1.0,0.0,False,False,-0.03440087697946148,1.3194997230236902,-0.03440087697946148,600118 / 601698 / 600879 / 002465 / 300045
2023-03-21,1381502.2148000242,0.0,商业航天,1.0,0.0,False,False,-0.007327455796442561,1.3025036913333734,-0.04147626187047815,600118 / 601698 / 600879 / 002465 / 300045
2023-03-22,1402733.1189478885,0.0,商业航天,1.0,0.0,False,False,0.015367984155521208,1.3378885315798144,-0.02674568425021262,600118 / 601698 / 600879 / 002465 / 300045
2023-03-23,1473216.21325151,0.0,商业航天,1.0,0.0,False,False,0.05024697381957233,1.4553603554191832,0.0,600118 / 601698 / 600879 / 002465 / 300045
2023-03-24,1517994.7199527484,0.0,CPO,1.0,3099.766564900865,False,False,0.03039506781045298,1.5299911999212474,0.0,300308 / 300502 / 300394 / 002281 / 603083
2023-03-27,1611693.1941539948,0.0,CPO,1.0,0.0,False,False,0.0617251647648438,1.686155323589991,0.0,300308 / 300502 / 300394 / 002281 / 603083
2023-03-28,1576669.3793941396,0.0,CPO,1.0,0.0,False,False,-0.02173106822495441,1.6277822989902329,-0.02173106822495441,300308 / 300502 / 300394 / 002281 / 603083
2023-03-29,1659989.0115491978,0.0,CPO,1.0,0.0,False,False,0.052845341733645634,1.7666483525819965,0.0,300308 / 300502 / 300394 / 002281 / 603083
2023-03-30,1658140.614513667,0.0,CPO,1.0,0.0,False,False,-0.0011134995609433096,1.763567690856112,-0.0011134995609433096,300308 / 300502 / 300394 / 002281 / 603083
2023-03-31,1718432.334102671,0.0,CPO,1.0,0.0,False,False,0.03636104143476837,1.8640538901711183,0.0,300308 / 300502 / 300394 / 002281 / 603083
2023-04-03,1954290.900885925,0.0,CPO,1.0,0.0,False,False,0.13725216995897283,2.2571515014765415,0.0,300308 / 300502 / 300394 / 002281 / 603083
2023-04-04,1975312.4789961828,1975312.4789961828,现金,0.0,2571.248846195091,False,False,0.010756626918095202,2.292187464993638,0.0,
2023-04-06,2069150.7204869818,0.0,CPO,1.0,1578.9867937619367,False,False,0.047505517475638026,2.4485845341449695,0.0,300308 / 300502 / 300394 / 002281 / 603083
2023-04-07,2159365.93288225,0.0,CPO,1.0,0.0,False,False,0.043600116464225236,2.5989432214704165,0.0,300308 / 300502 / 300394 / 002281 / 603083
2023-04-10,2105247.406865409,0.0,CPO,1.0,0.0,False,False,-0.025062230163372612,2.5087456781090154,-0.025062230163372612,300308 / 300502 / 300394 / 002281 / 603083
2023-04-11,2088886.6672788714,0.0,CPO,1.0,0.0,False,False,-0.007771409447262068,2.481477778798119,-0.03263887075837357,300308 / 300502 / 300394 / 002281 / 603083
2023-04-12,2126533.8910046034,0.0,CPO,1.0,0.0,False,False,0.018022626270468578,2.544223151674339,-0.015204482657473095,300308 / 300502 / 300394 / 002281 / 603083
2023-04-13,1993486.2579671082,0.0,CPO,1.0,0.0,False,False,-0.06256548912777571,2.322477096611847,-0.07681869589084933,300308 / 300502 / 300394 / 002281 / 603083
2023-04-14,2026005.7221900658,0.0,CPO,1.0,0.0,False,False,0.01631286099565088,2.3766762036501095,-0.06175896760313304,300308 / 300502 / 300394 / 002281 / 603083
2023-04-17,1982616.414519884,0.0,CPO,1.0,0.0,False,False,-0.021416182192851352,2.3043606908664733,-0.08185250849375336,300308 / 300502 / 300394 / 002281 / 603083
2023-04-18,2219493.3602637183,0.0,CPO,1.0,0.0,False,False,0.11947694168627021,2.6991556004395303,0.0,300308 / 300502 / 300394 / 002281 / 603083
2023-04-19,2251723.9089021217,2251723.9089021217,现金,0.0,2931.0514484557502,False,False,0.014521579210569735,2.7528731815035363,0.0,
2023-04-20,2392754.27876554,0.0,CPO,1.0,1799.9391757810727,False,False,0.06263217675393462,2.987923797942567,0.0,300308 / 300502 / 300394 / 002281 / 603083
2023-04-21,2261886.8534483407,0.0,CPO,1.0,0.0,False,False,-0.054693215462440214,2.769811422413901,-0.054693215462440214,300308 / 300502 / 300394 / 002281 / 603083
2023-04-24,2357126.882343252,0.0,CPO,1.0,0.0,False,False,0.04210645141233038,2.9285448039054205,-0.014889701269563127,300308 / 300502 / 300394 / 002281 / 603083
2023-04-25,2256066.3241950106,0.0,CPO,1.0,0.0,False,False,-0.04287446675241169,2.7601105403250177,-0.05712578001993962,300308 / 300502 / 300394 / 002281 / 603083
2023-04-26,2227824.515625164,0.0,CPO,1.0,0.0,False,False,-0.01251816414569451,2.713040859375273,-0.06892883427439367,300308 / 300502 / 300394 / 002281 / 603083
2023-04-27,2071539.710205621,0.0,CPO,1.0,0.0,False,False,-0.07015130874241537,2.4525661836760353,-0.13424469508237125,300308 / 300502 / 300394 / 002281 / 603083
2023-04-28,2073090.2214262446,2073090.2214262446,现金,0.0,2698.525370836205,False,False,0.0007484824997487927,2.455150369043741,-0.13359669238757577,
2023-05-04,2073090.2214262446,2073090.2214262446,现金,0.0,0.0,False,False,0.0,2.455150369043741,-0.13359669238757577,
2023-05-05,2073090.2214262446,2073090.2214262446,现金,0.0,0.0,False,False,0.0,2.455150369043741,-0.13359669238757577,
2023-05-08,2073090.2214262446,2073090.2214262446,现金,0.0,0.0,False,False,0.0,2.455150369043741,-0.13359669238757577,
2023-05-09,2073090.2214262446,2073090.2214262446,现金,0.0,0.0,False,False,0.0,2.455150369043741,-0.13359669238757577,
2023-05-10,2073090.2214262446,2073090.2214262446,现金,0.0,0.0,False,False,0.0,2.455150369043741,-0.13359669238757577,
2023-05-11,2073090.2214262446,2073090.2214262446,现金,0.0,0.0,False,False,0.0,2.455150369043741,-0.13359669238757577,
2023-05-12,2073090.2214262446,2073090.2214262446,现金,0.0,0.0,False,False,0.0,2.455150369043741,-0.13359669238757577,
2023-05-15,2073090.2214262446,2073090.2214262446,现金,0.0,0.0,False,False,0.0,2.455150369043741,-0.13359669238757577,
2023-05-16,2073090.2214262446,2073090.2214262446,现金,0.0,0.0,False,False,0.0,2.455150369043741,-0.13359669238757577,
2023-05-17,2073090.2214262446,2073090.2214262446,现金,0.0,0.0,False,False,0.0,2.455150369043741,-0.13359669238757577,
2023-05-18,2073090.2214262446,2073090.2214262446,现金,0.0,0.0,False,False,0.0,2.455150369043741,-0.13359669238757577,
2023-05-19,2073090.2214262446,2073090.2214262446,现金,0.0,0.0,False,False,0.0,2.455150369043741,-0.13359669238757577,
2023-05-22,2073090.2214262446,2073090.2214262446,现金,0.0,0.0,False,False,0.0,2.455150369043741,-0.13359669238757577,
2023-05-23,2073090.2214262446,2073090.2214262446,现金,0.0,0.0,False,False,0.0,2.455150369043741,-0.13359669238757577,
2023-05-24,2073090.2214262446,2073090.2214262446,现金,0.0,0.0,False,False,0.0,2.455150369043741,-0.13359669238757577,
2023-05-25,2073090.2214262446,2073090.2214262446,现金,0.0,0.0,False,False,0.0,2.455150369043741,-0.13359669238757577,
2023-05-26,2073090.2214262446,2073090.2214262446,现金,0.0,0.0,False,False,0.0,2.455150369043741,-0.13359669238757577,
2023-05-29,2073090.2214262446,2073090.2214262446,现金,0.0,0.0,False,False,0.0,2.455150369043741,-0.13359669238757577,
2023-05-30,2073090.2214262446,2073090.2214262446,现金,0.0,0.0,False,False,0.0,2.455150369043741,-0.13359669238757577,
2023-05-31,2073090.2214262446,2073090.2214262446,现金,0.0,0.0,False,False,0.0,2.455150369043741,-0.13359669238757577,
2023-06-01,2073090.2214262446,2073090.2214262446,现金,0.0,0.0,False,False,0.0,2.455150369043741,-0.13359669238757577,
2023-06-02,2073090.2214262446,2073090.2214262446,现金,0.0,0.0,False,False,0.0,2.455150369043741,-0.13359669238757577,
2023-06-05,2073090.2214262446,2073090.2214262446,现金,0.0,0.0,False,False,0.0,2.455150369043741,-0.13359669238757577,
2023-06-06,2073090.2214262446,2073090.2214262446,现金,0.0,0.0,False,False,0.0,2.455150369043741,-0.13359669238757577,
2023-06-07,2073090.2214262446,2073090.2214262446,现金,0.0,0.0,False,False,0.0,2.455150369043741,-0.13359669238757577,
2023-06-08,2073090.2214262446,2073090.2214262446,现金,0.0,0.0,False,False,0.0,2.455150369043741,-0.13359669238757577,
2023-06-09,2073090.2214262446,2073090.2214262446,现金,0.0,0.0,False,False,0.0,2.455150369043741,-0.13359669238757577,
2023-06-12,2073090.2214262446,2073090.2214262446,现金,0.0,0.0,False,False,0.0,2.455150369043741,-0.13359669238757577,
2023-06-13,2073090.2214262446,2073090.2214262446,现金,0.0,0.0,False,False,0.0,2.455150369043741,-0.13359669238757577,
2023-06-14,2229162.928942403,0.0,CPO,1.0,1657.1464599730175,False,False,0.07528505315546918,2.715271548237338,-0.06836947331990006,300308 / 300502 / 300394 / 002281 / 603083
2023-06-15,2268904.5501707904,0.0,CPO,1.0,0.0,False,False,0.017828046892580662,2.781507583617984,-0.051760320603687626,300308 / 300502 / 300394 / 002281 / 603083
2023-06-16,2420323.798471204,0.0,CPO,1.0,0.0,False,False,0.06673672027719957,3.033872997452007,0.0,300308 / 300502 / 300394 / 002281 / 603083
2023-06-19,2615235.9638673337,0.0,CPO,1.0,0.0,False,False,0.08053144191667494,3.358726606445556,0.0,300308 / 300502 / 300394 / 002281 / 603083
2023-06-20,2708959.7085507354,0.0,CPO,1.0,0.0,False,False,0.035837586351024964,3.514932847584559,0.0,300308 / 300502 / 300394 / 002281 / 603083
2023-06-21,2489140.7257925356,0.0,CPO,1.0,0.0,False,False,-0.08114516508471825,3.148567876320893,-0.08114516508471825,300308 / 300502 / 300394 / 002281 / 603083
2023-06-26,2289577.2595266853,0.0,CPO,1.0,0.0,False,False,-0.08017363751192086,2.8159620992111423,-0.154813099545292,300308 / 300502 / 300394 / 002281 / 603083
2023-06-27,2247543.4623352694,0.0,CPO,1.0,0.0,False,False,-0.01835875903139661,2.7459057705587826,-0.170329682187233,300308 / 300502 / 300394 / 002281 / 603083
2023-06-28,2158387.3959315415,2158387.3959315415,现金,0.0,2809.556037559831,False,False,-0.039668227955463875,2.597312326552569,-0.20324123348211198,
2023-06-29,2158387.3959315415,2158387.3959315415,现金,0.0,0.0,False,False,0.0,2.597312326552569,-0.20324123348211198,
2023-06-30,2158387.3959315415,2158387.3959315415,现金,0.0,0.0,False,False,0.0,2.597312326552569,-0.20324123348211198,
2023-07-03,2158387.3959315415,2158387.3959315415,现金,0.0,0.0,False,False,0.0,2.597312326552569,-0.20324123348211198,
2023-07-04,2158387.3959315415,2158387.3959315415,现金,0.0,0.0,False,False,0.0,2.597312326552569,-0.20324123348211198,
2023-07-05,2158387.3959315415,2158387.3959315415,现金,0.0,0.0,False,False,0.0,2.597312326552569,-0.20324123348211198,
2023-07-06,2220968.590294315,0.0,汽车零部件,1.0,1725.329653022815,False,False,0.02899442170610156,2.701614317157192,-0.18013967380765894,601689 / 002920 / 603596 / 002472 / 002906
2023-07-07,2175968.2913174303,0.0,汽车零部件,1.0,0.0,False,False,-0.02026156478463359,2.626613818862384,-0.19675132692115593,601689 / 002920 / 603596 / 002472 / 002906
2023-07-10,2154315.102492565,0.0,汽车零部件,1.0,0.0,False,False,-0.009951058988895367,2.5905251708209414,-0.20474450184971538,601689 / 002920 / 603596 / 002472 / 002906
2023-07-11,2268367.8331284975,0.0,汽车零部件,1.0,0.0,False,False,0.05294152675436026,2.7806130552141624,-0.1626424616178399,601689 / 002920 / 603596 / 002472 / 002906
2023-07-12,2191338.2280970193,0.0,汽车零部件,1.0,0.0,False,False,-0.03395816318081013,2.652230380161699,-0.1910775855469028,601689 / 002920 / 603596 / 002472 / 002906
2023-07-13,2179031.4956885204,0.0,汽车零部件,1.0,0.0,False,False,-0.005616080735827866,2.631719159480867,-0.19562055913549226,601689 / 002920 / 603596 / 002472 / 002906
2023-07-14,2135332.1459187474,0.0,汽车零部件,1.0,0.0,False,False,-0.02005448285453304,2.558886909864579,-0.21175197284084846,601689 / 002920 / 603596 / 002472 / 002906
2023-07-17,2101085.387307305,0.0,汽车零部件,1.0,0.0,False,False,-0.01603814126851333,2.5018089788455082,-0.22439400605505377,601689 / 002920 / 603596 / 002472 / 002906
2023-07-18,2086984.0712732996,2086984.0712732996,现金,0.0,2716.61088680814,False,False,-0.006711443580156962,2.478306785455499,-0.22959944192384685,
2023-07-19,2086984.0712732996,2086984.0712732996,现金,0.0,0.0,False,False,0.0,2.478306785455499,-0.22959944192384685,
2023-07-20,2086984.0712732996,2086984.0712732996,现金,0.0,0.0,False,False,0.0,2.478306785455499,-0.22959944192384685,
2023-07-21,2086984.0712732996,2086984.0712732996,现金,0.0,0.0,False,False,0.0,2.478306785455499,-0.22959944192384685,
2023-07-24,2086984.0712732996,2086984.0712732996,现金,0.0,0.0,False,False,0.0,2.478306785455499,-0.22959944192384685,
2023-07-25,2086984.0712732996,2086984.0712732996,现金,0.0,0.0,False,False,0.0,2.478306785455499,-0.22959944192384685,
2023-07-26,2092774.505169681,0.0,有色金属,1.0,1668.2526548947242,False,False,0.002774546282400925,2.487957508616135,-0.227461929919477,601600 / 603993 / 601899 / 000630 / 000060
2023-07-27,2076072.2362181607,0.0,有色金属,1.0,0.0,False,False,-0.007980921456306689,2.4601203936969345,-0.23362749557879647,601600 / 603993 / 601899 / 000630 / 000060
2023-07-28,2098210.126569382,0.0,有色金属,1.0,0.0,False,False,0.010663352635334356,2.4970168776156365,-0.22545539531412895,601600 / 603993 / 601899 / 000630 / 000060
2023-07-31,2134871.5601586364,0.0,有色金属,1.0,0.0,False,False,0.017472717877497157,2.558119266931061,-0.21192199595291505,601600 / 603993 / 601899 / 000630 / 000060
2023-08-01,2143992.554010412,0.0,证券,1.0,4530.9102167086085,False,False,0.004272385290990499,2.573320923350687,-0.20855502308027118,600030 / 601066 / 601211 / 601688 / 601881
2023-08-02,2145403.6555858376,0.0,证券,1.0,0.0,False,False,0.0006581653340100857,2.5756727593097293,-0.20803412143268618,600030 / 601066 / 601211 / 601688 / 601881
2023-08-03,2201701.9024385246,0.0,证券,1.0,0.0,False,False,0.02624133071932988,2.6695031707308745,-0.18725188289477668,600030 / 601066 / 601211 / 601688 / 601881
2023-08-04,2225491.1963732545,0.0,证券,1.0,0.0,False,False,0.010804956796549803,2.709151993955424,-0.17847017460297754,600030 / 601066 / 601211 / 601688 / 601881
2023-08-07,2215597.2040140578,0.0,证券,1.0,0.0,False,False,-0.004445756682983193,2.6926620066900964,-0.1821224963145064,600030 / 601066 / 601211 / 601688 / 601881
2023-08-08,2240468.5524898823,0.0,证券,1.0,0.0,False,False,0.011225573146041334,2.734114254149804,-0.1729413525723832,600030 / 601066 / 601211 / 601688 / 601881
2023-08-09,2222841.695748964,0.0,证券,1.0,0.0,False,False,-0.007867486790354317,2.7047361595816066,-0.17944822555586826,600030 / 601066 / 601211 / 601688 / 601881
2023-08-10,2241955.1663047895,0.0,证券,1.0,0.0,False,False,0.008598664759788655,2.736591943841316,-0.1723925759293734,600030 / 601066 / 601211 / 601688 / 601881
2023-08-11,2154750.7511806414,0.0,证券,1.0,0.0,False,False,-0.03889659188318173,2.5912512519677358,-0.20458368414293981,600030 / 601066 / 601211 / 601688 / 601881
2023-08-14,2131831.2514314516,0.0,证券,1.0,0.0,False,False,-0.01063672897509449,2.553052085719086,-0.2130443119170795,600030 / 601066 / 601211 / 601688 / 601881
2023-08-15,2126277.1319158594,2126277.1319158594,现金,0.0,2767.758357355179,False,False,-0.0026053279366566873,2.5437952198597658,-0.2150945895561529,
2023-08-16,2126277.1319158594,2126277.1319158594,现金,0.0,0.0,False,False,0.0,2.5437952198597658,-0.2150945895561529,
2023-08-17,2126277.1319158594,2126277.1319158594,现金,0.0,0.0,False,False,0.0,2.5437952198597658,-0.2150945895561529,
2023-08-18,2126277.1319158594,2126277.1319158594,现金,0.0,0.0,False,False,0.0,2.5437952198597658,-0.2150945895561529,
2023-08-21,2126277.1319158594,2126277.1319158594,现金,0.0,0.0,False,False,0.0,2.5437952198597658,-0.2150945895561529,
2023-08-22,2126277.1319158594,2126277.1319158594,现金,0.0,0.0,False,False,0.0,2.5437952198597658,-0.2150945895561529,
2023-08-23,2126277.1319158594,2126277.1319158594,现金,0.0,0.0,False,False,0.0,2.5437952198597658,-0.2150945895561529,
2023-08-24,2126277.1319158594,2126277.1319158594,现金,0.0,0.0,False,False,0.0,2.5437952198597658,-0.2150945895561529,
2023-08-25,2126277.1319158594,2126277.1319158594,现金,0.0,0.0,False,False,0.0,2.5437952198597658,-0.2150945895561529,
2023-08-28,2126277.1319158594,2126277.1319158594,现金,0.0,0.0,False,False,0.0,2.5437952198597658,-0.2150945895561529,
2023-08-29,2126277.1319158594,2126277.1319158594,现金,0.0,0.0,False,False,0.0,2.5437952198597658,-0.2150945895561529,
2023-08-30,2126277.1319158594,2126277.1319158594,现金,0.0,0.0,False,False,0.0,2.5437952198597658,-0.2150945895561529,
2023-08-31,2126277.1319158594,2126277.1319158594,现金,0.0,0.0,False,False,0.0,2.5437952198597658,-0.2150945895561529,
2023-09-01,2126277.1319158594,2126277.1319158594,现金,0.0,0.0,False,False,0.0,2.5437952198597658,-0.2150945895561529,
2023-09-04,2126277.1319158594,2126277.1319158594,现金,0.0,0.0,False,False,0.0,2.5437952198597658,-0.2150945895561529,
2023-09-05,2126277.1319158594,2126277.1319158594,现金,0.0,0.0,False,False,0.0,2.5437952198597658,-0.2150945895561529,
2023-09-06,2126277.1319158594,2126277.1319158594,现金,0.0,0.0,False,False,0.0,2.5437952198597658,-0.2150945895561529,
2023-09-07,2126277.1319158594,2126277.1319158594,现金,0.0,0.0,False,False,0.0,2.5437952198597658,-0.2150945895561529,
2023-09-08,2126277.1319158594,2126277.1319158594,现金,0.0,0.0,False,False,0.0,2.5437952198597658,-0.2150945895561529,
2023-09-11,2126277.1319158594,2126277.1319158594,现金,0.0,0.0,False,False,0.0,2.5437952198597658,-0.2150945895561529,
2023-09-12,2126277.1319158594,2126277.1319158594,现金,0.0,0.0,False,False,0.0,2.5437952198597658,-0.2150945895561529,
2023-09-13,2126277.1319158594,2126277.1319158594,现金,0.0,0.0,False,False,0.0,2.5437952198597658,-0.2150945895561529,
2023-09-14,2126277.1319158594,2126277.1319158594,现金,0.0,0.0,False,False,0.0,2.5437952198597658,-0.2150945895561529,
2023-09-15,2126277.1319158594,2126277.1319158594,现金,0.0,0.0,False,False,0.0,2.5437952198597658,-0.2150945895561529,
2023-09-18,2126277.1319158594,2126277.1319158594,现金,0.0,0.0,False,False,0.0,2.5437952198597658,-0.2150945895561529,
2023-09-19,2126277.1319158594,2126277.1319158594,现金,0.0,0.0,False,False,0.0,2.5437952198597658,-0.2150945895561529,
2023-09-20,2126277.1319158594,2126277.1319158594,现金,0.0,0.0,False,False,0.0,2.5437952198597658,-0.2150945895561529,
2023-09-21,2126277.1319158594,2126277.1319158594,现金,0.0,0.0,False,False,0.0,2.5437952198597658,-0.2150945895561529,
2023-09-22,2126277.1319158594,2126277.1319158594,现金,0.0,0.0,False,False,0.0,2.5437952198597658,-0.2150945895561529,
2023-09-25,2126277.1319158594,2126277.1319158594,现金,0.0,0.0,False,False,0.0,2.5437952198597658,-0.2150945895561529,
2023-09-26,2126277.1319158594,2126277.1319158594,现金,0.0,0.0,False,False,0.0,2.5437952198597658,-0.2150945895561529,
2023-09-27,2126277.1319158594,2126277.1319158594,现金,0.0,0.0,False,False,0.0,2.5437952198597658,-0.2150945895561529,
2023-09-28,2126277.1319158594,2126277.1319158594,现金,0.0,0.0,False,False,0.0,2.5437952198597658,-0.2150945895561529,
2023-10-09,2126277.1319158594,2126277.1319158594,现金,0.0,0.0,False,False,0.0,2.5437952198597658,-0.2150945895561529,
2023-10-10,2126277.1319158594,2126277.1319158594,现金,0.0,0.0,False,False,0.0,2.5437952198597658,-0.2150945895561529,
2023-10-11,2126277.1319158594,2126277.1319158594,现金,0.0,0.0,False,False,0.0,2.5437952198597658,-0.2150945895561529,
2023-10-12,2126277.1319158594,2126277.1319158594,现金,0.0,0.0,False,False,0.0,2.5437952198597658,-0.2150945895561529,
2023-10-13,2126277.1319158594,2126277.1319158594,现金,0.0,0.0,False,False,0.0,2.5437952198597658,-0.2150945895561529,
2023-10-16,2126277.1319158594,2126277.1319158594,现金,0.0,0.0,False,False,0.0,2.5437952198597658,-0.2150945895561529,
2023-10-17,2126277.1319158594,2126277.1319158594,现金,0.0,0.0,False,False,0.0,2.5437952198597658,-0.2150945895561529,
2023-10-18,2126277.1319158594,2126277.1319158594,现金,0.0,0.0,False,False,0.0,2.5437952198597658,-0.2150945895561529,
2023-10-19,2126277.1319158594,2126277.1319158594,现金,0.0,0.0,False,False,0.0,2.5437952198597658,-0.2150945895561529,
2023-10-20,2126277.1319158594,2126277.1319158594,现金,0.0,0.0,False,False,0.0,2.5437952198597658,-0.2150945895561529,
2023-10-23,2126277.1319158594,2126277.1319158594,现金,0.0,0.0,False,False,0.0,2.5437952198597658,-0.2150945895561529,
2023-10-24,2126277.1319158594,2126277.1319158594,现金,0.0,0.0,False,False,0.0,2.5437952198597658,-0.2150945895561529,
2023-10-25,2126277.1319158594,2126277.1319158594,现金,0.0,0.0,False,False,0.0,2.5437952198597658,-0.2150945895561529,
2023-10-26,2126277.1319158594,2126277.1319158594,现金,0.0,0.0,False,False,0.0,2.5437952198597658,-0.2150945895561529,
2023-10-27,2126277.1319158594,2126277.1319158594,现金,0.0,0.0,False,False,0.0,2.5437952198597658,-0.2150945895561529,
2023-10-30,2126277.1319158594,2126277.1319158594,现金,0.0,0.0,False,False,0.0,2.5437952198597658,-0.2150945895561529,
2023-10-31,2126277.1319158594,2126277.1319158594,现金,0.0,0.0,False,False,0.0,2.5437952198597658,-0.2150945895561529,
2023-11-01,2126277.1319158594,2126277.1319158594,现金,0.0,0.0,False,False,0.0,2.5437952198597658,-0.2150945895561529,
2023-11-02,2126277.1319158594,2126277.1319158594,现金,0.0,0.0,False,False,0.0,2.5437952198597658,-0.2150945895561529,
2023-11-03,2126277.1319158594,2126277.1319158594,现金,0.0,0.0,False,False,0.0,2.5437952198597658,-0.2150945895561529,
2023-11-06,2126277.1319158594,2126277.1319158594,现金,0.0,0.0,False,False,0.0,2.5437952198597658,-0.2150945895561529,
2023-11-07,2126277.1319158594,2126277.1319158594,现金,0.0,0.0,False,False,0.0,2.5437952198597658,-0.2150945895561529,
2023-11-08,2126277.1319158594,2126277.1319158594,现金,0.0,0.0,False,False,0.0,2.5437952198597658,-0.2150945895561529,
2023-11-09,2126277.1319158594,2126277.1319158594,现金,0.0,0.0,False,False,0.0,2.5437952198597658,-0.2150945895561529,
2023-11-10,2126277.1319158594,2126277.1319158594,现金,0.0,0.0,False,False,0.0,2.5437952198597658,-0.2150945895561529,
2023-11-13,2126277.1319158594,2126277.1319158594,现金,0.0,0.0,False,False,0.0,2.5437952198597658,-0.2150945895561529,
2023-11-14,2126277.1319158594,2126277.1319158594,现金,0.0,0.0,False,False,0.0,2.5437952198597658,-0.2150945895561529,
2023-11-15,2126277.1319158594,2126277.1319158594,现金,0.0,0.0,False,False,0.0,2.5437952198597658,-0.2150945895561529,
2023-11-16,2126277.1319158594,2126277.1319158594,现金,0.0,0.0,False,False,0.0,2.5437952198597658,-0.2150945895561529,
2023-11-17,2126277.1319158594,2126277.1319158594,现金,0.0,0.0,False,False,0.0,2.5437952198597658,-0.2150945895561529,
2023-11-20,2126277.1319158594,2126277.1319158594,现金,0.0,0.0,False,False,0.0,2.5437952198597658,-0.2150945895561529,
2023-11-21,2126277.1319158594,2126277.1319158594,现金,0.0,0.0,False,False,0.0,2.5437952198597658,-0.2150945895561529,
2023-11-22,2126277.1319158594,2126277.1319158594,现金,0.0,0.0,False,False,0.0,2.5437952198597658,-0.2150945895561529,
2023-11-23,2126277.1319158594,2126277.1319158594,现金,0.0,0.0,False,False,0.0,2.5437952198597658,-0.2150945895561529,
2023-11-24,2126277.1319158594,2126277.1319158594,现金,0.0,0.0,False,False,0.0,2.5437952198597658,-0.2150945895561529,
2023-11-27,2126277.1319158594,2126277.1319158594,现金,0.0,0.0,False,False,0.0,2.5437952198597658,-0.2150945895561529,
2023-11-28,2126277.1319158594,2126277.1319158594,现金,0.0,0.0,False,False,0.0,2.5437952198597658,-0.2150945895561529,
2023-11-29,2126277.1319158594,2126277.1319158594,现金,0.0,0.0,False,False,0.0,2.5437952198597658,-0.2150945895561529,
2023-11-30,2126277.1319158594,2126277.1319158594,现金,0.0,0.0,False,False,0.0,2.5437952198597658,-0.2150945895561529,
2023-12-01,2126277.1319158594,2126277.1319158594,现金,0.0,0.0,False,False,0.0,2.5437952198597658,-0.2150945895561529,
2023-12-04,2126277.1319158594,2126277.1319158594,现金,0.0,0.0,False,False,0.0,2.5437952198597658,-0.2150945895561529,
2023-12-05,2126277.1319158594,2126277.1319158594,现金,0.0,0.0,False,False,0.0,2.5437952198597658,-0.2150945895561529,
2023-12-06,2126277.1319158594,2126277.1319158594,现金,0.0,0.0,False,False,0.0,2.5437952198597658,-0.2150945895561529,
2023-12-07,2126277.1319158594,2126277.1319158594,现金,0.0,0.0,False,False,0.0,2.5437952198597658,-0.2150945895561529,
2023-12-08,2126277.1319158594,2126277.1319158594,现金,0.0,0.0,False,False,0.0,2.5437952198597658,-0.2150945895561529,
2023-12-11,2126277.1319158594,2126277.1319158594,现金,0.0,0.0,False,False,0.0,2.5437952198597658,-0.2150945895561529,
2023-12-12,2126277.1319158594,2126277.1319158594,现金,0.0,0.0,False,False,0.0,2.5437952198597658,-0.2150945895561529,
2023-12-13,2126277.1319158594,2126277.1319158594,现金,0.0,0.0,False,False,0.0,2.5437952198597658,-0.2150945895561529,
2023-12-14,2126277.1319158594,2126277.1319158594,现金,0.0,0.0,False,False,0.0,2.5437952198597658,-0.2150945895561529,
2023-12-15,2126277.1319158594,2126277.1319158594,现金,0.0,0.0,False,False,0.0,2.5437952198597658,-0.2150945895561529,
2023-12-18,2126277.1319158594,2126277.1319158594,现金,0.0,0.0,False,False,0.0,2.5437952198597658,-0.2150945895561529,
2023-12-19,2126277.1319158594,2126277.1319158594,现金,0.0,0.0,False,False,0.0,2.5437952198597658,-0.2150945895561529,
2023-12-20,2126277.1319158594,2126277.1319158594,现金,0.0,0.0,False,False,0.0,2.5437952198597658,-0.2150945895561529,
2023-12-21,2126277.1319158594,2126277.1319158594,现金,0.0,0.0,False,False,0.0,2.5437952198597658,-0.2150945895561529,
2023-12-22,2126277.1319158594,2126277.1319158594,现金,0.0,0.0,False,False,0.0,2.5437952198597658,-0.2150945895561529,
2023-12-25,2126277.1319158594,2126277.1319158594,现金,0.0,0.0,False,False,0.0,2.5437952198597658,-0.2150945895561529,
2023-12-26,2126277.1319158594,2126277.1319158594,现金,0.0,0.0,False,False,0.0,2.5437952198597658,-0.2150945895561529,
2023-12-27,2126277.1319158594,2126277.1319158594,现金,0.0,0.0,False,False,0.0,2.5437952198597658,-0.2150945895561529,
2023-12-28,2126277.1319158594,2126277.1319158594,现金,0.0,0.0,False,False,0.0,2.5437952198597658,-0.2150945895561529,
2023-12-29,2126277.1319158594,2126277.1319158594,现金,0.0,0.0,False,False,0.0,2.5437952198597658,-0.2150945895561529,
2024-01-02,2126277.1319158594,2126277.1319158594,现金,0.0,0.0,False,False,0.0,2.5437952198597658,-0.2150945895561529,
2024-01-03,2126277.1319158594,2126277.1319158594,现金,0.0,0.0,False,False,0.0,2.5437952198597658,-0.2150945895561529,
2024-01-04,2126277.1319158594,2126277.1319158594,现金,0.0,0.0,False,False,0.0,2.5437952198597658,-0.2150945895561529,
2024-01-05,2126277.1319158594,2126277.1319158594,现金,0.0,0.0,False,False,0.0,2.5437952198597658,-0.2150945895561529,
2024-01-08,2126277.1319158594,2126277.1319158594,现金,0.0,0.0,False,False,0.0,2.5437952198597658,-0.2150945895561529,
2024-01-09,2126277.1319158594,2126277.1319158594,现金,0.0,0.0,False,False,0.0,2.5437952198597658,-0.2150945895561529,
2024-01-10,2126277.1319158594,2126277.1319158594,现金,0.0,0.0,False,False,0.0,2.5437952198597658,-0.2150945895561529,
2024-01-11,2126277.1319158594,2126277.1319158594,现金,0.0,0.0,False,False,0.0,2.5437952198597658,-0.2150945895561529,
2024-01-12,2126277.1319158594,2126277.1319158594,现金,0.0,0.0,False,False,0.0,2.5437952198597658,-0.2150945895561529,
2024-01-15,2126277.1319158594,2126277.1319158594,现金,0.0,0.0,False,False,0.0,2.5437952198597658,-0.2150945895561529,
2024-01-16,2126277.1319158594,2126277.1319158594,现金,0.0,0.0,False,False,0.0,2.5437952198597658,-0.2150945895561529,
2024-01-17,2126277.1319158594,2126277.1319158594,现金,0.0,0.0,False,False,0.0,2.5437952198597658,-0.2150945895561529,
2024-01-18,2126277.1319158594,2126277.1319158594,现金,0.0,0.0,False,False,0.0,2.5437952198597658,-0.2150945895561529,
2024-01-19,2126277.1319158594,2126277.1319158594,现金,0.0,0.0,False,False,0.0,2.5437952198597658,-0.2150945895561529,
2024-01-22,2126277.1319158594,2126277.1319158594,现金,0.0,0.0,False,False,0.0,2.5437952198597658,-0.2150945895561529,
2024-01-23,2126277.1319158594,2126277.1319158594,现金,0.0,0.0,False,False,0.0,2.5437952198597658,-0.2150945895561529,
2024-01-24,2126277.1319158594,2126277.1319158594,现金,0.0,0.0,False,False,0.0,2.5437952198597658,-0.2150945895561529,
2024-01-25,2126277.1319158594,2126277.1319158594,现金,0.0,0.0,False,False,0.0,2.5437952198597658,-0.2150945895561529,
2024-01-26,2126277.1319158594,2126277.1319158594,现金,0.0,0.0,False,False,0.0,2.5437952198597658,-0.2150945895561529,
2024-01-29,2126277.1319158594,2126277.1319158594,现金,0.0,0.0,False,False,0.0,2.5437952198597658,-0.2150945895561529,
2024-01-30,2126277.1319158594,2126277.1319158594,现金,0.0,0.0,False,False,0.0,2.5437952198597658,-0.2150945895561529,
2024-01-31,2126277.1319158594,2126277.1319158594,现金,0.0,0.0,False,False,0.0,2.5437952198597658,-0.2150945895561529,
2024-02-01,2126277.1319158594,2126277.1319158594,现金,0.0,0.0,False,False,0.0,2.5437952198597658,-0.2150945895561529,
2024-02-02,2126277.1319158594,2126277.1319158594,现金,0.0,0.0,False,False,0.0,2.5437952198597658,-0.2150945895561529,
2024-02-05,2126277.1319158594,2126277.1319158594,现金,0.0,0.0,False,False,0.0,2.5437952198597658,-0.2150945895561529,
2024-02-06,2126277.1319158594,2126277.1319158594,现金,0.0,0.0,False,False,0.0,2.5437952198597658,-0.2150945895561529,
2024-02-07,2126277.1319158594,2126277.1319158594,现金,0.0,0.0,False,False,0.0,2.5437952198597658,-0.2150945895561529,
2024-02-08,2126277.1319158594,2126277.1319158594,现金,0.0,0.0,False,False,0.0,2.5437952198597658,-0.2150945895561529,
2024-02-19,2126277.1319158594,2126277.1319158594,现金,0.0,0.0,False,False,0.0,2.5437952198597658,-0.2150945895561529,
2024-02-20,2126277.1319158594,2126277.1319158594,现金,0.0,0.0,False,False,0.0,2.5437952198597658,-0.2150945895561529,
2024-02-21,2126277.1319158594,2126277.1319158594,现金,0.0,0.0,False,False,0.0,2.5437952198597658,-0.2150945895561529,
2024-02-22,2126277.1319158594,2126277.1319158594,现金,0.0,0.0,False,False,0.0,2.5437952198597658,-0.2150945895561529,
2024-02-23,2126277.1319158594,2126277.1319158594,现金,0.0,0.0,False,False,0.0,2.5437952198597658,-0.2150945895561529,
2024-02-26,2126277.1319158594,2126277.1319158594,现金,0.0,0.0,False,False,0.0,2.5437952198597658,-0.2150945895561529,
2024-02-27,2126277.1319158594,2126277.1319158594,现金,0.0,0.0,False,False,0.0,2.5437952198597658,-0.2150945895561529,
2024-02-28,2126277.1319158594,2126277.1319158594,现金,0.0,0.0,False,False,0.0,2.5437952198597658,-0.2150945895561529,
2024-02-29,2126277.1319158594,2126277.1319158594,现金,0.0,0.0,False,False,0.0,2.5437952198597658,-0.2150945895561529,
2024-03-01,2126277.1319158594,2126277.1319158594,现金,0.0,0.0,False,False,0.0,2.5437952198597658,-0.2150945895561529,
2024-03-04,2126277.1319158594,2126277.1319158594,现金,0.0,0.0,False,False,0.0,2.5437952198597658,-0.2150945895561529,
2024-03-05,2126277.1319158594,2126277.1319158594,现金,0.0,0.0,False,False,0.0,2.5437952198597658,-0.2150945895561529,
2024-03-06,2126277.1319158594,2126277.1319158594,现金,0.0,0.0,False,False,0.0,2.5437952198597658,-0.2150945895561529,
2024-03-07,2126277.1319158594,2126277.1319158594,现金,0.0,0.0,False,False,0.0,2.5437952198597658,-0.2150945895561529,
2024-03-08,2126277.1319158594,2126277.1319158594,现金,0.0,0.0,False,False,0.0,2.5437952198597658,-0.2150945895561529,
2024-03-11,2126277.1319158594,2126277.1319158594,现金,0.0,0.0,False,False,0.0,2.5437952198597658,-0.2150945895561529,
2024-03-12,2126277.1319158594,2126277.1319158594,现金,0.0,0.0,False,False,0.0,2.5437952198597658,-0.2150945895561529,
2024-03-13,2126277.1319158594,2126277.1319158594,现金,0.0,0.0,False,False,0.0,2.5437952198597658,-0.2150945895561529,
2024-03-14,2126277.1319158594,2126277.1319158594,现金,0.0,0.0,False,False,0.0,2.5437952198597658,-0.2150945895561529,
2024-03-15,2126277.1319158594,2126277.1319158594,现金,0.0,0.0,False,False,0.0,2.5437952198597658,-0.2150945895561529,
2024-03-18,2164552.5268637477,0.0,液冷,1.0,1699.661975951926,False,False,0.018001131824900263,2.607587544772913,-0.2009654037926757,002837 / 300499 / 301018 / 300249 / 600510
2024-03-19,2105827.659856693,0.0,液冷,1.0,0.0,False,False,-0.02713025730641061,2.5097127664278216,-0.22264341798450438,002837 / 300499 / 301018 / 300249 / 600510
2024-03-20,2124306.3487353735,0.0,液冷,1.0,0.0,False,False,0.008775024296118428,2.5405105812256226,-0.21582209509057082,002837 / 300499 / 301018 / 300249 / 600510
2024-03-21,2097458.1677850783,0.0,液冷,1.0,0.0,False,False,-0.012638563626323651,2.4957636129751304,-0.22573297743612586,002837 / 300499 / 301018 / 300249 / 600510
2024-03-22,2103468.400373785,0.0,液冷,1.0,0.0,False,False,0.00286548388950858,2.5057806672896414,-0.22351432775679114,002837 / 300499 / 301018 / 300249 / 600510
2024-03-25,2079851.791837055,0.0,液冷,1.0,0.0,False,False,-0.011227460575368386,2.466419653061758,-0.23223229002924017,002837 / 300499 / 301018 / 300249 / 600510
2024-03-26,2059857.4181900998,2059857.4181900998,现金,0.0,2681.3003340814357,False,False,-0.00961336462791662,2.4330956969834996,-0.23961312097472964,
2024-03-27,2059857.4181900998,2059857.4181900998,现金,0.0,0.0,False,False,0.0,2.4330956969834996,-0.23961312097472964,
2024-03-28,2059857.4181900998,2059857.4181900998,现金,0.0,0.0,False,False,0.0,2.4330956969834996,-0.23961312097472964,
2024-03-29,2059857.4181900998,2059857.4181900998,现金,0.0,0.0,False,False,0.0,2.4330956969834996,-0.23961312097472964,
2024-04-01,2059857.4181900998,2059857.4181900998,现金,0.0,0.0,False,False,0.0,2.4330956969834996,-0.23961312097472964,
2024-04-02,2059857.4181900998,2059857.4181900998,现金,0.0,0.0,False,False,0.0,2.4330956969834996,-0.23961312097472964,
2024-04-03,2066241.1314434216,0.0,低空经济,1.0,1646.5686796083933,False,False,0.0030991044316701633,2.4437352190723693,-0.2372566026281585,001696 / 002097 / 300699 / 603809 / 002984
2024-04-08,1994820.5701211167,0.0,低空经济,1.0,0.0,False,False,-0.03456545329363969,2.324700950201861,-0.2636211739050469,001696 / 002097 / 300699 / 603809 / 002984
2024-04-09,2040878.0504271735,0.0,低空经济,1.0,0.0,False,False,0.02308853287153556,2.4014634173786225,-0.24661926717285076,001696 / 002097 / 300699 / 603809 / 002984
2024-04-10,2087054.414087621,0.0,低空经济,1.0,0.0,False,False,0.022625733884874988,2.478424023479368,-0.2295734751979117,001696 / 002097 / 300699 / 603809 / 002984
2024-04-11,2034714.5759526645,0.0,低空经济,1.0,0.0,False,False,-0.02507832943006305,2.3911909599211074,-0.24889448538855707,001696 / 002097 / 300699 / 603809 / 002984
2024-04-12,2026308.76906629,0.0,低空经济,1.0,0.0,False,False,-0.004131197066025272,2.37718128177715,-0.2519974502867953,001696 / 002097 / 300699 / 603809 / 002984
2024-04-15,1992872.580250511,0.0,低空经济,1.0,0.0,False,False,-0.01650103346845122,2.321454300417518,-0.2643402653940997,001696 / 002097 / 300699 / 603809 / 002984
2024-04-16,1899898.8240894144,0.0,低空经济,1.0,0.0,False,False,-0.04665313632315082,2.166498040149024,-0.29866109928012174,001696 / 002097 / 300699 / 603809 / 002984
2024-04-17,1927333.1558711391,1927333.1558711391,现金,0.0,2508.794535528668,False,False,0.014439890921493337,2.2122219264518987,-0.28853384205472665,
2024-04-18,1927333.1558711391,1927333.1558711391,现金,0.0,0.0,False,False,0.0,2.2122219264518987,-0.28853384205472665,
2024-04-19,1927333.1558711391,1927333.1558711391,现金,0.0,0.0,False,False,0.0,2.2122219264518987,-0.28853384205472665,
2024-04-22,1927333.1558711391,1927333.1558711391,现金,0.0,0.0,False,False,0.0,2.2122219264518987,-0.28853384205472665,
2024-04-23,1927333.1558711391,1927333.1558711391,现金,0.0,0.0,False,False,0.0,2.2122219264518987,-0.28853384205472665,
2024-04-24,1927333.1558711391,1927333.1558711391,现金,0.0,0.0,False,False,0.0,2.2122219264518987,-0.28853384205472665,
2024-04-25,1888093.1445275908,0.0,低空经济,1.0,1540.6340174829252,False,False,-0.02035974487545833,2.1468219075459847,-0.30301911151801497,001696 / 002097 / 300699 / 603809 / 002984
2024-04-26,1931737.7813121274,0.0,低空经济,1.0,0.0,False,False,0.023115722288932217,2.2195629688535456,-0.2869078948591721,001696 / 002097 / 300699 / 603809 / 002984
2024-04-29,1991305.234426395,0.0,低空经济,1.0,0.0,False,False,0.030836200280664805,2.318842057377325,-0.2649188438864888,001696 / 002097 / 300699 / 603809 / 002984
2024-04-30,1968560.2633222577,0.0,低空经济,1.0,0.0,False,False,-0.011422141975481304,2.280933772203763,-0.2733150452151182,001696 / 002097 / 300699 / 603809 / 002984
2024-05-06,1979010.0465922486,0.0,低空经济,1.0,0.0,False,False,0.0053083380096046184,2.2983500776537475,-0.26945755584862574,001696 / 002097 / 300699 / 603809 / 002984
2024-05-07,2076378.4119235785,0.0,低空经济,1.0,0.0,False,False,0.04920054119937034,2.4606306865392975,-0.2335144722272673,001696 / 002097 / 300699 / 603809 / 002984
2024-05-08,2071872.5559192896,0.0,低空经济,1.0,0.0,False,False,-0.002170055312853414,2.4531209265321494,-0.2351777882190358,001696 / 002097 / 300699 / 603809 / 002984
2024-05-09,2074258.3675185642,0.0,低空经济,1.0,0.0,False,False,0.0011515243022348631,2.457097279197607,-0.234297076855281,001696 / 002097 / 300699 / 603809 / 002984
2024-05-10,2015840.449436816,0.0,低空经济,1.0,0.0,False,False,-0.028163279462448898,2.3597340823946933,-0.25586178226501965,001696 / 002097 / 300699 / 603809 / 002984
2024-05-13,1996111.6283011746,0.0,低空经济,1.0,0.0,False,False,-0.009786896151008917,2.326852713835291,-0.2631445857239888,001696 / 002097 / 300699 / 603809 / 002984
2024-05-14,1971966.0788698124,0.0,低空经济,1.0,0.0,False,False,-0.012096292155720612,2.286610131449687,-0.27205780409159597,001696 / 002097 / 300699 / 603809 / 002984
2024-05-15,1979100.8435865906,0.0,低空经济,1.0,0.0,False,False,0.0036180970825154812,2.298501405977651,-0.26942403855634,001696 / 002097 / 300699 / 603809 / 002984
2024-05-16,1988283.8610945535,0.0,低空经济,1.0,0.0,False,False,0.004639994741915787,2.313806435157589,-0.2660341699366713,001696 / 002097 / 300699 / 603809 / 002984
2024-05-17,2073489.6828259074,0.0,低空经济,1.0,0.0,False,False,0.04285395229454214,2.455816138043179,-0.23458083326931345,001696 / 002097 / 300699 / 603809 / 002984
2024-05-20,2052622.170100356,0.0,低空经济,1.0,0.0,False,False,-0.010063957828384984,2.42103695016726,-0.24228397948432867,001696 / 002097 / 300699 / 603809 / 002984
2024-05-21,2005023.8618244745,0.0,低空经济,1.0,0.0,False,False,-0.023189025710247613,2.3417064363741242,-0.2598546757651331,001696 / 002097 / 300699 / 603809 / 002984
2024-05-22,1976961.4904323537,0.0,低空经济,1.0,0.0,False,False,-0.013996028639073343,2.2949358173872563,-0.2702137709202006,001696 / 002097 / 300699 / 603809 / 002984
2024-05-23,1954695.9180092276,0.0,低空经济,1.0,0.0,False,False,-0.011262522072828407,2.2578265300153793,-0.27843300443365804,001696 / 002097 / 300699 / 603809 / 002984
2024-05-24,1899377.6394095658,0.0,低空经济,1.0,0.0,False,False,-0.028300196511384268,2.165629399015943,-0.29885349220431456,001696 / 002097 / 300699 / 603809 / 002984
2024-05-27,1902400.5728526795,1902400.5728526795,现金,0.0,2476.339986691182,False,False,0.001591538923272573,2.1706676214211327,-0.29773759024624125,
2024-05-28,1902400.5728526795,1902400.5728526795,现金,0.0,0.0,False,False,0.0,2.1706676214211327,-0.29773759024624125,
2024-05-29,1902400.5728526795,1902400.5728526795,现金,0.0,0.0,False,False,0.0,2.1706676214211327,-0.29773759024624125,
2024-05-30,1902400.5728526795,1902400.5728526795,现金,0.0,0.0,False,False,0.0,2.1706676214211327,-0.29773759024624125,
2024-05-31,1902400.5728526795,1902400.5728526795,现金,0.0,0.0,False,False,0.0,2.1706676214211327,-0.29773759024624125,
2024-06-03,1902400.5728526795,1902400.5728526795,现金,0.0,0.0,False,False,0.0,2.1706676214211327,-0.29773759024624125,
2024-06-04,1902400.5728526795,1902400.5728526795,现金,0.0,0.0,False,False,0.0,2.1706676214211327,-0.29773759024624125,
2024-06-05,1902400.5728526795,1902400.5728526795,现金,0.0,0.0,False,False,0.0,2.1706676214211327,-0.29773759024624125,
2024-06-06,1902400.5728526795,1902400.5728526795,现金,0.0,0.0,False,False,0.0,2.1706676214211327,-0.29773759024624125,
2024-06-07,1902400.5728526795,1902400.5728526795,现金,0.0,0.0,False,False,0.0,2.1706676214211327,-0.29773759024624125,
2024-06-11,1902400.5728526795,1902400.5728526795,现金,0.0,0.0,False,False,0.0,2.1706676214211327,-0.29773759024624125,
2024-06-12,1902400.5728526795,1902400.5728526795,现金,0.0,0.0,False,False,0.0,2.1706676214211327,-0.29773759024624125,
2024-06-13,1902400.5728526795,1902400.5728526795,现金,0.0,0.0,False,False,0.0,2.1706676214211327,-0.29773759024624125,
2024-06-14,1902400.5728526795,1902400.5728526795,现金,0.0,0.0,False,False,0.0,2.1706676214211327,-0.29773759024624125,
2024-06-17,1902400.5728526795,1902400.5728526795,现金,0.0,0.0,False,False,0.0,2.1706676214211327,-0.29773759024624125,
2024-06-18,1902400.5728526795,1902400.5728526795,现金,0.0,0.0,False,False,0.0,2.1706676214211327,-0.29773759024624125,
2024-06-19,1902400.5728526795,1902400.5728526795,现金,0.0,0.0,False,False,0.0,2.1706676214211327,-0.29773759024624125,
2024-06-20,1902400.5728526795,1902400.5728526795,现金,0.0,0.0,False,False,0.0,2.1706676214211327,-0.29773759024624125,
2024-06-21,1902400.5728526795,1902400.5728526795,现金,0.0,0.0,False,False,0.0,2.1706676214211327,-0.29773759024624125,
2024-06-24,1902400.5728526795,1902400.5728526795,现金,0.0,0.0,False,False,0.0,2.1706676214211327,-0.29773759024624125,
2024-06-25,1902400.5728526795,1902400.5728526795,现金,0.0,0.0,False,False,0.0,2.1706676214211327,-0.29773759024624125,
2024-06-26,1902400.5728526795,1902400.5728526795,现金,0.0,0.0,False,False,0.0,2.1706676214211327,-0.29773759024624125,
2024-06-27,1902400.5728526795,1902400.5728526795,现金,0.0,0.0,False,False,0.0,2.1706676214211327,-0.29773759024624125,
2024-06-28,1902400.5728526795,1902400.5728526795,现金,0.0,0.0,False,False,0.0,2.1706676214211327,-0.29773759024624125,
2024-07-01,1902400.5728526795,1902400.5728526795,现金,0.0,0.0,False,False,0.0,2.1706676214211327,-0.29773759024624125,
2024-07-02,1902400.5728526795,1902400.5728526795,现金,0.0,0.0,False,False,0.0,2.1706676214211327,-0.29773759024624125,
2024-07-03,1902400.5728526795,1902400.5728526795,现金,0.0,0.0,False,False,0.0,2.1706676214211327,-0.29773759024624125,
2024-07-04,1902400.5728526795,1902400.5728526795,现金,0.0,0.0,False,False,0.0,2.1706676214211327,-0.29773759024624125,
2024-07-05,1902400.5728526795,1902400.5728526795,现金,0.0,0.0,False,False,0.0,2.1706676214211327,-0.29773759024624125,
2024-07-08,1902400.5728526795,1902400.5728526795,现金,0.0,0.0,False,False,0.0,2.1706676214211327,-0.29773759024624125,
2024-07-09,1902400.5728526795,1902400.5728526795,现金,0.0,0.0,False,False,0.0,2.1706676214211327,-0.29773759024624125,
2024-07-10,1902400.5728526795,1902400.5728526795,现金,0.0,0.0,False,False,0.0,2.1706676214211327,-0.29773759024624125,
2024-07-11,1902400.5728526795,1902400.5728526795,现金,0.0,0.0,False,False,0.0,2.1706676214211327,-0.29773759024624125,
2024-07-12,1902400.5728526795,1902400.5728526795,现金,0.0,0.0,False,False,0.0,2.1706676214211327,-0.29773759024624125,
2024-07-15,1902400.5728526795,1902400.5728526795,现金,0.0,0.0,False,False,0.0,2.1706676214211327,-0.29773759024624125,
2024-07-16,1902400.5728526795,1902400.5728526795,现金,0.0,0.0,False,False,0.0,2.1706676214211327,-0.29773759024624125,
2024-07-17,1902400.5728526795,1902400.5728526795,现金,0.0,0.0,False,False,0.0,2.1706676214211327,-0.29773759024624125,
2024-07-18,1902400.5728526795,1902400.5728526795,现金,0.0,0.0,False,False,0.0,2.1706676214211327,-0.29773759024624125,
2024-07-19,1902400.5728526795,1902400.5728526795,现金,0.0,0.0,False,False,0.0,2.1706676214211327,-0.29773759024624125,
2024-07-22,1902400.5728526795,1902400.5728526795,现金,0.0,0.0,False,False,0.0,2.1706676214211327,-0.29773759024624125,
2024-07-23,1902400.5728526795,1902400.5728526795,现金,0.0,0.0,False,False,0.0,2.1706676214211327,-0.29773759024624125,
2024-07-24,1902400.5728526795,1902400.5728526795,现金,0.0,0.0,False,False,0.0,2.1706676214211327,-0.29773759024624125,
2024-07-25,1902400.5728526795,1902400.5728526795,现金,0.0,0.0,False,False,0.0,2.1706676214211327,-0.29773759024624125,
2024-07-26,1902400.5728526795,1902400.5728526795,现金,0.0,0.0,False,False,0.0,2.1706676214211327,-0.29773759024624125,
2024-07-29,1902400.5728526795,1902400.5728526795,现金,0.0,0.0,False,False,0.0,2.1706676214211327,-0.29773759024624125,
2024-07-30,1902400.5728526795,1902400.5728526795,现金,0.0,0.0,False,False,0.0,2.1706676214211327,-0.29773759024624125,
2024-07-31,1902400.5728526795,1902400.5728526795,现金,0.0,0.0,False,False,0.0,2.1706676214211327,-0.29773759024624125,
2024-08-01,1902400.5728526795,1902400.5728526795,现金,0.0,0.0,False,False,0.0,2.1706676214211327,-0.29773759024624125,
2024-08-02,1902400.5728526795,1902400.5728526795,现金,0.0,0.0,False,False,0.0,2.1706676214211327,-0.29773759024624125,
2024-08-05,1902400.5728526795,1902400.5728526795,现金,0.0,0.0,False,False,0.0,2.1706676214211327,-0.29773759024624125,
2024-08-06,1902400.5728526795,1902400.5728526795,现金,0.0,0.0,False,False,0.0,2.1706676214211327,-0.29773759024624125,
2024-08-07,1902400.5728526795,1902400.5728526795,现金,0.0,0.0,False,False,0.0,2.1706676214211327,-0.29773759024624125,
2024-08-08,1902400.5728526795,1902400.5728526795,现金,0.0,0.0,False,False,0.0,2.1706676214211327,-0.29773759024624125,
2024-08-09,1902400.5728526795,1902400.5728526795,现金,0.0,0.0,False,False,0.0,2.1706676214211327,-0.29773759024624125,
2024-08-12,1902400.5728526795,1902400.5728526795,现金,0.0,0.0,False,False,0.0,2.1706676214211327,-0.29773759024624125,
2024-08-13,1902400.5728526795,1902400.5728526795,现金,0.0,0.0,False,False,0.0,2.1706676214211327,-0.29773759024624125,
2024-08-14,1902400.5728526795,1902400.5728526795,现金,0.0,0.0,False,False,0.0,2.1706676214211327,-0.29773759024624125,
2024-08-15,1902400.5728526795,1902400.5728526795,现金,0.0,0.0,False,False,0.0,2.1706676214211327,-0.29773759024624125,
2024-08-16,1902400.5728526795,1902400.5728526795,现金,0.0,0.0,False,False,0.0,2.1706676214211327,-0.29773759024624125,
2024-08-19,1902400.5728526795,1902400.5728526795,现金,0.0,0.0,False,False,0.0,2.1706676214211327,-0.29773759024624125,
2024-08-20,1902400.5728526795,1902400.5728526795,现金,0.0,0.0,False,False,0.0,2.1706676214211327,-0.29773759024624125,
2024-08-21,1902400.5728526795,1902400.5728526795,现金,0.0,0.0,False,False,0.0,2.1706676214211327,-0.29773759024624125,
2024-08-22,1902400.5728526795,1902400.5728526795,现金,0.0,0.0,False,False,0.0,2.1706676214211327,-0.29773759024624125,
2024-08-23,1902400.5728526795,1902400.5728526795,现金,0.0,0.0,False,False,0.0,2.1706676214211327,-0.29773759024624125,
2024-08-26,1902400.5728526795,1902400.5728526795,现金,0.0,0.0,False,False,0.0,2.1706676214211327,-0.29773759024624125,
2024-08-27,1902400.5728526795,1902400.5728526795,现金,0.0,0.0,False,False,0.0,2.1706676214211327,-0.29773759024624125,
2024-08-28,1902400.5728526795,1902400.5728526795,现金,0.0,0.0,False,False,0.0,2.1706676214211327,-0.29773759024624125,
2024-08-29,1902400.5728526795,1902400.5728526795,现金,0.0,0.0,False,False,0.0,2.1706676214211327,-0.29773759024624125,
2024-08-30,1902400.5728526795,1902400.5728526795,现金,0.0,0.0,False,False,0.0,2.1706676214211327,-0.29773759024624125,
2024-09-02,1902400.5728526795,1902400.5728526795,现金,0.0,0.0,False,False,0.0,2.1706676214211327,-0.29773759024624125,
2024-09-03,1902400.5728526795,1902400.5728526795,现金,0.0,0.0,False,False,0.0,2.1706676214211327,-0.29773759024624125,
2024-09-04,1902400.5728526795,1902400.5728526795,现金,0.0,0.0,False,False,0.0,2.1706676214211327,-0.29773759024624125,
2024-09-05,1902400.5728526795,1902400.5728526795,现金,0.0,0.0,False,False,0.0,2.1706676214211327,-0.29773759024624125,
2024-09-06,1902400.5728526795,1902400.5728526795,现金,0.0,0.0,False,False,0.0,2.1706676214211327,-0.29773759024624125,
2024-09-09,1902400.5728526795,1902400.5728526795,现金,0.0,0.0,False,False,0.0,2.1706676214211327,-0.29773759024624125,
2024-09-10,1902400.5728526795,1902400.5728526795,现金,0.0,0.0,False,False,0.0,2.1706676214211327,-0.29773759024624125,
2024-09-11,1902400.5728526795,1902400.5728526795,现金,0.0,0.0,False,False,0.0,2.1706676214211327,-0.29773759024624125,
2024-09-12,1902400.5728526795,1902400.5728526795,现金,0.0,0.0,False,False,0.0,2.1706676214211327,-0.29773759024624125,
2024-09-13,1902400.5728526795,1902400.5728526795,现金,0.0,0.0,False,False,0.0,2.1706676214211327,-0.29773759024624125,
2024-09-18,1902400.5728526795,1902400.5728526795,现金,0.0,0.0,False,False,0.0,2.1706676214211327,-0.29773759024624125,
2024-09-19,1902400.5728526795,1902400.5728526795,现金,0.0,0.0,False,False,0.0,2.1706676214211327,-0.29773759024624125,
2024-09-20,1902400.5728526795,1902400.5728526795,现金,0.0,0.0,False,False,0.0,2.1706676214211327,-0.29773759024624125,
2024-09-23,1902400.5728526795,1902400.5728526795,现金,0.0,0.0,False,False,0.0,2.1706676214211327,-0.29773759024624125,
2024-09-24,1902400.5728526795,1902400.5728526795,现金,0.0,0.0,False,False,0.0,2.1706676214211327,-0.29773759024624125,
2024-09-25,1902400.5728526795,1902400.5728526795,现金,0.0,0.0,False,False,0.0,2.1706676214211327,-0.29773759024624125,
2024-09-26,1902400.5728526795,1902400.5728526795,现金,0.0,0.0,False,False,0.0,2.1706676214211327,-0.29773759024624125,
2024-09-27,1902400.5728526795,1902400.5728526795,现金,0.0,0.0,False,False,0.0,2.1706676214211327,-0.29773759024624125,
2024-09-30,1902400.5728526795,1902400.5728526795,现金,0.0,0.0,False,False,0.0,2.1706676214211327,-0.29773759024624125,
2024-10-08,1902400.5728526795,1902400.5728526795,现金,0.0,0.0,False,False,0.0,2.1706676214211327,-0.29773759024624125,
2024-10-09,1902400.5728526795,1902400.5728526795,现金,0.0,0.0,False,False,0.0,2.1706676214211327,-0.29773759024624125,
2024-10-10,1902400.5728526795,1902400.5728526795,现金,0.0,0.0,False,False,0.0,2.1706676214211327,-0.29773759024624125,
2024-10-11,1902400.5728526795,1902400.5728526795,现金,0.0,0.0,False,False,0.0,2.1706676214211327,-0.29773759024624125,
2024-10-14,1902400.5728526795,1902400.5728526795,现金,0.0,0.0,False,False,0.0,2.1706676214211327,-0.29773759024624125,
2024-10-15,1902400.5728526795,1902400.5728526795,现金,0.0,0.0,False,False,0.0,2.1706676214211327,-0.29773759024624125,
2024-10-16,1902400.5728526795,1902400.5728526795,现金,0.0,0.0,False,False,0.0,2.1706676214211327,-0.29773759024624125,
2024-10-17,1931468.600068865,0.0,大数据,1.0,1520.703895166011,False,False,0.015279656467195979,2.2191143334481085,-0.2870072618753786,002401 / 300166 / 300168 / 300290 / 002642
2024-10-18,1967956.1440982427,0.0,大数据,1.0,0.0,False,False,0.018891088381181476,2.2799269068304047,-0.2735380530443259,002401 / 300166 / 300168 / 300290 / 002642
2024-10-21,2059082.000936587,0.0,大数据,1.0,0.0,False,False,0.04630482092379151,2.4318033348943118,-0.23989936268259449,002401 / 300166 / 300168 / 300290 / 002642
2024-10-22,1953158.1370162794,0.0,大数据,1.0,0.0,False,False,-0.051442275670482096,2.255263561693799,-0.2790006692047855,002401 / 300166 / 300168 / 300290 / 002642
2024-10-23,1940525.8475426428,0.0,大数据,1.0,0.0,False,False,-0.006467622479833679,2.234209745904405,-0.28366382068458174,002401 / 300166 / 300168 / 300290 / 002642
2024-10-24,1951408.843891023,0.0,大数据,1.0,0.0,False,False,0.00560827177961154,2.252348073151705,-0.27964641270541235,002401 / 300166 / 300168 / 300290 / 002642
2024-10-25,1989421.5704241889,0.0,大数据,1.0,0.0,False,False,0.019479632190950946,2.315702617373648,-0.26561418977748175,002401 / 300166 / 300168 / 300290 / 002642
2024-10-28,2028174.106249854,0.0,低空经济,1.0,4113.713708894531,False,False,0.019479298104424503,2.38029017708309,-0.2513088696564979,001696 / 002097 / 300699 / 603809 / 002984
2024-10-29,2041710.0130329174,0.0,低空经济,1.0,0.0,False,False,0.006673937282480891,2.402850021721529,-0.24631215200863565,001696 / 002097 / 300699 / 603809 / 002984
2024-10-30,2157213.779088309,0.0,低空经济,1.0,0.0,False,False,0.05657207209549475,2.595356298480515,-0.20367446873456985,001696 / 002097 / 300699 / 603809 / 002984
2024-10-31,2241667.633155317,0.0,低空经济,1.0,0.0,False,False,0.039149506129475986,2.7361127219255286,-0.17249871746723566,001696 / 002097 / 300699 / 603809 / 002984
2024-11-01,2169917.6198604056,0.0,低空经济,1.0,0.0,False,False,-0.03200742707513593,2.6165293664340092,-0.19898490442248462,001696 / 002097 / 300699 / 603809 / 002984
2024-11-04,2215082.587436534,0.0,低空经济,1.0,0.0,False,False,0.02081413928471343,2.6918043123942232,-0.1823124646539761,001696 / 002097 / 300699 / 603809 / 002984
2024-11-05,2294653.0821010056,0.0,低空经济,1.0,0.0,False,False,0.035922134513529214,2.824421803501676,-0.15293938301924004,001696 / 002097 / 300699 / 603809 / 002984
2024-11-06,2295684.012726187,0.0,低空经济,1.0,0.0,False,False,0.0004492751576361531,2.8261400212103114,-0.15255881972701868,001696 / 002097 / 300699 / 603809 / 002984
2024-11-07,2185994.7645464316,0.0,低空经济,1.0,0.0,False,False,-0.04778063861214776,2.643324607577386,-0.1930501005066939,001696 / 002097 / 300699 / 603809 / 002984
2024-11-08,2242868.081947135,0.0,低空经济,1.0,0.0,False,False,0.026017133399907078,2.7381134699118914,-0.17205557732453491,001696 / 002097 / 300699 / 603809 / 002984
2024-11-11,2294680.146870467,0.0,低空经济,1.0,0.0,False,False,0.023100807996853545,2.824466911450778,-0.15292939218424317,001696 / 002097 / 300699 / 603809 / 002984
2024-11-12,2228343.6336154724,0.0,低空经济,1.0,0.0,False,False,-0.02890882781439741,2.7139060560257873,-0.1774172105322258,001696 / 002097 / 300699 / 603809 / 002984
2024-11-13,2243521.8030816372,0.0,低空经济,1.0,0.0,False,False,0.0068114133014298694,2.739203005136062,-0.17181425917851778,001696 / 002097 / 300699 / 603809 / 002984
2024-11-14,2158982.900236669,0.0,低空经济,1.0,0.0,False,False,-0.03768133776495863,2.5983048337277816,-0.20302140581053463,001696 / 002097 / 300699 / 603809 / 002984
2024-11-15,2055798.6259372144,0.0,低空经济,1.0,0.0,False,False,-0.04779300210675297,2.4263310432286906,-0.24111140544166865,001696 / 002097 / 300699 / 603809 / 002984
2024-11-18,2054222.6419519088,2054222.6419519088,现金,0.0,2673.965589804227,False,False,-0.0007666042604669299,2.4237044032531814,-0.24169317267147683,
2024-11-19,2054222.6419519088,2054222.6419519088,现金,0.0,0.0,False,False,0.0,2.4237044032531814,-0.24169317267147683,
2024-11-20,2054222.6419519088,2054222.6419519088,现金,0.0,0.0,False,False,0.0,2.4237044032531814,-0.24169317267147683,
2024-11-21,2054222.6419519088,2054222.6419519088,现金,0.0,0.0,False,False,0.0,2.4237044032531814,-0.24169317267147683,
2024-11-22,2054222.6419519088,2054222.6419519088,现金,0.0,0.0,False,False,0.0,2.4237044032531814,-0.24169317267147683,
2024-11-25,2054222.6419519088,2054222.6419519088,现金,0.0,0.0,False,False,0.0,2.4237044032531814,-0.24169317267147683,
2024-11-26,2054222.6419519088,2054222.6419519088,现金,0.0,0.0,False,False,0.0,2.4237044032531814,-0.24169317267147683,
2024-11-27,2054222.6419519088,2054222.6419519088,现金,0.0,0.0,False,False,0.0,2.4237044032531814,-0.24169317267147683,
2024-11-28,2054222.6419519088,2054222.6419519088,现金,0.0,0.0,False,False,0.0,2.4237044032531814,-0.24169317267147683,
2024-11-29,2054222.6419519088,2054222.6419519088,现金,0.0,0.0,False,False,0.0,2.4237044032531814,-0.24169317267147683,
2024-12-02,2054222.6419519088,2054222.6419519088,现金,0.0,0.0,False,False,0.0,2.4237044032531814,-0.24169317267147683,
2024-12-03,2063842.6283286978,0.0,液冷,1.0,1642.0644619919337,False,False,0.004683030057369031,2.439737713881163,-0.23814199900638922,002837 / 300499 / 301018 / 300249 / 600510
2024-12-04,2035220.0655158907,0.0,液冷,1.0,0.0,False,False,-0.01386857816576137,2.3920334425264844,-0.2487078862443799,002837 / 300499 / 301018 / 300249 / 600510
2024-12-05,2063930.9457996772,0.0,液冷,1.0,0.0,False,False,0.014107015143106194,2.439884909666129,-0.23810939701873302,002837 / 300499 / 301018 / 300249 / 600510
2024-12-06,2054008.427115278,0.0,液冷,1.0,0.0,False,False,-0.004807582688070244,2.4233473785254636,-0.24177224909182915,002837 / 300499 / 301018 / 300249 / 600510
2024-12-09,2056713.9542329975,0.0,液冷,1.0,0.0,False,False,0.0013171937768139408,2.427856590388329,-0.24077351621692533,002837 / 300499 / 301018 / 300249 / 600510
2024-12-10,2057207.0629120388,0.0,液冷,1.0,0.0,False,False,0.000239755595583091,2.4286784381867315,-0.2405914874191235,002837 / 300499 / 301018 / 300249 / 600510
2024-12-11,2148701.302552404,0.0,液冷,1.0,0.0,False,False,0.04447497837716563,2.58116883758734,-0.20681681024265353,002837 / 300499 / 301018 / 300249 / 600510
2024-12-12,2154898.5558678126,0.0,液冷,1.0,0.0,False,False,0.002884185581331078,2.591497593113021,-0.2045291227234013,002837 / 300499 / 301018 / 300249 / 600510
2024-12-13,2202650.025845644,0.0,液冷,1.0,0.0,False,False,0.022159497878822876,2.6710833764094066,-0.18690188750572512,002837 / 300499 / 301018 / 300249 / 600510
2024-12-16,2147114.862997328,0.0,液冷,1.0,0.0,False,False,-0.02521288547734446,2.578524771662213,-0.2074024370978882,002837 / 300499 / 301018 / 300249 / 600510
2024-12-17,2001436.3833102358,0.0,商贸零售,1.0,4450.863365452475,False,False,-0.06784847992888843,2.3357273055170595,-0.261178976936138,601888 / 600827 / 600859 / 000785 / 002419
2024-12-18,2006741.4192903638,0.0,商贸零售,1.0,0.0,False,False,0.0026506143409634753,2.3445690321506065,-0.2592206473369997,601888 / 600827 / 600859 / 000785 / 002419
2024-12-19,1959989.5529095465,0.0,商贸零售,1.0,0.0,False,False,-0.023297404404674094,2.266649254849244,-0.27647888349062233,601888 / 600827 / 600859 / 000785 / 002419
2024-12-20,1953042.4369645128,0.0,商贸零售,1.0,0.0,False,False,-0.003544465803259511,2.255070728274188,-0.27904337934602585,601888 / 600827 / 600859 / 000785 / 002419
2024-12-23,1893404.0513915909,0.0,商贸零售,1.0,0.0,False,False,-0.030536144245597696,2.1556734189859847,-0.3010586147091343,601888 / 600827 / 600859 / 000785 / 002419
2024-12-24,1889447.6477320192,1889447.6477320192,现金,0.0,2459.47926509625,False,False,-0.0020895717724189744,2.1490794128866986,-0.30251910289841355,
2024-12-25,1889447.6477320192,1889447.6477320192,现金,0.0,0.0,False,False,0.0,2.1490794128866986,-0.30251910289841355,
2024-12-26,1889447.6477320192,1889447.6477320192,现金,0.0,0.0,False,False,0.0,2.1490794128866986,-0.30251910289841355,
2024-12-27,1889447.6477320192,1889447.6477320192,现金,0.0,0.0,False,False,0.0,2.1490794128866986,-0.30251910289841355,
2024-12-30,1889447.6477320192,1889447.6477320192,现金,0.0,0.0,False,False,0.0,2.1490794128866986,-0.30251910289841355,
2024-12-31,1889447.6477320192,1889447.6477320192,现金,0.0,0.0,False,False,0.0,2.1490794128866986,-0.30251910289841355,
2025-01-02,1889447.6477320192,1889447.6477320192,现金,0.0,0.0,False,False,0.0,2.1490794128866986,-0.30251910289841355,
2025-01-03,1889447.6477320192,1889447.6477320192,现金,0.0,0.0,False,False,0.0,2.1490794128866986,-0.30251910289841355,
2025-01-06,1889447.6477320192,1889447.6477320192,现金,0.0,0.0,False,False,0.0,2.1490794128866986,-0.30251910289841355,
2025-01-07,1889447.6477320192,1889447.6477320192,现金,0.0,0.0,False,False,0.0,2.1490794128866986,-0.30251910289841355,
2025-01-08,1889447.6477320192,1889447.6477320192,现金,0.0,0.0,False,False,0.0,2.1490794128866986,-0.30251910289841355,
2025-01-09,1889447.6477320192,1889447.6477320192,现金,0.0,0.0,False,False,0.0,2.1490794128866986,-0.30251910289841355,
2025-01-10,1889447.6477320192,1889447.6477320192,现金,0.0,0.0,False,False,0.0,2.1490794128866986,-0.30251910289841355,
2025-01-13,1889447.6477320192,1889447.6477320192,现金,0.0,0.0,False,False,0.0,2.1490794128866986,-0.30251910289841355,
2025-01-14,1889447.6477320192,1889447.6477320192,现金,0.0,0.0,False,False,0.0,2.1490794128866986,-0.30251910289841355,
2025-01-15,1889447.6477320192,1889447.6477320192,现金,0.0,0.0,False,False,0.0,2.1490794128866986,-0.30251910289841355,
2025-01-16,1889447.6477320192,1889447.6477320192,现金,0.0,0.0,False,False,0.0,2.1490794128866986,-0.30251910289841355,
2025-01-17,1889447.6477320192,1889447.6477320192,现金,0.0,0.0,False,False,0.0,2.1490794128866986,-0.30251910289841355,
2025-01-20,1889447.6477320192,1889447.6477320192,现金,0.0,0.0,False,False,0.0,2.1490794128866986,-0.30251910289841355,
2025-01-21,1889447.6477320192,1889447.6477320192,现金,0.0,0.0,False,False,0.0,2.1490794128866986,-0.30251910289841355,
2025-01-22,1889447.6477320192,1889447.6477320192,现金,0.0,0.0,False,False,0.0,2.1490794128866986,-0.30251910289841355,
2025-01-23,1889447.6477320192,1889447.6477320192,现金,0.0,0.0,False,False,0.0,2.1490794128866986,-0.30251910289841355,
2025-01-24,1889447.6477320192,1889447.6477320192,现金,0.0,0.0,False,False,0.0,2.1490794128866986,-0.30251910289841355,
2025-01-27,1840419.2054004068,0.0,PCB,1.0,1510.3498383149636,False,False,-0.02594855824159148,2.0673653423340115,-0.32061772657925147,002463 / 600183 / 002916 / 002938 / 300476
2025-02-05,1681803.9187139901,0.0,PCB,1.0,0.0,False,False,-0.08618432486521888,1.8030065311899834,-0.3791698291394163,002463 / 600183 / 002916 / 002938 / 300476
2025-02-06,1694074.6479381165,1694074.6479381165,现金,0.0,2205.163755201313,False,False,0.007296171145509733,1.8234577465635273,-0.3746401459605214,
2025-02-07,1694074.6479381165,1694074.6479381165,现金,0.0,0.0,False,False,0.0,1.8234577465635273,-0.3746401459605214,
2025-02-10,1694074.6479381165,1694074.6479381165,现金,0.0,0.0,False,False,0.0,1.8234577465635273,-0.3746401459605214,
2025-02-11,1694074.6479381165,1694074.6479381165,现金,0.0,0.0,False,False,0.0,1.8234577465635273,-0.3746401459605214,
2025-02-12,1694074.6479381165,1694074.6479381165,现金,0.0,0.0,False,False,0.0,1.8234577465635273,-0.3746401459605214,
2025-02-13,1694074.6479381165,1694074.6479381165,现金,0.0,0.0,False,False,0.0,1.8234577465635273,-0.3746401459605214,
2025-02-14,1747010.5618188288,0.0,传媒,1.0,1354.1763772486945,False,False,0.031247686720972778,1.911684269698048,-0.35509909715362253,300413 / 002027 / 300251 / 300133 / 002555
2025-02-17,1809622.4910770142,1809622.4910770142,现金,0.0,2355.571481325842,False,False,0.03583946807568217,2.016037485128357,-0.3319861918340812,
2025-02-18,1718823.7726395857,0.0,传媒,1.0,1446.5407602534087,False,False,-0.05017550283837868,1.8647062877326426,-0.3655041205617864,300413 / 002027 / 300251 / 300133 / 002555
2025-02-19,1756177.3627633897,0.0,传媒,1.0,0.0,False,False,0.021732065100798836,1.9269622712723162,-0.35171521480364654,300413 / 002027 / 300251 / 300133 / 002555
2025-02-20,1714579.2347040663,0.0,传媒,1.0,0.0,False,False,-0.023686746533315817,1.8576320578401107,-0.3670709721919977,300413 / 002027 / 300251 / 300133 / 002555
2025-02-21,1756063.6191525676,0.0,传媒,1.0,0.0,False,False,0.024195081573854083,1.9267726985876128,-0.3517572027337229,300413 / 002027 / 300251 / 300133 / 002555
2025-02-24,1734682.0223741396,0.0,传媒,1.0,0.0,False,False,-0.012175866833768922,1.8911367039568994,-0.3596501207091869,300413 / 002027 / 300251 / 300133 / 002555
2025-02-25,1671335.5763160433,0.0,传媒,1.0,0.0,False,False,-0.036517612588962245,1.785559293860072,-0.38303416952251756,300413 / 002027 / 300251 / 300133 / 002555
2025-02-26,1672598.8800353846,0.0,传媒,1.0,0.0,False,False,0.0007558647929495343,1.787664800058974,-0.38256782677280676,300413 / 002027 / 300251 / 300133 / 002555
2025-02-27,1663004.3880575525,0.0,传媒,1.0,0.0,False,False,-0.005736277892060437,1.7716739800959207,-0.3861095892979367,300413 / 002027 / 300251 / 300133 / 002555
2025-02-28,1604436.184407079,0.0,传媒,1.0,0.0,False,False,-0.0352183097477472,1.6740603073451314,-0.4077297719332137,300413 / 002027 / 300251 / 300133 / 002555
2025-03-03,1628700.5887809964,0.0,传媒,1.0,0.0,False,False,0.015123321581583804,1.7145009813016605,-0.3987726788109618,300413 / 002027 / 300251 / 300133 / 002555
2025-03-04,1629507.4376552915,0.0,传媒,1.0,0.0,False,False,0.0004953942301322289,1.715845729425486,-0.3984748342650468,300413 / 002027 / 300251 / 300133 / 002555
2025-03-05,1628298.2713137553,1628298.2713137553,现金,0.0,2119.5431588143406,False,False,-0.0007420440763842295,1.7138304521895922,-0.3989211924510765,
2025-03-06,1628298.2713137553,1628298.2713137553,现金,0.0,0.0,False,False,0.0,1.7138304521895922,-0.3989211924510765,
2025-03-07,1628298.2713137553,1628298.2713137553,现金,0.0,0.0,False,False,0.0,1.7138304521895922,-0.3989211924510765,
2025-03-10,1628298.2713137553,1628298.2713137553,现金,0.0,0.0,False,False,0.0,1.7138304521895922,-0.3989211924510765,
2025-03-11,1628298.2713137553,1628298.2713137553,现金,0.0,0.0,False,False,0.0,1.7138304521895922,-0.3989211924510765,
2025-03-12,1628298.2713137553,1628298.2713137553,现金,0.0,0.0,False,False,0.0,1.7138304521895922,-0.3989211924510765,
2025-03-13,1605089.6156562823,0.0,工程机械,1.0,1301.5973391796606,False,False,-0.014253319595277647,1.6751493594271372,-0.40748856079701967,600031 / 000157 / 000425 / 601100 / 603298
2025-03-14,1625170.6216382498,0.0,工程机械,1.0,0.0,False,False,0.012510831660796029,1.7086177027304164,-0.40007574992405526,600031 / 000157 / 000425 / 601100 / 603298
2025-03-17,1607639.107166455,0.0,工程机械,1.0,0.0,False,False,-0.010787491626031431,1.6793985119440915,-0.4065474277480027,600031 / 000157 / 000425 / 601100 / 603298
2025-03-18,1600971.1601041288,0.0,工程机械,1.0,0.0,False,False,-0.00414766413220613,1.6682852668402144,-0.40900886969609773,600031 / 000157 / 000425 / 601100 / 603298
2025-03-19,1603457.6578980605,0.0,工程机械,1.0,0.0,False,False,0.0015531184170549661,1.672429429830101,-0.40809099048730657,600031 / 000157 / 000425 / 601100 / 603298
2025-03-20,1595184.768251657,0.0,工程机械,1.0,0.0,False,False,-0.005159406365147334,1.6586412804194284,-0.4111448895985744,600031 / 000157 / 000425 / 601100 / 603298
2025-03-21,1575453.0575634646,0.0,工程机械,1.0,0.0,False,False,-0.012369545572967433,1.6257550959391076,-0.41842875972255966,600031 / 000157 / 000425 / 601100 / 603298
2025-03-24,1577424.3708272306,1577424.3708272306,现金,0.0,2053.320999374587,False,False,0.0012512675349494184,1.6290406180453845,-0.4177010585103401,
2025-03-25,1577424.3708272306,1577424.3708272306,现金,0.0,0.0,False,False,0.0,1.6290406180453845,-0.4177010585103401,
2025-03-26,1577424.3708272306,1577424.3708272306,现金,0.0,0.0,False,False,0.0,1.6290406180453845,-0.4177010585103401,
2025-03-27,1577424.3708272306,1577424.3708272306,现金,0.0,0.0,False,False,0.0,1.6290406180453845,-0.4177010585103401,
2025-03-28,1577424.3708272306,1577424.3708272306,现金,0.0,0.0,False,False,0.0,1.6290406180453845,-0.4177010585103401,
2025-03-31,1577424.3708272306,1577424.3708272306,现金,0.0,0.0,False,False,0.0,1.6290406180453845,-0.4177010585103401,
2025-04-01,1577424.3708272306,1577424.3708272306,现金,0.0,0.0,False,False,0.0,1.6290406180453845,-0.4177010585103401,
2025-04-02,1577424.3708272306,1577424.3708272306,现金,0.0,0.0,False,False,0.0,1.6290406180453845,-0.4177010585103401,
2025-04-03,1577424.3708272306,1577424.3708272306,现金,0.0,0.0,False,False,0.0,1.6290406180453845,-0.4177010585103401,
2025-04-07,1577424.3708272306,1577424.3708272306,现金,0.0,0.0,False,False,0.0,1.6290406180453845,-0.4177010585103401,
2025-04-08,1577424.3708272306,1577424.3708272306,现金,0.0,0.0,False,False,0.0,1.6290406180453845,-0.4177010585103401,
2025-04-09,1577424.3708272306,1577424.3708272306,现金,0.0,0.0,False,False,0.0,1.6290406180453845,-0.4177010585103401,
2025-04-10,1577424.3708272306,1577424.3708272306,现金,0.0,0.0,False,False,0.0,1.6290406180453845,-0.4177010585103401,
2025-04-11,1577424.3708272306,1577424.3708272306,现金,0.0,0.0,False,False,0.0,1.6290406180453845,-0.4177010585103401,
2025-04-14,1577424.3708272306,1577424.3708272306,现金,0.0,0.0,False,False,0.0,1.6290406180453845,-0.4177010585103401,
2025-04-15,1577424.3708272306,1577424.3708272306,现金,0.0,0.0,False,False,0.0,1.6290406180453845,-0.4177010585103401,
2025-04-16,1577424.3708272306,1577424.3708272306,现金,0.0,0.0,False,False,0.0,1.6290406180453845,-0.4177010585103401,
2025-04-17,1577424.3708272306,1577424.3708272306,现金,0.0,0.0,False,False,0.0,1.6290406180453845,-0.4177010585103401,
2025-04-18,1577424.3708272306,1577424.3708272306,现金,0.0,0.0,False,False,0.0,1.6290406180453845,-0.4177010585103401,
2025-04-21,1577424.3708272306,1577424.3708272306,现金,0.0,0.0,False,False,0.0,1.6290406180453845,-0.4177010585103401,
2025-04-22,1571104.6046271566,0.0,黄金概念,1.0,1260.9307520601367,False,False,-0.004006383010780934,1.6185076743785944,-0.42003397109672,600547 / 601899 / 600489 / 000975 / 002237
2025-04-23,1473151.9984308975,0.0,黄金概念,1.0,0.0,False,False,-0.06234633003287804,1.4552533307181625,-0.45619272454258164,600547 / 601899 / 600489 / 000975 / 002237
2025-04-24,1462483.3632387808,0.0,黄金概念,1.0,0.0,False,False,-0.007242046444277506,1.4374722720646345,-0.46013100208818025,600547 / 601899 / 600489 / 000975 / 002237
2025-04-25,1444348.4621675424,0.0,黄金概念,1.0,0.0,False,False,-0.012400073414221446,1.4072474369459043,-0.46682541729634897,600547 / 601899 / 600489 / 000975 / 002237
2025-04-28,1439317.9856771482,0.0,黄金概念,1.0,0.0,False,False,-0.003482869004371003,1.3988633094619138,-0.468682394524366,600547 / 601899 / 600489 / 000975 / 002237
2025-04-29,1436412.576369971,0.0,黄金概念,1.0,0.0,False,False,-0.002018601404338294,1.3940209606166185,-0.4697549129889287,600547 / 601899 / 600489 / 000975 / 002237
2025-04-30,1422702.0549843793,0.0,黄金概念,1.0,0.0,False,False,-0.009544974480967139,1.3711700916406322,-0.47481608881310755,600547 / 601899 / 600489 / 000975 / 002237
2025-05-06,1457497.2936326698,0.0,黄金概念,1.0,0.0,False,False,0.02445715076209165,1.4291621560544496,-0.4619715867193849,600547 / 601899 / 600489 / 000975 / 002237
2025-05-07,1471482.8941872478,0.0,黄金概念,1.0,0.0,False,False,0.009595627117577887,1.45247149031208,-0.45680886668688203,600547 / 601899 / 600489 / 000975 / 002237
2025-05-08,1441072.6728659228,0.0,黄金概念,1.0,0.0,False,False,-0.020666377734633312,1.4017877881098713,-0.46803465983003445,600547 / 601899 / 600489 / 000975 / 002237
2025-05-09,1434145.6093037748,0.0,黄金概念,1.0,0.0,False,False,-0.0048068801057561394,1.3902426821729579,-0.4705917534406492,600547 / 601899 / 600489 / 000975 / 002237
2025-05-12,1403606.0136538101,0.0,CPO,1.0,2960.2515440674406,False,False,-0.0212946268857529,1.3393433560896835,-0.4818653045213712,300308 / 300502 / 300394 / 002281 / 603083
2025-05-13,1406322.0828024314,0.0,CPO,1.0,0.0,False,False,0.001935065197926189,1.3438701380040525,-0.48086268010431255,300308 / 300502 / 300394 / 002281 / 603083
2025-05-14,1408913.8528573168,0.0,CPO,1.0,0.0,False,False,0.001842942016327287,1.3481897547621946,-0.47990594012523324,300308 / 300502 / 300394 / 002281 / 603083
2025-05-15,1362687.6364637963,0.0,CPO,1.0,0.0,False,False,-0.03280982460337978,1.2711460607729936,-0.49697013500698406,300308 / 300502 / 300394 / 002281 / 603083
2025-05-16,1390866.5529283267,0.0,CPO,1.0,0.0,False,False,0.02067892575708341,1.3181109215472109,-0.48656801777519776,300308 / 300502 / 300394 / 002281 / 603083
2025-05-19,1360098.1894633772,0.0,CPO,1.0,0.0,False,False,-0.022121722173971126,1.2668303157722955,-0.4979260174412061,300308 / 300502 / 300394 / 002281 / 603083
2025-05-20,1372464.0000932985,0.0,CPO,1.0,0.0,False,False,0.009091851401405115,1.2874400001554975,-0.4933612353992699,300308 / 300502 / 300394 / 002281 / 603083
2025-05-21,1373781.9293195787,0.0,CPO,1.0,0.0,False,False,0.0009602650606432839,1.2896365488659645,-0.4928747278952563,300308 / 300502 / 300394 / 002281 / 603083
2025-05-22,1361694.301849497,0.0,CPO,1.0,0.0,False,False,-0.008798796382529672,1.269490503082495,-0.49733681990494094,300308 / 300502 / 300394 / 002281 / 603083
2025-05-23,1327534.385346787,0.0,CPO,1.0,0.0,False,False,-0.025086332854821314,1.212557308911312,-0.5099467957546686,300308 / 300502 / 300394 / 002281 / 603083
2025-05-26,1336163.206796163,0.0,CPO,1.0,0.0,False,False,0.006499885460309107,1.226938677993605,-0.5067615060576165,300308 / 300502 / 300394 / 002281 / 603083
2025-05-27,1305267.2313391343,0.0,CPO,1.0,0.0,False,False,-0.023122905420446926,1.1754453855652236,-0.5181666131027698,300308 / 300502 / 300394 / 002281 / 603083
2025-05-28,1357163.6975698092,0.0,CPO,1.0,0.0,False,False,0.03975926537084051,1.2619394959496821,-0.499009271608592,300308 / 300502 / 300394 / 002281 / 603083
2025-05-29,1393635.3661047844,0.0,CPO,1.0,0.0,False,False,0.02687344835430161,1.3227256101746407,-0.48554592314318157,300308 / 300502 / 300394 / 002281 / 603083
2025-05-30,1379752.6879149019,0.0,CPO,1.0,0.0,False,False,-0.009961485283402793,1.2995878131915033,-0.4906706498587774,300308 / 300502 / 300394 / 002281 / 603083
2025-06-03,1363227.4457858368,0.0,CPO,1.0,0.0,False,False,-0.01197695954775646,1.2720457429763945,-0.49677086688190397,300308 / 300502 / 300394 / 002281 / 603083
2025-06-04,1431825.3797489484,0.0,CPO,1.0,0.0,False,False,0.05032024125920387,1.386375632914914,-0.47144825549474134,300308 / 300502 / 300394 / 002281 / 603083
2025-06-05,1509996.954081394,0.0,CPO,1.0,0.0,False,False,0.05459574570898584,1.5166615901356568,-0.4425915788576913,300308 / 300502 / 300394 / 002281 / 603083
2025-06-06,1556019.99270902,0.0,CPO,1.0,0.0,False,False,0.03047889500917833,1.5933666545150333,-0.42560238611246304,300308 / 300502 / 300394 / 002281 / 603083
2025-06-09,1603236.0074012463,0.0,CPO,1.0,0.0,False,False,0.030344092565304237,1.6720600123354106,-0.40817281174736975,300308 / 300502 / 300394 / 002281 / 603083
2025-06-10,1580939.808099438,0.0,CPO,1.0,0.0,False,False,-0.013906997596660253,1.6348996801657298,-0.4164033510320373,300308 / 300502 / 300394 / 002281 / 603083
2025-06-11,1568846.799799506,0.0,CPO,1.0,0.0,False,False,-0.007649252829220465,1.61474466633251,-0.4208674293502791,300308 / 300502 / 300394 / 002281 / 603083
2025-06-12,1653899.8804703457,0.0,CPO,1.0,0.0,False,False,0.054213757953746056,1.7564998007839097,-0.3894704763419443,300308 / 300502 / 300394 / 002281 / 603083
2025-06-13,1638494.8095540856,0.0,CPO,1.0,0.0,False,False,-0.009314391456319071,1.7308246825901428,-0.3951571873209355,300308 / 300502 / 300394 / 002281 / 603083
2025-06-16,1697896.389186605,0.0,CPO,1.0,0.0,False,False,0.036253749042199024,1.8298273153110087,-0.37322936778009086,300308 / 300502 / 300394 / 002281 / 603083
2025-06-17,1680099.026288143,0.0,CPO,1.0,0.0,False,False,-0.01048200762532292,1.8001650438135717,-0.37979918232634846,300308 / 300502 / 300394 / 002281 / 603083
2025-06-18,1746859.441586408,0.0,CPO,1.0,0.0,False,False,0.03973600023193846,1.9114324026440133,-0.3551548824914198,300308 / 300502 / 300394 / 002281 / 603083
2025-06-19,1751078.6114429147,0.0,CPO,1.0,0.0,False,False,0.002415288692417583,1.918464352404858,-0.35359739537074064,300308 / 300502 / 300394 / 002281 / 603083
2025-06-20,1715588.0579840343,0.0,CPO,1.0,0.0,False,False,-0.020267824201013807,1.8593134299733904,-0.3666985697244439,300308 / 300502 / 300394 / 002281 / 603083
2025-06-23,1696552.2802091544,0.0,CPO,1.0,0.0,False,False,-0.011095774236881017,1.827587133681924,-0.37372553941867526,300308 / 300502 / 300394 / 002281 / 603083
2025-06-24,1711410.4990556356,0.0,CPO,1.0,0.0,False,False,0.00875789035198471,1.8523508317593929,-0.3682406963626558,300308 / 300502 / 300394 / 002281 / 603083
2025-06-25,1741036.8657802956,0.0,CPO,1.0,0.0,False,False,0.017311081555832386,1.9017281096338259,-0.3573042595337338,300308 / 300502 / 300394 / 002281 / 603083
2025-06-26,1782301.80648231,0.0,CPO,1.0,0.0,False,False,0.02370135952492891,1.9705030108038497,-0.3420714967238023,300308 / 300502 / 300394 / 002281 / 603083
2025-06-27,1840763.9574575962,0.0,CPO,1.0,0.0,False,False,0.03280148780787684,2.067939929095994,-0.3204904629451335,300308 / 300502 / 300394 / 002281 / 603083
2025-06-30,1903397.4037346956,0.0,CPO,1.0,0.0,False,False,0.03402578914224663,2.172329006224493,-0.29736961471715906,300308 / 300502 / 300394 / 002281 / 603083
2025-07-01,1894249.523119476,0.0,CPO,1.0,0.0,False,False,-0.00480608022122464,2.15708253853246,-0.30074651271469843,300308 / 300502 / 300394 / 002281 / 603083
2025-07-02,1818592.8757737833,0.0,CPO,1.0,0.0,False,False,-0.03994016966735203,2.030988126289639,-0.328674815637361,300308 / 300502 / 300394 / 002281 / 603083
2025-07-03,1874114.024875779,0.0,CPO,1.0,0.0,False,False,0.03052972979363089,2.1235233747929647,-0.30817943915511026,300308 / 300502 / 300394 / 002281 / 603083
2025-07-04,1832466.0267423936,0.0,CPO,1.0,0.0,False,False,-0.022222766374178304,2.054110044570656,-0.3235536058516192,300308 / 300502 / 300394 / 002281 / 603083
2025-07-07,1800502.7038094432,0.0,CPO,1.0,0.0,False,False,-0.01744279155328854,2.000837839682405,-0.33535271930172306,300308 / 300502 / 300394 / 002281 / 603083
2025-07-08,1912362.0785157192,0.0,PCB,1.0,3768.2364484289747,False,False,0.062126746307910485,2.187270130859532,-0.2940603463095387,002463 / 600183 / 002916 / 002938 / 300476
2025-07-09,1888191.7126302847,0.0,PCB,1.0,0.0,False,False,-0.01263901128189815,2.146986187717141,-0.30298272555687167,002463 / 600183 / 002916 / 002938 / 300476
2025-07-10,1897353.0482203732,0.0,PCB,1.0,0.0,False,False,0.00485190964922011,2.162255080367289,-0.29960086071732794,002463 / 600183 / 002916 / 002938 / 300476
2025-07-11,1854329.8814681408,0.0,PCB,1.0,0.0,False,False,-0.022675361758627943,2.090549802446901,-0.31548266457599417,002463 / 600183 / 002916 / 002938 / 300476
2025-07-14,1899684.9848377109,0.0,PCB,1.0,0.0,False,False,0.024459026316105525,2.1661416413961847,-0.29874003705502794,002463 / 600183 / 002916 / 002938 / 300476
2025-07-15,2072103.310791737,0.0,PCB,1.0,0.0,False,False,0.09076153537569587,2.4535055179862284,-0.23509260612063876,002463 / 600183 / 002916 / 002938 / 300476
2025-07-16,2064835.2215832118,2064835.2215832118,现金,0.0,2687.779901930685,False,False,-0.0035075901721077773,2.4413920359720196,-0.23777558777798258,
2025-07-17,2201219.219495719,0.0,CPO,1.0,1650.5477390753094,False,False,0.06605079014873394,2.668698699159531,-0.18743006308006416,300308 / 300502 / 300394 / 002281 / 603083
2025-07-18,2181719.858573621,0.0,CPO,1.0,0.0,False,False,-0.00885843661067287,2.6361997642893686,-0.19462816235800784,300308 / 300502 / 300394 / 002281 / 603083
2025-07-21,2164303.3967188983,0.0,CPO,1.0,0.0,False,False,-0.007982904764917698,2.6071723278648307,-0.20105736903825067,300308 / 300502 / 300394 / 002281 / 603083
2025-07-22,2146778.210557375,0.0,CPO,1.0,0.0,False,False,-0.008097379594788623,2.5779636842622917,-0.20752671079560703,300308 / 300502 / 300394 / 002281 / 603083
2025-07-23,2138821.0716182576,0.0,CPO,1.0,0.0,False,False,-0.0037065491441948817,2.564701786030429,-0.21046405198750484,300308 / 300502 / 300394 / 002281 / 603083
2025-07-24,2112304.103276115,0.0,CPO,1.0,0.0,False,False,-0.012397936739083848,2.520506838793525,-0.22025266872419624,300308 / 300502 / 300394 / 002281 / 603083
2025-07-25,2110017.8377415086,0.0,CPO,1.0,0.0,False,False,-0.0010823562436206302,2.5166963962358477,-0.22109663311664918,300308 / 300502 / 300394 / 002281 / 603083
2025-07-28,2158533.833828807,0.0,稀土永磁,1.0,4464.281644233523,False,False,0.022993168692463817,2.5975563897146783,-0.2031871766067722,600111 / 000831 / 002600 / 300224 / 688077
2025-07-29,2123860.969644124,0.0,稀土永磁,1.0,0.0,False,False,-0.016063155296102027,2.539768282740207,-0.21598650473086323,600111 / 000831 / 002600 / 300224 / 688077
2025-07-30,2082664.9226834925,0.0,稀土永磁,1.0,0.0,False,False,-0.019396771987167494,2.4711082044724875,-0.23119383573346086,600111 / 000831 / 002600 / 300224 / 688077
2025-07-31,2025965.6973404698,0.0,稀土永磁,1.0,0.0,False,False,-0.02722436275056972,2.3766094955674495,-0.2521240936343273,600111 / 000831 / 002600 / 300224 / 688077
2025-08-01,1988181.8725638553,0.0,稀土永磁,1.0,0.0,False,False,-0.018649785051254475,2.3136364542730923,-0.26607181853305917,600111 / 000831 / 002600 / 300224 / 688077
2025-08-04,1988855.8935691016,0.0,CPO,1.0,4153.2878487431235,False,False,0.00033901375651179677,2.3147598226151693,-0.2658230067832502,300308 / 300502 / 300394 / 002281 / 603083
2025-08-05,1994504.5058280379,0.0,CPO,1.0,0.0,False,False,0.0028401314932875454,2.324174176380063,-0.2637378475831682,300308 / 300502 / 300394 / 002281 / 603083
2025-08-06,2002629.4525636772,0.0,CPO,1.0,0.0,False,False,0.004073666773826812,2.3377157542727955,-0.26073856091604153,300308 / 300502 / 300394 / 002281 / 603083
2025-08-07,1975801.8178445231,0.0,CPO,1.0,0.0,False,False,-0.01339620501676464,2.2930030297408717,-0.2706418587149987,300308 / 300502 / 300394 / 002281 / 603083
2025-08-08,1963478.2137172064,0.0,CPO,1.0,0.0,False,False,-0.006237267329149976,2.2724636895286774,-0.27519106042088526,300308 / 300502 / 300394 / 002281 / 603083
2025-08-11,2032697.4068683847,0.0,CPO,1.0,0.0,False,False,0.03525335431154808,2.387829011447308,-0.24963911406572514,300308 / 300502 / 300394 / 002281 / 603083
2025-08-12,2177041.522547584,0.0,液冷,1.0,4279.999127355718,False,False,0.0710111181287818,2.6284025375793068,-0.19635514855542902,002837 / 300499 / 301018 / 300249 / 600510
2025-08-13,2269964.7458773893,0.0,液冷,1.0,0.0,False,False,0.04268325724034239,2.7832745764623157,-0.16205296863134366,002837 / 300499 / 301018 / 300249 / 600510
2025-08-14,2236421.5056905122,0.0,液冷,1.0,0.0,False,False,-0.014776987284845222,2.727369176150854,-0.174435301259252,002837 / 300499 / 301018 / 300249 / 600510
2025-08-15,2388399.0446458748,0.0,液冷,1.0,0.0,False,False,0.06795567766123689,2.9806650744097913,-0.11833349270312965,002837 / 300499 / 301018 / 300249 / 600510
2025-08-18,2650499.384139707,0.0,液冷,1.0,0.0,False,False,0.10973892326803103,3.417498973566178,-0.02158035951088555,002837 / 300499 / 301018 / 300249 / 600510
2025-08-19,2664991.4243714726,2664991.4243714726,现金,0.0,3468.998549797651,False,False,0.0054676640630382245,3.4416523739524543,-0.016230689604012416,
2025-08-20,2778798.4735228447,0.0,液冷,1.0,2130.2889083704817,False,False,0.042704471057805726,3.631330789204741,0.0,002837 / 300499 / 301018 / 300249 / 600510
2025-08-21,2642445.7640794683,0.0,液冷,1.0,0.0,False,False,-0.04906894499280268,3.4040762734657806,-0.04906894499280268,002837 / 300499 / 301018 / 300249 / 600510
2025-08-22,2702715.323091827,0.0,液冷,1.0,0.0,False,False,0.022808248264408304,3.5045255384863783,-0.027379873407862743,002837 / 300499 / 301018 / 300249 / 600510
2025-08-25,2738000.3129744725,0.0,液冷,1.0,0.0,False,False,0.01305538529388306,3.5633338549574542,-0.014681942910617085,002837 / 300499 / 301018 / 300249 / 600510
2025-08-26,2726421.3789724186,0.0,液冷,1.0,0.0,False,False,-0.00422897468169936,3.544035631620698,-0.018848828027469233,002837 / 300499 / 301018 / 300249 / 600510
2025-08-27,2730413.257399457,0.0,液冷,1.0,0.0,False,False,0.0014641458058632928,3.5506887623324284,-0.017412279654107854,002837 / 300499 / 301018 / 300249 / 600510
2025-08-28,2914340.817978984,0.0,液冷,1.0,0.0,False,False,0.06736253571911899,3.8572346966316404,0.0,002837 / 300499 / 301018 / 300249 / 600510
2025-08-29,2906445.843745445,0.0,液冷,1.0,0.0,False,False,-0.0027090085637321293,3.844076406242408,-0.0027090085637321293,002837 / 300499 / 301018 / 300249 / 600510
2025-09-01,2931070.188112858,0.0,液冷,1.0,0.0,False,False,0.008472321760408574,3.885116980188097,0.0,002837 / 300499 / 301018 / 300249 / 600510
2025-09-02,2699804.9828369003,0.0,CPO,1.0,6124.2958814610865,False,False,-0.07890128534412744,3.4996749713948336,-0.07890128534412744,300308 / 300502 / 300394 / 002281 / 603083
2025-09-03,2783330.2331187567,0.0,CPO,1.0,0.0,False,False,0.030937512454729088,3.6388837218645946,-0.050404782387426406,300308 / 300502 / 300394 / 002281 / 603083
2025-09-04,2425300.5908747967,0.0,CPO,1.0,0.0,False,False,-0.1286335476774465,3.0421676514579943,-0.17255458408646862,300308 / 300502 / 300394 / 002281 / 603083
2025-09-05,2624410.6204313217,0.0,CPO,1.0,0.0,False,False,0.0820970523429867,3.37401770071887,-0.10462375446525096,300308 / 300502 / 300394 / 002281 / 603083
2025-09-08,2568632.593295999,2568632.593295999,现金,0.0,3343.5690109990974,False,False,-0.021253544205729447,3.2810543221599984,-0.1236536730804837,
2025-09-09,2545440.528333706,0.0,CPO,1.0,2053.263463865707,False,False,-0.0090289537798528,3.2424008805561764,-0.13156616356138384,300308 / 300502 / 300394 / 002281 / 603083
2025-09-10,2667070.4574909094,0.0,CPO,1.0,0.0,False,False,0.04778344958498204,3.445117429151516,-0.09006939912002676,300308 / 300502 / 300394 / 002281 / 603083
2025-09-11,2980480.4498818135,0.0,CPO,1.0,0.0,False,False,0.11751095345480667,3.967467416469689,0.0,300308 / 300502 / 300394 / 002281 / 603083
2025-09-12,2888396.046919843,2888396.046919843,现金,0.0,3759.802604381492,False,False,-0.03089582519007017,3.8139934115330716,-0.03089582519007017,
2025-09-15,2868031.99238771,0.0,储能,1.0,2308.869741742481,False,False,-0.0070502985744801405,3.780053320646184,-0.03772829897225538,300750 / 300274 / 300763 / 300014 / 002074
2025-09-16,2879133.1202883516,0.0,储能,1.0,0.0,False,False,0.0038706429810078102,3.7985552004805863,-0.03400368876684989,300750 / 300274 / 300763 / 300014 / 002074
2025-09-17,2910271.9043795345,0.0,储能,1.0,0.0,False,False,0.01081533322365602,3.8504531739658905,-0.023556116768040813,300750 / 300274 / 300763 / 300014 / 002074
2025-09-18,2869191.143125572,0.0,储能,1.0,0.0,False,False,-0.014115781137886918,3.78198523854262,-0.03733938491717159,300750 / 300274 / 300763 / 300014 / 002074
2025-09-19,2859196.8358293083,0.0,储能,1.0,0.0,False,False,-0.0034833187465427295,3.7653280597155137,-0.040692638684247884,300750 / 300274 / 300763 / 300014 / 002074
2025-09-22,2843349.59287764,0.0,储能,1.0,0.0,False,False,-0.005542550534850421,3.7389159881294,-0.04600964821279441,300750 / 300274 / 300763 / 300014 / 002074
2025-09-23,2885756.456515797,0.0,储能,1.0,0.0,False,False,0.014914403682326993,3.8095940941929953,-0.03178145099719498,300750 / 300274 / 300763 / 300014 / 002074
2025-09-24,3000334.83161352,0.0,储能,1.0,0.0,False,False,0.03970479727733611,4.0005580526892,0.0,300750 / 300274 / 300763 / 300014 / 002074
2025-09-25,3109560.1914048283,0.0,储能,1.0,0.0,False,False,0.03640439015020491,4.182600319008047,0.0,300750 / 300274 / 300763 / 300014 / 002074
2025-09-26,2996802.815832146,0.0,储能,1.0,0.0,False,False,-0.03626151887471296,3.9946713597202432,-0.03626151887471296,300750 / 300274 / 300763 / 300014 / 002074
2025-09-29,3158745.2878504526,0.0,储能,1.0,0.0,False,False,0.054038414260278556,4.2645754797507545,0.0,300750 / 300274 / 300763 / 300014 / 002074
2025-09-30,3248197.574311653,0.0,储能,1.0,0.0,False,False,0.028318929926152148,4.413662623852756,0.0,300750 / 300274 / 300763 / 300014 / 002074
2025-10-09,3312186.862675222,0.0,储能,1.0,0.0,False,False,0.019699937242003918,4.520311437792037,0.0,300750 / 300274 / 300763 / 300014 / 002074
2025-10-10,3016571.921386085,0.0,储能,1.0,0.0,False,False,-0.08925068347453435,4.027619868976808,-0.08925068347453435,300750 / 300274 / 300763 / 300014 / 002074
2025-10-13,3027411.3154138126,0.0,存储,1.0,5976.039816611974,False,False,0.0035932821461610587,4.045685525689688,-0.08597810421583485,603986 / 301308 / 300223 / 688525 / 000021
2025-10-14,2897724.587997548,0.0,存储,1.0,0.0,False,False,-0.04283749841191897,3.8295409799959126,-0.1251325157249482,603986 / 301308 / 300223 / 688525 / 000021
2025-10-15,2940670.6561968955,0.0,存储,1.0,0.0,False,False,0.01482061765884568,3.901117760328159,-0.11216643923835157,603986 / 301308 / 300223 / 688525 / 000021
2025-10-16,3077364.4496532264,0.0,存储,1.0,0.0,False,False,0.046483883929087755,4.128940749422044,-0.07089648705155838,603986 / 301308 / 300223 / 688525 / 000021
2025-10-17,2894974.6968286484,0.0,存储,1.0,0.0,False,False,-0.05926816787824096,3.824957828047747,-0.12596275003325008,603986 / 301308 / 300223 / 688525 / 000021
2025-10-20,2914189.2379502836,0.0,存储,1.0,0.0,False,False,0.006637205203445795,3.8569820632504728,-0.12016158544976518,603986 / 301308 / 300223 / 688525 / 000021
2025-10-21,3019292.9299867097,0.0,存储,1.0,0.0,False,False,0.036066186323010285,4.032154883311183,-0.0884291692564545,603986 / 301308 / 300223 / 688525 / 000021
2025-10-22,2947504.6580115226,0.0,存储,1.0,0.0,False,False,-0.023776517760899396,3.9125077633525374,-0.11010314930394627,603986 / 301308 / 300223 / 688525 / 000021
2025-10-23,2976564.9663495612,0.0,存储,1.0,0.0,False,False,0.009859291743288923,3.9609416105826023,-0.10132939663149987,603986 / 301308 / 300223 / 688525 / 000021
2025-10-24,3270196.001049898,0.0,存储,1.0,0.0,False,False,0.09864761495881069,4.450326668416497,-0.012677684975601955,603986 / 301308 / 300223 / 688525 / 000021
2025-10-27,3570312.388964371,0.0,存储,1.0,0.0,False,False,0.09177321109135983,4.950520648273951,0.0,603986 / 301308 / 300223 / 688525 / 000021
2025-10-28,3501841.326127959,0.0,存储,1.0,0.0,False,False,-0.019177891281460968,4.836402210213265,-0.019177891281460968,603986 / 301308 / 300223 / 688525 / 000021
2025-10-29,3591400.8872924605,0.0,存储,1.0,0.0,False,False,0.025574991218556775,4.985668145487434,0.0,603986 / 301308 / 300223 / 688525 / 000021
2025-10-30,3614106.479120522,0.0,存储,1.0,0.0,False,False,0.0063222103409288355,5.023510798534203,0.0,603986 / 301308 / 300223 / 688525 / 000021
2025-10-31,3409407.426793626,0.0,存储,1.0,0.0,False,False,-0.05663891020076095,4.68234571132271,-0.05663891020076095,603986 / 301308 / 300223 / 688525 / 000021
2025-11-03,3534817.5688191094,0.0,存储,1.0,0.0,False,False,0.03678355981743886,4.891362614698515,-0.021938731124686472,603986 / 301308 / 300223 / 688525 / 000021
2025-11-04,3389787.5691260537,0.0,存储,1.0,0.0,False,False,-0.04102899141737215,4.649645948543423,-0.06206759853103583,603986 / 301308 / 300223 / 688525 / 000021
2025-11-05,3353314.4503634316,0.0,存储,1.0,0.0,False,False,-0.010759706329333651,4.588857417272386,-0.07215947572760861,603986 / 301308 / 300223 / 688525 / 000021
2025-11-06,3521173.3401714084,0.0,电网设备,1.0,7256.898996339457,False,False,0.05005760488396316,4.868622233619014,-0.02571400136825197,600089 / 000400 / 002028 / 600406 / 000682
2025-11-07,3528747.504158365,0.0,电网设备,1.0,0.0,False,False,0.0021510341171071534,4.881245840263942,-0.02361827894537527,600089 / 000400 / 002028 / 600406 / 000682
2025-11-10,3519670.256728331,0.0,电网设备,1.0,0.0,False,False,-0.002572370910453925,4.866117094547218,-0.026129894882115257,600089 / 000400 / 002028 / 600406 / 000682
2025-11-11,3467714.39698697,0.0,电网设备,1.0,0.0,False,False,-0.014761570247110556,4.779523994978284,-0.04050574685037378,600089 / 000400 / 002028 / 600406 / 000682
2025-11-12,3378243.5467338283,0.0,电网设备,1.0,0.0,False,False,-0.025801101247231117,4.630405911223047,-0.06526175522202371,600089 / 000400 / 002028 / 600406 / 000682
2025-11-13,3455240.4619660266,0.0,电网设备,1.0,0.0,False,False,0.02279199654111408,4.758734103276711,-0.043957204380197124,600089 / 000400 / 002028 / 600406 / 000682
2025-11-14,3347634.2105239397,0.0,电网设备,1.0,0.0,False,False,-0.031142912519859456,4.579390350873233,-0.07373116152942649,600089 / 000400 / 002028 / 600406 / 000682
2025-11-17,3308313.2668292937,0.0,电网设备,1.0,0.0,False,False,-0.011745890148640803,4.51385544471549,-0.08461101355421097,600089 / 000400 / 002028 / 600406 / 000682
2025-11-18,3254457.1837821202,0.0,电网设备,1.0,0.0,False,False,-0.016279015529502616,4.424095306303534,-0.0995126450800976,600089 / 000400 / 002028 / 600406 / 000682
2025-11-19,3246269.329122464,0.0,电网设备,1.0,0.0,False,False,-0.0025158895008539073,4.410448881870773,-0.10177817176199233,600089 / 000400 / 002028 / 600406 / 000682
2025-11-20,3228151.713042496,0.0,电网设备,1.0,0.0,False,False,-0.005581057590457572,4.380252855070826,-0.10679119951439464,600089 / 000400 / 002028 / 600406 / 000682
2025-11-21,3164462.830900482,3164462.830900482,现金,0.0,4119.156583729475,False,False,-0.01972920971610337,4.27410471816747,-0.12441350325944434,
2025-11-24,3164462.830900482,3164462.830900482,现金,0.0,0.0,False,False,0.0,4.27410471816747,-0.12441350325944434,
2025-11-25,3164462.830900482,3164462.830900482,现金,0.0,0.0,False,False,0.0,4.27410471816747,-0.12441350325944434,
2025-11-26,3164462.830900482,3164462.830900482,现金,0.0,0.0,False,False,0.0,4.27410471816747,-0.12441350325944434,
2025-11-27,3164462.830900482,3164462.830900482,现金,0.0,0.0,False,False,0.0,4.27410471816747,-0.12441350325944434,
2025-11-28,3164462.830900482,3164462.830900482,现金,0.0,0.0,False,False,0.0,4.27410471816747,-0.12441350325944434,
2025-12-01,3164462.830900482,3164462.830900482,现金,0.0,0.0,False,False,0.0,4.27410471816747,-0.12441350325944434,
2025-12-02,3164462.830900482,3164462.830900482,现金,0.0,0.0,False,False,0.0,4.27410471816747,-0.12441350325944434,
2025-12-03,3164462.830900482,3164462.830900482,现金,0.0,0.0,False,False,0.0,4.27410471816747,-0.12441350325944434,
2025-12-04,3164462.830900482,3164462.830900482,现金,0.0,0.0,False,False,0.0,4.27410471816747,-0.12441350325944434,
2025-12-05,3164462.830900482,3164462.830900482,现金,0.0,0.0,False,False,0.0,4.27410471816747,-0.12441350325944434,
2025-12-08,3164462.830900482,3164462.830900482,现金,0.0,0.0,False,False,0.0,4.27410471816747,-0.12441350325944434,
2025-12-09,3242942.10390495,0.0,CPO,1.0,2529.546627418451,False,False,0.024800187961802056,4.40490350650825,-0.10269879356346279,300308 / 300502 / 300394 / 002281 / 603083
2025-12-10,3269764.0614186674,0.0,CPO,1.0,0.0,False,False,0.00827087152786965,4.449606769031113,-0.09527733056322363,300308 / 300502 / 300394 / 002281 / 603083
2025-12-11,3133687.5984311476,0.0,CPO,1.0,0.0,False,False,-0.041616599984428126,4.222812664051912,-0.13292881199401796,300308 / 300502 / 300394 / 002281 / 603083
2025-12-12,3166999.6614211025,0.0,CPO,1.0,0.0,False,False,0.01063030756691652,4.2783327690351705,-0.12371157858310278,300308 / 300502 / 300394 / 002281 / 603083
2025-12-15,3075933.7746993946,0.0,CPO,1.0,0.0,False,False,-0.028754624710267462,4.126556291165658,-0.14890892327889838,300308 / 300502 / 300394 / 002281 / 603083
2025-12-16,2945632.4461349063,0.0,CPO,1.0,0.0,False,False,-0.042361552006178194,3.909387410224844,-0.18496246218741352,300308 / 300502 / 300394 / 002281 / 603083
2025-12-17,3189970.017724525,0.0,CPO,1.0,0.0,False,False,0.08294910381986886,4.316616696207542,-0.1173558288463068,300308 / 300502 / 300394 / 002281 / 603083
2025-12-18,3131753.877835054,0.0,CPO,1.0,0.0,False,False,-0.018249745159359843,4.219589796391757,-0.1334638600362562,300308 / 300502 / 300394 / 002281 / 603083
2025-12-19,3129799.7673613173,0.0,CPO,1.0,0.0,False,False,-0.0006239668090033401,4.216332945602195,-0.13400454982639542,300308 / 300502 / 300394 / 002281 / 603083
2025-12-22,3227990.594529819,0.0,商业航天,1.0,6729.237060664807,False,False,0.03137287828840396,4.379984324216365,-0.10683577996978721,600118 / 601698 / 600879 / 002465 / 300045
2025-12-23,3038410.8227868136,0.0,商业航天,1.0,0.0,False,False,-0.05872996410344844,4.064018037978022,-0.15929128255064617,600118 / 601698 / 600879 / 002465 / 300045
2025-12-24,3205129.8384656915,0.0,商业航天,1.0,0.0,False,False,0.05487046531975026,4.341883064109486,-0.11316120402582963,600118 / 601698 / 600879 / 002465 / 300045
2025-12-25,3395113.3005469255,0.0,商业航天,1.0,0.0,False,False,0.05927480996282508,4.65852216757821,-0.06059400292680017,600118 / 601698 / 600879 / 002465 / 300045
2025-12-26,3609318.6284139734,0.0,商业航天,1.0,0.0,False,False,0.06309224726978657,5.015531047356622,-0.0013247674727374648,600118 / 601698 / 600879 / 002465 / 300045
2025-12-29,3804911.7191675995,0.0,商业航天,1.0,0.0,False,False,0.05419113990486757,5.341519531945999,0.0,600118 / 601698 / 600879 / 002465 / 300045
2025-12-30,3845140.56020369,0.0,商业航天,1.0,0.0,False,False,0.010572871069106204,5.408567600339484,0.0,600118 / 601698 / 600879 / 002465 / 300045
2025-12-31,4142638.48452884,0.0,商业航天,1.0,0.0,False,False,0.07736984374620381,5.904397474214734,0.0,600118 / 601698 / 600879 / 002465 / 300045
2026-01-05,4386620.79085692,0.0,商业航天,1.0,0.0,False,False,0.058895389312695334,6.3110346514282005,0.0,600118 / 601698 / 600879 / 002465 / 300045
2026-01-06,4750211.34960682,0.0,商业航天,1.0,0.0,False,False,0.08288625255862914,6.917018916011367,0.0,600118 / 601698 / 600879 / 002465 / 300045
2026-01-07,4652773.611090786,0.0,商业航天,1.0,0.0,False,False,-0.020512295421149962,6.754622685151309,-0.020512295421149962,600118 / 601698 / 600879 / 002465 / 300045
2026-01-08,4834581.349410121,0.0,商业航天,1.0,0.0,False,False,0.03907513098981674,7.057635582350203,0.0,600118 / 601698 / 600879 / 002465 / 300045
2026-01-09,5117819.823514264,0.0,商业航天,1.0,0.0,False,False,0.058585936120136184,7.529699705857107,0.0,600118 / 601698 / 600879 / 002465 / 300045
2026-01-12,5707397.492648411,0.0,商业航天,1.0,0.0,False,False,0.11520094287518323,8.512329154414017,0.0,600118 / 601698 / 600879 / 002465 / 300045
2026-01-13,5889221.082483574,5889221.082483574,现金,0.0,7665.9531463188605,False,False,0.03185753052409024,8.815368470805957,0.0,
2026-01-14,5915905.295021357,0.0,商业航天,1.0,4707.610777364968,False,False,0.004531025778120368,8.859842158368929,0.0,600118 / 601698 / 600879 / 002465 / 300045
2026-01-15,5328837.8504330935,0.0,商业航天,1.0,0.0,False,False,-0.09923543655817502,7.881396417388489,-0.09923543655817502,600118 / 601698 / 600879 / 002465 / 300045
2026-01-16,5130372.053559251,0.0,商业航天,1.0,0.0,False,False,-0.03724372976702839,7.5506200892654185,-0.1327832685427176,600118 / 601698 / 600879 / 002465 / 300045
2026-01-19,5096873.8932147045,0.0,商业航天,1.0,0.0,False,False,-0.006529382273807394,7.494789822024508,-0.138445658096644,600118 / 601698 / 600879 / 002465 / 300045
2026-01-20,4858405.099904168,0.0,商业航天,1.0,0.0,False,False,-0.04678726574498959,7.097341833173614,-0.17875543004502592,600118 / 601698 / 600879 / 002465 / 300045
2026-01-21,4790588.2727371445,0.0,商业航天,1.0,0.0,False,False,-0.013958660460067773,6.984313787895241,-0.19021890415170173,600118 / 601698 / 600879 / 002465 / 300045
2026-01-22,5012243.146043408,0.0,商业航天,1.0,0.0,False,False,0.04626882142380784,7.353738576739014,-0.15275128723552145,600118 / 601698 / 600879 / 002465 / 300045
2026-01-23,5449706.782956986,0.0,商业航天,1.0,0.0,False,False,0.08727901344109879,8.082844638261642,-0.07880425544619685,600118 / 601698 / 600879 / 002465 / 300045
2026-01-26,4937851.7700754525,0.0,商业航天,1.0,0.0,False,False,-0.09392340418795941,7.229752950125754,-0.16532609569815193,600118 / 601698 / 600879 / 002465 / 300045
2026-01-27,4980035.657561964,0.0,商业航天,1.0,0.0,False,False,0.008542963509386103,7.3000594292699414,-0.15819550699146445,600118 / 601698 / 600879 / 002465 / 300045
2026-01-28,5286965.050263754,0.0,黄金概念,1.0,10477.848907749143,False,False,0.06163196687873729,7.811608417106257,-0.10631344035999013,600547 / 601899 / 600489 / 000975 / 002237
2026-01-29,5502875.347411938,0.0,黄金概念,1.0,0.0,False,False,0.04083823045840118,8.17145891235323,-0.06981686267983567,600547 / 601899 / 600489 / 000975 / 002237
2026-01-30,4983709.747579878,0.0,黄金概念,1.0,0.0,False,False,-0.09434442306170521,7.30618291263313,-0.15757445411203352,600547 / 601899 / 600489 / 000975 / 002237
2026-02-02,4502771.853021734,0.0,黄金概念,1.0,0.0,False,False,-0.0965019872579238,6.504619755036224,-0.2388701934070635,600547 / 601899 / 600489 / 000975 / 002237
2026-02-03,4523653.015088094,0.0,黄金概念,1.0,0.0,False,False,0.004637401748957659,6.539421691813491,-0.2353405287107857,600547 / 601899 / 600489 / 000975 / 002237
2026-02-04,4472770.651932938,0.0,黄金概念,1.0,0.0,False,False,-0.011248069422089668,6.454617753221563,-0.2439414715281052,600547 / 601899 / 600489 / 000975 / 002237
2026-02-05,4339563.847345908,4339563.847345908,现金,0.0,5648.77641088383,False,False,-0.029781720314557947,6.232606412243181,-0.26645819516449143,
2026-02-06,4339563.847345908,4339563.847345908,现金,0.0,0.0,False,False,0.0,6.232606412243181,-0.26645819516449143,
2026-02-09,4339563.847345908,4339563.847345908,现金,0.0,0.0,False,False,0.0,6.232606412243181,-0.26645819516449143,
2026-02-10,4339563.847345908,4339563.847345908,现金,0.0,0.0,False,False,0.0,6.232606412243181,-0.26645819516449143,
2026-02-11,4339563.847345908,4339563.847345908,现金,0.0,0.0,False,False,0.0,6.232606412243181,-0.26645819516449143,
2026-02-12,4339563.847345908,4339563.847345908,现金,0.0,0.0,False,False,0.0,6.232606412243181,-0.26645819516449143,
2026-02-13,4119779.235645986,0.0,光纤概念,1.0,3468.8759770950514,False,False,-0.050646705390529734,5.866298726076644,-0.30360967084563284,600487 / 000070 / 002281 / 600522 / 002491
2026-02-24,4389537.572531286,0.0,光纤概念,1.0,0.0,False,False,0.06547883307708391,6.315895954218809,-0.25801084472643865,600487 / 000070 / 002281 / 600522 / 002491
2026-02-25,4257249.617916431,0.0,光纤概念,1.0,0.0,False,False,-0.030137104974948148,6.0954160298607185,-0.28037224978919106,600487 / 000070 / 002281 / 600522 / 002491
2026-02-26,4547155.805451385,0.0,光纤概念,1.0,0.0,False,False,0.06809706114363068,6.578593009085641,-0.23136771488243224,600487 / 000070 / 002281 / 600522 / 002491
2026-02-27,4673596.370685106,0.0,光纤概念,1.0,0.0,False,False,0.027806517006111253,6.789327284475177,-0.20999472817486442,600487 / 000070 / 002281 / 600522 / 002491
2026-03-02,4893882.180768767,0.0,光纤概念,1.0,0.0,False,False,0.04713411099541953,7.15647030128128,-0.1727585320056919,600487 / 000070 / 002281 / 600522 / 002491
2026-03-03,4836228.8930491,0.0,光纤概念,1.0,0.0,False,False,-0.011780685678585368,7.060381488415167,-0.18250400372042452,600487 / 000070 / 002281 / 600522 / 002491
2026-03-04,4942598.050769512,0.0,光纤概念,1.0,0.0,False,False,0.021994235606443535,7.237663417949186,-0.16452380417092727,600487 / 000070 / 002281 / 600522 / 002491
2026-03-05,4893040.307884926,0.0,光纤概念,1.0,0.0,False,False,-0.010026658525645216,7.15506717980821,-0.17290083869281048,600487 / 000070 / 002281 / 600522 / 002491
2026-03-06,4720278.67575458,0.0,光纤概念,1.0,0.0,False,False,-0.03530762496518747,6.8671311262576324,-0.2021037456892658,600487 / 000070 / 002281 / 600522 / 002491
2026-03-09,4568640.806232092,0.0,光纤概念,1.0,0.0,False,False,-0.032124770577925066,6.614401343720154,-0.22773597980398386,600487 / 000070 / 002281 / 600522 / 002491
2026-03-10,4933246.256258294,0.0,光纤概念,1.0,0.0,False,False,0.07980610984537084,7.222077093763824,-0.1661045925785929,600487 / 000070 / 002281 / 600522 / 002491
2026-03-11,5020759.326881693,0.0,光纤概念,1.0,0.0,False,False,0.01773944905190583,7.367932211469489,-0.15131174748402265,600487 / 000070 / 002281 / 600522 / 002491
2026-03-12,5120628.133267128,0.0,光纤概念,1.0,0.0,False,False,0.019891175793017357,7.53438022211188,-0.13443034025975864,600487 / 000070 / 002281 / 600522 / 002491
2026-03-13,4915926.707914541,0.0,光纤概念,1.0,0.0,False,False,-0.039975842811686646,7.193211179857567,-0.16903221692009973,600487 / 000070 / 002281 / 600522 / 002491
2026-03-16,4695640.404396554,0.0,光纤概念,1.0,0.0,False,False,-0.044810737955740865,6.8260673406609245,-0.206268496497356,600487 / 000070 / 002281 / 600522 / 002491
2026-03-17,4366057.625542534,0.0,光纤概念,1.0,0.0,False,False,-0.07018910105327292,6.276762709237556,-0.2619797972058693,600487 / 000070 / 002281 / 600522 / 002491
2026-03-18,4397120.202109745,4397120.202109745,现金,0.0,5723.69706893228,False,False,0.007114559456450342,6.328533670182908,-0.2567291085930289,
2026-03-19,4397120.202109745,4397120.202109745,现金,0.0,0.0,False,False,0.0,6.328533670182908,-0.2567291085930289,
2026-03-20,4397120.202109745,4397120.202109745,现金,0.0,0.0,False,False,0.0,6.328533670182908,-0.2567291085930289,
2026-03-23,4397120.202109745,4397120.202109745,现金,0.0,0.0,False,False,0.0,6.328533670182908,-0.2567291085930289,
2026-03-24,4397120.202109745,4397120.202109745,现金,0.0,0.0,False,False,0.0,6.328533670182908,-0.2567291085930289,
2026-03-25,4397120.202109745,4397120.202109745,现金,0.0,0.0,False,False,0.0,6.328533670182908,-0.2567291085930289,
2026-03-26,4397120.202109745,4397120.202109745,现金,0.0,0.0,False,False,0.0,6.328533670182908,-0.2567291085930289,
2026-03-27,4397120.202109745,4397120.202109745,现金,0.0,0.0,False,False,0.0,6.328533670182908,-0.2567291085930289,
2026-03-30,4397120.202109745,4397120.202109745,现金,0.0,0.0,False,False,0.0,6.328533670182908,-0.2567291085930289,
2026-03-31,4397120.202109745,4397120.202109745,现金,0.0,0.0,False,False,0.0,6.328533670182908,-0.2567291085930289,
2026-04-01,4397120.202109745,4397120.202109745,现金,0.0,0.0,False,False,0.0,6.328533670182908,-0.2567291085930289,
2026-04-02,4397120.202109745,4397120.202109745,现金,0.0,0.0,False,False,0.0,6.328533670182908,-0.2567291085930289,
2026-04-03,4397120.202109745,4397120.202109745,现金,0.0,0.0,False,False,0.0,6.328533670182908,-0.2567291085930289,
2026-04-07,4397120.202109745,4397120.202109745,现金,0.0,0.0,False,False,0.0,6.328533670182908,-0.2567291085930289,
2026-04-08,4397120.202109745,4397120.202109745,现金,0.0,0.0,False,False,0.0,6.328533670182908,-0.2567291085930289,
2026-04-09,4558254.065032837,0.0,CPO,1.0,3514.8842542843686,False,False,0.03664531682481176,6.597090108388062,-0.22949171129076007,300308 / 300502 / 300394 / 002281 / 603083
2026-04-10,4704267.55863698,0.0,CPO,1.0,0.0,False,False,0.032032767704687215,6.840445931061634,-0.20481019826400093,300308 / 300502 / 300394 / 002281 / 603083
2026-04-13,4741392.703513727,0.0,CPO,1.0,0.0,False,False,0.007891801308916868,6.9023211725228775,-0.19853471834582337,300308 / 300502 / 300394 / 002281 / 603083
2026-04-14,4781171.17041798,0.0,CPO,1.0,0.0,False,False,0.008389616594038918,6.9686186173633,-0.19181073191931142,300308 / 300502 / 300394 / 002281 / 603083
2026-04-15,4707810.254100918,0.0,CPO,1.0,0.0,False,False,-0.015343712597231551,6.84635042350153,-0.2042113557729084,300308 / 300502 / 300394 / 002281 / 603083
2026-04-16,4927888.764077052,0.0,CPO,1.0,0.0,False,False,0.0467475318879782,7.213147940128419,-0.16701020075081152,300308 / 300502 / 300394 / 002281 / 603083
2026-04-17,5332611.503259783,0.0,CPO,1.0,0.0,False,False,0.08212903305225727,7.887685838766304,-0.09859755399608172,300308 / 300502 / 300394 / 002281 / 603083
2026-04-20,5391397.899504819,0.0,CPO,1.0,0.0,False,False,0.011023941310763119,7.985663165841364,-0.08866054633395626,300308 / 300502 / 300394 / 002281 / 603083
2026-04-21,5430981.61447519,0.0,CPO,1.0,0.0,False,False,0.007342013278969217,8.051636024125315,-0.08196947996349169,300308 / 300502 / 300394 / 002281 / 603083
2026-04-22,5701604.824761929,0.0,CPO,1.0,0.0,False,False,0.04982952060921142,8.502674707936547,-0.03622445924544748,300308 / 300502 / 300394 / 002281 / 603083
2026-04-23,5775792.136510236,0.0,光纤概念,1.0,11940.91692882466,False,False,0.01301165444264285,8.626320227517061,-0.02368414494887805,600487 / 000070 / 002281 / 600522 / 002491
2026-04-24,5587783.890898002,0.0,光纤概念,1.0,0.0,False,False,-0.03255107544881786,8.31297315149667,-0.055464276008524216,600487 / 000070 / 002281 / 600522 / 002491
2026-04-27,5844370.585572685,0.0,光纤概念,1.0,0.0,False,False,0.04591922302017437,8.740617642621142,-0.01209192944803783,600487 / 000070 / 002281 / 600522 / 002491
2026-04-28,5722761.473473382,0.0,光纤概念,1.0,0.0,False,False,-0.020807905713492114,8.537935789122304,-0.03264822743368101,600487 / 000070 / 002281 / 600522 / 002491
2026-04-29,5651431.322519173,0.0,光纤概念,1.0,0.0,False,False,-0.01246428866288496,8.419052204198621,-0.044705579165501,600487 / 000070 / 002281 / 600522 / 002491
2026-04-30,5531997.40126076,0.0,电子布,1.0,11977.535433213652,False,False,-0.02113339337284459,8.219995668767933,-0.06489419194788026,600183 / 000920 / 002080 / 601636 / 600176
2026-05-06,5823133.516889557,0.0,电子布,1.0,0.0,False,False,0.05262766673795749,8.705222528149262,-0.015681755116984997,600183 / 000920 / 002080 / 601636 / 600176
2026-05-07,5957927.171302152,0.0,电子布,1.0,0.0,False,False,0.023147958744486274,8.92987861883692,0.0,600183 / 000920 / 002080 / 601636 / 600176
2026-05-08,5883006.625763189,0.0,电子布,1.0,0.0,False,False,-0.012574934769232549,8.805011042938649,-0.012574934769232549,600183 / 000920 / 002080 / 601636 / 600176
2026-05-11,5990277.899677912,0.0,电子布,1.0,0.0,False,False,0.018234090277062576,8.983796499463187,0.0,600183 / 000920 / 002080 / 601636 / 600176
2026-05-12,6060136.218579902,0.0,电子布,1.0,0.0,False,False,0.01166194959097755,9.100227030966504,0.0,600183 / 000920 / 002080 / 601636 / 600176
2026-05-13,6228290.8860647995,0.0,电子布,1.0,0.0,False,False,0.02774767124365085,9.380484810108,0.0,600183 / 000920 / 002080 / 601636 / 600176
2026-05-14,6206101.111935461,0.0,电子布,1.0,0.0,False,False,-0.003562738885395711,9.343501853225769,-0.003562738885395711,600183 / 000920 / 002080 / 601636 / 600176
2026-05-15,5875447.232014282,0.0,光纤概念,1.0,13031.32685206104,False,False,-0.05327884189403098,8.792412053357136,-0.056651762177641896,600487 / 000070 / 002281 / 600522 / 002491
2026-05-18,6156419.423066074,0.0,光纤概念,1.0,0.0,False,False,0.047821413410169766,9.260699038443457,-0.011539516106983894,600487 / 000070 / 002281 / 600522 / 002491
2026-05-19,6318891.561607685,0.0,光纤概念,1.0,0.0,False,False,0.026390687082312958,9.531485936012809,0.0,600487 / 000070 / 002281 / 600522 / 002491
2026-05-20,6471122.71060599,0.0,光纤概念,1.0,0.0,False,False,0.024091432415652037,9.78520451767665,0.0,600487 / 000070 / 002281 / 600522 / 002491
2026-05-21,5921194.874449766,0.0,光纤概念,1.0,0.0,False,False,-0.08498182784494368,8.868658124082943,-0.08498182784494368,600487 / 000070 / 002281 / 600522 / 002491
2026-05-22,6103212.2201266335,0.0,光纤概念,1.0,0.0,False,False,0.030739968796210437,9.172020366877723,-0.056854197784931726,600487 / 000070 / 002281 / 600522 / 002491
2026-05-25,6163220.413451048,0.0,光纤概念,1.0,0.0,False,False,0.009832231153051652,9.272034022418413,-0.04758097024652297,600487 / 000070 / 002281 / 600522 / 002491
2026-05-26,6098812.095052434,0.0,被动元件,1.0,12716.539677664296,False,False,-0.010450432416475697,9.16468682508739,-0.057534160949127,000636 / 002138 / 603678 / 300408 / 300319
2026-05-27,6391951.262383672,0.0,被动元件,1.0,0.0,False,False,0.04806496130107751,9.653252103972788,-0.012234576867559355,000636 / 002138 / 603678 / 300408 / 300319
2026-05-28,6810609.740460971,0.0,被动元件,1.0,0.0,False,False,0.06549775817927217,10.35101623410162,0.0,000636 / 002138 / 603678 / 300408 / 300319
2026-05-29,6917145.679183832,0.0,被动元件,1.0,0.0,False,False,0.01564264328492415,10.528576131973054,0.0,000636 / 002138 / 603678 / 300408 / 300319
2026-06-01,7066446.500558529,0.0,被动元件,1.0,0.0,False,False,0.021584166114065884,10.777410834264215,0.0,000636 / 002138 / 603678 / 300408 / 300319
2026-06-02,7591421.890549272,0.0,被动元件,1.0,0.0,False,False,0.07429128486987757,11.652369817582121,0.0,000636 / 002138 / 603678 / 300408 / 300319
2026-06-03,7889209.618557382,0.0,被动元件,1.0,0.0,False,False,0.039226871105508154,12.148682697595637,0.0,000636 / 002138 / 603678 / 300408 / 300319
2026-06-04,8226862.953869857,0.0,被动元件,1.0,0.0,False,False,0.042799386964979425,12.711438256449762,0.0,000636 / 002138 / 603678 / 300408 / 300319
2026-06-05,8381297.0446897475,0.0,被动元件,1.0,0.0,False,False,0.018771929432378043,12.968828407816245,0.0,000636 / 002138 / 603678 / 300408 / 300319
2026-06-08,8014085.784585273,0.0,被动元件,1.0,0.0,False,False,-0.04381317809719365,12.356809640975454,-0.04381317809719365,000636 / 002138 / 603678 / 300408 / 300319
2026-06-09,8695057.458115049,0.0,被动元件,1.0,0.0,False,False,0.08497184729911345,13.491762430191748,0.0,000636 / 002138 / 603678 / 300408 / 300319
2026-06-10,8481406.262000376,8481406.262000376,现金,0.0,11040.180375088103,False,False,-0.024571568059653548,13.135677103333961,-0.024571568059653548,
2026-06-11,8481406.262000376,8481406.262000376,现金,0.0,0.0,False,False,0.0,13.135677103333961,-0.024571568059653548,
2026-06-12,8481406.262000376,8481406.262000376,现金,0.0,0.0,False,False,0.0,13.135677103333961,-0.024571568059653548,
2026-06-15,8481406.262000376,8481406.262000376,现金,0.0,0.0,False,False,0.0,13.135677103333961,-0.024571568059653548,
2026-06-16,8648149.884324508,0.0,被动元件,1.0,6779.701248601421,False,False,0.019659902753532688,13.413583140540846,-0.005394739944675431,000636 / 002138 / 603678 / 300408 / 300319
2026-06-17,9015844.667159038,0.0,被动元件,1.0,0.0,False,False,0.042517161213984966,14.026407778598395,0.0,000636 / 002138 / 603678 / 300408 / 300319
2026-06-18,9504154.803472014,0.0,被动元件,1.0,0.0,False,False,0.0541613297855148,14.84025800578669,0.0,000636 / 002138 / 603678 / 300408 / 300319
2026-06-22,9753815.684262354,0.0,被动元件,1.0,0.0,False,False,0.02626860420025312,15.25635947377059,0.0,000636 / 002138 / 603678 / 300408 / 300319
2026-06-23,9331813.543184822,0.0,被动元件,1.0,0.0,False,False,-0.043265338892801264,14.553022571974704,-0.043265338892801264,000636 / 002138 / 603678 / 300408 / 300319
2026-06-24,9506287.959406383,0.0,被动元件,1.0,0.0,False,False,0.018696731928273813,14.843813265677305,-0.02537752740759225,000636 / 002138 / 603678 / 300408 / 300319
2026-06-25,10066073.672048861,0.0,被动元件,1.0,0.0,False,False,0.058885835883876636,15.776789453414768,0.0,000636 / 002138 / 603678 / 300408 / 300319
2026-06-26,10119753.637152564,0.0,被动元件,1.0,0.0,False,False,0.0053327610002258385,15.86625606192094,0.0,000636 / 002138 / 603678 / 300408 / 300319
2026-06-29,10299859.32255807,0.0,被动元件,1.0,0.0,False,False,0.01779743775029119,16.16643220426345,0.0,000636 / 002138 / 603678 / 300408 / 300319
2026-06-30,10127412.285667567,0.0,被动元件,1.0,0.0,False,False,-0.01674265943737896,15.879020476112611,-0.01674265943737896,000636 / 002138 / 603678 / 300408 / 300319
2026-07-01,10175515.412675904,0.0,存储,1.0,22028.48086390108,False,False,0.004749794483672076,15.95919235445984,-0.012072389145144524,603986 / 301308 / 300223 / 688525 / 000021
2026-07-02,9177514.069187045,0.0,存储,1.0,0.0,False,False,-0.0980787019638949,14.295856781978408,-0.10896704685208058,603986 / 301308 / 300223 / 688525 / 000021
2026-07-03,9433275.313058943,0.0,存储,1.0,0.0,False,False,0.02786824862852577,14.722125521764903,-0.0841355189775449,603986 / 301308 / 300223 / 688525 / 000021
2026-07-06,9533066.729270648,0.0,存储,1.0,0.0,False,False,0.01057866042280775,14.888444548784413,-0.07444689963949735,603986 / 301308 / 300223 / 688525 / 000021
2026-07-07,9000323.490005448,0.0,存储,1.0,0.0,False,False,-0.0558837207789018,14.00053915000908,-0.12617025066609056,603986 / 301308 / 300223 / 688525 / 000021
2026-07-08,8502615.024071936,0.0,存储,1.0,0.0,False,False,-0.055298953030543996,13.171025040119893,-0.17449212093119837,603986 / 301308 / 300223 / 688525 / 000021
2026-07-09,8787254.19225955,8787254.19225955,现金,0.0,11438.30024024974,False,False,0.03347666187187892,13.645423653765917,-0.1468568727910402,
2026-07-10,8787254.19225955,8787254.19225955,现金,0.0,0.0,False,False,0.0,13.645423653765917,-0.1468568727910402,
2026-07-13,8787254.19225955,8787254.19225955,现金,0.0,0.0,False,False,0.0,13.645423653765917,-0.1468568727910402,
2026-07-14,8787254.19225955,8787254.19225955,现金,0.0,0.0,False,False,0.0,13.645423653765917,-0.1468568727910402,
2026-07-15,8787254.19225955,8787254.19225955,现金,0.0,0.0,False,False,0.0,13.645423653765917,-0.1468568727910402,
2026-07-16,8787254.19225955,8787254.19225955,现金,0.0,0.0,False,False,0.0,13.645423653765917,-0.1468568727910402,
2026-07-17,8787254.19225955,8787254.19225955,现金,0.0,0.0,False,False,0.0,13.645423653765917,-0.1468568727910402,
2026-07-20,8787254.19225955,8787254.19225955,现金,0.0,0.0,False,False,0.0,13.645423653765917,-0.1468568727910402,
2026-07-21,8787254.19225955,8787254.19225955,现金,0.0,0.0,False,False,0.0,13.645423653765917,-0.1468568727910402,
2026-07-22,8787254.19225955,8787254.19225955,现金,0.0,0.0,False,False,0.0,13.645423653765917,-0.1468568727910402,
2026-07-23,8787254.19225955,8787254.19225955,现金,0.0,0.0,False,False,0.0,13.645423653765917,-0.1468568727910402,
2026-07-24,8787254.19225955,8787254.19225955,现金,0.0,0.0,False,False,0.0,13.645423653765917,-0.1468568727910402,
2026-07-27,8787254.19225955,8787254.19225955,现金,0.0,0.0,False,False,0.0,13.645423653765917,-0.1468568727910402,
2026-07-28,8787254.19225955,8787254.19225955,现金,0.0,0.0,False,False,0.0,13.645423653765917,-0.1468568727910402,
2026-07-29,8787254.19225955,8787254.19225955,现金,0.0,0.0,False,False,0.0,13.645423653765917,-0.1468568727910402,
2026-07-30,8787254.19225955,8787254.19225955,现金,0.0,0.0,False,False,0.0,13.645423653765917,-0.1468568727910402,
2026-07-31,8787254.19225955,8787254.19225955,现金,0.0,0.0,False,False,0.0,13.645423653765917,-0.1468568727910402,
2026-08-03,8787254.19225955,8787254.19225955,现金,0.0,0.0,False,False,0.0,13.645423653765917,-0.1468568727910402,
2026-08-04,8787254.19225955,8787254.19225955,现金,0.0,0.0,False,False,0.0,13.645423653765917,-0.1468568727910402,
2026-08-05,8787254.19225955,8787254.19225955,现金,0.0,0.0,False,False,0.0,13.645423653765917,-0.1468568727910402,
2026-08-06,8787254.19225955,8787254.19225955,现金,0.0,0.0,False,False,0.0,13.645423653765917,-0.1468568727910402,
2026-08-07,8787254.19225955,8787254.19225955,现金,0.0,0.0,False,False,0.0,13.645423653765917,-0.1468568727910402,
2026-08-10,8787254.19225955,8787254.19225955,现金,0.0,0.0,False,False,0.0,13.645423653765917,-0.1468568727910402,
2026-08-11,8787254.19225955,8787254.19225955,现金,0.0,0.0,False,False,0.0,13.645423653765917,-0.1468568727910402,
2026-08-12,8787254.19225955,8787254.19225955,现金,0.0,0.0,False,False,0.0,13.645423653765917,-0.1468568727910402,
2026-08-13,8787254.19225955,8787254.19225955,现金,0.0,0.0,False,False,0.0,13.645423653765917,-0.1468568727910402,
2026-08-14,8787254.19225955,8787254.19225955,现金,0.0,0.0,False,False,0.0,13.645423653765917,-0.1468568727910402,
2026-08-17,8787254.19225955,8787254.19225955,现金,0.0,0.0,False,False,0.0,13.645423653765917,-0.1468568727910402,
2026-08-18,8787254.19225955,8787254.19225955,现金,0.0,0.0,False,False,0.0,13.645423653765917,-0.1468568727910402,
2026-08-19,8787254.19225955,8787254.19225955,现金,0.0,0.0,False,False,0.0,13.645423653765917,-0.1468568727910402,
2026-08-20,8787254.19225955,8787254.19225955,现金,0.0,0.0,False,False,0.0,13.645423653765917,-0.1468568727910402,
2026-08-21,8787254.19225955,8787254.19225955,现金,0.0,0.0,False,False,0.0,13.645423653765917,-0.1468568727910402,
2026-08-24,8787254.19225955,8787254.19225955,现金,0.0,0.0,False,False,0.0,13.645423653765917,-0.1468568727910402,
2026-08-25,8787254.19225955,8787254.19225955,现金,0.0,0.0,False,False,0.0,13.645423653765917,-0.1468568727910402,
2026-08-26,8787254.19225955,8787254.19225955,现金,0.0,0.0,False,False,0.0,13.645423653765917,-0.1468568727910402,
2026-08-27,8787254.19225955,8787254.19225955,现金,0.0,0.0,False,False,0.0,13.645423653765917,-0.1468568727910402,
2026-08-28,8787254.19225955,8787254.19225955,现金,0.0,0.0,False,False,0.0,13.645423653765917,-0.1468568727910402,
2026-08-31,8787254.19225955,8787254.19225955,现金,0.0,0.0,False,False,0.0,13.645423653765917,-0.1468568727910402,
2026-09-01,8787254.19225955,8787254.19225955,现金,0.0,0.0,False,False,0.0,13.645423653765917,-0.1468568727910402,
2026-09-02,8787254.19225955,8787254.19225955,现金,0.0,0.0,False,False,0.0,13.645423653765917,-0.1468568727910402,
2026-09-03,8787254.19225955,8787254.19225955,现金,0.0,0.0,False,False,0.0,13.645423653765917,-0.1468568727910402,
2026-09-04,8787254.19225955,8787254.19225955,现金,0.0,0.0,False,False,0.0,13.645423653765917,-0.1468568727910402,
2026-09-07,8787254.19225955,8787254.19225955,现金,0.0,0.0,False,False,0.0,13.645423653765917,-0.1468568727910402,
2026-09-08,8787254.19225955,8787254.19225955,现金,0.0,0.0,False,False,0.0,13.645423653765917,-0.1468568727910402,
2026-09-09,8787254.19225955,8787254.19225955,现金,0.0,0.0,False,False,0.0,13.645423653765917,-0.1468568727910402,
2026-09-10,8787254.19225955,8787254.19225955,现金,0.0,0.0,False,False,0.0,13.645423653765917,-0.1468568727910402,
2026-09-11,8787254.19225955,8787254.19225955,现金,0.0,0.0,False,False,0.0,13.645423653765917,-0.1468568727910402,
2026-09-14,8787254.19225955,8787254.19225955,现金,0.0,0.0,False,False,0.0,13.645423653765917,-0.1468568727910402,
2026-09-15,8787254.19225955,8787254.19225955,现金,0.0,0.0,False,False,0.0,13.645423653765917,-0.1468568727910402,
