date,position,target_weight,actual_weight,market_close,market_ma20,market_risk_ma_period,market_risk_ma,market_defensive_ma_period,market_defensive_ma,market_defensive,market_bear_ma_period,market_bear_ma,market_bear_ma_slope_ref,bear_confirmed,bear_entry_lock,market_above_ma20,regime_state,mainline_rise,mainline_streak,non_mainline_streak,market_below_ma20_streak,market_ma20_exit,position_close,position_ma20,position_ma10,position_daily_return,position_peak_close,position_drawdown,cycle_entry_nav,losing_cycle_streak,position_rs20,position_score,top_candidate,top_rs20,top_score,candidate_count,top_changes_in_window,fast_rotation,effective_switch_margin,switch_confirm_streak,signal,next_position,signal_reason,weak_ma10_streak,post_exit_cooldown_days,position_allocation_mode,daily_gain_pause_threshold,entry_pullback_reclaim_ma5,nav
2018-01-02,现金,0.0,0.0,3348.326,3294.3874499999997,180,3265.5886111111113,,,False,,,,False,False,True,NO_MAINLINE_ROTATION,False,0,1,0,False,,,,,,,,0,,,电子布,1.239963257145945,1.239963257145945,2,0,False,0.02,0,BUY,电子布,ENTRY_TOP1,0,5,equal_capital,0.1,False,600000.0
2018-01-03,电子布,1.0,1.0,3369.108,3297.6591,180,3266.1061,,,False,,,,False,False,True,MAINLINE_RISE,True,1,0,0,False,92.22,79.7157,85.3832,0.004662715705072262,92.22,0.0,600000.0,0,1.2803709771471414,1.2803709771471414,电子布,1.2803709771471414,1.2803709771471414,2,0,False,0.02,0,HOLD,电子布,NO_STRONGER_QUALIFIED_SECTOR,0,5,equal_capital,0.1,False,609640.3575204973
2018-01-04,电子布,1.0,1.0,3385.71,3302.24635,180,3266.8818944444447,,,False,,,,False,False,True,MAINLINE_RISE,True,2,0,0,False,91.486,80.7072,86.6592,-0.007959227933203139,92.22,-0.007959227933203139,600000.0,0,1.2767388634587475,1.2767388634587475,电子布,1.2767388634587475,1.2767388634587475,3,0,False,0.02,0,HOLD,电子布,NO_STRONGER_QUALIFIED_SECTOR,0,5,equal_capital,0.1,False,606988.6546541129
2018-01-05,电子布,1.0,1.0,3391.75,3308.2311499999996,180,3267.8240222222225,,,False,,,,False,False,True,MAINLINE_RISE,True,3,0,0,False,91.584,81.7347,87.5548,0.0010712021511487535,92.22,-0.006896551724137834,600000.0,0,1.2892980826083287,1.2892980826083287,电子布,1.2892980826083287,1.2892980826083287,5,0,False,0.02,0,HOLD,电子布,NO_STRONGER_QUALIFIED_SECTOR,0,5,equal_capital,0.1,False,606389.5684267735
2018-01-08,电子布,1.0,1.0,3409.48,3314.20555,180,3269.006061111111,,,False,,,,False,False,True,MAINLINE_RISE,True,4,0,0,False,92.59599999999999,82.7419,88.4226,0.011049965059398925,92.59599999999999,0.0,600000.0,0,1.2780323524540385,1.2780323524540385,电子布,1.2780323524540385,1.2780323524540385,5,0,False,0.02,0,HOLD,电子布,NO_STRONGER_QUALIFIED_SECTOR,0,5,equal_capital,0.1,False,617464.3336006191
2018-01-09,电子布,1.0,1.0,3413.9,3318.79075,180,3270.3572444444444,,,False,,,,False,False,True,MAINLINE_RISE,True,5,0,0,False,90.07000000000001,83.5048,88.9486,-0.027279796103503173,92.59599999999999,-0.027279796103503173,600000.0,0,1.2039512377693422,1.2039512377693422,电子布,1.2039512377693422,1.2039512377693422,5,0,False,0.02,0,HOLD,电子布,NO_STRONGER_QUALIFIED_SECTOR,0,5,equal_capital,0.1,False,605459.1927452623
2018-01-10,电子布,1.0,1.0,3421.834,3325.8417500000005,180,3271.7446555555557,,,False,,,,False,False,True,MAINLINE_RISE,True,6,0,0,False,89.292,84.2975,89.3816,-0.008637726212945562,92.59599999999999,-0.03568188690656171,600000.0,0,1.2158827854789074,1.2158827854789074,电子布,1.2158827854789074,1.2158827854789074,5,0,False,0.02,0,HOLD,电子布,NO_STRONGER_QUALIFIED_SECTOR,1,5,equal_capital,0.1,False,601606.1810411914
2018-01-11,电子布,1.0,1.0,3425.345,3331.9571499999997,180,3273.1457333333337,,,False,,,,False,False,True,MAINLINE_RISE,True,7,0,0,False,88.186,84.95849999999999,89.8272,-0.012386328002508606,92.59599999999999,-0.04762624735409715,600000.0,0,1.17634661046341,1.17634661046341,电子布,1.17634661046341,1.17634661046341,5,0,False,0.02,0,HOLD,电子布,NO_STRONGER_QUALIFIED_SECTOR,2,5,equal_capital,0.1,False,589618.9688855533
2018-01-12,电子布,1.0,1.0,3428.941,3338.78225,180,3274.809122222222,,,False,,,,False,False,True,MAINLINE_RISE,True,8,0,0,False,87.376,85.52529999999999,90.00280000000001,-0.009185131426757143,92.59599999999999,-0.05637392543954367,600000.0,0,1.1490794318779591,1.1490794318779591,家用电器,1.2064067180444236,1.2064067180444236,3,0,False,0.02,1,HOLD,电子布,SWITCH_CONFIRM_1_OF_2,3,5,equal_capital,0.1,False,585119.0266650852
2018-01-15,电子布,1.0,1.0,3410.488,3345.9998,180,3276.342016666667,,,False,,,,False,False,True,MAINLINE_RISE,True,9,0,0,False,85.322,86.042,89.9924,-0.02350759934078006,92.59599999999999,-0.07855630912782396,600000.0,0,1.1378087160612362,1.1378087160612362,房地产,1.2541866758137055,1.2541866758137055,4,0,False,0.02,1,HOLD,电子布,SWITCH_CONFIRM_1_OF_2,4,5,equal_capital,0.1,False,566734.135235008
2018-01-16,电子布,1.0,1.0,3436.594,3354.4334000000003,180,3277.9850555555554,,,False,,,,False,False,True,MAINLINE_RISE,True,10,0,0,False,88.042,86.6933,89.6174,0.03187923396076031,92.59599999999999,-0.04918139012484324,600000.0,0,1.1736429561693507,1.1736429561693507,房地产,1.3702064496626345,1.3702064496626345,5,0,False,0.02,0,SWITCH,房地产,STRONGER_RS20_MARGIN_2%,5,5,equal_capital,0.1,False,579002.4379348343
2018-01-17,房地产,1.0,1.0,3444.671,3361.84005,180,3279.6099666666664,,,False,,,,False,False,True,MAINLINE_RISE,True,11,0,0,False,1401.3539999999998,1193.4095,1289.0684,-0.009091989037004478,1401.3539999999998,0.0,600000.0,0,1.3329775819559855,1.3329775819559855,房地产,1.3329775819559855,1.3329775819559855,3,0,False,0.02,0,HOLD,房地产,NO_STRONGER_QUALIFIED_SECTOR,0,5,equal_capital,0.1,False,584305.152248081
2018-01-18,房地产,1.0,1.0,3474.754,3371.1974499999997,180,3281.388277777778,,,False,,,,False,False,True,MAINLINE_RISE,True,12,0,0,False,1397.746,1211.6263,1310.9178,-0.002574652800077404,1401.3539999999998,-0.002574652800077404,600000.0,0,1.352557068346542,1.352557068346542,房地产,1.352557068346542,1.352557068346542,3,0,False,0.02,0,HOLD,房地产,NO_STRONGER_QUALIFIED_SECTOR,0,5,equal_capital,0.1,False,578032.6366035881
2018-01-19,房地产,1.0,1.0,3487.864,3380.5877,180,3283.3002333333334,,,False,,,,False,False,True,MAINLINE_RISE,True,13,0,0,False,1388.032,1227.6772,1326.5582,-0.0069497605430458576,1401.3539999999998,-0.009506520122681272,600000.0,0,1.3008564086319392,1.3008564086319392,房地产,1.3008564086319392,1.3008564086319392,3,0,False,0.02,0,HOLD,房地产,NO_STRONGER_QUALIFIED_SECTOR,0,5,equal_capital,0.1,False,574230.5514020487
2018-01-22,房地产,1.0,1.0,3501.362,3390.80265,180,3285.333655555556,,,False,,,,False,False,True,MAINLINE_RISE,True,14,0,0,False,1393.05,1243.8253,1338.3906000000002,0.0036151904278864944,1401.3539999999998,-0.00592569757534489,600000.0,0,1.3018088231995872,1.3018088231995872,房地产,1.3018088231995872,1.3018088231995872,4,0,False,0.02,0,HOLD,房地产,NO_STRONGER_QUALIFIED_SECTOR,0,5,equal_capital,0.1,False,579152.3280917496
2018-01-23,房地产,1.0,1.0,3546.505,3404.1048499999997,180,3287.662188888889,,,False,,,,False,False,True,MAINLINE_RISE,True,15,0,0,False,1439.736,1261.483,1355.1906,0.033513513513513615,1439.736,0.0,600000.0,0,1.3250136667090016,1.3250136667090016,房地产,1.3250136667090016,1.3250136667090016,5,0,False,0.02,0,HOLD,房地产,NO_STRONGER_QUALIFIED_SECTOR,0,5,equal_capital,0.1,False,597763.0264104587
2018-01-24,房地产,1.0,1.0,3559.465,3416.77185,180,3290.1978944444445,,,False,,,,False,False,True,MAINLINE_RISE,True,16,0,0,False,1440.6280000000002,1278.8236000000002,1372.088,0.0006195580300834003,1440.6280000000002,0.0,600000.0,0,1.3170661244670037,1.3170661244670037,房地产,1.3170661244670037,1.3170661244670037,4,0,False,0.02,0,HOLD,房地产,NO_STRONGER_QUALIFIED_SECTOR,0,5,equal_capital,0.1,False,593095.4610722492
2018-01-25,房地产,1.0,1.0,3548.307,3430.39805,180,3292.807305555556,,,False,,,,False,False,True,MAINLINE_RISE,True,17,0,0,False,1412.972,1294.4904999999999,1387.4012,-0.01919718345055088,1440.6280000000002,-0.01919718345055088,600000.0,0,1.2849475370896135,1.2849475370896135,房地产,1.2849475370896135,1.2849475370896135,6,0,False,0.02,0,HOLD,房地产,NO_STRONGER_QUALIFIED_SECTOR,0,5,equal_capital,0.1,False,588260.6057585832
2018-01-26,房地产,1.0,1.0,3558.129,3443.48525,180,3295.46065,,,False,,,,False,False,True,MAINLINE_RISE,True,18,0,0,False,1411.964,1310.1697,1401.5988,-0.0007133899327091964,1440.6280000000002,-0.019896878305850074,600000.0,0,1.285496822593274,1.285496822593274,家用电器,1.2900070220794588,1.2900070220794588,8,0,False,0.02,0,HOLD,房地产,NO_STRONGER_QUALIFIED_SECTOR,0,5,equal_capital,0.1,False,594826.1819913905
2018-01-29,房地产,1.0,1.0,3523.001,3454.2767,180,3298.0729611111115,,,False,,,,False,False,True,MAINLINE_RISE,True,19,0,0,False,1373.064,1323.2353,1407.2758,-0.027550277485828167,1440.6280000000002,-0.04689899127325037,600000.0,0,1.235045225913693,1.235045225913693,家用电器,1.2512614747140356,1.2512614747140356,6,0,False,0.02,0,HOLD,房地产,NO_STRONGER_QUALIFIED_SECTOR,1,5,equal_capital,0.1,False,587449.8048252137
2018-01-30,房地产,1.0,1.0,3488.009,3461.2608499999997,180,3300.4424555555556,,,False,,,,False,False,True,MAINLINE_RISE,True,20,0,0,False,1308.436,1330.7385,1396.6982,-0.04706845420169792,1440.6280000000002,-0.09175998245209738,600000.0,0,1.1295473302186172,1.1295473302186172,家用电器,1.185102866989631,1.185102866989631,3,0,False,0.02,1,HOLD,房地产,SWITCH_CONFIRM_1_OF_2,2,5,equal_capital,0.1,False,569033.5743764944
2018-01-31,房地产,1.0,1.0,3480.833,3466.8471000000004,180,3302.6497888888885,,,False,,,,False,False,True,MAINLINE_RISE,True,21,0,0,False,1351.786,1340.4049,1391.7414,0.03313115811549072,1440.6280000000002,-0.0616689388239019,600000.0,0,1.1668839094727645,1.1668839094727645,家用电器,1.208700953769175,1.208700953769175,2,0,False,0.02,0,HOLD,房地产,RESEARCH_POLICY_BLOCK_STRONGER_RS20_MARGIN_2%,3,5,equal_capital,0.1,False,588215.581910941
2018-02-01,房地产,1.0,1.0,3446.98,3469.9106,180,3304.631738888889,,,False,,,,False,False,False,MAINLINE_DECLINE,False,0,1,1,False,1352.7620000000002,1349.0804,1387.243,0.0007220077734197972,1440.6280000000002,-0.06099145650369142,600000.0,0,1.1471356419153838,1.1471356419153838,家用电器,1.1787562541727887,1.1787562541727887,2,0,False,0.02,1,HOLD,房地产,SWITCH_CONFIRM_1_OF_2,4,5,equal_capital,0.1,False,590030.7893823422
2018-02-02,房地产,1.0,1.0,3462.081,3473.4271499999995,180,3306.5712777777776,,,False,,,,False,False,False,MAINLINE_DECLINE,False,0,2,2,False,1353.69,1355.1835,1383.8088000000002,0.000686003894254883,1440.6280000000002,-0.06034729298611441,600000.0,0,1.0991062236324605,1.0991062236324605,银行,1.1596945172688933,1.1596945172688933,2,0,False,0.02,1,SELL,,DOUBLE_MA20_BREAK,5,5,equal_capital,0.1,False,601337.6507619019
2018-02-05,现金,0.0,0.0,3487.497,3477.328,180,3308.699361111111,,,False,,,,False,False,True,MAINLINE_RISE,True,1,0,0,False,,,,,,,,1,,,银行,1.1983988861816914,1.1983988861816914,2,0,False,0.02,1,CASH,,ENTRY_GATE_CLOSED_OR_NO_CANDIDATE,0,5,equal_capital,0.1,False,591910.1794892099
2018-02-06,现金,0.0,0.0,3370.652,3475.1656000000003,180,3310.257766666667,,,False,,,,False,False,False,MAINLINE_DECLINE,False,0,1,1,False,,,,,,,,1,,,银行,1.1768127627714104,1.1768127627714104,1,0,False,0.02,1,CASH,,ENTRY_GATE_CLOSED_OR_NO_CANDIDATE,0,5,equal_capital,0.1,False,591910.1794892099
2018-02-07,现金,0.0,0.0,3309.26,3469.5369,180,3311.472372222222,,,False,,,,False,False,False,BROAD_DECLINE_OR_NO_LEADER,False,0,2,2,False,,,,,,,,1,,,,,,0,0,False,0.02,1,CASH,,ENTRY_GATE_CLOSED_OR_NO_CANDIDATE,0,5,equal_capital,0.1,False,591910.1794892099
2018-02-08,现金,0.0,0.0,3262.05,3461.37215,180,3312.507783333333,,,False,,,,False,False,False,BROAD_DECLINE_OR_NO_LEADER,False,0,3,3,False,,,,,,,,1,,,,,,0,0,False,0.02,1,CASH,,ENTRY_GATE_CLOSED_OR_NO_CANDIDATE,0,5,equal_capital,0.1,False,591910.1794892099
2018-02-09,现金,0.0,0.0,3129.851,3446.4176500000003,180,3312.885027777778,,,False,,,,False,False,False,BROAD_DECLINE_OR_NO_LEADER,False,0,4,4,False,,,,,,,,1,,,,,,0,0,False,0.02,1,CASH,,ENTRY_GATE_CLOSED_OR_NO_CANDIDATE,0,5,equal_capital,0.1,False,591910.1794892099
2018-02-12,现金,0.0,0.0,3154.125,3433.5995000000003,180,3313.3853000000004,,,False,,,,False,False,False,BROAD_DECLINE_OR_NO_LEADER,False,0,5,5,False,,,,,,,,1,,,,,,0,0,False,0.02,1,CASH,,ENTRY_GATE_CLOSED_OR_NO_CANDIDATE,0,5,equal_capital,0.1,False,591910.1794892099
2018-02-13,现金,0.0,0.0,3184.959,3421.01775,180,3313.813788888889,,,False,,,,False,False,False,MAINLINE_DECLINE,False,0,6,6,False,,,,,,,,1,,,云计算,1.1354191860337284,1.1354191860337284,1,0,False,0.02,1,CASH,,ENTRY_GATE_CLOSED_OR_NO_CANDIDATE,0,5,equal_capital,0.1,False,591910.1794892099
2018-02-14,现金,0.0,0.0,3199.159,3408.7421499999996,180,3314.308788888889,,,False,,,,False,False,False,MAINLINE_DECLINE,False,0,7,7,False,,,,,,,,1,,,云计算,1.148902874638544,1.148902874638544,1,0,False,0.02,1,CASH,,ENTRY_GATE_CLOSED_OR_NO_CANDIDATE,0,5,equal_capital,0.1,False,591910.1794892099
2018-02-22,现金,0.0,0.0,3268.559,3398.4324,180,3315.1497944444445,,,False,,,,False,False,False,MAINLINE_DECLINE,False,0,8,8,False,,,,,,,,1,,,云计算,1.2488817196920297,1.2488817196920297,1,0,False,0.02,1,CASH,,ENTRY_GATE_CLOSED_OR_NO_CANDIDATE,0,5,equal_capital,0.1,False,591910.1794892099
2018-02-23,现金,0.0,0.0,3289.024,3388.4904,180,3316.185355555556,,,False,,,,False,False,False,MAINLINE_DECLINE,False,0,9,9,False,,,,,,,,1,,,云计算,1.2378079322435227,1.2378079322435227,1,0,False,0.02,1,CASH,,ENTRY_GATE_CLOSED_OR_NO_CANDIDATE,0,5,equal_capital,0.1,False,591910.1794892099
2018-02-26,现金,0.0,0.0,3329.574,3379.9010000000003,180,3317.429988888889,,,False,,,,False,False,False,MAINLINE_DECLINE,False,0,10,10,False,,,,,,,,1,,,云计算,1.2445091264595118,1.2445091264595118,1,0,False,0.02,1,CASH,,ENTRY_GATE_CLOSED_OR_NO_CANDIDATE,0,5,equal_capital,0.1,False,591910.1794892099
2018-02-27,现金,0.0,0.0,3292.068,3367.17915,180,3318.5433888888892,,,False,,,,False,False,False,MAINLINE_DECLINE,False,0,11,11,False,,,,,,,,1,,,云计算,1.2185256598799523,1.2185256598799523,1,0,False,0.02,1,CASH,,ENTRY_GATE_CLOSED_OR_NO_CANDIDATE,0,5,equal_capital,0.1,False,591910.1794892099
2018-02-28,现金,0.0,0.0,3259.408,3352.1763,180,3319.4171777777774,,,False,,,,False,False,False,MAINLINE_DECLINE,False,0,12,12,False,,,,,,,,1,,,云计算,1.235255336961072,1.235255336961072,1,0,False,0.02,1,CASH,,ENTRY_GATE_CLOSED_OR_NO_CANDIDATE,0,5,equal_capital,0.1,False,591910.1794892099
2018-03-01,现金,0.0,0.0,3273.755,3338.4487,180,3320.1584555555555,,,False,,,,False,False,False,MAINLINE_DECLINE,False,0,13,13,False,,,,,,,,1,,,云计算,1.3726516229010555,1.3726516229010555,1,0,False,0.02,1,CASH,,ENTRY_GATE_CLOSED_OR_NO_CANDIDATE,0,5,equal_capital,0.1,False,591910.1794892099
2018-03-02,现金,0.0,0.0,3254.528,3323.2686500000004,180,3320.737311111111,,,False,,,,False,False,False,MAINLINE_DECLINE,False,0,14,14,False,,,,,,,,1,,,云计算,1.3937607441546527,1.3937607441546527,1,0,False,0.02,1,CASH,,ENTRY_GATE_CLOSED_OR_NO_CANDIDATE,0,5,equal_capital,0.1,False,591910.1794892099
2018-03-05,现金,0.0,0.0,3256.926,3309.9649,180,3321.2846777777777,,,False,,,,False,False,False,MAINLINE_DECLINE,False,0,15,15,False,,,,,,,,1,,,云计算,1.5543113466781069,1.5543113466781069,4,0,False,0.02,1,CASH,,ENTRY_GATE_CLOSED_OR_NO_CANDIDATE,0,5,equal_capital,0.1,False,591910.1794892099
2018-03-06,现金,0.0,0.0,3289.642,3300.04655,180,3322.1167055555557,,,False,,,,False,False,False,MAINLINE_DECLINE,False,0,16,16,False,,,,,,,,1,,,云计算,1.486166634938765,1.486166634938765,5,0,False,0.02,1,CASH,,ENTRY_GATE_CLOSED_OR_NO_CANDIDATE,0,5,equal_capital,0.1,False,591910.1794892099
2018-03-07,现金,0.0,0.0,3271.668,3289.5883000000003,180,3322.7718444444445,,,False,,,,False,False,False,MAINLINE_DECLINE,False,0,17,17,False,,,,,,,,1,,,云计算,1.5194435077719646,1.5194435077719646,6,0,False,0.02,1,CASH,,ENTRY_GATE_CLOSED_OR_NO_CANDIDATE,0,5,equal_capital,0.1,False,591910.1794892099
2018-03-08,现金,0.0,0.0,3288.406,3281.6596,180,3323.648133333333,,,False,,,,False,False,True,NO_MAINLINE_ROTATION,False,0,18,0,False,,,,,,,,1,,,云计算,1.4948758972584968,1.4948758972584968,6,0,False,0.02,1,CASH,,RESEARCH_POLICY_BLOCK_ENTRY_TOP1,0,5,equal_capital,0.1,False,591910.1794892099
2018-03-09,现金,0.0,0.0,3307.166,3273.91385,180,3324.6185777777773,,,False,,,,False,False,True,NO_MAINLINE_ROTATION,False,0,19,0,False,,,,,,,,1,,,云计算,1.5041312684053305,1.5041312684053305,5,0,False,0.02,1,CASH,,RESEARCH_POLICY_BLOCK_ENTRY_TOP1,0,5,equal_capital,0.1,False,591910.1794892099
2018-03-12,现金,0.0,0.0,3326.699,3265.87395,180,3325.7493166666663,,,False,,,,False,False,True,NO_MAINLINE_ROTATION,False,0,20,0,False,,,,,,,,1,,,云计算,1.5280778794772762,1.5280778794772762,6,0,False,0.02,1,BUY,云计算,ENTRY_TOP1,0,5,equal_capital,0.1,False,591910.1794892099
2018-03-13,云计算,1.0,1.0,3310.239,3262.8532999999998,180,3326.6707888888895,,,False,,,,False,False,True,NO_MAINLINE_ROTATION,False,0,21,0,False,283.29600000000005,239.98320000000004,273.834,-0.019132891538732877,283.29600000000005,0.0,591910.1794892099,1,1.5686726173337175,1.5686726173337175,云计算,1.5686726173337175,1.5686726173337175,8,0,False,0.02,0,HOLD,云计算,NO_STRONGER_QUALIFIED_SECTOR,0,5,equal_capital,0.1,False,597094.966113694
2018-03-14,云计算,1.0,1.0,3291.382,3261.9594,180,3327.511722222222,,,False,,,,False,False,True,NO_MAINLINE_ROTATION,False,0,22,0,False,259.814,243.4314,276.2072,-0.08288856884671869,283.29600000000005,-0.08288856884671869,591910.1794892099,1,1.3613518470002621,1.3613518470002621,云计算,1.3613518470002621,1.3613518470002621,9,0,False,0.02,0,HOLD,云计算,NO_STRONGER_QUALIFIED_SECTOR,1,5,equal_capital,0.1,False,565010.0950482764
2018-03-15,云计算,1.0,1.0,3291.112,3263.4125,180,3328.2611666666667,,,False,,,,False,False,True,NO_MAINLINE_ROTATION,False,0,23,0,False,260.152,246.76219999999998,276.3578,0.0013009306657838504,283.29600000000005,-0.08169547046199044,591910.1794892099,1,1.3442046957671956,1.3442046957671956,CPO,1.2451458678895506,1.2451458678895506,7,0,False,0.02,0,SELL,,MARKET_MA180_AND_SECTOR_MA10_BREAK,2,5,equal_capital,0.1,False,567979.5645569216
2018-03-16,现金,0.0,0.0,3269.882,3270.4140500000003,180,3328.941327777778,,,False,,,,False,False,False,MAINLINE_DECLINE,False,0,24,1,False,,,,,,,,2,,,CPO,1.2641091848026558,1.2641091848026558,7,0,False,0.02,0,CASH,,ENTRY_GATE_CLOSED_OR_NO_CANDIDATE,0,5,equal_capital,0.1,False,566663.6035061765
2018-03-19,现金,0.0,0.0,3279.252,3276.6704,180,3329.6156555555553,,,False,,,,False,False,True,MAINLINE_RISE,True,1,0,0,False,,,,,,,,2,,,CPO,1.233666007669771,1.233666007669771,4,0,False,0.02,0,CASH,,ENTRY_GATE_CLOSED_OR_NO_CANDIDATE,0,5,equal_capital,0.1,False,566663.6035061765
2018-03-20,现金,0.0,0.0,3290.64,3281.9544499999997,180,3330.2000777777776,,,False,,,,False,False,True,MAINLINE_RISE,True,2,0,0,False,,,,,,,,2,,,CPO,1.2435770869952565,1.2435770869952565,3,0,False,0.02,0,CASH,,ENTRY_GATE_CLOSED_OR_NO_CANDIDATE,0,5,equal_capital,0.1,False,566663.6035061765
2018-03-21,现金,0.0,0.0,3280.952,3286.0441,180,3330.6987166666663,,,False,,,,False,False,False,BROAD_DECLINE_OR_NO_LEADER,False,0,1,1,False,,,,,,,,2,,,,,,0,0,False,0.02,0,CASH,,ENTRY_GATE_CLOSED_OR_NO_CANDIDATE,0,5,equal_capital,0.1,False,566663.6035061765
2018-03-22,现金,0.0,0.0,3263.48,3285.79015,180,3331.2002666666663,,,False,,,,False,False,False,MAINLINE_DECLINE,False,0,2,2,False,,,,,,,,2,,,军工,1.1861091052320618,1.1861091052320618,1,0,False,0.02,0,CASH,,ENTRY_GATE_CLOSED_OR_NO_CANDIDATE,0,5,equal_capital,0.1,False,566663.6035061765
2018-03-23,现金,0.0,0.0,3152.761,3278.9770000000003,180,3331.0041444444446,,,False,,,,False,False,False,MAINLINE_DECLINE,False,0,3,3,False,,,,,,,,2,,,军工,1.1645421941839864,1.1645421941839864,1,0,False,0.02,0,CASH,,ENTRY_GATE_CLOSED_OR_NO_CANDIDATE,0,5,equal_capital,0.1,False,566663.6035061765
2018-03-26,现金,0.0,0.0,3133.722,3269.1844,180,3330.6780055555555,,,False,,,,False,False,False,MAINLINE_DECLINE,False,0,4,4,False,,,,,,,,2,,,军工,1.174109165808445,1.174109165808445,1,0,False,0.02,0,CASH,,ENTRY_GATE_CLOSED_OR_NO_CANDIDATE,0,5,equal_capital,0.1,False,566663.6035061765
2018-03-27,现金,0.0,0.0,3166.649,3262.91345,180,3330.515433333333,,,False,,,,False,False,False,MAINLINE_DECLINE,False,0,5,5,False,,,,,,,,2,,,军工,1.142300080340172,1.142300080340172,2,0,False,0.02,0,CASH,,ENTRY_GATE_CLOSED_OR_NO_CANDIDATE,0,5,equal_capital,0.1,False,566663.6035061765
2018-03-28,现金,0.0,0.0,3122.29,3256.05755,180,3330.179244444444,,,False,,,,False,False,False,MAINLINE_DECLINE,False,0,6,6,False,,,,,,,,2,,,军工,1.1347901341410647,1.1347901341410647,1,0,False,0.02,0,CASH,,ENTRY_GATE_CLOSED_OR_NO_CANDIDATE,0,5,equal_capital,0.1,False,566663.6035061765
2018-03-29,现金,0.0,0.0,3160.531,3250.39635,180,3329.9203388888886,,,False,,,,False,False,False,MAINLINE_DECLINE,False,0,7,7,False,,,,,,,,2,,,军工,1.1027476780185756,1.1027476780185756,1,0,False,0.02,0,CASH,,ENTRY_GATE_CLOSED_OR_NO_CANDIDATE,0,5,equal_capital,0.1,False,566663.6035061765
2018-03-30,现金,0.0,0.0,3168.897,3246.1148000000003,180,3329.678411111111,,,False,,,,False,False,False,MAINLINE_DECLINE,False,0,8,8,False,,,,,,,,2,,,军工,1.1574097523913425,1.1574097523913425,1,0,False,0.02,0,CASH,,ENTRY_GATE_CLOSED_OR_NO_CANDIDATE,0,5,equal_capital,0.1,False,566663.6035061765
2018-04-02,现金,0.0,0.0,3163.179,3241.42745,180,3329.3740888888888,,,False,,,,False,False,False,MAINLINE_DECLINE,False,0,9,9,False,,,,,,,,2,,,军工,1.1902616861674715,1.1902616861674715,2,0,False,0.02,0,CASH,,ENTRY_GATE_CLOSED_OR_NO_CANDIDATE,0,5,equal_capital,0.1,False,566663.6035061765
2018-04-03,现金,0.0,0.0,3136.633,3233.777,180,3328.9518722222224,,,False,,,,False,False,False,MAINLINE_DECLINE,False,0,10,10,False,,,,,,,,2,,,军工,1.153070696569137,1.153070696569137,2,0,False,0.02,0,CASH,,ENTRY_GATE_CLOSED_OR_NO_CANDIDATE,0,5,equal_capital,0.1,False,566663.6035061765
2018-04-04,现金,0.0,0.0,3131.111,3226.74915,180,3328.552277777778,,,False,,,,False,False,False,MAINLINE_DECLINE,False,0,11,11,False,,,,,,,,2,,,军工,1.1616020271164649,1.1616020271164649,3,0,False,0.02,0,CASH,,ENTRY_GATE_CLOSED_OR_NO_CANDIDATE,0,5,equal_capital,0.1,False,566663.6035061765
2018-04-09,现金,0.0,0.0,3138.294,3219.24355,180,3328.2231111111114,,,False,,,,False,False,False,MAINLINE_DECLINE,False,0,12,12,False,,,,,,,,2,,,军工,1.182644784003018,1.182644784003018,3,0,False,0.02,0,CASH,,ENTRY_GATE_CLOSED_OR_NO_CANDIDATE,0,5,equal_capital,0.1,False,566663.6035061765
2018-04-10,现金,0.0,0.0,3190.322,3213.4013499999996,180,3328.068438888889,,,False,,,,False,False,False,MAINLINE_DECLINE,False,0,13,13,False,,,,,,,,2,,,军工,1.127736343854037,1.127736343854037,1,0,False,0.02,0,CASH,,ENTRY_GATE_CLOSED_OR_NO_CANDIDATE,0,5,equal_capital,0.1,False,566663.6035061765
2018-04-11,现金,0.0,0.0,3208.082,3207.4705,180,3327.9888,,,False,,,,False,False,True,NO_MAINLINE_ROTATION,False,0,14,0,False,,,,,,,,2,,,黄金概念,1.1469030009955907,1.1469030009955907,2,0,False,0.02,0,CASH,,RESEARCH_POLICY_BLOCK_ENTRY_TOP1,0,5,equal_capital,0.1,False,566663.6035061765
2018-04-12,现金,0.0,0.0,3180.158,3200.9664500000003,180,3328.009316666666,,,False,,,,False,False,False,MAINLINE_DECLINE,False,0,15,1,False,,,,,,,,2,,,黄金概念,1.1798556021035742,1.1798556021035742,2,0,False,0.02,0,CASH,,ENTRY_GATE_CLOSED_OR_NO_CANDIDATE,0,5,equal_capital,0.1,False,566663.6035061765
2018-04-13,现金,0.0,0.0,3159.052,3194.34995,180,3327.8509,,,False,,,,False,False,False,MAINLINE_DECLINE,False,0,16,2,False,,,,,,,,2,,,军工,1.1680438643910724,1.1680438643910724,2,0,False,0.02,0,CASH,,ENTRY_GATE_CLOSED_OR_NO_CANDIDATE,0,5,equal_capital,0.1,False,566663.6035061765
2018-04-16,现金,0.0,0.0,3110.649,3185.3268,180,3327.1824166666665,,,False,,,,False,False,False,MAINLINE_DECLINE,False,0,17,3,False,,,,,,,,2,,,黄金概念,1.1701716350496838,1.1701716350496838,2,0,False,0.02,0,CASH,,ENTRY_GATE_CLOSED_OR_NO_CANDIDATE,0,5,equal_capital,0.1,False,566663.6035061765
2018-04-17,现金,0.0,0.0,3066.797,3175.1725500000002,180,3326.19315,,,False,,,,False,False,False,MAINLINE_DECLINE,False,0,18,4,False,,,,,,,,2,,,黄金概念,1.1850210703369444,1.1850210703369444,2,0,False,0.02,0,CASH,,ENTRY_GATE_CLOSED_OR_NO_CANDIDATE,0,5,equal_capital,0.1,False,566663.6035061765
2018-04-18,现金,0.0,0.0,3091.399,3165.7799,180,3325.3788,,,False,,,,False,False,False,MAINLINE_DECLINE,False,0,19,5,False,,,,,,,,2,,,黄金概念,1.1656564553413784,1.1656564553413784,3,0,False,0.02,0,CASH,,ENTRY_GATE_CLOSED_OR_NO_CANDIDATE,0,5,equal_capital,0.1,False,566663.6035061765
2018-04-19,现金,0.0,0.0,3117.376,3157.1167,180,3324.6386722222223,,,False,,,,False,False,False,MAINLINE_DECLINE,False,0,20,6,False,,,,,,,,2,,,军工,1.2131717399473887,1.2131717399473887,4,0,False,0.02,0,CASH,,ENTRY_GATE_CLOSED_OR_NO_CANDIDATE,0,5,equal_capital,0.1,False,566663.6035061765
2018-04-20,现金,0.0,0.0,3071.543,3146.6462500000002,180,3323.682305555555,,,False,,,,False,False,False,MAINLINE_DECLINE,False,0,21,7,False,,,,,,,,2,,,军工,1.1910927743908057,1.1910927743908057,2,0,False,0.02,0,CASH,,ENTRY_GATE_CLOSED_OR_NO_CANDIDATE,0,5,equal_capital,0.1,False,566663.6035061765
2018-04-23,现金,0.0,0.0,3068.012,3136.87285,180,3322.6841777777777,,,False,,,,False,False,False,BROAD_DECLINE_OR_NO_LEADER,False,0,22,8,False,,,,,,,,2,,,,,,0,0,False,0.02,0,CASH,,ENTRY_GATE_CLOSED_OR_NO_CANDIDATE,0,5,equal_capital,0.1,False,566663.6035061765
2018-04-24,现金,0.0,0.0,3128.927,3135.68115,180,3322.0127666666663,,,False,,,,False,False,False,MAINLINE_DECLINE,False,0,23,9,False,,,,,,,,2,,,国产算力,1.1837695694716242,1.1837695694716242,2,0,False,0.02,0,CASH,,ENTRY_GATE_CLOSED_OR_NO_CANDIDATE,0,5,equal_capital,0.1,False,566663.6035061765
2018-04-25,现金,0.0,0.0,3117.974,3134.89375,180,3321.261288888889,,,False,,,,False,False,False,MAINLINE_DECLINE,False,0,24,10,False,,,,,,,,2,,,国产算力,1.1251396485933578,1.1251396485933578,1,0,False,0.02,0,CASH,,ENTRY_GATE_CLOSED_OR_NO_CANDIDATE,0,5,equal_capital,0.1,False,566663.6035061765
2018-04-26,现金,0.0,0.0,3075.03,3130.3128,180,3320.1612999999998,,,False,,,,False,False,False,BROAD_DECLINE_OR_NO_LEADER,False,0,25,11,False,,,,,,,,2,,,,,,0,0,False,0.02,0,CASH,,ENTRY_GATE_CLOSED_OR_NO_CANDIDATE,0,5,equal_capital,0.1,False,566663.6035061765
2018-04-27,现金,0.0,0.0,3082.232,3128.3099,180,3318.992377777778,,,False,,,,False,False,False,BROAD_DECLINE_OR_NO_LEADER,False,0,26,12,False,,,,,,,,2,,,,,,0,0,False,0.02,0,CASH,,ENTRY_GATE_CLOSED_OR_NO_CANDIDATE,0,5,equal_capital,0.1,False,566663.6035061765
2018-05-02,现金,0.0,0.0,3081.177,3124.3422,180,3317.859711111111,,,False,,,,False,False,False,BROAD_DECLINE_OR_NO_LEADER,False,0,27,13,False,,,,,,,,2,,,,,,0,0,False,0.02,0,CASH,,ENTRY_GATE_CLOSED_OR_NO_CANDIDATE,0,5,equal_capital,0.1,False,566663.6035061765
2018-05-03,现金,0.0,0.0,3100.859,3120.9403,180,3316.9037666666663,,,False,,,,False,False,False,BROAD_DECLINE_OR_NO_LEADER,False,0,28,14,False,,,,,,,,2,,,,,,0,0,False,0.02,0,CASH,,ENTRY_GATE_CLOSED_OR_NO_CANDIDATE,0,5,equal_capital,0.1,False,566663.6035061765
2018-05-04,现金,0.0,0.0,3091.033,3117.3329999999996,180,3315.9535,,,False,,,,False,False,False,BROAD_DECLINE_OR_NO_LEADER,False,0,29,15,False,,,,,,,,2,,,,,,0,0,False,0.02,0,CASH,,ENTRY_GATE_CLOSED_OR_NO_CANDIDATE,0,5,equal_capital,0.1,False,566663.6035061765
2018-05-07,现金,0.0,0.0,3136.645,3117.3336000000004,180,3315.1601000000005,,,False,,,,False,False,True,NO_MAINLINE_ROTATION,False,0,30,0,False,,,,,,,,2,,,商贸零售,1.1119188247766165,1.1119188247766165,1,0,False,0.02,0,CASH,,RESEARCH_POLICY_BLOCK_ENTRY_TOP1,0,5,equal_capital,0.1,False,566663.6035061765
2018-05-08,现金,0.0,0.0,3161.498,3118.85295,180,3314.4913500000007,,,False,,,,False,False,True,NO_MAINLINE_ROTATION,False,0,31,0,False,,,,,,,,2,,,商贸零售,1.1247893796272659,1.1247893796272659,2,0,False,0.02,0,CASH,,RESEARCH_POLICY_BLOCK_ENTRY_TOP1,0,5,equal_capital,0.1,False,566663.6035061765
2018-05-09,现金,0.0,0.0,3159.15,3119.89575,180,3313.844555555555,,,False,,,,False,False,True,NO_MAINLINE_ROTATION,False,0,32,0,False,,,,,,,,2,,,商贸零售,1.1259808417405484,1.1259808417405484,1,0,False,0.02,0,CASH,,RESEARCH_POLICY_BLOCK_ENTRY_TOP1,0,5,equal_capital,0.1,False,566663.6035061765
2018-05-10,现金,0.0,0.0,3174.413,3119.1003,180,3313.359355555556,,,False,,,,False,False,True,NO_MAINLINE_ROTATION,False,0,33,0,False,,,,,,,,2,,,商贸零售,1.1233730476571886,1.1233730476571886,1,0,False,0.02,0,CASH,,RESEARCH_POLICY_BLOCK_ENTRY_TOP1,0,5,equal_capital,0.1,False,566663.6035061765
2018-05-11,现金,0.0,0.0,3163.263,3116.85935,180,3313.1078111111115,,,False,,,,False,False,True,BROAD_DECLINE_OR_NO_LEADER,False,0,34,0,False,,,,,,,,2,,,,,,0,0,False,0.02,0,CASH,,ENTRY_GATE_CLOSED_OR_NO_CANDIDATE,0,5,equal_capital,0.1,False,566663.6035061765
2018-05-14,现金,0.0,0.0,3174.032,3116.55305,180,3312.7559888888895,,,False,,,,False,False,True,BROAD_DECLINE_OR_NO_LEADER,False,0,35,0,False,,,,,,,,2,,,,,,0,0,False,0.02,0,CASH,,ENTRY_GATE_CLOSED_OR_NO_CANDIDATE,0,5,equal_capital,0.1,False,566663.6035061765
2018-05-15,现金,0.0,0.0,3192.118,3118.20635,180,3312.4274111111113,,,False,,,,False,False,True,NO_MAINLINE_ROTATION,False,0,36,0,False,,,,,,,,2,,,商贸零售,1.1028551939193139,1.1028551939193139,1,0,False,0.02,0,CASH,,RESEARCH_POLICY_BLOCK_ENTRY_TOP1,0,5,equal_capital,0.1,False,566663.6035061765
2018-05-16,现金,0.0,0.0,3169.565,3121.15215,180,3312.000266666667,,,False,,,,False,False,True,MAINLINE_RISE,True,1,0,0,False,,,,,,,,2,,,航空机场,1.1251914775100962,1.1251914775100962,2,0,False,0.02,0,CASH,,RESEARCH_POLICY_BLOCK_ENTRY_TOP1,0,5,equal_capital,0.1,False,566663.6035061765
2018-05-17,现金,0.0,0.0,3154.283,3125.5264500000003,180,3311.3661166666666,,,False,,,,False,False,True,MAINLINE_RISE,True,2,0,0,False,,,,,,,,2,,,航空机场,1.1272406559877954,1.1272406559877954,2,0,False,0.02,0,CASH,,RESEARCH_POLICY_BLOCK_ENTRY_TOP1,0,5,equal_capital,0.1,False,566663.6035061765
2018-05-18,现金,0.0,0.0,3193.303,3130.62165,180,3310.947111111111,,,False,,,,False,False,True,MAINLINE_RISE,True,3,0,0,False,,,,,,,,2,,,航空机场,1.1500429922613928,1.1500429922613928,3,0,False,0.02,0,CASH,,RESEARCH_POLICY_BLOCK_ENTRY_TOP1,0,5,equal_capital,0.1,False,566663.6035061765
2018-05-21,现金,0.0,0.0,3213.84,3135.44485,180,3310.541188888889,,,False,,,,False,False,True,MAINLINE_RISE,True,4,0,0,False,,,,,,,,2,,,航空机场,1.1311793367708973,1.1311793367708973,2,0,False,0.02,0,CASH,,RESEARCH_POLICY_BLOCK_ENTRY_TOP1,0,5,equal_capital,0.1,False,566663.6035061765
2018-05-22,现金,0.0,0.0,3214.35,3142.5852,180,3310.1196555555553,,,False,,,,False,False,True,MAINLINE_RISE,True,5,0,0,False,,,,,,,,2,,,商贸零售,1.1551168618626297,1.1551168618626297,5,0,False,0.02,0,CASH,,RESEARCH_POLICY_BLOCK_ENTRY_TOP1,0,5,equal_capital,0.1,False,566663.6035061765
2018-05-23,现金,0.0,0.0,3168.964,3147.6328,180,3309.4599833333336,,,False,,,,False,False,True,MAINLINE_RISE,True,6,0,0,False,,,,,,,,2,,,消费电子,1.1358282786643896,1.1358282786643896,2,0,False,0.02,0,CASH,,RESEARCH_POLICY_BLOCK_ENTRY_TOP1,0,5,equal_capital,0.1,False,566663.6035061765
2018-05-24,现金,0.0,0.0,3154.651,3148.9190000000003,180,3308.8107555555553,,,False,,,,False,False,True,MAINLINE_RISE,True,7,0,0,False,,,,,,,,2,,,商贸零售,1.1464459690377213,1.1464459690377213,1,0,False,0.02,0,CASH,,RESEARCH_POLICY_BLOCK_ENTRY_TOP1,0,5,equal_capital,0.1,False,566663.6035061765
2018-05-25,现金,0.0,0.0,3141.303,3150.08545,180,3307.7539833333335,,,False,,,,False,False,False,MAINLINE_DECLINE,False,0,1,1,False,,,,,,,,2,,,商贸零售,1.1091416747687781,1.1091416747687781,1,0,False,0.02,0,CASH,,ENTRY_GATE_CLOSED_OR_NO_CANDIDATE,0,5,equal_capital,0.1,False,566663.6035061765
2018-05-28,现金,0.0,0.0,3135.082,3153.08805,180,3306.489711111111,,,False,,,,False,False,False,MAINLINE_DECLINE,False,0,2,2,False,,,,,,,,2,,,商贸零售,1.1533542288054195,1.1533542288054195,2,0,False,0.02,0,CASH,,ENTRY_GATE_CLOSED_OR_NO_CANDIDATE,0,5,equal_capital,0.1,False,566663.6035061765
2018-05-29,现金,0.0,0.0,3120.461,3154.9995,180,3305.1299055555555,,,False,,,,False,False,False,MAINLINE_DECLINE,False,0,3,3,False,,,,,,,,2,,,商贸零售,1.146502811490217,1.146502811490217,2,0,False,0.02,0,CASH,,ENTRY_GATE_CLOSED_OR_NO_CANDIDATE,0,5,equal_capital,0.1,False,566663.6035061765
2018-05-30,现金,0.0,0.0,3041.443,3153.0128,180,3303.339994444444,,,False,,,,False,False,False,MAINLINE_DECLINE,False,0,4,4,False,,,,,,,,2,,,纺织服饰,1.1103521453677296,1.1103521453677296,1,0,False,0.02,0,CASH,,ENTRY_GATE_CLOSED_OR_NO_CANDIDATE,0,5,equal_capital,0.1,False,566663.6035061765
2018-05-31,现金,0.0,0.0,3095.474,3152.74355,180,3301.8659055555554,,,False,,,,False,False,False,MAINLINE_DECLINE,False,0,5,5,False,,,,,,,,2,,,纺织服饰,1.1293414987773476,1.1293414987773476,3,0,False,0.02,0,CASH,,ENTRY_GATE_CLOSED_OR_NO_CANDIDATE,0,5,equal_capital,0.1,False,566663.6035061765
2018-06-01,现金,0.0,0.0,3075.137,3151.94875,180,3300.243783333333,,,False,,,,False,False,False,MAINLINE_DECLINE,False,0,6,6,False,,,,,,,,2,,,食品饮料,1.1129244803554776,1.1129244803554776,2,0,False,0.02,0,CASH,,ENTRY_GATE_CLOSED_OR_NO_CANDIDATE,0,5,equal_capital,0.1,False,566663.6035061765
2018-06-04,现金,0.0,0.0,3091.191,3149.6760499999996,180,3298.641605555555,,,False,,,,False,False,False,MAINLINE_DECLINE,False,0,7,7,False,,,,,,,,2,,,食品饮料,1.103950507718726,1.103950507718726,1,0,False,0.02,0,CASH,,ENTRY_GATE_CLOSED_OR_NO_CANDIDATE,0,5,equal_capital,0.1,False,566663.6035061765
2018-06-05,现金,0.0,0.0,3114.206,3147.31145,180,3297.140988888889,,,False,,,,False,False,False,MAINLINE_DECLINE,False,0,8,8,False,,,,,,,,2,,,食品饮料,1.1018799205893517,1.1018799205893517,1,0,False,0.02,0,CASH,,ENTRY_GATE_CLOSED_OR_NO_CANDIDATE,0,5,equal_capital,0.1,False,566663.6035061765
2018-06-06,现金,0.0,0.0,3115.18,3145.11295,180,3295.6398277777776,,,False,,,,False,False,False,BROAD_DECLINE_OR_NO_LEADER,False,0,9,9,False,,,,,,,,2,,,,,,0,0,False,0.02,0,CASH,,ENTRY_GATE_CLOSED_OR_NO_CANDIDATE,0,5,equal_capital,0.1,False,566663.6035061765
2018-06-07,现金,0.0,0.0,3109.499,3141.8672500000002,180,3294.2176166666663,,,False,,,,False,False,False,BROAD_DECLINE_OR_NO_LEADER,False,0,10,10,False,,,,,,,,2,,,,,,0,0,False,0.02,0,CASH,,ENTRY_GATE_CLOSED_OR_NO_CANDIDATE,0,5,equal_capital,0.1,False,566663.6035061765
2018-06-08,现金,0.0,0.0,3067.148,3137.0615,180,3292.5615333333335,,,False,,,,False,False,False,BROAD_DECLINE_OR_NO_LEADER,False,0,11,11,False,,,,,,,,2,,,,,,0,0,False,0.02,0,CASH,,ENTRY_GATE_CLOSED_OR_NO_CANDIDATE,0,5,equal_capital,0.1,False,566663.6035061765
2018-06-11,现金,0.0,0.0,3052.783,3130.99905,180,3290.7635555555553,,,False,,,,False,False,False,BROAD_DECLINE_OR_NO_LEADER,False,0,12,12,False,,,,,,,,2,,,,,,0,0,False,0.02,0,CASH,,ENTRY_GATE_CLOSED_OR_NO_CANDIDATE,0,5,equal_capital,0.1,False,566663.6035061765
2018-06-12,现金,0.0,0.0,3079.802,3125.38325,180,3289.098633333333,,,False,,,,False,False,False,BROAD_DECLINE_OR_NO_LEADER,False,0,13,13,False,,,,,,,,2,,,,,,0,0,False,0.02,0,CASH,,ENTRY_GATE_CLOSED_OR_NO_CANDIDATE,0,5,equal_capital,0.1,False,566663.6035061765
2018-06-13,现金,0.0,0.0,3049.797,3119.3948499999997,180,3287.2411333333334,,,False,,,,False,False,False,MAINLINE_DECLINE,False,0,14,14,False,,,,,,,,2,,,航空机场,1.1042904290429043,1.1042904290429043,1,0,False,0.02,0,CASH,,ENTRY_GATE_CLOSED_OR_NO_CANDIDATE,0,5,equal_capital,0.1,False,566663.6035061765
2018-06-14,现金,0.0,0.0,3044.16,3113.8887,180,3285.422988888889,,,False,,,,False,False,False,MAINLINE_DECLINE,False,0,15,15,False,,,,,,,,2,,,航空机场,1.1250581518291392,1.1250581518291392,1,0,False,0.02,0,CASH,,ENTRY_GATE_CLOSED_OR_NO_CANDIDATE,0,5,equal_capital,0.1,False,566663.6035061765
2018-06-15,现金,0.0,0.0,3021.901,3105.3185999999996,180,3283.5801111111114,,,False,,,,False,False,False,MAINLINE_DECLINE,False,0,16,16,False,,,,,,,,2,,,航空机场,1.1018899273104883,1.1018899273104883,1,0,False,0.02,0,CASH,,ENTRY_GATE_CLOSED_OR_NO_CANDIDATE,0,5,equal_capital,0.1,False,566663.6035061765
2018-06-19,现金,0.0,0.0,2907.822,3090.0177,180,3281.052127777778,,,False,,,,False,False,False,BROAD_DECLINE_OR_NO_LEADER,False,0,17,17,False,,,,,,,,2,,,,,,0,0,False,0.02,0,CASH,,ENTRY_GATE_CLOSED_OR_NO_CANDIDATE,0,5,equal_capital,0.1,False,566663.6035061765
2018-06-20,现金,0.0,0.0,2915.731,3075.08675,180,3278.601494444444,,,False,,,,False,False,False,BROAD_DECLINE_OR_NO_LEADER,False,0,18,18,False,,,,,,,,2,,,,,,0,0,False,0.02,0,CASH,,ENTRY_GATE_CLOSED_OR_NO_CANDIDATE,0,5,equal_capital,0.1,False,566663.6035061765
2018-06-21,现金,0.0,0.0,2875.81,3060.4290499999997,180,3275.878238888889,,,False,,,,False,False,False,BROAD_DECLINE_OR_NO_LEADER,False,0,19,19,False,,,,,,,,2,,,,,,0,0,False,0.02,0,CASH,,ENTRY_GATE_CLOSED_OR_NO_CANDIDATE,0,5,equal_capital,0.1,False,566663.6035061765
2018-06-22,现金,0.0,0.0,2889.76,3047.1845,180,3273.2779500000006,,,False,,,,False,False,False,BROAD_DECLINE_OR_NO_LEADER,False,0,20,20,False,,,,,,,,2,,,,,,0,0,False,0.02,0,CASH,,ENTRY_GATE_CLOSED_OR_NO_CANDIDATE,0,5,equal_capital,0.1,False,566663.6035061765
2018-06-25,现金,0.0,0.0,2859.336,3033.08615,180,3270.537988888889,,,False,,,,False,False,False,BROAD_DECLINE_OR_NO_LEADER,False,0,21,21,False,,,,,,,,2,,,,,,0,0,False,0.02,0,CASH,,ENTRY_GATE_CLOSED_OR_NO_CANDIDATE,0,5,equal_capital,0.1,False,566663.6035061765
2018-06-26,现金,0.0,0.0,2844.508,3018.5574500000002,180,3267.7766499999993,,,False,,,,False,False,False,BROAD_DECLINE_OR_NO_LEADER,False,0,22,22,False,,,,,,,,2,,,,,,0,0,False,0.02,0,CASH,,ENTRY_GATE_CLOSED_OR_NO_CANDIDATE,0,5,equal_capital,0.1,False,566663.6035061765
2018-06-27,现金,0.0,0.0,2813.178,3003.1933,180,3264.8299555555554,,,False,,,,False,False,False,BROAD_DECLINE_OR_NO_LEADER,False,0,23,23,False,,,,,,,,2,,,,,,0,0,False,0.02,0,CASH,,ENTRY_GATE_CLOSED_OR_NO_CANDIDATE,0,5,equal_capital,0.1,False,566663.6035061765
2018-06-28,现金,0.0,0.0,2786.897,2990.466,180,3261.7278722222222,,,False,,,,False,False,False,BROAD_DECLINE_OR_NO_LEADER,False,0,24,24,False,,,,,,,,2,,,,,,0,0,False,0.02,0,CASH,,ENTRY_GATE_CLOSED_OR_NO_CANDIDATE,0,5,equal_capital,0.1,False,566663.6035061765
2018-06-29,现金,0.0,0.0,2847.418,2978.0631999999996,180,3258.993294444444,,,False,,,,False,False,False,BROAD_DECLINE_OR_NO_LEADER,False,0,25,25,False,,,,,,,,2,,,,,,0,0,False,0.02,0,CASH,,ENTRY_GATE_CLOSED_OR_NO_CANDIDATE,0,5,equal_capital,0.1,False,566663.6035061765
2018-07-02,现金,0.0,0.0,2775.557,2963.0842000000002,180,3255.807816666667,,,False,,,,False,False,False,BROAD_DECLINE_OR_NO_LEADER,False,0,26,26,False,,,,,,,,2,,,,,,0,0,False,0.02,0,CASH,,ENTRY_GATE_CLOSED_OR_NO_CANDIDATE,0,5,equal_capital,0.1,False,566663.6035061765
2018-07-03,现金,0.0,0.0,2786.888,2947.8690500000002,180,3252.5439833333335,,,False,,,,False,False,False,MAINLINE_DECLINE,False,0,27,27,False,,,,,,,,2,,,被动元件,1.1414009976144006,1.1414009976144006,1,0,False,0.02,0,CASH,,ENTRY_GATE_CLOSED_OR_NO_CANDIDATE,0,5,equal_capital,0.1,False,566663.6035061765
2018-07-04,现金,0.0,0.0,2759.126,2930.11505,180,3249.078083333333,,,False,,,,False,False,False,BROAD_DECLINE_OR_NO_LEADER,False,0,28,28,False,,,,,,,,2,,,,,,0,0,False,0.02,0,CASH,,ENTRY_GATE_CLOSED_OR_NO_CANDIDATE,0,5,equal_capital,0.1,False,566663.6035061765
2018-07-05,现金,0.0,0.0,2733.882,2911.05015,180,3245.4425166666665,,,False,,,,False,False,False,BROAD_DECLINE_OR_NO_LEADER,False,0,29,29,False,,,,,,,,2,,,,,,0,0,False,0.02,0,CASH,,ENTRY_GATE_CLOSED_OR_NO_CANDIDATE,0,5,equal_capital,0.1,False,566663.6035061765
2018-07-06,现金,0.0,0.0,2747.229,2892.93665,180,3241.8932333333332,,,False,,,,False,False,False,BROAD_DECLINE_OR_NO_LEADER,False,0,30,30,False,,,,,,,,2,,,,,,0,0,False,0.02,0,CASH,,ENTRY_GATE_CLOSED_OR_NO_CANDIDATE,0,5,equal_capital,0.1,False,566663.6035061765
2018-07-09,现金,0.0,0.0,2815.11,2880.33475,180,3238.696494444444,,,False,,,,False,False,False,MAINLINE_DECLINE,False,0,31,31,False,,,,,,,,2,,,被动元件,1.1064988861041494,1.1064988861041494,1,0,False,0.02,0,CASH,,ENTRY_GATE_CLOSED_OR_NO_CANDIDATE,0,5,equal_capital,0.1,False,566663.6035061765
2018-07-10,现金,0.0,0.0,2827.625,2869.07685,180,3235.6362444444444,,,False,,,,False,False,False,MAINLINE_DECLINE,False,0,32,32,False,,,,,,,,2,,,被动元件,1.1603295974302572,1.1603295974302572,1,0,False,0.02,0,CASH,,ENTRY_GATE_CLOSED_OR_NO_CANDIDATE,0,5,equal_capital,0.1,False,566663.6035061765
2018-07-11,现金,0.0,0.0,2777.771,2853.9753,180,3232.334744444445,,,False,,,,False,False,False,MAINLINE_DECLINE,False,0,33,33,False,,,,,,,,2,,,被动元件,1.1424312516062707,1.1424312516062707,1,0,False,0.02,0,CASH,,ENTRY_GATE_CLOSED_OR_NO_CANDIDATE,0,5,equal_capital,0.1,False,566663.6035061765
2018-07-12,现金,0.0,0.0,2837.659,2843.3684000000003,180,3229.3117722222228,,,False,,,,False,False,False,MAINLINE_DECLINE,False,0,34,34,False,,,,,,,,2,,,被动元件,1.208513607815771,1.208513607815771,1,0,False,0.02,0,CASH,,ENTRY_GATE_CLOSED_OR_NO_CANDIDATE,0,5,equal_capital,0.1,False,566663.6035061765
2018-07-13,现金,0.0,0.0,2831.184,2832.7196,180,3226.3173944444447,,,False,,,,False,False,False,MAINLINE_DECLINE,False,0,35,35,False,,,,,,,,2,,,被动元件,1.273526855553624,1.273526855553624,1,0,False,0.02,0,CASH,,ENTRY_GATE_CLOSED_OR_NO_CANDIDATE,0,5,equal_capital,0.1,False,566663.6035061765
2018-07-16,现金,0.0,0.0,2814.042,2822.32665,180,3223.1806944444447,,,False,,,,False,False,False,MAINLINE_DECLINE,False,0,36,36,False,,,,,,,,2,,,被动元件,1.3453256488225727,1.3453256488225727,1,0,False,0.02,0,CASH,,ENTRY_GATE_CLOSED_OR_NO_CANDIDATE,0,5,equal_capital,0.1,False,566663.6035061765
2018-07-17,现金,0.0,0.0,2798.126,2816.84185,180,3219.9441777777774,,,False,,,,False,False,False,MAINLINE_DECLINE,False,0,37,37,False,,,,,,,,2,,,被动元件,1.457328017835887,1.457328017835887,4,0,False,0.02,0,CASH,,ENTRY_GATE_CLOSED_OR_NO_CANDIDATE,0,5,equal_capital,0.1,False,566663.6035061765
2018-07-18,现金,0.0,0.0,2787.257,2810.41815,180,3216.605338888889,,,False,,,,False,False,False,MAINLINE_DECLINE,False,0,38,38,False,,,,,,,,2,,,被动元件,1.3680887558848218,1.3680887558848218,4,0,False,0.02,0,CASH,,ENTRY_GATE_CLOSED_OR_NO_CANDIDATE,0,5,equal_capital,0.1,False,566663.6035061765
2018-07-19,现金,0.0,0.0,2772.545,2805.2549000000004,180,3213.1367111111113,,,False,,,,False,False,False,MAINLINE_DECLINE,False,0,39,39,False,,,,,,,,2,,,被动元件,1.371135364672577,1.371135364672577,5,0,False,0.02,0,CASH,,ENTRY_GATE_CLOSED_OR_NO_CANDIDATE,0,5,equal_capital,0.1,False,566663.6035061765
2018-07-20,现金,0.0,0.0,2829.271,2802.23045,180,3209.923955555555,,,False,,,,False,False,True,NO_MAINLINE_ROTATION,False,0,40,0,False,,,,,,,,2,,,被动元件,1.3274666096043086,1.3274666096043086,4,0,False,0.02,0,CASH,,RESEARCH_POLICY_BLOCK_ENTRY_TOP1,0,5,equal_capital,0.1,False,566663.6035061765
2018-07-23,现金,0.0,0.0,2859.542,2802.24075,180,3206.828011111111,,,False,,,,False,False,True,NO_MAINLINE_ROTATION,False,0,41,0,False,,,,,,,,2,,,被动元件,1.3467332220130033,1.3467332220130033,6,0,False,0.02,0,CASH,,RESEARCH_POLICY_BLOCK_ENTRY_TOP1,0,5,equal_capital,0.1,False,566663.6035061765
2018-07-24,现金,0.0,0.0,2905.562,2805.29345,180,3204.1348166666667,,,False,,,,False,False,True,NO_MAINLINE_ROTATION,False,0,42,0,False,,,,,,,,2,,,被动元件,1.2471038404830441,1.2471038404830441,9,0,False,0.02,0,CASH,,RESEARCH_POLICY_BLOCK_ENTRY_TOP1,0,5,equal_capital,0.1,False,566663.6035061765
2018-07-25,现金,0.0,0.0,2903.647,2809.8169000000003,180,3201.414288888889,,,False,,,,False,False,True,NO_MAINLINE_ROTATION,False,0,43,0,False,,,,,,,,2,,,5G,1.240436552565301,1.240436552565301,11,0,False,0.02,0,CASH,,RESEARCH_POLICY_BLOCK_ENTRY_TOP1,0,5,equal_capital,0.1,False,566663.6035061765
2018-07-26,现金,0.0,0.0,2882.225,2814.5833,180,3198.5604666666663,,,False,,,,False,False,True,MAINLINE_RISE,True,1,0,0,False,,,,,,,,2,,,基础化工,1.2045784985713244,1.2045784985713244,10,0,False,0.02,0,CASH,,RESEARCH_POLICY_BLOCK_ENTRY_TOP1,0,5,equal_capital,0.1,False,566663.6035061765
2018-07-27,现金,0.0,0.0,2873.594,2815.8921,180,3195.7287111111114,,,False,,,,False,False,True,MAINLINE_RISE,True,2,0,0,False,,,,,,,,2,,,5G,1.1168970953853616,1.1168970953853616,3,0,False,0.02,0,CASH,,RESEARCH_POLICY_BLOCK_ENTRY_TOP1,0,5,equal_capital,0.1,False,566663.6035061765
2018-07-30,现金,0.0,0.0,2869.05,2820.56675,180,3192.9359666666664,,,False,,,,False,False,True,MAINLINE_RISE,True,3,0,0,False,,,,,,,,2,,,建材,1.1920005815996415,1.1920005815996415,5,0,False,0.02,0,CASH,,RESEARCH_POLICY_BLOCK_ENTRY_TOP1,0,5,equal_capital,0.1,False,566663.6035061765
2018-07-31,现金,0.0,0.0,2876.401,2825.0424000000003,180,3190.0927833333335,,,False,,,,False,False,True,MAINLINE_RISE,True,4,0,0,False,,,,,,,,2,,,建材,1.1648931093720176,1.1648931093720176,4,0,False,0.02,0,CASH,,RESEARCH_POLICY_BLOCK_ENTRY_TOP1,0,5,equal_capital,0.1,False,566663.6035061765
2018-08-01,现金,0.0,0.0,2824.534,2828.3128,180,3186.8203333333336,,,False,,,,False,False,False,MAINLINE_DECLINE,False,0,1,1,False,,,,,,,,2,,,建材,1.1818699690402479,1.1818699690402479,2,0,False,0.02,0,CASH,,ENTRY_GATE_CLOSED_OR_NO_CANDIDATE,0,5,equal_capital,0.1,False,566663.6035061765
2018-08-02,现金,0.0,0.0,2768.024,2830.0199000000002,180,3183.223466666667,,,False,,,,False,False,False,MAINLINE_DECLINE,False,0,2,2,False,,,,,,,,2,,,钢铁,1.137521222410866,1.137521222410866,1,0,False,0.02,0,CASH,,ENTRY_GATE_CLOSED_OR_NO_CANDIDATE,0,5,equal_capital,0.1,False,566663.6035061765
2018-08-03,现金,0.0,0.0,2740.443,2829.6806,180,3179.4048444444443,,,False,,,,False,False,False,MAINLINE_DECLINE,False,0,3,3,False,,,,,,,,2,,,钢铁,1.1139538798182123,1.1139538798182123,1,0,False,0.02,0,CASH,,ENTRY_GATE_CLOSED_OR_NO_CANDIDATE,0,5,equal_capital,0.1,False,566663.6035061765
2018-08-06,现金,0.0,0.0,2705.157,2824.18295,180,3175.3630888888883,,,False,,,,False,False,False,BROAD_DECLINE_OR_NO_LEADER,False,0,4,4,False,,,,,,,,2,,,,,,0,0,False,0.02,0,CASH,,ENTRY_GATE_CLOSED_OR_NO_CANDIDATE,0,5,equal_capital,0.1,False,566663.6035061765
2018-08-07,现金,0.0,0.0,2779.374,2821.7704000000003,180,3171.6494111111115,,,False,,,,False,False,False,BROAD_DECLINE_OR_NO_LEADER,False,0,5,5,False,,,,,,,,2,,,,,,0,0,False,0.02,0,CASH,,ENTRY_GATE_CLOSED_OR_NO_CANDIDATE,0,5,equal_capital,0.1,False,566663.6035061765
2018-08-08,现金,0.0,0.0,2744.07,2820.0853500000003,180,3167.8412,,,False,,,,False,False,False,MAINLINE_DECLINE,False,0,6,6,False,,,,,,,,2,,,工程机械,1.1078180889115992,1.1078180889115992,1,0,False,0.02,0,CASH,,ENTRY_GATE_CLOSED_OR_NO_CANDIDATE,0,5,equal_capital,0.1,False,566663.6035061765
2018-08-09,现金,0.0,0.0,2794.382,2817.9215,180,3164.4626277777775,,,False,,,,False,False,False,BROAD_DECLINE_OR_NO_LEADER,False,0,7,7,False,,,,,,,,2,,,,,,0,0,False,0.02,0,CASH,,ENTRY_GATE_CLOSED_OR_NO_CANDIDATE,0,5,equal_capital,0.1,False,566663.6035061765
2018-08-10,现金,0.0,0.0,2795.31,2816.1277999999998,180,3161.1074055555555,,,False,,,,False,False,False,BROAD_DECLINE_OR_NO_LEADER,False,0,8,8,False,,,,,,,,2,,,,,,0,0,False,0.02,0,CASH,,ENTRY_GATE_CLOSED_OR_NO_CANDIDATE,0,5,equal_capital,0.1,False,566663.6035061765
2018-08-13,现金,0.0,0.0,2785.872,2814.7192999999997,180,3157.790538888889,,,False,,,,False,False,False,MAINLINE_DECLINE,False,0,9,9,False,,,,,,,,2,,,钢铁,1.1262479871175524,1.1262479871175524,2,0,False,0.02,0,CASH,,ENTRY_GATE_CLOSED_OR_NO_CANDIDATE,0,5,equal_capital,0.1,False,566663.6035061765
2018-08-14,现金,0.0,0.0,2780.965,2813.86125,180,3154.3936833333332,,,False,,,,False,False,False,MAINLINE_DECLINE,False,0,10,10,False,,,,,,,,2,,,钢铁,1.1236268240695195,1.1236268240695195,1,0,False,0.02,0,CASH,,ENTRY_GATE_CLOSED_OR_NO_CANDIDATE,0,5,equal_capital,0.1,False,566663.6035061765
2018-08-15,现金,0.0,0.0,2723.258,2810.6612999999998,180,3150.5756833333335,,,False,,,,False,False,False,BROAD_DECLINE_OR_NO_LEADER,False,0,11,11,False,,,,,,,,2,,,,,,0,0,False,0.02,0,CASH,,ENTRY_GATE_CLOSED_OR_NO_CANDIDATE,0,5,equal_capital,0.1,False,566663.6035061765
2018-08-16,现金,0.0,0.0,2705.192,2807.29365,180,3146.5463944444446,,,False,,,,False,False,False,BROAD_DECLINE_OR_NO_LEADER,False,0,12,12,False,,,,,,,,2,,,,,,0,0,False,0.02,0,CASH,,ENTRY_GATE_CLOSED_OR_NO_CANDIDATE,0,5,equal_capital,0.1,False,566663.6035061765
2018-08-17,现金,0.0,0.0,2668.966,2799.2784,180,3142.752216666667,,,False,,,,False,False,False,BROAD_DECLINE_OR_NO_LEADER,False,0,13,13,False,,,,,,,,2,,,,,,0,0,False,0.02,0,CASH,,ENTRY_GATE_CLOSED_OR_NO_CANDIDATE,0,5,equal_capital,0.1,False,566663.6035061765
2018-08-20,现金,0.0,0.0,2698.466,2791.2246,180,3139.1113555555557,,,False,,,,False,False,False,BROAD_DECLINE_OR_NO_LEADER,False,0,14,14,False,,,,,,,,2,,,,,,0,0,False,0.02,0,CASH,,ENTRY_GATE_CLOSED_OR_NO_CANDIDATE,0,5,equal_capital,0.1,False,566663.6035061765
2018-08-21,现金,0.0,0.0,2733.826,2782.6378,180,3135.842444444444,,,False,,,,False,False,False,BROAD_DECLINE_OR_NO_LEADER,False,0,15,15,False,,,,,,,,2,,,,,,0,0,False,0.02,0,CASH,,ENTRY_GATE_CLOSED_OR_NO_CANDIDATE,0,5,equal_capital,0.1,False,566663.6035061765
2018-08-22,现金,0.0,0.0,2714.608,2773.1858500000003,180,3132.4032833333335,,,False,,,,False,False,False,BROAD_DECLINE_OR_NO_LEADER,False,0,16,16,False,,,,,,,,2,,,,,,0,0,False,0.02,0,CASH,,ENTRY_GATE_CLOSED_OR_NO_CANDIDATE,0,5,equal_capital,0.1,False,566663.6035061765
2018-08-23,现金,0.0,0.0,2724.624,2765.3058,180,3128.9964055555556,,,False,,,,False,False,False,BROAD_DECLINE_OR_NO_LEADER,False,0,17,17,False,,,,,,,,2,,,,,,0,0,False,0.02,0,CASH,,ENTRY_GATE_CLOSED_OR_NO_CANDIDATE,0,5,equal_capital,0.1,False,566663.6035061765
2018-08-24,现金,0.0,0.0,2729.431,2758.0976499999997,180,3125.731088888889,,,False,,,,False,False,False,BROAD_DECLINE_OR_NO_LEADER,False,0,18,18,False,,,,,,,,2,,,,,,0,0,False,0.02,0,CASH,,ENTRY_GATE_CLOSED_OR_NO_CANDIDATE,0,5,equal_capital,0.1,False,566663.6035061765
2018-08-27,现金,0.0,0.0,2780.899,2753.6901000000003,180,3122.7493222222224,,,False,,,,False,False,True,NO_MAINLINE_ROTATION,False,0,19,0,False,,,,,,,,2,,,CPO,1.1041477194432965,1.1041477194432965,1,0,False,0.02,0,CASH,,RESEARCH_POLICY_BLOCK_ENTRY_TOP1,0,5,equal_capital,0.1,False,566663.6035061765
2018-08-28,现金,0.0,0.0,2777.981,2748.7691,180,3119.7957833333335,,,False,,,,False,False,True,NO_MAINLINE_ROTATION,False,0,20,0,False,,,,,,,,2,,,CPO,1.1468098228302308,1.1468098228302308,1,0,False,0.02,0,CASH,,RESEARCH_POLICY_BLOCK_ENTRY_TOP1,0,5,equal_capital,0.1,False,566663.6035061765
2018-08-29,现金,0.0,0.0,2769.295,2746.00715,180,3116.827005555556,,,False,,,,False,False,True,NO_MAINLINE_ROTATION,False,0,21,0,False,,,,,,,,2,,,CPO,1.153266474021191,1.153266474021191,1,0,False,0.02,0,CASH,,RESEARCH_POLICY_BLOCK_ENTRY_TOP1,0,5,equal_capital,0.1,False,566663.6035061765
2018-08-30,现金,0.0,0.0,2737.737,2744.4928,180,3113.7368500000002,,,False,,,,False,False,False,MAINLINE_DECLINE,False,0,22,1,False,,,,,,,,2,,,CPO,1.1953603426951038,1.1953603426951038,2,0,False,0.02,0,CASH,,ENTRY_GATE_CLOSED_OR_NO_CANDIDATE,0,5,equal_capital,0.1,False,566663.6035061765
2018-08-31,现金,0.0,0.0,2725.25,2743.73315,180,3110.69905,,,False,,,,False,False,False,MAINLINE_DECLINE,False,0,23,2,False,,,,,,,,2,,,CPO,1.1792198119355741,1.1792198119355741,3,0,False,0.02,0,CASH,,ENTRY_GATE_CLOSED_OR_NO_CANDIDATE,0,5,equal_capital,0.1,False,566663.6035061765
2018-09-03,现金,0.0,0.0,2720.734,2744.5119999999997,180,3107.5365055555553,,,False,,,,False,False,False,MAINLINE_DECLINE,False,0,24,3,False,,,,,,,,2,,,CPO,1.1952330879775672,1.1952330879775672,4,0,False,0.02,0,CASH,,ENTRY_GATE_CLOSED_OR_NO_CANDIDATE,0,5,equal_capital,0.1,False,566663.6035061765
2018-09-04,现金,0.0,0.0,2750.58,2743.0723,180,3104.3608611111117,,,False,,,,False,False,True,NO_MAINLINE_ROTATION,False,0,25,0,False,,,,,,,,2,,,CPO,1.188563122409847,1.188563122409847,4,0,False,0.02,0,CASH,,RESEARCH_POLICY_BLOCK_ENTRY_TOP1,0,5,equal_capital,0.1,False,566663.6035061765
2018-09-05,现金,0.0,0.0,2704.337,2741.08565,180,3101.158211111111,,,False,,,,False,False,False,MAINLINE_DECLINE,False,0,26,1,False,,,,,,,,2,,,军工,1.1467746961670298,1.1467746961670298,2,0,False,0.02,0,CASH,,ENTRY_GATE_CLOSED_OR_NO_CANDIDATE,0,5,equal_capital,0.1,False,566663.6035061765
2018-09-06,现金,0.0,0.0,2691.593,2735.9462,180,3097.7613,,,False,,,,False,False,False,MAINLINE_DECLINE,False,0,27,2,False,,,,,,,,2,,,军工,1.1035638743664444,1.1035638743664444,1,0,False,0.02,0,CASH,,ENTRY_GATE_CLOSED_OR_NO_CANDIDATE,0,5,equal_capital,0.1,False,566663.6035061765
2018-09-07,现金,0.0,0.0,2702.301,2731.29575,180,3094.4827555555553,,,False,,,,False,False,False,BROAD_DECLINE_OR_NO_LEADER,False,0,28,3,False,,,,,,,,2,,,,,,0,0,False,0.02,0,CASH,,ENTRY_GATE_CLOSED_OR_NO_CANDIDATE,0,5,equal_capital,0.1,False,566663.6035061765
2018-09-10,现金,0.0,0.0,2669.485,2725.4764,180,3091.1680222222226,,,False,,,,False,False,False,BROAD_DECLINE_OR_NO_LEADER,False,0,29,4,False,,,,,,,,2,,,,,,0,0,False,0.02,0,CASH,,ENTRY_GATE_CLOSED_OR_NO_CANDIDATE,0,5,equal_capital,0.1,False,566663.6035061765
2018-09-11,现金,0.0,0.0,2664.8,2719.6681500000004,180,3087.817344444444,,,False,,,,False,False,False,BROAD_DECLINE_OR_NO_LEADER,False,0,30,5,False,,,,,,,,2,,,,,,0,0,False,0.02,0,CASH,,ENTRY_GATE_CLOSED_OR_NO_CANDIDATE,0,5,equal_capital,0.1,False,566663.6035061765
2018-09-12,现金,0.0,0.0,2656.11,2716.31075,180,3084.259411111111,,,False,,,,False,False,False,BROAD_DECLINE_OR_NO_LEADER,False,0,31,6,False,,,,,,,,2,,,,,,0,0,False,0.02,0,CASH,,ENTRY_GATE_CLOSED_OR_NO_CANDIDATE,0,5,equal_capital,0.1,False,566663.6035061765
2018-09-13,现金,0.0,0.0,2686.578,2715.3800499999998,180,3080.9203666666663,,,False,,,,False,False,False,MAINLINE_DECLINE,False,0,32,7,False,,,,,,,,2,,,军工,1.1307601259855158,1.1307601259855158,1,0,False,0.02,0,CASH,,ENTRY_GATE_CLOSED_OR_NO_CANDIDATE,0,5,equal_capital,0.1,False,566663.6035061765
2018-09-14,现金,0.0,0.0,2681.643,2716.0139,180,3077.4847222222224,,,False,,,,False,False,False,BROAD_DECLINE_OR_NO_LEADER,False,0,33,8,False,,,,,,,,2,,,,,,0,0,False,0.02,0,CASH,,ENTRY_GATE_CLOSED_OR_NO_CANDIDATE,0,5,equal_capital,0.1,False,566663.6035061765
2018-09-17,现金,0.0,0.0,2651.789,2713.68005,180,3073.8998666666666,,,False,,,,False,False,False,BROAD_DECLINE_OR_NO_LEADER,False,0,34,9,False,,,,,,,,2,,,,,,0,0,False,0.02,0,CASH,,ENTRY_GATE_CLOSED_OR_NO_CANDIDATE,0,5,equal_capital,0.1,False,566663.6035061765
2018-09-18,现金,0.0,0.0,2699.95,2711.98625,180,3070.674805555556,,,False,,,,False,False,False,BROAD_DECLINE_OR_NO_LEADER,False,0,35,10,False,,,,,,,,2,,,,,,0,0,False,0.02,0,CASH,,ENTRY_GATE_CLOSED_OR_NO_CANDIDATE,0,5,equal_capital,0.1,False,566663.6035061765
2018-09-19,现金,0.0,0.0,2730.85,2712.79835,180,3067.4788333333336,,,False,,,,False,False,True,BROAD_DECLINE_OR_NO_LEADER,False,0,36,0,False,,,,,,,,2,,,,,,0,0,False,0.02,0,CASH,,ENTRY_GATE_CLOSED_OR_NO_CANDIDATE,0,5,equal_capital,0.1,False,566663.6035061765
2018-09-20,现金,0.0,0.0,2729.244,2713.02935,180,3064.4425055555553,,,False,,,,False,False,True,BROAD_DECLINE_OR_NO_LEADER,False,0,37,0,False,,,,,,,,2,,,,,,0,0,False,0.02,0,CASH,,ENTRY_GATE_CLOSED_OR_NO_CANDIDATE,0,5,equal_capital,0.1,False,566663.6035061765
2018-09-21,现金,0.0,0.0,2797.485,2716.4320500000003,180,3061.6708388888883,,,False,,,,False,False,True,BROAD_DECLINE_OR_NO_LEADER,False,0,38,0,False,,,,,,,,2,,,,,,0,0,False,0.02,0,CASH,,ENTRY_GATE_CLOSED_OR_NO_CANDIDATE,0,5,equal_capital,0.1,False,566663.6035061765
2018-09-25,现金,0.0,0.0,2781.139,2716.44405,180,3058.748433333333,,,False,,,,False,False,True,BROAD_DECLINE_OR_NO_LEADER,False,0,39,0,False,,,,,,,,2,,,,,,0,0,False,0.02,0,CASH,,ENTRY_GATE_CLOSED_OR_NO_CANDIDATE,0,5,equal_capital,0.1,False,566663.6035061765
2018-09-26,现金,0.0,0.0,2806.813,2717.88565,180,3055.7400277777774,,,False,,,,False,False,True,BROAD_DECLINE_OR_NO_LEADER,False,0,40,0,False,,,,,,,,2,,,,,,0,0,False,0.02,0,CASH,,ENTRY_GATE_CLOSED_OR_NO_CANDIDATE,0,5,equal_capital,0.1,False,566663.6035061765
2018-09-27,现金,0.0,0.0,2791.775,2719.00965,180,3052.532622222222,,,False,,,,False,False,True,BROAD_DECLINE_OR_NO_LEADER,False,0,41,0,False,,,,,,,,2,,,,,,0,0,False,0.02,0,CASH,,ENTRY_GATE_CLOSED_OR_NO_CANDIDATE,0,5,equal_capital,0.1,False,566663.6035061765
2018-09-28,现金,0.0,0.0,2821.35,2723.1902999999998,180,3049.397288888889,,,False,,,,False,False,True,BROAD_DECLINE_OR_NO_LEADER,False,0,42,0,False,,,,,,,,2,,,,,,0,0,False,0.02,0,CASH,,ENTRY_GATE_CLOSED_OR_NO_CANDIDATE,0,5,equal_capital,0.1,False,566663.6035061765
2018-10-08,现金,0.0,0.0,2716.51,2722.7533,180,3045.6459555555557,,,False,,,,False,False,False,BROAD_DECLINE_OR_NO_LEADER,False,0,43,1,False,,,,,,,,2,,,,,,0,0,False,0.02,0,CASH,,ENTRY_GATE_CLOSED_OR_NO_CANDIDATE,0,5,equal_capital,0.1,False,566663.6035061765
2018-10-09,现金,0.0,0.0,2721.013,2722.76725,180,3041.821138888889,,,False,,,,False,False,False,BROAD_DECLINE_OR_NO_LEADER,False,0,44,2,False,,,,,,,,2,,,,,,0,0,False,0.02,0,CASH,,ENTRY_GATE_CLOSED_OR_NO_CANDIDATE,0,5,equal_capital,0.1,False,566663.6035061765
2018-10-10,现金,0.0,0.0,2725.837,2721.5301,180,3037.9985666666666,,,False,,,,False,False,True,MAINLINE_RISE,True,1,0,0,False,,,,,,,,2,,,黄金概念,1.11175996339311,1.11175996339311,1,0,False,0.02,0,CASH,,RESEARCH_POLICY_BLOCK_ENTRY_TOP1,0,5,equal_capital,0.1,False,566663.6035061765
2018-10-11,现金,0.0,0.0,2583.458,2715.48615,180,3033.3409222222217,,,False,,,,False,False,False,MAINLINE_DECLINE,False,0,1,1,False,,,,,,,,2,,,黄金概念,1.1125881834215168,1.1125881834215168,1,0,False,0.02,0,CASH,,ENTRY_GATE_CLOSED_OR_NO_CANDIDATE,0,5,equal_capital,0.1,False,566663.6035061765
2018-10-12,现金,0.0,0.0,2606.913,2711.2521500000003,180,3028.7940777777776,,,False,,,,False,False,False,MAINLINE_DECLINE,False,0,2,2,False,,,,,,,,2,,,黄金概念,1.1006743219079216,1.1006743219079216,1,0,False,0.02,0,CASH,,ENTRY_GATE_CLOSED_OR_NO_CANDIDATE,0,5,equal_capital,0.1,False,566663.6035061765
2018-10-15,现金,0.0,0.0,2568.098,2704.5420000000004,180,3024.0116166666667,,,False,,,,False,False,False,BROAD_DECLINE_OR_NO_LEADER,False,0,3,3,False,,,,,,,,2,,,,,,0,0,False,0.02,0,CASH,,ENTRY_GATE_CLOSED_OR_NO_CANDIDATE,0,5,equal_capital,0.1,False,566663.6035061765
2018-10-16,现金,0.0,0.0,2546.33,2698.38425,180,3019.2107388888885,,,False,,,,False,False,False,BROAD_DECLINE_OR_NO_LEADER,False,0,4,4,False,,,,,,,,2,,,,,,0,0,False,0.02,0,CASH,,ENTRY_GATE_CLOSED_OR_NO_CANDIDATE,0,5,equal_capital,0.1,False,566663.6035061765
2018-10-17,现金,0.0,0.0,2561.614,2693.22495,180,3014.3497388888895,,,False,,,,False,False,False,BROAD_DECLINE_OR_NO_LEADER,False,0,5,5,False,,,,,,,,2,,,,,,0,0,False,0.02,0,CASH,,ENTRY_GATE_CLOSED_OR_NO_CANDIDATE,0,5,equal_capital,0.1,False,566663.6035061765
2018-10-18,现金,0.0,0.0,2486.419,2684.7403999999997,180,3009.026116666667,,,False,,,,False,False,False,BROAD_DECLINE_OR_NO_LEADER,False,0,6,6,False,,,,,,,,2,,,,,,0,0,False,0.02,0,CASH,,ENTRY_GATE_CLOSED_OR_NO_CANDIDATE,0,5,equal_capital,0.1,False,566663.6035061765
2018-10-19,现金,0.0,0.0,2550.465,2677.93475,180,3003.891177777778,,,False,,,,False,False,False,BROAD_DECLINE_OR_NO_LEADER,False,0,7,7,False,,,,,,,,2,,,,,,0,0,False,0.02,0,CASH,,ENTRY_GATE_CLOSED_OR_NO_CANDIDATE,0,5,equal_capital,0.1,False,566663.6035061765
2018-10-22,现金,0.0,0.0,2654.876,2676.5964,180,2999.263466666667,,,False,,,,False,False,False,BROAD_DECLINE_OR_NO_LEADER,False,0,8,8,False,,,,,,,,2,,,,,,0,0,False,0.02,0,CASH,,ENTRY_GATE_CLOSED_OR_NO_CANDIDATE,0,5,equal_capital,0.1,False,566663.6035061765
2018-10-23,现金,0.0,0.0,2594.826,2673.74825,180,2994.227155555556,,,False,,,,False,False,False,BROAD_DECLINE_OR_NO_LEADER,False,0,9,9,False,,,,,,,,2,,,,,,0,0,False,0.02,0,CASH,,ENTRY_GATE_CLOSED_OR_NO_CANDIDATE,0,5,equal_capital,0.1,False,566663.6035061765
2018-10-24,现金,0.0,0.0,2603.295,2668.9155,180,2988.9871,,,False,,,,False,False,False,BROAD_DECLINE_OR_NO_LEADER,False,0,10,10,False,,,,,,,,2,,,,,,0,0,False,0.02,0,CASH,,ENTRY_GATE_CLOSED_OR_NO_CANDIDATE,0,5,equal_capital,0.1,False,566663.6035061765
2018-10-25,现金,0.0,0.0,2603.8,2662.563,180,2983.67785,,,False,,,,False,False,False,MAINLINE_DECLINE,False,0,11,11,False,,,,,,,,2,,,黄金概念,1.1257872487274612,1.1257872487274612,1,0,False,0.02,0,CASH,,ENTRY_GATE_CLOSED_OR_NO_CANDIDATE,0,5,equal_capital,0.1,False,566663.6035061765
2018-10-26,现金,0.0,0.0,2598.847,2656.0431500000004,180,2978.403072222222,,,False,,,,False,False,False,MAINLINE_DECLINE,False,0,12,12,False,,,,,,,,2,,,黄金概念,1.113239667284403,1.113239667284403,1,0,False,0.02,0,CASH,,ENTRY_GATE_CLOSED_OR_NO_CANDIDATE,0,5,equal_capital,0.1,False,566663.6035061765
2018-10-29,现金,0.0,0.0,2542.103,2643.27405,180,2972.7584833333335,,,False,,,,False,False,False,BROAD_DECLINE_OR_NO_LEADER,False,0,13,13,False,,,,,,,,2,,,,,,0,0,False,0.02,0,CASH,,ENTRY_GATE_CLOSED_OR_NO_CANDIDATE,0,5,equal_capital,0.1,False,566663.6035061765
2018-10-30,现金,0.0,0.0,2568.048,2632.6195,180,2967.453188888889,,,False,,,,False,False,False,BROAD_DECLINE_OR_NO_LEADER,False,0,14,14,False,,,,,,,,2,,,,,,0,0,False,0.02,0,CASH,,ENTRY_GATE_CLOSED_OR_NO_CANDIDATE,0,5,equal_capital,0.1,False,566663.6035061765
2018-10-31,现金,0.0,0.0,2602.783,2622.418,180,2962.5352666666668,,,False,,,,False,False,False,BROAD_DECLINE_OR_NO_LEADER,False,0,15,15,False,,,,,,,,2,,,,,,0,0,False,0.02,0,CASH,,ENTRY_GATE_CLOSED_OR_NO_CANDIDATE,0,5,equal_capital,0.1,False,566663.6035061765
2018-11-01,现金,0.0,0.0,2606.237,2613.1411,180,2957.6764,,,False,,,,False,False,False,MAINLINE_DECLINE,False,0,16,16,False,,,,,,,,2,,,黄金概念,1.1182219018951116,1.1182219018951116,1,0,False,0.02,0,CASH,,ENTRY_GATE_CLOSED_OR_NO_CANDIDATE,0,5,equal_capital,0.1,False,566663.6035061765
2018-11-02,现金,0.0,0.0,2676.476,2605.8974,180,2953.3958222222223,,,False,,,,False,False,True,NO_MAINLINE_ROTATION,False,0,17,0,False,,,,,,,,2,,,黄金概念,1.1189054094124624,1.1189054094124624,1,0,False,0.02,0,CASH,,RESEARCH_POLICY_BLOCK_ENTRY_TOP1,0,5,equal_capital,0.1,False,566663.6035061765
2018-11-05,现金,0.0,0.0,2665.431,2603.3434500000003,180,2948.969988888889,,,False,,,,False,False,True,NO_MAINLINE_ROTATION,False,0,18,0,False,,,,,,,,2,,,证券,1.1216307530595389,1.1216307530595389,3,0,False,0.02,0,CASH,,RESEARCH_POLICY_BLOCK_ENTRY_TOP1,0,5,equal_capital,0.1,False,566663.6035061765
2018-11-06,现金,0.0,0.0,2659.356,2600.2606000000005,180,2944.3692055555553,,,False,,,,False,False,True,NO_MAINLINE_ROTATION,False,0,19,0,False,,,,,,,,2,,,证券,1.1177661169415296,1.1177661169415296,2,0,False,0.02,0,CASH,,RESEARCH_POLICY_BLOCK_ENTRY_TOP1,0,5,equal_capital,0.1,False,566663.6035061765
2018-11-07,现金,0.0,0.0,2641.342,2596.03585,180,2940.3174833333333,,,False,,,,False,False,True,NO_MAINLINE_ROTATION,False,0,20,0,False,,,,,,,,2,,,5G,1.1046062025702323,1.1046062025702323,2,0,False,0.02,0,CASH,,RESEARCH_POLICY_BLOCK_ENTRY_TOP1,0,5,equal_capital,0.1,False,566663.6035061765
2018-11-08,现金,0.0,0.0,2635.632,2598.64455,180,2936.575105555556,,,False,,,,False,False,True,NO_MAINLINE_ROTATION,False,0,21,0,False,,,,,,,,2,,,游戏,1.2051535877129829,1.2051535877129829,4,0,False,0.02,0,CASH,,RESEARCH_POLICY_BLOCK_ENTRY_TOP1,0,5,equal_capital,0.1,False,566663.6035061765
2018-11-09,现金,0.0,0.0,2598.872,2598.2425,180,2932.8907833333333,,,False,,,,False,False,True,NO_MAINLINE_ROTATION,False,0,22,0,False,,,,,,,,2,,,游戏,1.2287785629072223,1.2287785629072223,4,0,False,0.02,0,CASH,,RESEARCH_POLICY_BLOCK_ENTRY_TOP1,0,5,equal_capital,0.1,False,566663.6035061765
2018-11-12,现金,0.0,0.0,2630.52,2601.3635999999997,180,2930.116722222222,,,False,,,,False,False,True,NO_MAINLINE_ROTATION,False,0,23,0,False,,,,,,,,2,,,游戏,1.302324869053818,1.302324869053818,5,0,False,0.02,0,CASH,,RESEARCH_POLICY_BLOCK_ENTRY_TOP1,0,5,equal_capital,0.1,False,566663.6035061765
2018-11-13,现金,0.0,0.0,2654.88,2606.7911,180,2927.343138888889,,,False,,,,False,False,True,MAINLINE_RISE,True,1,0,0,False,,,,,,,,2,,,游戏,1.3257671161347788,1.3257671161347788,10,0,False,0.02,0,CASH,,RESEARCH_POLICY_BLOCK_ENTRY_TOP1,0,5,equal_capital,0.1,False,566663.6035061765
2018-11-14,现金,0.0,0.0,2632.243,2610.32255,180,2924.2724944444444,,,False,,,,False,False,True,MAINLINE_RISE,True,2,0,0,False,,,,,,,,2,,,环保,1.2915505617977527,1.2915505617977527,5,0,False,0.02,0,CASH,,RESEARCH_POLICY_BLOCK_ENTRY_TOP1,0,5,equal_capital,0.1,False,566663.6035061765
2018-11-15,现金,0.0,0.0,2668.17,2619.4101,180,2921.322555555556,,,False,,,,False,False,True,MAINLINE_RISE,True,3,0,0,False,,,,,,,,2,,,游戏,1.3512302176063304,1.3512302176063304,16,0,False,0.02,0,CASH,,RESEARCH_POLICY_BLOCK_ENTRY_TOP1,0,5,equal_capital,0.1,False,566663.6035061765
2018-11-16,现金,0.0,0.0,2679.11,2625.84235,180,2918.047838888889,,,False,,,,False,False,True,MAINLINE_RISE,True,4,0,0,False,,,,,,,,2,,,游戏,1.3052201651611364,1.3052201651611364,12,0,False,0.02,0,CASH,,RESEARCH_POLICY_BLOCK_ENTRY_TOP1,0,5,equal_capital,0.1,False,566663.6035061765
2018-11-19,现金,0.0,0.0,2703.512,2628.27415,180,2914.794994444444,,,False,,,,False,False,True,MAINLINE_RISE,True,5,0,0,False,,,,,,,,2,,,环保,1.2413410680771197,1.2413410680771197,7,0,False,0.02,0,CASH,,RESEARCH_POLICY_BLOCK_ENTRY_TOP1,0,5,equal_capital,0.1,False,566663.6035061765
2018-11-20,现金,0.0,0.0,2645.855,2630.8256,180,2910.9965555555555,,,False,,,,False,False,True,MAINLINE_RISE,True,6,0,0,False,,,,,,,,2,,,游戏,1.195068380824084,1.195068380824084,4,0,False,0.02,0,CASH,,RESEARCH_POLICY_BLOCK_ENTRY_TOP1,0,5,equal_capital,0.1,False,566663.6035061765
2018-11-21,现金,0.0,0.0,2651.505,2633.2361,180,2907.4378722222223,,,False,,,,False,False,True,MAINLINE_RISE,True,7,0,0,False,,,,,,,,2,,,游戏,1.234158257481025,1.234158257481025,5,0,False,0.02,0,CASH,,RESEARCH_POLICY_BLOCK_ENTRY_TOP1,0,5,equal_capital,0.1,False,566663.6035061765
2018-11-22,现金,0.0,0.0,2645.434,2635.3178,180,2904.0269055555555,,,False,,,,False,False,True,MAINLINE_RISE,True,8,0,0,False,,,,,,,,2,,,大数据,1.1844178657229212,1.1844178657229212,4,0,False,0.02,0,CASH,,RESEARCH_POLICY_BLOCK_ENTRY_TOP1,0,5,equal_capital,0.1,False,566663.6035061765
2018-11-23,现金,0.0,0.0,2579.483,2634.3496,180,2900.169838888889,,,False,,,,False,False,False,MAINLINE_DECLINE,False,0,1,1,False,,,,,,,,2,,,汽车零部件,1.1520311630495272,1.1520311630495272,1,0,False,0.02,0,CASH,,ENTRY_GATE_CLOSED_OR_NO_CANDIDATE,0,5,equal_capital,0.1,False,566663.6035061765
2018-11-26,现金,0.0,0.0,2575.81,2636.03495,180,2896.3991833333334,,,False,,,,False,False,False,MAINLINE_DECLINE,False,0,2,2,False,,,,,,,,2,,,汽车零部件,1.143099932019035,1.143099932019035,1,0,False,0.02,0,CASH,,ENTRY_GATE_CLOSED_OR_NO_CANDIDATE,0,5,equal_capital,0.1,False,566663.6035061765
2018-11-27,现金,0.0,0.0,2574.679,2636.3665,180,2892.608922222222,,,False,,,,False,False,False,MAINLINE_DECLINE,False,0,3,3,False,,,,,,,,2,,,汽车零部件,1.1249167221852099,1.1249167221852099,1,0,False,0.02,0,CASH,,ENTRY_GATE_CLOSED_OR_NO_CANDIDATE,0,5,equal_capital,0.1,False,566663.6035061765
2018-11-28,现金,0.0,0.0,2601.737,2636.3142000000003,180,2888.7872277777783,,,False,,,,False,False,False,BROAD_DECLINE_OR_NO_LEADER,False,0,4,4,False,,,,,,,,2,,,,,,0,0,False,0.02,0,CASH,,ENTRY_GATE_CLOSED_OR_NO_CANDIDATE,0,5,equal_capital,0.1,False,566663.6035061765
2018-11-29,现金,0.0,0.0,2567.443,2634.3745000000004,180,2884.874866666667,,,False,,,,False,False,False,BROAD_DECLINE_OR_NO_LEADER,False,0,5,5,False,,,,,,,,2,,,,,,0,0,False,0.02,0,CASH,,ENTRY_GATE_CLOSED_OR_NO_CANDIDATE,0,5,equal_capital,0.1,False,566663.6035061765
2018-11-30,现金,0.0,0.0,2588.188,2629.9601000000002,180,2880.984766666667,,,False,,,,False,False,False,MAINLINE_DECLINE,False,0,6,6,False,,,,,,,,2,,,农林牧渔,1.1253973013493255,1.1253973013493255,1,0,False,0.02,0,CASH,,ENTRY_GATE_CLOSED_OR_NO_CANDIDATE,0,5,equal_capital,0.1,False,566663.6035061765
2018-12-03,现金,0.0,0.0,2654.798,2629.4284500000003,180,2877.3605,,,False,,,,False,False,True,NO_MAINLINE_ROTATION,False,0,7,0,False,,,,,,,,2,,,农林牧渔,1.1416807848390529,1.1416807848390529,1,0,False,0.02,0,CASH,,RESEARCH_POLICY_BLOCK_ENTRY_TOP1,0,5,equal_capital,0.1,False,566663.6035061765
2018-12-04,现金,0.0,0.0,2665.958,2629.7585499999996,180,2873.6897166666668,,,False,,,,False,False,True,NO_MAINLINE_ROTATION,False,0,8,0,False,,,,,,,,2,,,农林牧渔,1.1339760894716544,1.1339760894716544,1,0,False,0.02,0,CASH,,RESEARCH_POLICY_BLOCK_ENTRY_TOP1,0,5,equal_capital,0.1,False,566663.6035061765
2018-12-05,现金,0.0,0.0,2649.805,2630.1817,180,2870.020638888889,,,False,,,,False,False,True,NO_MAINLINE_ROTATION,False,0,9,0,False,,,,,,,,2,,,农林牧渔,1.1612520340767682,1.1612520340767682,1,0,False,0.02,0,CASH,,RESEARCH_POLICY_BLOCK_ENTRY_TOP1,0,5,equal_capital,0.1,False,566663.6035061765
2018-12-06,现金,0.0,0.0,2605.181,2628.6591500000004,180,2866.2084111111108,,,False,,,,False,False,False,MAINLINE_DECLINE,False,0,10,1,False,,,,,,,,2,,,农林牧渔,1.1341828801152956,1.1341828801152956,1,0,False,0.02,0,CASH,,ENTRY_GATE_CLOSED_OR_NO_CANDIDATE,0,5,equal_capital,0.1,False,566663.6035061765
2018-12-07,现金,0.0,0.0,2605.888,2629.00995,180,2862.4016111111114,,,False,,,,False,False,False,MAINLINE_DECLINE,False,0,11,2,False,,,,,,,,2,,,农林牧渔,1.1345377298911068,1.1345377298911068,1,0,False,0.02,0,CASH,,ENTRY_GATE_CLOSED_OR_NO_CANDIDATE,0,5,equal_capital,0.1,False,566663.6035061765
2018-12-10,现金,0.0,0.0,2584.582,2626.7130500000003,180,2858.594388888889,,,False,,,,False,False,False,MAINLINE_DECLINE,False,0,12,3,False,,,,,,,,2,,,农林牧渔,1.130194589463692,1.130194589463692,1,0,False,0.02,0,CASH,,ENTRY_GATE_CLOSED_OR_NO_CANDIDATE,0,5,equal_capital,0.1,False,566663.6035061765
2018-12-11,现金,0.0,0.0,2594.088,2623.67345,180,2854.7879222222223,,,False,,,,False,False,False,BROAD_DECLINE_OR_NO_LEADER,False,0,13,4,False,,,,,,,,2,,,,,,0,0,False,0.02,0,CASH,,ENTRY_GATE_CLOSED_OR_NO_CANDIDATE,0,5,equal_capital,0.1,False,566663.6035061765
2018-12-12,现金,0.0,0.0,2602.153,2622.16895,180,2850.962994444444,,,False,,,,False,False,False,MAINLINE_DECLINE,False,0,14,5,False,,,,,,,,2,,,农林牧渔,1.102595062508127,1.102595062508127,1,0,False,0.02,0,CASH,,ENTRY_GATE_CLOSED_OR_NO_CANDIDATE,0,5,equal_capital,0.1,False,566663.6035061765
2018-12-13,现金,0.0,0.0,2634.049,2620.4629,180,2847.3690888888887,,,False,,,,False,False,True,BROAD_DECLINE_OR_NO_LEADER,False,0,15,0,False,,,,,,,,2,,,,,,0,0,False,0.02,0,CASH,,ENTRY_GATE_CLOSED_OR_NO_CANDIDATE,0,5,equal_capital,0.1,False,566663.6035061765
2018-12-14,现金,0.0,0.0,2593.741,2616.19445,180,2843.6483166666667,,,False,,,,False,False,False,BROAD_DECLINE_OR_NO_LEADER,False,0,16,1,False,,,,,,,,2,,,,,,0,0,False,0.02,0,CASH,,ENTRY_GATE_CLOSED_OR_NO_CANDIDATE,0,5,equal_capital,0.1,False,566663.6035061765
2018-12-17,现金,0.0,0.0,2597.974,2610.91755,180,2840.566166666667,,,False,,,,False,False,False,BROAD_DECLINE_OR_NO_LEADER,False,0,17,2,False,,,,,,,,2,,,,,,0,0,False,0.02,0,CASH,,ENTRY_GATE_CLOSED_OR_NO_CANDIDATE,0,5,equal_capital,0.1,False,566663.6035061765
2018-12-18,现金,0.0,0.0,2576.65,2607.4573,180,2837.471322222222,,,False,,,,False,False,False,BROAD_DECLINE_OR_NO_LEADER,False,0,18,3,False,,,,,,,,2,,,,,,0,0,False,0.02,0,CASH,,ENTRY_GATE_CLOSED_OR_NO_CANDIDATE,0,5,equal_capital,0.1,False,566663.6035061765
2018-12-19,现金,0.0,0.0,2549.563,2602.3602,180,2834.043066666667,,,False,,,,False,False,False,BROAD_DECLINE_OR_NO_LEADER,False,0,19,4,False,,,,,,,,2,,,,,,0,0,False,0.02,0,CASH,,ENTRY_GATE_CLOSED_OR_NO_CANDIDATE,0,5,equal_capital,0.1,False,566663.6035061765
2018-12-20,现金,0.0,0.0,2536.268,2596.9019,180,2830.787388888889,,,False,,,,False,False,False,BROAD_DECLINE_OR_NO_LEADER,False,0,20,5,False,,,,,,,,2,,,,,,0,0,False,0.02,0,CASH,,ENTRY_GATE_CLOSED_OR_NO_CANDIDATE,0,5,equal_capital,0.1,False,566663.6035061765
2018-12-21,现金,0.0,0.0,2516.251,2593.7403000000004,180,2827.208055555556,,,False,,,,False,False,False,BROAD_DECLINE_OR_NO_LEADER,False,0,21,6,False,,,,,,,,2,,,,,,0,0,False,0.02,0,CASH,,ENTRY_GATE_CLOSED_OR_NO_CANDIDATE,0,5,equal_capital,0.1,False,566663.6035061765
2018-12-24,现金,0.0,0.0,2527.007,2591.30015,180,2823.6420000000003,,,False,,,,False,False,False,BROAD_DECLINE_OR_NO_LEADER,False,0,22,7,False,,,,,,,,2,,,,,,0,0,False,0.02,0,CASH,,ENTRY_GATE_CLOSED_OR_NO_CANDIDATE,0,5,equal_capital,0.1,False,566663.6035061765
2018-12-25,现金,0.0,0.0,2504.819,2587.8071499999996,180,2819.9844444444443,,,False,,,,False,False,False,MAINLINE_DECLINE,False,0,23,8,False,,,,,,,,2,,,黄金概念,1.1307495910958631,1.1307495910958631,1,0,False,0.02,0,CASH,,ENTRY_GATE_CLOSED_OR_NO_CANDIDATE,0,5,equal_capital,0.1,False,566663.6035061765
2018-12-26,现金,0.0,0.0,2498.294,2582.6349999999998,180,2816.4381166666667,,,False,,,,False,False,False,MAINLINE_DECLINE,False,0,24,9,False,,,,,,,,2,,,黄金概念,1.1621399176954732,1.1621399176954732,1,0,False,0.02,0,CASH,,ENTRY_GATE_CLOSED_OR_NO_CANDIDATE,0,5,equal_capital,0.1,False,566663.6035061765
2018-12-27,现金,0.0,0.0,2483.086,2578.41715,180,2812.8379777777777,,,False,,,,False,False,False,BROAD_DECLINE_OR_NO_LEADER,False,0,25,10,False,,,,,,,,2,,,,,,0,0,False,0.02,0,CASH,,ENTRY_GATE_CLOSED_OR_NO_CANDIDATE,0,5,equal_capital,0.1,False,566663.6035061765
2018-12-28,现金,0.0,0.0,2493.896,2573.70255,180,2809.257988888889,,,False,,,,False,False,False,MAINLINE_DECLINE,False,0,26,11,False,,,,,,,,2,,,黄金概念,1.115441034549315,1.115441034549315,1,0,False,0.02,0,CASH,,ENTRY_GATE_CLOSED_OR_NO_CANDIDATE,0,5,equal_capital,0.1,False,566663.6035061765
2019-01-02,现金,0.0,0.0,2465.291,2564.2272000000003,180,2805.230038888889,,,False,,,,False,False,False,BROAD_DECLINE_OR_NO_LEADER,False,0,27,12,False,,,,,,,,2,,,,,,0,0,False,0.02,0,CASH,,ENTRY_GATE_CLOSED_OR_NO_CANDIDATE,0,5,equal_capital,0.1,False,566663.6035061765
2019-01-03,现金,0.0,0.0,2464.363,2554.14745,180,2801.0982666666664,,,False,,,,False,False,False,MAINLINE_DECLINE,False,0,28,13,False,,,,,,,,2,,,黄金概念,1.1038990056976872,1.1038990056976872,1,0,False,0.02,0,CASH,,ENTRY_GATE_CLOSED_OR_NO_CANDIDATE,0,5,equal_capital,0.1,False,566663.6035061765
2019-01-04,现金,0.0,0.0,2514.868,2547.4006,180,2797.4022111111112,,,False,,,,False,False,False,MAINLINE_DECLINE,False,0,29,14,False,,,,,,,,2,,,黄金概念,1.1074748907889334,1.1074748907889334,1,0,False,0.02,0,CASH,,ENTRY_GATE_CLOSED_OR_NO_CANDIDATE,0,5,equal_capital,0.1,False,566663.6035061765
2019-01-07,现金,0.0,0.0,2533.089,2543.796,180,2793.9246388888887,,,False,,,,False,False,False,BROAD_DECLINE_OR_NO_LEADER,False,0,30,15,False,,,,,,,,2,,,,,,0,0,False,0.02,0,CASH,,ENTRY_GATE_CLOSED_OR_NO_CANDIDATE,0,5,equal_capital,0.1,False,566663.6035061765
2019-01-08,现金,0.0,0.0,2526.462,2539.8247,180,2790.6791555555556,,,False,,,,False,False,False,BROAD_DECLINE_OR_NO_LEADER,False,0,31,16,False,,,,,,,,2,,,,,,0,0,False,0.02,0,CASH,,ENTRY_GATE_CLOSED_OR_NO_CANDIDATE,0,5,equal_capital,0.1,False,566663.6035061765
2019-01-09,现金,0.0,0.0,2544.345,2537.81285,180,2787.7766444444446,,,False,,,,False,False,True,BROAD_DECLINE_OR_NO_LEADER,False,0,32,0,False,,,,,,,,2,,,,,,0,0,False,0.02,0,CASH,,ENTRY_GATE_CLOSED_OR_NO_CANDIDATE,0,5,equal_capital,0.1,False,566663.6035061765
2019-01-10,现金,0.0,0.0,2535.099,2534.8634,180,2784.6860888888887,,,False,,,,False,False,True,BROAD_DECLINE_OR_NO_LEADER,False,0,33,0,False,,,,,,,,2,,,,,,0,0,False,0.02,0,CASH,,ENTRY_GATE_CLOSED_OR_NO_CANDIDATE,0,5,equal_capital,0.1,False,566663.6035061765
2019-01-11,现金,0.0,0.0,2553.831,2532.4473000000003,180,2781.555283333333,,,False,,,,False,False,True,BROAD_DECLINE_OR_NO_LEADER,False,0,34,0,False,,,,,,,,2,,,,,,0,0,False,0.02,0,CASH,,ENTRY_GATE_CLOSED_OR_NO_CANDIDATE,0,5,equal_capital,0.1,False,566663.6035061765
2019-01-14,现金,0.0,0.0,2535.765,2527.5330999999996,180,2778.578738888889,,,False,,,,False,False,True,NO_MAINLINE_ROTATION,False,0,35,0,False,,,,,,,,2,,,煤炭,1.1384672116034666,1.1384672116034666,1,0,False,0.02,0,CASH,,RESEARCH_POLICY_BLOCK_ENTRY_TOP1,0,5,equal_capital,0.1,False,566663.6035061765
2019-01-15,现金,0.0,0.0,2570.345,2526.3633,180,2775.813922222222,,,False,,,,False,False,True,NO_MAINLINE_ROTATION,False,0,36,0,False,,,,,,,,2,,,煤炭,1.1114437168693483,1.1114437168693483,1,0,False,0.02,0,CASH,,RESEARCH_POLICY_BLOCK_ENTRY_TOP1,0,5,equal_capital,0.1,False,566663.6035061765
2019-01-16,现金,0.0,0.0,2570.422,2524.9857,180,2772.7111166666664,,,False,,,,False,False,True,NO_MAINLINE_ROTATION,False,0,37,0,False,,,,,,,,2,,,煤炭,1.1913027132025817,1.1913027132025817,2,0,False,0.02,0,CASH,,RESEARCH_POLICY_BLOCK_ENTRY_TOP1,0,5,equal_capital,0.1,False,566663.6035061765
2019-01-17,现金,0.0,0.0,2559.637,2524.13505,180,2769.6092444444444,,,False,,,,False,False,True,NO_MAINLINE_ROTATION,False,0,38,0,False,,,,,,,,2,,,煤炭,1.2774723538704582,1.2774723538704582,1,0,False,0.02,0,CASH,,RESEARCH_POLICY_BLOCK_ENTRY_TOP1,0,5,equal_capital,0.1,False,566663.6035061765
2019-01-18,现金,0.0,0.0,2596.006,2526.4572,180,2766.948,,,False,,,,False,False,True,NO_MAINLINE_ROTATION,False,0,39,0,False,,,,,,,,2,,,煤炭,1.3175718849840254,1.3175718849840254,4,0,False,0.02,0,CASH,,RESEARCH_POLICY_BLOCK_ENTRY_TOP1,0,5,equal_capital,0.1,False,566663.6035061765
2019-01-21,现金,0.0,0.0,2610.509,2530.16925,180,2764.327316666667,,,False,,,,False,False,True,MAINLINE_RISE,True,1,0,0,False,,,,,,,,2,,,煤炭,1.3074751363490538,1.3074751363490538,5,0,False,0.02,0,CASH,,RESEARCH_POLICY_BLOCK_ENTRY_TOP1,0,5,equal_capital,0.1,False,566663.6035061765
2019-01-22,现金,0.0,0.0,2579.704,2533.3419,180,2761.541355555555,,,False,,,,False,False,True,MAINLINE_RISE,True,2,0,0,False,,,,,,,,2,,,煤炭,1.276377036462374,1.276377036462374,4,0,False,0.02,0,CASH,,RESEARCH_POLICY_BLOCK_ENTRY_TOP1,0,5,equal_capital,0.1,False,566663.6035061765
2019-01-23,现金,0.0,0.0,2581.004,2536.04175,180,2758.6532722222223,,,False,,,,False,False,True,MAINLINE_RISE,True,3,0,0,False,,,,,,,,2,,,煤炭,1.232724436065787,1.232724436065787,2,0,False,0.02,0,CASH,,RESEARCH_POLICY_BLOCK_ENTRY_TOP1,0,5,equal_capital,0.1,False,566663.6035061765
2019-01-24,现金,0.0,0.0,2591.694,2540.3855000000003,180,2755.8791666666666,,,False,,,,False,False,True,MAINLINE_RISE,True,4,0,0,False,,,,,,,,2,,,煤炭,1.2284646693801295,1.2284646693801295,4,0,False,0.02,0,CASH,,RESEARCH_POLICY_BLOCK_ENTRY_TOP1,0,5,equal_capital,0.1,False,566663.6035061765
2019-01-25,现金,0.0,0.0,2601.723,2545.55695,180,2752.9073777777776,,,False,,,,False,False,True,MAINLINE_RISE,True,5,0,0,False,,,,,,,,2,,,食品饮料,1.1686827306125345,1.1686827306125345,7,0,False,0.02,0,CASH,,RESEARCH_POLICY_BLOCK_ENTRY_TOP1,0,5,equal_capital,0.1,False,566663.6035061765
2019-01-28,现金,0.0,0.0,2596.977,2551.2515,180,2749.77115,,,False,,,,False,False,True,MAINLINE_RISE,True,6,0,0,False,,,,,,,,2,,,食品饮料,1.1693553316967547,1.1693553316967547,8,0,False,0.02,0,CASH,,RESEARCH_POLICY_BLOCK_ENTRY_TOP1,0,5,equal_capital,0.1,False,566663.6035061765
2019-01-29,现金,0.0,0.0,2594.254,2556.2694,180,2746.6328388888887,,,False,,,,False,False,True,MAINLINE_RISE,True,7,0,0,False,,,,,,,,2,,,智能驾驶,1.1634917910874663,1.1634917910874663,8,0,False,0.02,0,CASH,,RESEARCH_POLICY_BLOCK_ENTRY_TOP1,0,5,equal_capital,0.1,False,566663.6035061765
2019-01-30,现金,0.0,0.0,2575.576,2561.7836500000003,180,2743.3059666666663,,,False,,,,False,False,True,MAINLINE_RISE,True,8,0,0,False,,,,,,,,2,,,建材,1.1473792339091178,1.1473792339091178,9,0,False,0.02,0,CASH,,RESEARCH_POLICY_BLOCK_ENTRY_TOP1,0,5,equal_capital,0.1,False,566663.6035061765
2019-01-31,现金,0.0,0.0,2584.572,2567.7941,180,2740.0910166666667,,,False,,,,False,False,True,MAINLINE_RISE,True,9,0,0,False,,,,,,,,2,,,建材,1.2065402058381656,1.2065402058381656,10,0,False,0.02,0,CASH,,RESEARCH_POLICY_BLOCK_ENTRY_TOP1,0,5,equal_capital,0.1,False,566663.6035061765
2019-02-01,现金,0.0,0.0,2618.232,2572.9623,180,2737.003238888889,,,False,,,,False,False,True,MAINLINE_RISE,True,10,0,0,False,,,,,,,,2,,,建材,1.1892736761987606,1.1892736761987606,9,0,False,0.02,0,CASH,,RESEARCH_POLICY_BLOCK_ENTRY_TOP1,0,5,equal_capital,0.1,False,566663.6035061765
2019-02-11,现金,0.0,0.0,2653.896,2579.00265,180,2734.0131166666665,,,False,,,,False,False,True,MAINLINE_RISE,True,11,0,0,False,,,,,,,,2,,,食品饮料,1.2092059370460946,1.2092059370460946,10,0,False,0.02,0,CASH,,RESEARCH_POLICY_BLOCK_ENTRY_TOP1,0,5,equal_capital,0.1,False,566663.6035061765
2019-02-12,现金,0.0,0.0,2671.894,2586.27425,180,2731.2482777777777,,,False,,,,False,False,True,MAINLINE_RISE,True,12,0,0,False,,,,,,,,2,,,基础化工,1.227149190671274,1.227149190671274,12,0,False,0.02,0,CASH,,RESEARCH_POLICY_BLOCK_ENTRY_TOP1,0,5,equal_capital,0.1,False,566663.6035061765
2019-02-13,现金,0.0,0.0,2721.068,2595.1104,180,2728.8415277777776,,,False,,,,False,False,True,MAINLINE_RISE,True,13,0,0,False,,,,,,,,2,,,食品饮料,1.2080534878186677,1.2080534878186677,15,0,False,0.02,0,CASH,,RESEARCH_POLICY_BLOCK_ENTRY_TOP1,0,5,equal_capital,0.1,False,566663.6035061765
2019-02-14,现金,0.0,0.0,2719.7,2604.3404499999997,180,2726.2104,,,False,,,,False,False,True,MAINLINE_RISE,True,14,0,0,False,,,,,,,,2,,,食品饮料,1.2189260079187936,1.2189260079187936,19,0,False,0.02,0,CASH,,RESEARCH_POLICY_BLOCK_ENTRY_TOP1,0,5,equal_capital,0.1,False,566663.6035061765
2019-02-15,现金,0.0,0.0,2682.385,2610.76815,180,2723.2578722222224,,,False,,,,False,False,True,MAINLINE_RISE,True,15,0,0,False,,,,,,,,2,,,农林牧渔,1.2327082744047524,1.2327082744047524,13,0,False,0.02,0,CASH,,RESEARCH_POLICY_BLOCK_ENTRY_TOP1,0,5,equal_capital,0.1,False,566663.6035061765
2019-02-18,现金,0.0,0.0,2754.357,2621.6977500000003,180,2720.702355555556,,,False,,,,False,False,True,MAINLINE_RISE,True,16,0,0,False,,,,,,,,2,,,农林牧渔,1.265369765369765,1.265369765369765,23,0,False,0.02,0,BUY,农林牧渔,ENTRY_TOP1,0,5,equal_capital,0.1,False,566663.6035061765
2019-02-19,农林牧渔,1.0,1.0,2755.646,2630.9628000000002,180,2718.406144444444,,,False,,,,False,False,True,MAINLINE_RISE,True,17,0,0,False,155.828,133.6588,141.45999999999998,0.015973607688195335,155.828,0.0,566663.6035061765,2,1.286325139092965,1.286325139092965,农林牧渔,1.286325139092965,1.286325139092965,21,0,False,0.02,0,HOLD,农林牧渔,NO_STRONGER_QUALIFIED_SECTOR,0,5,equal_capital,0.1,False,566818.2117871109
2019-02-20,农林牧渔,1.0,1.0,2761.219,2640.50265,180,2716.220411111111,,,False,,,,False,False,True,MAINLINE_RISE,True,18,0,0,False,158.716,135.5779,144.3988,0.018533254614061745,158.716,0.0,566663.6035061765,2,1.3189622218159456,1.3189622218159456,农林牧渔,1.3189622218159456,1.3189622218159456,20,0,False,0.02,0,HOLD,农林牧渔,NO_STRONGER_QUALIFIED_SECTOR,0,5,equal_capital,0.1,False,583678.4023512687
2019-02-21,农林牧渔,1.0,1.0,2751.801,2650.11085,180,2714.0565111111114,,,False,,,,False,False,True,MAINLINE_RISE,True,19,0,0,False,165.728,137.86970000000002,147.85340000000002,0.04417954081504072,165.728,0.0,566663.6035061765,2,1.3823107463383715,1.3823107463383715,农林牧渔,1.3823107463383715,1.3823107463383715,20,0,False,0.02,0,HOLD,农林牧渔,NO_STRONGER_QUALIFIED_SECTOR,0,5,equal_capital,0.1,False,606326.8055400813
2019-02-22,农林牧渔,1.0,1.0,2804.226,2660.52185,180,2712.2184222222227,,,False,,,,False,False,True,MAINLINE_RISE,True,20,0,0,False,166.674,139.8794,151.40900000000002,0.00570814829117583,166.674,0.0,566663.6035061765,2,1.3177893738140418,1.3177893738140418,光学光电子,1.3996537093654462,1.3996537093654462,22,0,False,0.02,1,HOLD,农林牧渔,SWITCH_CONFIRM_1_OF_2,0,5,equal_capital,0.1,False,606075.1560141388
2019-02-25,农林牧渔,1.0,1.0,2961.283,2678.0605499999997,180,2711.3341,,,False,,,,False,False,True,MAINLINE_RISE,True,21,0,0,False,165.314,141.9143,153.86520000000002,-0.008159640975797133,166.674,-0.008159640975797133,566663.6035061765,2,1.3265872761122166,1.3265872761122166,光学光电子,1.4354202002311514,1.4354202002311514,30,0,False,0.02,0,SWITCH,光学光电子,STRONGER_RS20_MARGIN_2%,0,5,equal_capital,0.1,False,605108.6603041029
2019-02-26,光学光电子,1.0,1.0,2941.516,2696.15115,180,2710.77895,,,False,,,,False,False,True,MAINLINE_RISE,True,22,0,0,False,188.62,152.72560000000001,169.8482,-0.013823824661201245,188.62,0.0,566663.6035061765,2,1.3967092694341188,1.3967092694341188,5G,1.4315212207916066,1.4315212207916066,34,0,False,0.02,1,HOLD,光学光电子,SWITCH_CONFIRM_1_OF_2,0,5,equal_capital,0.1,False,589380.5851732837
2019-02-27,光学光电子,1.0,1.0,2953.824,2714.79215,180,2709.9920055555554,,,False,,,,False,False,True,MAINLINE_RISE,True,23,0,0,False,181.632,155.11960000000002,172.50799999999998,-0.03704803308238791,188.62,-0.03704803308238791,566663.6035061765,2,1.3579759554997308,1.3579759554997308,5G,1.4268651466214703,1.4268651466214703,36,0,False,0.02,0,SWITCH,5G,STRONGER_RS20_MARGIN_2%,0,5,equal_capital,0.1,False,570986.658077455
2019-02-28,5G,1.0,1.0,2940.954,2732.25515,180,2709.2465444444447,,,False,,,,False,False,True,MAINLINE_RISE,True,24,0,0,False,179.16,149.9824,164.41400000000002,0.003821199251448304,179.16,0.0,566663.6035061765,2,1.392442447888331,1.392442447888331,5G,1.392442447888331,1.392442447888331,34,0,False,0.02,0,HOLD,5G,NO_STRONGER_QUALIFIED_SECTOR,0,5,equal_capital,0.1,False,573255.5905671213
2019-03-01,5G,1.0,1.0,2994.005,2751.86925,180,2708.7066222222224,,,False,,,,False,False,True,MAINLINE_RISE,True,25,0,0,False,180.57599999999996,152.5259,168.0182,0.007903549899531015,180.57599999999996,0.0,566663.6035061765,2,1.392194655605754,1.392194655605754,5G,1.392194655605754,1.392194655605754,35,0,False,0.02,0,HOLD,5G,NO_STRONGER_QUALIFIED_SECTOR,0,5,equal_capital,0.1,False,581855.2969130059
2019-03-04,5G,1.0,1.0,3027.576,2773.3992,180,2708.2253444444445,,,False,,,,False,False,True,MAINLINE_RISE,True,26,0,0,False,182.936,155.0971,171.076,0.013069289385079008,182.936,0.0,566663.6035061765,2,1.3910213516637266,1.3910213516637266,农林牧渔,1.4230408991570402,1.4230408991570402,36,0,False,0.02,1,HOLD,5G,SWITCH_CONFIRM_1_OF_2,0,5,equal_capital,0.1,False,590886.2066672844
2019-03-05,5G,1.0,1.0,3054.247,2796.39885,180,2707.886827777778,,,False,,,,False,False,True,MAINLINE_RISE,True,27,0,0,False,190.41199999999998,158.128,175.018,0.040866751213539,190.41199999999998,0.0,566663.6035061765,2,1.46703237437786,1.46703237437786,光学光电子,1.506254994774697,1.506254994774697,36,0,False,0.02,1,HOLD,5G,SWITCH_CONFIRM_1_OF_2,0,5,equal_capital,0.1,False,614815.0145444752
2019-03-06,5G,1.0,1.0,3102.099,2822.725,180,2707.8457166666667,,,False,,,,False,False,True,MAINLINE_RISE,True,28,0,0,False,187.924,161.0308,178.6172,-0.013066403377938185,190.41199999999998,-0.013066403377938185,566663.6035061765,2,1.4470385314319156,1.4470385314319156,证券,1.5222315166334215,1.5222315166334215,36,0,False,0.02,1,HOLD,5G,SWITCH_CONFIRM_1_OF_2,0,5,equal_capital,0.1,False,617160.5010431794
2019-03-07,5G,1.0,1.0,3106.418,2848.8172999999997,180,2708.0638833333333,,,False,,,,False,False,True,MAINLINE_RISE,True,29,0,0,False,181.908,163.5762,181.224,-0.03201294140184341,190.41199999999998,-0.044661050774110866,566663.6035061765,2,1.3886106870229007,1.3886106870229007,云计算,1.5500153293012628,1.5500153293012628,35,0,False,0.02,1,HOLD,5G,SWITCH_CONFIRM_1_OF_2,0,5,equal_capital,0.1,False,606282.0614903235
2019-03-08,5G,1.0,1.0,2969.861,2866.39875,180,2707.6032055555556,,,False,,,,False,False,True,MAINLINE_RISE,True,30,0,0,False,177.57,165.7839,182.0106,-0.02384721947358004,190.41199999999998,-0.0674432283679599,566663.6035061765,2,1.3309498111171074,1.3309498111171074,云计算,1.487228676934162,1.487228676934162,25,0,False,0.02,0,SWITCH,云计算,STRONGER_RS20_MARGIN_2%,1,5,equal_capital,0.1,False,586067.6345518486
2019-03-11,云计算,1.0,1.0,3026.993,2885.0536,180,2707.309822222222,,,False,,,,False,False,True,MAINLINE_RISE,True,31,0,0,False,331.044,273.2309,298.9308,0.0023920982032010762,331.044,0.0,566663.6035061765,2,1.3898666577100054,1.3898666577100054,国产算力,1.4156473210368368,1.4156473210368368,28,0,False,0.02,0,HOLD,云计算,NO_STRONGER_QUALIFIED_SECTOR,0,5,equal_capital,0.1,False,576942.2591787701
2019-03-12,云计算,1.0,1.0,3060.307,2904.47425,180,2707.368211111111,,,False,,,,False,False,True,MAINLINE_RISE,True,32,0,0,False,340.8,278.4598,304.7882,0.029470402725921607,340.8,0.0,566663.6035061765,2,1.4427106704709975,1.4427106704709975,国产算力,1.446578316205949,1.446578316205949,26,0,False,0.02,0,HOLD,云计算,NO_STRONGER_QUALIFIED_SECTOR,0,5,equal_capital,0.1,False,594158.7682934481
2019-03-13,云计算,1.0,1.0,3026.951,2919.7684,180,2707.272605555556,,,False,,,,False,False,True,MAINLINE_RISE,True,33,0,0,False,310.234,281.9404,308.36839999999995,-0.08968896713615038,340.8,-0.08968896713615038,566663.6035061765,2,1.2893002302366365,1.2893002302366365,农林牧渔,1.3103234531725458,1.3103234531725458,24,0,False,0.02,0,HOLD,云计算,NO_STRONGER_QUALIFIED_SECTOR,0,5,equal_capital,0.1,False,551308.1442634661
2019-03-14,云计算,1.0,1.0,2990.685,2933.31765,180,2707.0991833333333,,,False,,,,False,False,True,MAINLINE_RISE,True,34,0,0,False,298.068,284.72110000000004,310.9708,-0.039215559867712746,340.8,-0.12538732394366203,566663.6035061765,2,1.2293795936548788,1.2293795936548788,农林牧渔,1.264391172750913,1.264391172750913,18,0,False,0.02,1,HOLD,云计算,SWITCH_CONFIRM_1_OF_2,1,5,equal_capital,0.1,False,534324.3452926798
2019-03-15,云计算,1.0,1.0,3021.751,2950.2859500000004,180,2707.732122222222,,,False,,,,False,False,True,MAINLINE_RISE,True,35,0,0,False,301.81600000000003,287.9502,313.5892,0.012574311901982327,340.8,-0.11438967136150224,566663.6035061765,2,1.2722291071262972,1.2722291071262972,消费电子,1.290806942447246,1.290806942447246,19,0,False,0.02,0,HOLD,云计算,NO_STRONGER_QUALIFIED_SECTOR,2,5,equal_capital,0.1,False,538637.090925615
2019-03-18,云计算,1.0,1.0,3096.418,2967.389,180,2708.735938888889,,,False,,,,False,False,True,MAINLINE_RISE,True,36,0,0,False,313.00800000000004,291.2549,316.7934,0.03708219577490923,340.8,-0.08154929577464776,566663.6035061765,2,1.2676802449435836,1.2676802449435836,农林牧渔,1.2817613999400175,1.2817613999400175,18,0,False,0.02,0,HOLD,云计算,NO_STRONGER_QUALIFIED_SECTOR,3,5,equal_capital,0.1,False,552906.127748738
2019-03-19,云计算,1.0,1.0,3090.975,2984.1554499999997,180,2709.9312999999997,,,False,,,,False,False,True,MAINLINE_RISE,True,37,0,0,False,315.31,294.67940000000004,318.4026,0.0073544446148339215,340.8,-0.07479460093896717,566663.6035061765,2,1.2774896685843933,1.2774896685843933,游戏,1.297535491198183,1.297535491198183,11,0,False,0.02,0,HOLD,云计算,NO_STRONGER_QUALIFIED_SECTOR,4,5,equal_capital,0.1,False,559714.8005443091
2019-03-20,云计算,1.0,1.0,3090.64,3000.6265,180,2711.0472999999997,,,False,,,,False,False,True,MAINLINE_RISE,True,38,0,0,False,308.948,297.77439999999996,318.316,-0.02017696869747243,340.8,-0.09346244131455406,566663.6035061765,2,1.2505585959003918,1.2505585959003918,工程机械,1.2686818783146212,1.2686818783146212,12,0,False,0.02,0,HOLD,云计算,NO_STRONGER_QUALIFIED_SECTOR,5,5,equal_capital,0.1,False,552650.1742229155
2019-03-21,云计算,1.0,1.0,3101.455,3018.1092,180,2712.392405555556,,,False,,,,False,False,True,MAINLINE_RISE,True,39,0,0,False,315.216,301.3837,316.4698,0.020288203840128638,340.8,-0.07507042253521123,566663.6035061765,2,1.2970250586347363,1.2970250586347363,游戏,1.3391879615178555,1.3391879615178555,16,0,False,0.02,1,HOLD,云计算,SWITCH_CONFIRM_1_OF_2,6,5,equal_capital,0.1,False,562927.8707303219
2019-03-22,云计算,1.0,1.0,3104.149,3033.10535,180,2713.8348555555554,,,False,,,,False,False,True,MAINLINE_RISE,True,40,0,0,False,315.46599999999995,304.37330000000003,314.99100000000004,0.0007931069488855691,340.8,-0.07433685446009408,566663.6035061765,2,1.2338603064840379,1.2338603064840379,游戏,1.3208024044810782,1.3208024044810782,18,0,False,0.02,0,SWITCH,游戏,STRONGER_RS20_MARGIN_2%,0,5,equal_capital,0.1,False,558927.3122928983
2019-03-25,游戏,1.0,1.0,3043.031,3037.19275,180,2715.1118166666665,,,False,,,,False,False,True,MAINLINE_RISE,True,41,0,0,False,112.434,106.96570000000001,112.2942,-0.030858344682538452,112.434,0.0,566663.6035061765,2,1.1949622701668614,1.1949622701668614,游戏,1.1949622701668614,1.1949622701668614,6,0,False,0.02,0,HOLD,游戏,NO_STRONGER_QUALIFIED_SECTOR,0,5,equal_capital,0.1,False,547476.4624415623
2019-03-26,游戏,1.0,1.0,2997.095,3039.9717,180,2716.2795833333334,,,False,,,,False,False,False,MAINLINE_DECLINE,False,0,1,1,False,107.88200000000002,107.4731,111.1366,-0.04048597399363163,112.434,-0.04048597399363163,566663.6035061765,2,1.1038328524362047,1.1038328524362047,轻工制造,1.1793784158577372,1.1793784158577372,5,0,False,0.02,1,HOLD,游戏,SWITCH_CONFIRM_1_OF_2,1,5,equal_capital,0.1,False,523095.73266093223
2019-03-27,游戏,1.0,1.0,3022.72,3043.4165000000003,180,2717.2534833333334,,,False,,,,False,False,False,MAINLINE_DECLINE,False,0,2,2,False,106.8,107.95689999999999,110.5444,-0.010029476650414537,112.434,-0.050109397513207754,566663.6035061765,2,1.0996252213665005,1.0996252213665005,轻工制造,1.2073112782447686,1.2073112782447686,5,0,False,0.02,1,SELL,,DOUBLE_MA20_BREAK,2,5,equal_capital,0.1,False,517698.4868294392
2019-03-28,现金,0.0,0.0,2994.943,3046.1159500000003,180,2718.4722944444447,,,False,,,,False,False,False,MAINLINE_DECLINE,False,0,3,3,False,,,,,,,,3,,,轻工制造,1.1824317634245354,1.1824317634245354,4,0,False,0.02,1,CASH,,ENTRY_GATE_CLOSED_OR_NO_CANDIDATE,0,5,equal_capital,0.1,False,519185.1523117273
2019-03-29,现金,0.0,0.0,3090.758,3050.9536,180,2720.160461111111,,,False,,,,False,False,True,MAINLINE_RISE,True,1,0,0,False,,,,,,,,3,,,轻工制造,1.2624156556287045,1.2624156556287045,5,0,False,0.02,1,CASH,,ENTRY_GATE_CLOSED_OR_NO_CANDIDATE,0,5,equal_capital,0.1,False,519185.1523117273
2019-04-01,现金,0.0,0.0,3170.361,3058.09285,180,2722.4451,,,False,,,,False,False,True,MAINLINE_RISE,True,2,0,0,False,,,,,,,,3,,,轻工制造,1.2569496619083398,1.2569496619083398,9,0,False,0.02,1,CASH,,ENTRY_GATE_CLOSED_OR_NO_CANDIDATE,0,5,equal_capital,0.1,False,519185.1523117273
2019-04-02,现金,0.0,0.0,3176.823,3064.22165,180,2724.9058833333333,,,False,,,,False,False,True,MAINLINE_RISE,True,3,0,0,False,,,,,,,,3,,,煤炭,1.2069418641533374,1.2069418641533374,8,0,False,0.02,1,CASH,,ENTRY_GATE_CLOSED_OR_NO_CANDIDATE,0,5,equal_capital,0.1,False,519185.1523117273
2019-04-03,现金,0.0,0.0,3216.295,3069.93145,180,2727.5118055555554,,,False,,,,False,False,True,MAINLINE_RISE,True,4,0,0,False,,,,,,,,3,,,航运港口,1.199595024587793,1.199595024587793,9,0,False,0.02,1,CASH,,ENTRY_GATE_CLOSED_OR_NO_CANDIDATE,0,5,equal_capital,0.1,False,519185.1523117273
2019-04-04,现金,0.0,0.0,3246.571,3076.9391,180,2729.9088111111114,,,False,,,,False,False,True,MAINLINE_RISE,True,5,0,0,False,,,,,,,,3,,,农林牧渔,1.2114358377984764,1.2114358377984764,14,0,False,0.02,1,CASH,,ENTRY_GATE_CLOSED_OR_NO_CANDIDATE,0,5,equal_capital,0.1,False,519185.1523117273
2019-04-08,现金,0.0,0.0,3244.81,3090.68655,180,2732.2265055555554,,,False,,,,False,False,True,MAINLINE_RISE,True,6,0,0,False,,,,,,,,3,,,建材,1.283608671620709,1.283608671620709,18,0,False,0.02,1,CASH,,ENTRY_GATE_CLOSED_OR_NO_CANDIDATE,0,5,equal_capital,0.1,False,519185.1523117273
2019-04-09,现金,0.0,0.0,3239.664,3101.3201,180,2734.7925777777778,,,False,,,,False,False,True,MAINLINE_RISE,True,7,0,0,False,,,,,,,,3,,,煤炭,1.2927420751775505,1.2927420751775505,13,0,False,0.02,1,CASH,,ENTRY_GATE_CLOSED_OR_NO_CANDIDATE,0,5,equal_capital,0.1,False,519185.1523117273
2019-04-10,现金,0.0,0.0,3241.93,3110.40125,180,2737.038527777778,,,False,,,,False,False,True,MAINLINE_RISE,True,8,0,0,False,,,,,,,,3,,,煤炭,1.3049125514403292,1.3049125514403292,11,0,False,0.02,1,CASH,,ENTRY_GATE_CLOSED_OR_NO_CANDIDATE,0,5,equal_capital,0.1,False,519185.1523117273
2019-04-11,现金,0.0,0.0,3189.962,3118.5518,180,2739.0317388888893,,,False,,,,False,False,True,MAINLINE_RISE,True,9,0,0,False,,,,,,,,3,,,煤炭,1.3294713656387664,1.3294713656387664,11,0,False,0.02,1,CASH,,ENTRY_GATE_CLOSED_OR_NO_CANDIDATE,0,5,equal_capital,0.1,False,519185.1523117273
2019-04-12,现金,0.0,0.0,3188.626,3128.4488499999998,180,2741.112761111111,,,False,,,,False,False,True,MAINLINE_RISE,True,10,0,0,False,,,,,,,,3,,,煤炭,1.3251895917533263,1.3251895917533263,9,0,False,0.02,1,CASH,,ENTRY_GATE_CLOSED_OR_NO_CANDIDATE,0,5,equal_capital,0.1,False,519185.1523117273
2019-04-15,现金,0.0,0.0,3177.787,3136.25065,180,2743.221988888889,,,False,,,,False,False,True,MAINLINE_RISE,True,11,0,0,False,,,,,,,,3,,,煤炭,1.311296362339515,1.311296362339515,5,0,False,0.02,1,CASH,,ENTRY_GATE_CLOSED_OR_NO_CANDIDATE,0,5,equal_capital,0.1,False,519185.1523117273
2019-04-16,现金,0.0,0.0,3253.598,3144.10965,180,2745.812772222222,,,False,,,,False,False,True,MAINLINE_RISE,True,12,0,0,False,,,,,,,,3,,,煤炭,1.3257118205349439,1.3257118205349439,6,0,False,0.02,1,CASH,,ENTRY_GATE_CLOSED_OR_NO_CANDIDATE,0,5,equal_capital,0.1,False,519185.1523117273
2019-04-17,现金,0.0,0.0,3263.118,3152.7168,180,2748.5381777777775,,,False,,,,False,False,True,MAINLINE_RISE,True,13,0,0,False,,,,,,,,3,,,煤炭,1.3668816116660345,1.3668816116660345,7,0,False,0.02,1,CASH,,ENTRY_GATE_CLOSED_OR_NO_CANDIDATE,0,5,equal_capital,0.1,False,519185.1523117273
2019-04-18,现金,0.0,0.0,3250.201,3160.69485,180,2750.876677777778,,,False,,,,False,False,True,MAINLINE_RISE,True,14,0,0,False,,,,,,,,3,,,煤炭,1.4249153341621297,1.4249153341621297,7,0,False,0.02,1,CASH,,ENTRY_GATE_CLOSED_OR_NO_CANDIDATE,0,5,equal_capital,0.1,False,519185.1523117273
2019-04-19,现金,0.0,0.0,3270.797,3169.16195,180,2753.161427777778,,,False,,,,False,False,True,MAINLINE_RISE,True,15,0,0,False,,,,,,,,3,,,煤炭,1.4618260610952967,1.4618260610952967,10,0,False,0.02,1,CASH,,ENTRY_GATE_CLOSED_OR_NO_CANDIDATE,0,5,equal_capital,0.1,False,519185.1523117273
2019-04-22,现金,0.0,0.0,3215.043,3174.70665,180,2754.8807666666667,,,False,,,,False,False,True,MAINLINE_RISE,True,16,0,0,False,,,,,,,,3,,,煤炭,1.3832228454869964,1.3832228454869964,5,0,False,0.02,1,CASH,,ENTRY_GATE_CLOSED_OR_NO_CANDIDATE,0,5,equal_capital,0.1,False,519185.1523117273
2019-04-23,现金,0.0,0.0,3198.594,3182.4847999999997,180,2756.519361111111,,,False,,,,False,False,True,MAINLINE_RISE,True,17,0,0,False,,,,,,,,3,,,煤炭,1.3776290218095444,1.3776290218095444,8,0,False,0.02,1,CASH,,ENTRY_GATE_CLOSED_OR_NO_CANDIDATE,0,5,equal_capital,0.1,False,519185.1523117273
2019-04-24,现金,0.0,0.0,3201.614,3192.7107499999997,180,2758.2937444444447,,,False,,,,False,False,True,MAINLINE_RISE,True,18,0,0,False,,,,,,,,3,,,煤炭,1.4115292582118775,1.4115292582118775,10,0,False,0.02,1,CASH,,ENTRY_GATE_CLOSED_OR_NO_CANDIDATE,0,5,equal_capital,0.1,False,519185.1523117273
2019-04-25,现金,0.0,0.0,3123.826,3197.7660499999997,180,2759.683922222222,,,False,,,,False,False,False,MAINLINE_DECLINE,False,0,1,1,False,,,,,,,,3,,,煤炭,1.2625778832704615,1.2625778832704615,7,0,False,0.02,1,CASH,,ENTRY_GATE_CLOSED_OR_NO_CANDIDATE,0,5,equal_capital,0.1,False,519185.1523117273
2019-04-26,现金,0.0,0.0,3086.399,3202.3388499999996,180,2760.8914166666664,,,False,,,,False,False,False,MAINLINE_DECLINE,False,0,2,2,False,,,,,,,,3,,,农林牧渔,1.1558198583455834,1.1558198583455834,2,0,False,0.02,1,CASH,,ENTRY_GATE_CLOSED_OR_NO_CANDIDATE,0,5,equal_capital,0.1,False,519185.1523117273
2019-04-29,现金,0.0,0.0,3062.499,3200.9259,180,2761.9252944444443,,,False,,,,False,False,False,MAINLINE_DECLINE,False,0,3,3,False,,,,,,,,3,,,食品饮料,1.1178807299454456,1.1178807299454456,1,0,False,0.02,1,CASH,,ENTRY_GATE_CLOSED_OR_NO_CANDIDATE,0,5,equal_capital,0.1,False,519185.1523117273
2019-04-30,现金,0.0,0.0,3078.339,3196.3248,180,2763.335322222222,,,False,,,,False,False,False,MAINLINE_DECLINE,False,0,4,4,False,,,,,,,,3,,,食品饮料,1.11389443398285,1.11389443398285,1,0,False,0.02,1,CASH,,ENTRY_GATE_CLOSED_OR_NO_CANDIDATE,0,5,equal_capital,0.1,False,519185.1523117273
2019-05-06,现金,0.0,0.0,2906.464,3182.80685,180,2764.1044333333334,,,False,,,,False,False,False,BROAD_DECLINE_OR_NO_LEADER,False,0,5,5,False,,,,,,,,3,,,,,,0,0,False,0.02,1,CASH,,ENTRY_GATE_CLOSED_OR_NO_CANDIDATE,0,5,equal_capital,0.1,False,519185.1523117273
2019-05-07,现金,0.0,0.0,2926.391,3168.31165,180,2765.137477777778,,,False,,,,False,False,False,BROAD_DECLINE_OR_NO_LEADER,False,0,6,6,False,,,,,,,,3,,,,,,0,0,False,0.02,1,CASH,,ENTRY_GATE_CLOSED_OR_NO_CANDIDATE,0,5,equal_capital,0.1,False,519185.1523117273
2019-05-08,现金,0.0,0.0,2893.757,3150.67095,180,2766.185255555555,,,False,,,,False,False,False,BROAD_DECLINE_OR_NO_LEADER,False,0,7,7,False,,,,,,,,3,,,,,,0,0,False,0.02,1,CASH,,ENTRY_GATE_CLOSED_OR_NO_CANDIDATE,0,5,equal_capital,0.1,False,519185.1523117273
2019-05-09,现金,0.0,0.0,2850.954,3130.97815,180,2766.5829222222224,,,False,,,,False,False,False,BROAD_DECLINE_OR_NO_LEADER,False,0,8,8,False,,,,,,,,3,,,,,,0,0,False,0.02,1,CASH,,ENTRY_GATE_CLOSED_OR_NO_CANDIDATE,0,5,equal_capital,0.1,False,519185.1523117273
2019-05-10,现金,0.0,0.0,2939.211,3115.9555,180,2767.6670388888892,,,False,,,,False,False,False,MAINLINE_DECLINE,False,0,9,9,False,,,,,,,,3,,,航空机场,1.1195052841170163,1.1195052841170163,1,0,False,0.02,1,CASH,,ENTRY_GATE_CLOSED_OR_NO_CANDIDATE,0,5,equal_capital,0.1,False,519185.1523117273
2019-05-13,现金,0.0,0.0,2903.713,3099.04465,180,2768.274433333333,,,False,,,,False,False,False,BROAD_DECLINE_OR_NO_LEADER,False,0,10,10,False,,,,,,,,3,,,,,,0,0,False,0.02,1,CASH,,ENTRY_GATE_CLOSED_OR_NO_CANDIDATE,0,5,equal_capital,0.1,False,519185.1523117273
2019-05-14,现金,0.0,0.0,2883.611,3083.7271,180,2768.7649944444443,,,False,,,,False,False,False,BROAD_DECLINE_OR_NO_LEADER,False,0,11,11,False,,,,,,,,3,,,,,,0,0,False,0.02,1,CASH,,ENTRY_GATE_CLOSED_OR_NO_CANDIDATE,0,5,equal_capital,0.1,False,519185.1523117273
2019-05-15,现金,0.0,0.0,2938.678,3071.2297000000003,180,2769.6139166666667,,,False,,,,False,False,False,BROAD_DECLINE_OR_NO_LEADER,False,0,12,12,False,,,,,,,,3,,,,,,0,0,False,0.02,1,CASH,,ENTRY_GATE_CLOSED_OR_NO_CANDIDATE,0,5,equal_capital,0.1,False,519185.1523117273
2019-05-16,现金,0.0,0.0,2955.711,3060.1259,180,2770.5847277777775,,,False,,,,False,False,False,MAINLINE_DECLINE,False,0,13,13,False,,,,,,,,3,,,航空机场,1.1485356462214615,1.1485356462214615,1,0,False,0.02,1,CASH,,ENTRY_GATE_CLOSED_OR_NO_CANDIDATE,0,5,equal_capital,0.1,False,519185.1523117273
2019-05-17,现金,0.0,0.0,2882.296,3041.5608,180,2771.4682722222224,,,False,,,,False,False,False,BROAD_DECLINE_OR_NO_LEADER,False,0,14,14,False,,,,,,,,3,,,,,,0,0,False,0.02,1,CASH,,ENTRY_GATE_CLOSED_OR_NO_CANDIDATE,0,5,equal_capital,0.1,False,519185.1523117273
2019-05-20,现金,0.0,0.0,2870.605,3021.93515,180,2772.387233333334,,,False,,,,False,False,False,BROAD_DECLINE_OR_NO_LEADER,False,0,15,15,False,,,,,,,,3,,,,,,0,0,False,0.02,1,CASH,,ENTRY_GATE_CLOSED_OR_NO_CANDIDATE,0,5,equal_capital,0.1,False,519185.1523117273
2019-05-21,现金,0.0,0.0,2905.969,3004.7235499999997,180,2773.703916666667,,,False,,,,False,False,False,BROAD_DECLINE_OR_NO_LEADER,False,0,16,16,False,,,,,,,,3,,,,,,0,0,False,0.02,1,CASH,,ENTRY_GATE_CLOSED_OR_NO_CANDIDATE,0,5,equal_capital,0.1,False,519185.1523117273
2019-05-22,现金,0.0,0.0,2891.705,2985.76895,180,2774.777466666667,,,False,,,,False,False,False,BROAD_DECLINE_OR_NO_LEADER,False,0,17,17,False,,,,,,,,3,,,,,,0,0,False,0.02,1,CASH,,ENTRY_GATE_CLOSED_OR_NO_CANDIDATE,0,5,equal_capital,0.1,False,519185.1523117273
2019-05-23,现金,0.0,0.0,2852.515,2967.64255,180,2775.43685,,,False,,,,False,False,False,BROAD_DECLINE_OR_NO_LEADER,False,0,18,18,False,,,,,,,,3,,,,,,0,0,False,0.02,1,CASH,,ENTRY_GATE_CLOSED_OR_NO_CANDIDATE,0,5,equal_capital,0.1,False,519185.1523117273
2019-05-24,现金,0.0,0.0,2852.995,2950.3626,180,2776.2056666666663,,,False,,,,False,False,False,BROAD_DECLINE_OR_NO_LEADER,False,0,19,19,False,,,,,,,,3,,,,,,0,0,False,0.02,1,CASH,,ENTRY_GATE_CLOSED_OR_NO_CANDIDATE,0,5,equal_capital,0.1,False,519185.1523117273
2019-05-27,现金,0.0,0.0,2892.378,2934.9008000000003,180,2777.1376333333333,,,False,,,,False,False,False,BROAD_DECLINE_OR_NO_LEADER,False,0,20,20,False,,,,,,,,3,,,,,,0,0,False,0.02,1,CASH,,ENTRY_GATE_CLOSED_OR_NO_CANDIDATE,0,5,equal_capital,0.1,False,519185.1523117273
2019-05-28,现金,0.0,0.0,2909.911,2924.20505,180,2778.1403,,,False,,,,False,False,False,BROAD_DECLINE_OR_NO_LEADER,False,0,21,21,False,,,,,,,,3,,,,,,0,0,False,0.02,1,CASH,,ENTRY_GATE_CLOSED_OR_NO_CANDIDATE,0,5,equal_capital,0.1,False,519185.1523117273
2019-05-29,现金,0.0,0.0,2914.696,2915.6199,180,2778.883616666667,,,False,,,,False,False,False,BROAD_DECLINE_OR_NO_LEADER,False,0,22,22,False,,,,,,,,3,,,,,,0,0,False,0.02,1,CASH,,ENTRY_GATE_CLOSED_OR_NO_CANDIDATE,0,5,equal_capital,0.1,False,519185.1523117273
2019-05-30,现金,0.0,0.0,2905.805,2907.7852,180,2779.59375,,,False,,,,False,False,False,BROAD_DECLINE_OR_NO_LEADER,False,0,23,23,False,,,,,,,,3,,,,,,0,0,False,0.02,1,CASH,,ENTRY_GATE_CLOSED_OR_NO_CANDIDATE,0,5,equal_capital,0.1,False,519185.1523117273
2019-05-31,现金,0.0,0.0,2898.696,2898.80305,180,2780.3126444444447,,,False,,,,False,False,False,BROAD_DECLINE_OR_NO_LEADER,False,0,24,24,False,,,,,,,,3,,,,,,0,0,False,0.02,1,CASH,,ENTRY_GATE_CLOSED_OR_NO_CANDIDATE,0,5,equal_capital,0.1,False,519185.1523117273
2019-06-03,现金,0.0,0.0,2890.081,2897.9839,180,2781.159,,,False,,,,False,False,False,MAINLINE_DECLINE,False,0,25,25,False,,,,,,,,3,,,农业种植,1.3956089002051082,1.3956089002051082,1,0,False,0.02,1,CASH,,ENTRY_GATE_CLOSED_OR_NO_CANDIDATE,0,5,equal_capital,0.1,False,519185.1523117273
2019-06-04,现金,0.0,0.0,2862.28,2894.77835,180,2781.9202777777778,,,False,,,,False,False,False,MAINLINE_DECLINE,False,0,26,26,False,,,,,,,,3,,,农业种植,1.191538453858018,1.191538453858018,2,0,False,0.02,1,CASH,,ENTRY_GATE_CLOSED_OR_NO_CANDIDATE,0,5,equal_capital,0.1,False,519185.1523117273
2019-06-05,现金,0.0,0.0,2861.418,2893.1614,180,2782.7018555555555,,,False,,,,False,False,False,MAINLINE_DECLINE,False,0,27,27,False,,,,,,,,3,,,农业种植,1.2196569879146497,1.2196569879146497,3,0,False,0.02,1,CASH,,ENTRY_GATE_CLOSED_OR_NO_CANDIDATE,0,5,equal_capital,0.1,False,519185.1523117273
2019-06-06,现金,0.0,0.0,2827.798,2892.0036,180,2783.1308444444444,,,False,,,,False,False,False,MAINLINE_DECLINE,False,0,28,28,False,,,,,,,,3,,,农业种植,1.1474594187607823,1.1474594187607823,2,0,False,0.02,1,CASH,,ENTRY_GATE_CLOSED_OR_NO_CANDIDATE,0,5,equal_capital,0.1,False,519185.1523117273
2019-06-10,现金,0.0,0.0,2852.13,2887.6495499999996,180,2783.951916666667,,,False,,,,False,False,False,MAINLINE_DECLINE,False,0,29,29,False,,,,,,,,3,,,农业种植,1.160381815818251,1.160381815818251,1,0,False,0.02,1,CASH,,ENTRY_GATE_CLOSED_OR_NO_CANDIDATE,0,5,equal_capital,0.1,False,519185.1523117273
2019-06-11,现金,0.0,0.0,2925.716,2888.7497,180,2785.2526,,,False,,,,False,False,True,BROAD_DECLINE_OR_NO_LEADER,False,0,30,0,False,,,,,,,,3,,,,,,0,0,False,0.02,1,CASH,,ENTRY_GATE_CLOSED_OR_NO_CANDIDATE,0,5,equal_capital,0.1,False,519185.1523117273
2019-06-12,现金,0.0,0.0,2909.38,2890.03815,180,2786.403038888889,,,False,,,,False,False,True,NO_MAINLINE_ROTATION,False,0,31,0,False,,,,,,,,3,,,农业种植,1.214210849332412,1.214210849332412,2,0,False,0.02,1,BUY,农业种植,ENTRY_TOP1,0,5,equal_capital,0.1,False,519185.1523117273
2019-06-13,农业种植,1.0,1.0,2910.741,2888.6413,180,2787.74335,,,False,,,,False,False,True,NO_MAINLINE_ROTATION,False,0,32,0,False,10.35458345413208,9.396817207336426,9.78708987236023,-0.001993913188948593,10.35458345413208,0.0,519185.1523117273,3,1.1519050194111362,1.1519050194111362,农业种植,1.1519050194111362,1.1519050194111362,2,0,False,0.02,0,HOLD,农业种植,NO_STRONGER_QUALIFIED_SECTOR,0,5,equal_capital,0.1,False,526885.3579464146
2019-06-14,农业种植,1.0,1.0,2881.974,2884.95445,180,2788.9498722222224,,,False,,,,False,False,False,MAINLINE_DECLINE,False,0,33,1,False,10.180780792236328,9.443634929656984,9.807248010635375,-0.016785094510624043,10.35458345413208,-0.016785094510624043,519185.1523117273,3,1.1012885398599117,1.1012885398599117,黄金概念,1.130408634309678,1.130408634309678,2,0,False,0.02,1,HOLD,农业种植,SWITCH_CONFIRM_1_OF_2,0,5,equal_capital,0.1,False,518029.47448085604
2019-06-17,农业种植,1.0,1.0,2887.622,2885.22075,180,2790.23605,,,False,,,,False,False,True,NO_MAINLINE_ROTATION,False,0,34,0,False,10.004834938049317,9.45418559551239,9.844203453063965,-0.017282157211476745,10.35458345413208,-0.03377716907995876,519185.1523117273,3,1.0215455544602696,1.0215455544602696,黄金概念,1.1385114683527275,1.1385114683527275,1,0,False,0.02,0,HOLD,农业种植,RESEARCH_POLICY_BLOCK_STRONGER_RS20_MARGIN_2%,0,5,equal_capital,0.1,False,507743.6815799911
2019-06-18,农业种植,1.0,1.0,2890.158,2886.1984,180,2791.3670500000003,,,False,,,,False,False,True,NO_MAINLINE_ROTATION,False,0,35,0,False,9.735774803161622,9.485484008789062,9.81676809310913,-0.026893010884610824,10.35458345413208,-0.05976181018885096,519185.1523117273,3,1.0687136727819497,1.0687136727819497,黄金概念,1.2181967384851766,1.2181967384851766,1,0,False,0.02,1,HOLD,农业种植,SWITCH_CONFIRM_1_OF_2,1,5,equal_capital,0.1,False,493518.3299137711
2019-06-19,农业种植,1.0,1.0,2917.803,2886.7900999999997,180,2792.6790499999997,,,False,,,,False,False,True,NO_MAINLINE_ROTATION,False,0,36,0,False,9.913143920898438,9.527137451171875,9.89305414199829,0.01821828476139542,10.35458345413208,-0.04263228310333245,519185.1523117273,3,1.0917469118852547,1.0917469118852547,黄金概念,1.1937011972930767,1.1937011972930767,1,0,False,0.02,0,SWITCH,黄金概念,STRONGER_RS20_MARGIN_2%,0,5,equal_capital,0.1,False,500600.1888278185
2019-06-20,黄金概念,1.0,1.0,2987.119,2891.5607999999997,180,2794.5419944444443,,,False,,,,False,False,True,MAINLINE_RISE,True,1,0,0,False,143.512,127.3427,135.5198,0.04307124271364815,143.512,0.0,519185.1523117273,3,1.2436910704381585,1.2436910704381585,黄金概念,1.2436910704381585,1.2436910704381585,5,0,False,0.02,0,HOLD,黄金概念,NO_STRONGER_QUALIFIED_SECTOR,0,5,equal_capital,0.1,False,495426.62860623957
2019-06-21,黄金概念,1.0,1.0,3001.98,2899.0340499999998,180,2796.219938888889,,,False,,,,False,False,True,MAINLINE_RISE,True,2,0,0,False,150.8,129.2308,137.628,0.05078320976643069,150.8,0.0,519185.1523117273,3,1.3340646508253862,1.3340646508253862,黄金概念,1.3340646508253862,1.3340646508253862,10,0,False,0.02,0,HOLD,黄金概念,NO_STRONGER_QUALIFIED_SECTOR,0,5,equal_capital,0.1,False,516663.49508677353
2019-06-24,黄金概念,1.0,1.0,3008.148,2906.7917,180,2797.7604833333335,,,False,,,,False,False,True,MAINLINE_RISE,True,3,0,0,False,155.88799999999998,131.3459,140.3016,0.033740053050397734,155.88799999999998,0.0,519185.1523117273,3,1.3724226577219023,1.3724226577219023,黄金概念,1.3724226577219023,1.3724226577219023,10,0,False,0.02,0,HOLD,黄金概念,NO_STRONGER_QUALIFIED_SECTOR,0,5,equal_capital,0.1,False,531842.0683407513
2019-06-25,黄金概念,1.0,1.0,2982.074,2911.2765,180,2799.1650944444445,,,False,,,,False,False,True,MAINLINE_RISE,True,4,0,0,False,170.092,134.10840000000002,144.3372,0.09111669916863407,170.092,0.0,519185.1523117273,3,1.481095766357256,1.481095766357256,黄金概念,1.481095766357256,1.481095766357256,4,0,False,0.02,0,HOLD,黄金概念,NO_STRONGER_QUALIFIED_SECTOR,0,5,equal_capital,0.1,False,572028.7281330213
2019-06-26,黄金概念,1.0,1.0,2976.284,2914.59515,180,2800.1584222222223,,,False,,,,False,False,True,MAINLINE_RISE,True,5,0,0,False,159.06400000000002,136.29940000000002,146.64140000000003,-0.06483550078780886,170.092,-0.06483550078780886,519185.1523117273,3,1.3802367151435218,1.3802367151435218,黄金概念,1.3802367151435218,1.3802367151435218,4,0,False,0.02,0,HOLD,黄金概念,NO_STRONGER_QUALIFIED_SECTOR,0,5,equal_capital,0.1,False,539013.2132741889
2019-06-27,黄金概念,1.0,1.0,2996.793,2918.7,180,2801.3565000000003,,,False,,,,False,False,True,MAINLINE_RISE,True,6,0,0,False,161.07,138.4976,149.2054,0.012611275964391488,170.092,-0.053041883216142005,519185.1523117273,3,1.3754205591515378,1.3754205591515378,黄金概念,1.3754205591515378,1.3754205591515378,8,0,False,0.02,0,HOLD,黄金概念,NO_STRONGER_QUALIFIED_SECTOR,0,5,equal_capital,0.1,False,551113.0506632742
2019-06-28,黄金概念,1.0,1.0,2978.878,2922.35365,180,2802.3124166666666,,,False,,,,False,False,True,MAINLINE_RISE,True,7,0,0,False,161.526,140.8058,151.449,0.002831067237847096,170.092,-0.05036098111610188,519185.1523117273,3,1.4001664326207939,1.4001664326207939,黄金概念,1.4001664326207939,1.4001664326207939,9,0,False,0.02,0,HOLD,黄金概念,NO_STRONGER_QUALIFIED_SECTOR,0,5,equal_capital,0.1,False,552136.694842277
2019-07-01,黄金概念,1.0,1.0,3044.903,2929.6639999999998,180,2803.718683333333,,,False,,,,False,False,True,MAINLINE_RISE,True,8,0,0,False,158.39600000000002,142.71970000000002,153.7476,-0.01937768532620132,170.092,-0.0687627871975166,519185.1523117273,3,1.3186699745250503,1.3186699745250503,黄金概念,1.3186699745250503,1.3186699745250503,17,0,False,0.02,0,HOLD,黄金概念,NO_STRONGER_QUALIFIED_SECTOR,0,5,equal_capital,0.1,False,547383.1427782932
2019-07-02,黄金概念,1.0,1.0,3043.943,2937.3571,180,2804.9553111111113,,,False,,,,False,False,True,MAINLINE_RISE,True,9,0,0,False,161.196,144.5344,155.913,0.017677214071062375,170.092,-0.052301107635867705,519185.1523117273,3,1.2905798145746266,1.2905798145746266,黄金概念,1.2905798145746266,1.2905798145746266,15,0,False,0.02,0,HOLD,黄金概念,NO_STRONGER_QUALIFIED_SECTOR,0,5,equal_capital,0.1,False,551563.8232660056
2019-07-03,黄金概念,1.0,1.0,3015.263,2945.00625,180,2806.61505,,,False,,,,False,False,True,MAINLINE_RISE,True,10,0,0,False,166.57999999999998,146.56130000000002,158.81239999999997,0.03340033251445429,170.092,-0.02064764950732556,519185.1523117273,3,1.3216229510797985,1.3216229510797985,黄金概念,1.3216229510797985,1.3216229510797985,12,0,False,0.02,0,HOLD,黄金概念,NO_STRONGER_QUALIFIED_SECTOR,0,5,equal_capital,0.1,False,567641.1469065207
2019-07-04,黄金概念,1.0,1.0,3005.249,2952.1978000000004,180,2808.194138888889,,,False,,,,False,False,True,MAINLINE_RISE,True,11,0,0,False,161.68,148.0745,160.6292,-0.029415295953895915,170.092,-0.049455588740211165,519185.1523117273,3,1.2302915931089062,1.2302915931089062,黄金概念,1.2302915931089062,1.2302915931089062,12,0,False,0.02,0,HOLD,黄金概念,NO_STRONGER_QUALIFIED_SECTOR,0,5,equal_capital,0.1,False,551294.4572714834
2019-07-05,黄金概念,1.0,1.0,3011.059,2961.36085,180,2809.7787055555555,,,False,,,,False,False,True,MAINLINE_RISE,True,12,0,0,False,166.62599999999998,149.9199,162.21179999999998,0.030591291439881152,170.092,-0.0203772076288129,519185.1523117273,3,1.2845248924590262,1.2845248924590262,黄金概念,1.2845248924590262,1.2845248924590262,16,0,False,0.02,0,HOLD,黄金概念,NO_STRONGER_QUALIFIED_SECTOR,0,5,equal_capital,0.1,False,569995.0528314332
2019-07-08,黄金概念,1.0,1.0,2933.363,2965.4225,180,2811.722622222222,,,False,,,,False,False,False,MAINLINE_DECLINE,False,0,1,1,False,161.658,151.5452,162.7888,-0.029815274927082136,170.092,-0.04958493050819568,519185.1523117273,3,1.2516879335976214,1.2516879335976214,黄金概念,1.2516879335976214,1.2516879335976214,7,0,False,0.02,0,HOLD,黄金概念,NO_STRONGER_QUALIFIED_SECTOR,1,5,equal_capital,0.1,False,553779.5620417747
2019-07-09,黄金概念,1.0,1.0,2928.23,2965.5482,180,2813.5077166666665,,,False,,,,False,False,False,MAINLINE_DECLINE,False,0,2,2,False,157.12,152.9144,161.4916,-0.028071607962488643,170.092,-0.076264609740611,519185.1523117273,3,1.2110747980514274,1.2110747980514274,黄金概念,1.2110747980514274,1.2110747980514274,4,0,False,0.02,0,HOLD,黄金概念,NO_STRONGER_QUALIFIED_SECTOR,2,5,equal_capital,0.1,False,536980.3725193314
2019-07-10,黄金概念,1.0,1.0,2915.302,2965.8442999999997,180,2815.4366277777776,,,False,,,,False,False,False,BROAD_DECLINE_OR_NO_LEADER,False,0,3,3,False,152.30599999999998,153.7286,160.8158,-0.030639002036660035,170.092,-0.1045669402441034,519185.1523117273,3,1.1197159283057152,1.1197159283057152,,,,0,0,False,0.02,0,SELL,,DOUBLE_MA20_BREAK,3,5,equal_capital,0.1,False,520861.4698050043
2019-07-11,现金,0.0,0.0,2917.761,2966.1953000000003,180,2817.5001333333335,,,False,,,,False,False,False,BROAD_DECLINE_OR_NO_LEADER,False,0,4,4,False,,,,,,,,0,,,,,,0,0,False,0.02,0,CASH,,ENTRY_GATE_CLOSED_OR_NO_CANDIDATE,0,5,equal_capital,0.1,False,543529.7970523861
2019-07-12,现金,0.0,0.0,2930.546,2968.6239,180,2819.5497555555557,,,False,,,,False,False,False,BROAD_DECLINE_OR_NO_LEADER,False,0,5,5,False,,,,,,,,0,,,,,,0,0,False,0.02,0,CASH,,ENTRY_GATE_CLOSED_OR_NO_CANDIDATE,0,5,equal_capital,0.1,False,543529.7970523861
2019-07-15,现金,0.0,0.0,2942.185,2971.35205,180,2822.081788888889,,,False,,,,False,False,False,MAINLINE_DECLINE,False,0,6,6,False,,,,,,,,0,,,风电设备,1.1055160484335962,1.1055160484335962,1,0,False,0.02,0,CASH,,ENTRY_GATE_CLOSED_OR_NO_CANDIDATE,0,5,equal_capital,0.1,False,543529.7970523861
2019-07-16,现金,0.0,0.0,2937.617,2973.725,180,2824.2326333333335,,,False,,,,False,False,False,MAINLINE_DECLINE,False,0,7,7,False,,,,,,,,0,,,消费电子,1.2329844075298089,1.2329844075298089,2,0,False,0.02,0,CASH,,ENTRY_GATE_CLOSED_OR_NO_CANDIDATE,0,5,equal_capital,0.1,False,543529.7970523861
2019-07-17,现金,0.0,0.0,2931.693,2974.4195,180,2825.7705055555557,,,False,,,,False,False,False,MAINLINE_DECLINE,False,0,8,8,False,,,,,,,,0,,,消费电子,1.1716129562643867,1.1716129562643867,3,0,False,0.02,0,CASH,,ENTRY_GATE_CLOSED_OR_NO_CANDIDATE,0,5,equal_capital,0.1,False,543529.7970523861
2019-07-18,现金,0.0,0.0,2901.177,2970.1224,180,2827.472455555556,,,False,,,,False,False,False,MAINLINE_DECLINE,False,0,9,9,False,,,,,,,,0,,,消费电子,1.107856191744341,1.107856191744341,2,0,False,0.02,0,CASH,,ENTRY_GATE_CLOSED_OR_NO_CANDIDATE,0,5,equal_capital,0.1,False,543529.7970523861
2019-07-19,现金,0.0,0.0,2924.201,2966.23345,180,2829.255266666667,,,False,,,,False,False,False,MAINLINE_DECLINE,False,0,10,10,False,,,,,,,,0,,,农林牧渔,1.1181156206106306,1.1181156206106306,2,0,False,0.02,0,CASH,,ENTRY_GATE_CLOSED_OR_NO_CANDIDATE,0,5,equal_capital,0.1,False,543529.7970523861
2019-07-22,现金,0.0,0.0,2886.974,2960.17475,180,2830.8284555555556,,,False,,,,False,False,False,MAINLINE_DECLINE,False,0,11,11,False,,,,,,,,0,,,消费电子,1.1244506753659915,1.1244506753659915,1,0,False,0.02,0,CASH,,ENTRY_GATE_CLOSED_OR_NO_CANDIDATE,0,5,equal_capital,0.1,False,543529.7970523861
2019-07-23,现金,0.0,0.0,2899.945,2956.0683,180,2832.501222222222,,,False,,,,False,False,False,MAINLINE_DECLINE,False,0,12,12,False,,,,,,,,0,,,消费电子,1.187345322554034,1.187345322554034,3,0,False,0.02,0,CASH,,ENTRY_GATE_CLOSED_OR_NO_CANDIDATE,0,5,equal_capital,0.1,False,543529.7970523861
2019-07-24,现金,0.0,0.0,2923.278,2953.418,180,2834.618861111111,,,False,,,,False,False,False,MAINLINE_DECLINE,False,0,13,13,False,,,,,,,,0,,,消费电子,1.193529790314796,1.193529790314796,3,0,False,0.02,0,CASH,,ENTRY_GATE_CLOSED_OR_NO_CANDIDATE,0,5,equal_capital,0.1,False,543529.7970523861
2019-07-25,现金,0.0,0.0,2937.36,2950.44635,180,2836.6705944444443,,,False,,,,False,False,False,MAINLINE_DECLINE,False,0,14,14,False,,,,,,,,0,,,消费电子,1.1757420402776544,1.1757420402776544,3,0,False,0.02,0,CASH,,ENTRY_GATE_CLOSED_OR_NO_CANDIDATE,0,5,equal_capital,0.1,False,543529.7970523861
2019-07-26,现金,0.0,0.0,2944.541,2948.7295,180,2838.56925,,,False,,,,False,False,False,MAINLINE_DECLINE,False,0,15,15,False,,,,,,,,0,,,消费电子,1.1866120079441869,1.1866120079441869,3,0,False,0.02,0,CASH,,ENTRY_GATE_CLOSED_OR_NO_CANDIDATE,0,5,equal_capital,0.1,False,543529.7970523861
2019-07-29,现金,0.0,0.0,2941.007,2943.5347,180,2840.4290833333334,,,False,,,,False,False,False,MAINLINE_DECLINE,False,0,16,16,False,,,,,,,,0,,,PCB,1.1500113352981183,1.1500113352981183,2,0,False,0.02,0,CASH,,ENTRY_GATE_CLOSED_OR_NO_CANDIDATE,0,5,equal_capital,0.1,False,543529.7970523861
2019-07-30,现金,0.0,0.0,2952.338,2938.95445,180,2841.96165,,,False,,,,False,False,True,NO_MAINLINE_ROTATION,False,0,17,0,False,,,,,,,,0,,,PCB,1.1720307405682346,1.1720307405682346,2,0,False,0.02,0,BUY,PCB,ENTRY_TOP1,0,5,equal_capital,0.1,False,543529.7970523861
2019-07-31,PCB,1.0,1.0,2932.506,2934.8166,180,2843.4453999999996,,,False,,,,False,False,False,MAINLINE_DECLINE,False,0,18,1,False,101.486,88.8138,92.38719999999999,0.008265940747511413,101.486,0.0,543529.7970523861,0,1.1822142491030243,1.1822142491030243,PCB,1.1822142491030243,1.1822142491030243,4,0,False,0.02,0,HOLD,PCB,NO_STRONGER_QUALIFIED_SECTOR,0,5,equal_capital,0.1,False,551193.7676398664
2019-08-01,PCB,1.0,1.0,2908.766,2929.9924499999997,180,2844.831011111111,,,False,,,,False,False,False,MAINLINE_DECLINE,False,0,19,2,False,101.512,89.6564,94.09400000000001,0.00025619297242962524,101.512,0.0,543529.7970523861,0,1.1990550437042287,1.1990550437042287,PCB,1.1990550437042287,1.1990550437042287,5,0,False,0.02,0,HOLD,PCB,NO_STRONGER_QUALIFIED_SECTOR,0,5,equal_capital,0.1,False,548931.4874642398
2019-08-02,PCB,1.0,1.0,2867.838,2922.8314,180,2846.0893222222226,,,False,,,,False,False,False,MAINLINE_DECLINE,False,0,20,3,False,100.086,90.3906,95.6208,-0.014047600283710326,101.512,-0.014047600283710326,543529.7970523861,0,1.1719397672185663,1.1719397672185663,PCB,1.1719397672185663,1.1719397672185663,3,0,False,0.02,0,HOLD,PCB,NO_STRONGER_QUALIFIED_SECTOR,0,5,equal_capital,0.1,False,541227.0584433572
2019-08-05,PCB,1.0,1.0,2821.496,2917.23805,180,2847.1219,,,False,,,,False,False,False,MAINLINE_DECLINE,False,0,21,4,False,99.492,91.0715,97.103,-0.005934895989448963,101.512,-0.01989912522657411,543529.7970523861,0,1.1585811770733867,1.1585811770733867,PCB,1.1585811770733867,1.1585811770733867,3,0,False,0.02,0,HOLD,PCB,NO_STRONGER_QUALIFIED_SECTOR,0,5,equal_capital,0.1,False,536306.7106624283
2019-08-06,PCB,1.0,1.0,2777.556,2909.7043500000004,180,2848.1145888888886,,,False,,,,False,False,False,MAINLINE_DECLINE,False,0,22,5,False,101.44999999999999,91.9106,98.6046,0.019679974269287914,101.512,-0.0006107652297266952,543529.7970523861,0,1.1982094770161098,1.1982094770161098,PCB,1.1982094770161098,1.1982094770161098,3,0,False,0.02,0,HOLD,PCB,NO_STRONGER_QUALIFIED_SECTOR,0,5,equal_capital,0.1,False,547799.5601264342
2019-08-07,PCB,1.0,1.0,2768.68,2902.3732499999996,180,2848.8821444444443,,,False,,,,False,False,False,MAINLINE_DECLINE,False,0,23,6,False,98.80999999999999,92.6773,99.5736,-0.026022671266633823,101.512,-0.026617542753566203,543529.7970523861,0,1.1836935166994105,1.1836935166994105,PCB,1.1836935166994105,1.1836935166994105,2,0,False,0.02,0,HOLD,PCB,NO_STRONGER_QUALIFIED_SECTOR,1,5,equal_capital,0.1,False,539839.1149436423
2019-08-08,PCB,1.0,1.0,2794.552,2896.2128000000002,180,2849.6581,,,False,,,,False,False,False,MAINLINE_DECLINE,False,0,24,7,False,102.356,93.5702,100.3556,0.035887055965995396,102.356,0.0,543529.7970523861,0,1.211342280290658,1.211342280290658,PCB,1.211342280290658,1.211342280290658,1,0,False,0.02,0,HOLD,PCB,NO_STRONGER_QUALIFIED_SECTOR,0,5,equal_capital,0.1,False,559993.6654121641
2019-08-09,PCB,1.0,1.0,2774.753,2888.42315,180,2850.4498222222223,,,False,,,,False,False,False,MAINLINE_DECLINE,False,0,25,8,False,104.176,94.5797,101.14759999999998,0.017781077806870105,104.176,0.0,543529.7970523861,0,1.2403972090586526,1.2403972090586526,PCB,1.2403972090586526,1.2403972090586526,2,0,False,0.02,0,HOLD,PCB,NO_STRONGER_QUALIFIED_SECTOR,0,5,equal_capital,0.1,False,565077.9628429549
2019-08-12,PCB,1.0,1.0,2814.994,2882.0636000000004,180,2851.2655111111108,,,False,,,,False,False,False,MAINLINE_DECLINE,False,0,26,9,False,112.78599999999999,95.93769999999999,102.2808,0.0826485946859159,112.78599999999999,0.0,543529.7970523861,0,1.3171933758437855,1.3171933758437855,PCB,1.3171933758437855,1.3171933758437855,1,0,False,0.02,0,HOLD,PCB,NO_STRONGER_QUALIFIED_SECTOR,0,5,equal_capital,0.1,False,604817.1543823269
2019-08-13,PCB,1.0,1.0,2797.26,2875.04575,180,2851.9219,,,False,,,,False,False,False,MAINLINE_DECLINE,False,0,27,10,False,111.64199999999998,97.1555,103.37960000000001,-0.010143102867377185,112.78599999999999,-0.010143102867377185,543529.7970523861,0,1.2790367298306713,1.2790367298306713,PCB,1.2790367298306713,1.2790367298306713,4,0,False,0.02,0,HOLD,PCB,NO_STRONGER_QUALIFIED_SECTOR,0,5,equal_capital,0.1,False,604979.8380254911
2019-08-14,PCB,1.0,1.0,2808.915,2868.9068500000003,180,2852.507472222222,,,False,,,,False,False,False,MAINLINE_DECLINE,False,0,28,11,False,108.96400000000001,98.2573,104.1274,-0.02398738825889868,112.78599999999999,-0.033887184579646235,543529.7970523861,0,1.253497147064237,1.253497147064237,PCB,1.253497147064237,1.253497147064237,4,0,False,0.02,0,HOLD,PCB,NO_STRONGER_QUALIFIED_SECTOR,0,5,equal_capital,0.1,False,588724.642571065
2019-08-15,PCB,1.0,1.0,2815.798,2864.6379,180,2853.4516,,,False,,,,False,False,False,MAINLINE_DECLINE,False,0,29,12,False,109.306,99.5004,104.9068,0.0031386512976760983,112.78599999999999,-0.03085489333782554,543529.7970523861,0,1.2944199706314243,1.2944199706314243,PCB,1.2944199706314243,1.2944199706314243,7,0,False,0.02,0,HOLD,PCB,NO_STRONGER_QUALIFIED_SECTOR,0,5,equal_capital,0.1,False,600562.2817463621
2019-08-16,PCB,1.0,1.0,2823.824,2859.6190500000002,180,2854.408927777778,,,False,,,,False,False,False,MAINLINE_DECLINE,False,0,30,13,False,107.756,100.6473,105.67379999999999,-0.01418037436188313,112.78599999999999,-0.04459773376128229,543529.7970523861,0,1.2704378787521515,1.2704378787521515,PCB,1.2704378787521515,1.2704378787521515,7,0,False,0.02,0,HOLD,PCB,NO_STRONGER_QUALIFIED_SECTOR,0,5,equal_capital,0.1,False,589374.8683053878
2019-08-19,PCB,1.0,1.0,2883.096,2859.42515,180,2855.7292722222223,,,False,,,,False,False,True,NO_MAINLINE_ROTATION,False,0,31,0,False,115.36600000000001,102.18209999999999,107.2612,0.07062251753962667,115.36600000000001,0.0,543529.7970523861,0,1.3625369079957483,1.3625369079957483,PCB,1.3625369079957483,1.3625369079957483,10,0,False,0.02,0,HOLD,PCB,NO_STRONGER_QUALIFIED_SECTOR,0,5,equal_capital,0.1,False,623474.0586289947
2019-08-20,PCB,1.0,1.0,2880.001,2858.4279500000002,180,2857.398816666667,,,False,,,,False,False,True,NO_MAINLINE_ROTATION,False,0,32,0,False,114.81000000000002,103.6009,108.5972,-0.004819444203664869,115.36600000000001,-0.004819444203664869,543529.7970523861,0,1.3282967350811026,1.3282967350811026,PCB,1.3282967350811026,1.3282967350811026,9,0,False,0.02,0,HOLD,PCB,NO_STRONGER_QUALIFIED_SECTOR,0,5,equal_capital,0.1,False,622063.2800139282
2019-08-21,PCB,1.0,1.0,2880.331,2856.2806,180,2859.0906,,,False,,,,False,False,True,NO_MAINLINE_ROTATION,False,0,33,0,False,120.41799999999998,105.16580000000002,110.758,0.048845919345004374,120.41799999999998,0.0,543529.7970523861,0,1.3511894075403947,1.3511894075403947,PCB,1.3511894075403947,1.3511894075403947,9,0,False,0.02,0,HOLD,PCB,NO_STRONGER_QUALIFIED_SECTOR,0,5,equal_capital,0.1,False,640242.2175527742
2019-08-22,PCB,1.0,1.0,2883.436,2853.5844,180,2860.8059166666667,,,False,,,,False,False,True,NO_MAINLINE_ROTATION,False,0,34,0,False,117.96199999999999,106.3371,112.31859999999999,-0.02039562191698907,120.41799999999998,-0.02039562191698907,543529.7970523861,0,1.2477997799779974,1.2477997799779974,PCB,1.2477997799779974,1.2477997799779974,8,0,False,0.02,0,HOLD,PCB,NO_STRONGER_QUALIFIED_SECTOR,0,5,equal_capital,0.1,False,630001.9865366349
2019-08-23,PCB,1.0,1.0,2897.425,2851.2286,180,2862.448627777778,,,False,,,,False,False,True,NO_MAINLINE_ROTATION,False,0,35,0,False,121.16599999999998,107.5826,114.01759999999999,0.02716128922873473,121.16599999999998,0.0,543529.7970523861,0,1.2587890624999998,1.2587890624999998,PCB,1.2587890624999998,1.2587890624999998,7,0,False,0.02,0,HOLD,PCB,NO_STRONGER_QUALIFIED_SECTOR,0,5,equal_capital,0.1,False,637944.112486014
2019-08-26,PCB,1.0,1.0,2863.567,2847.3566,180,2864.093761111111,,,False,,,,False,False,True,NO_MAINLINE_ROTATION,False,0,36,0,False,124.19200000000001,108.7195,115.1582,0.02497400260799254,124.19200000000001,0.0,543529.7970523861,0,1.224121276637688,1.224121276637688,PCB,1.224121276637688,1.224121276637688,7,0,False,0.02,0,HOLD,PCB,NO_STRONGER_QUALIFIED_SECTOR,0,5,equal_capital,0.1,False,643584.3919880115
2019-08-27,PCB,1.0,1.0,2902.193,2844.84935,180,2865.8382333333334,,,False,,,,False,False,True,NO_MAINLINE_ROTATION,False,0,37,0,False,123.34399999999998,109.854,116.32839999999999,-0.006828137078072838,124.19200000000001,-0.006828137078072838,543529.7970523861,0,1.2254257158185466,1.2254257158185466,PCB,1.2254257158185466,1.2254257158185466,8,0,False,0.02,0,HOLD,PCB,NO_STRONGER_QUALIFIED_SECTOR,0,5,equal_capital,0.1,False,646672.913274579
2019-08-28,PCB,1.0,1.0,2893.756,2842.91185,180,2867.1657777777777,,,False,,,,False,False,True,NO_MAINLINE_ROTATION,False,0,38,0,False,122.352,110.8973,117.66720000000001,-0.008042547671552547,124.19200000000001,-0.014815769131667156,543529.7970523861,0,1.2056047139506927,1.2056047139506927,PCB,1.2056047139506927,1.2056047139506927,8,0,False,0.02,0,HOLD,PCB,NO_STRONGER_QUALIFIED_SECTOR,0,5,equal_capital,0.1,False,635824.300271093
2019-08-29,PCB,1.0,1.0,2890.919,2842.0195000000003,180,2868.415561111111,,,False,,,,False,False,True,NO_MAINLINE_ROTATION,False,0,39,0,False,126.48400000000001,112.14590000000001,119.38499999999999,0.033771413626258795,126.48400000000001,0.0,543529.7970523861,0,1.2460004728505005,1.2460004728505005,黄金概念,1.2958385052590315,1.2958385052590315,8,0,False,0.02,1,HOLD,PCB,SWITCH_CONFIRM_1_OF_2,0,5,equal_capital,0.1,False,657515.3734487811
2019-08-30,PCB,1.0,1.0,2886.237,2842.9394500000003,180,2869.7290722222224,,,False,,,,False,False,True,NO_MAINLINE_ROTATION,False,0,40,0,False,120.65599999999999,113.17439999999999,120.675,-0.046076974162740036,126.48400000000001,-0.046076974162740036,543529.7970523861,0,1.2055232500049957,1.2055232500049957,黄金概念,1.2463197710079739,1.2463197710079739,8,0,False,0.02,0,HOLD,PCB,RESEARCH_POLICY_BLOCK_STRONGER_RS20_MARGIN_2%,1,5,equal_capital,0.1,False,630831.4315515098
2019-09-02,PCB,1.0,1.0,2924.106,2848.06995,180,2871.5008777777775,,,False,,,,False,False,True,MAINLINE_RISE,True,1,0,0,False,125.94399999999999,114.497,121.7328,0.04382707863678559,126.48400000000001,-0.00426931469593006,543529.7970523861,0,1.2658706227636392,1.2658706227636392,PCB,1.2658706227636392,1.2658706227636392,14,0,False,0.02,0,HOLD,PCB,NO_STRONGER_QUALIFIED_SECTOR,0,5,equal_capital,0.1,False,664746.57666914
2019-09-03,PCB,1.0,1.0,2930.154,2855.69985,180,2873.3023555555556,,,False,,,,False,False,True,MAINLINE_RISE,True,2,0,0,False,133.926,116.12079999999999,123.64439999999999,0.06337737407101574,133.926,0.0,543529.7970523861,0,1.3201182848693938,1.3201182848693938,PCB,1.3201182848693938,1.3201182848693938,17,0,False,0.02,0,HOLD,PCB,NO_STRONGER_QUALIFIED_SECTOR,0,5,equal_capital,0.1,False,702135.7442713397
2019-09-04,PCB,1.0,1.0,2957.412,2865.13645,180,2875.373633333333,,,False,,,,False,False,True,MAINLINE_RISE,True,3,0,0,False,132.93199999999996,117.8269,124.89579999999998,-0.00742200916924296,133.926,-0.00742200916924296,543529.7970523861,0,1.34532942009918,1.34532942009918,PCB,1.34532942009918,1.34532942009918,23,0,False,0.02,0,HOLD,PCB,NO_STRONGER_QUALIFIED_SECTOR,0,5,equal_capital,0.1,False,703206.1435775103
2019-09-05,PCB,1.0,1.0,2985.865,2874.7021,180,2877.5501722222225,,,False,,,,False,False,True,MAINLINE_RISE,True,4,0,0,False,132.682,119.3432,126.36779999999999,-0.0018806607889746418,133.926,-0.009288711676597505,543529.7970523861,0,1.2962796514127164,1.2962796514127164,PCB,1.2962796514127164,1.2962796514127164,24,0,False,0.02,0,HOLD,PCB,NO_STRONGER_QUALIFIED_SECTOR,0,5,equal_capital,0.1,False,712463.4830088578
2019-09-06,PCB,1.0,1.0,2999.601,2885.9445000000005,180,2879.7582166666666,,,False,,,,False,False,True,MAINLINE_RISE,True,5,0,0,False,131.00000000000003,120.68439999999998,127.35119999999999,-0.01267692678735588,133.926,-0.021847886146080353,543529.7970523861,0,1.2574873291353097,1.2574873291353097,CPO,1.3252481676314571,1.3252481676314571,25,0,False,0.02,1,HOLD,PCB,SWITCH_CONFIRM_1_OF_2,0,5,equal_capital,0.1,False,704733.9056901813
2019-09-09,PCB,1.0,1.0,3024.739,2896.4317499999997,180,2881.928716666667,,,False,,,,False,False,True,MAINLINE_RISE,True,6,0,0,False,137.002,121.8952,128.6322,0.04581679389312954,137.002,0.0,543529.7970523861,0,1.2147074991576972,1.2147074991576972,储能,1.3079979742101369,1.3079979742101369,25,0,False,0.02,1,HOLD,PCB,SWITCH_CONFIRM_1_OF_2,0,5,equal_capital,0.1,False,738497.124875135
2019-09-10,PCB,1.0,1.0,3021.202,2907.62885,180,2884.3035,,,False,,,,False,False,True,MAINLINE_RISE,True,7,0,0,False,134.264,123.02629999999999,129.7242,-0.01998510970642764,137.002,-0.01998510970642764,543529.7970523861,0,1.2026298346500424,1.2026298346500424,储能,1.2934843972045393,1.2934843972045393,27,0,False,0.02,0,SWITCH,储能,STRONGER_RS20_MARGIN_2%,0,5,equal_capital,0.1,False,726107.1342518748
2019-09-11,储能,1.0,1.0,3008.812,2917.6237,180,2886.5859333333333,,,False,,,,False,False,True,MAINLINE_RISE,True,8,0,0,False,134.172,119.6641,127.0296,0.009647076529460508,134.172,0.0,543529.7970523861,0,1.278510443665193,1.278510443665193,储能,1.278510443665193,1.278510443665193,23,0,False,0.02,0,HOLD,储能,NO_STRONGER_QUALIFIED_SECTOR,0,5,equal_capital,0.1,False,731898.4268451529
2019-09-12,储能,1.0,1.0,3031.235,2928.39555,180,2889.111405555556,,,False,,,,False,False,True,MAINLINE_RISE,True,9,0,0,False,127.23799999999999,120.74140000000003,128.15540000000001,-0.05167993322004605,134.172,-0.05167993322004605,543529.7970523861,0,1.203856488665178,1.203856488665178,PCB,1.222915484968803,1.222915484968803,24,0,False,0.02,0,HOLD,储能,NO_STRONGER_QUALIFIED_SECTOR,1,5,equal_capital,0.1,False,730396.6150996452
2019-09-16,储能,1.0,1.0,3030.754,2938.74205,180,2891.784688888889,,,False,,,,False,False,True,MAINLINE_RISE,True,10,0,0,False,124.88399999999999,121.51029999999999,128.9936,-0.01850076235087006,134.172,-0.06922457740810306,543529.7970523861,0,1.1404306613336255,1.1404306613336255,PCB,1.2689409406436767,1.2689409406436767,22,0,False,0.02,1,HOLD,储能,SWITCH_CONFIRM_1_OF_2,2,5,equal_capital,0.1,False,723671.8567638919
2019-09-17,储能,1.0,1.0,2978.118,2943.4931500000002,180,2894.239411111111,,,False,,,,False,False,True,MAINLINE_RISE,True,11,0,0,False,123.71,122.10999999999999,128.8636,-0.009400723871752947,134.172,-0.07797454014250371,543529.7970523861,0,1.1073615238640837,1.1073615238640837,PCB,1.1870221729105628,1.1870221729105628,8,0,False,0.02,0,SWITCH,PCB,STRONGER_RS20_MARGIN_2%,3,5,equal_capital,0.1,False,706194.8877226578
2019-09-18,PCB,1.0,1.0,2985.659,2948.77605,180,2896.8472333333334,,,False,,,,False,False,True,MAINLINE_RISE,True,12,0,0,False,137.45,129.2212,134.798,0.0037095996845377677,137.45,0.0,543529.7970523861,0,1.1971953662572943,1.1971953662572943,PCB,1.1971953662572943,1.1971953662572943,4,0,False,0.02,0,HOLD,PCB,NO_STRONGER_QUALIFIED_SECTOR,0,5,equal_capital,0.1,False,704932.1412856377
2019-09-19,PCB,1.0,1.0,2999.279,2954.72345,180,2899.4709666666668,,,False,,,,False,False,True,MAINLINE_RISE,True,13,0,0,False,141.83200000000002,130.2919,135.68800000000002,0.03188068388504939,141.83200000000002,0.0,543529.7970523861,0,1.1778305568934881,1.1778305568934881,光学光电子,1.208185164389544,1.208185164389544,7,0,False,0.02,1,HOLD,PCB,SWITCH_CONFIRM_1_OF_2,0,5,equal_capital,0.1,False,725017.8763404785
2019-09-20,PCB,1.0,1.0,3006.447,2960.874,180,2902.257788888889,,,False,,,,False,False,True,MAINLINE_RISE,True,14,0,0,False,143.878,131.58769999999998,136.8076,0.014425517513677821,143.878,0.0,543529.7970523861,0,1.2196978688052085,1.2196978688052085,光学光电子,1.2300661394132506,1.2300661394132506,6,0,False,0.02,0,HOLD,PCB,NO_STRONGER_QUALIFIED_SECTOR,0,5,equal_capital,0.1,False,736586.0032607265
2019-09-23,PCB,1.0,1.0,2977.077,2964.8566,180,2904.9176944444444,,,False,,,,False,False,True,MAINLINE_RISE,True,15,0,0,False,149.95200000000003,133.027,138.70280000000002,0.04221632216183191,149.95200000000003,0.0,543529.7970523861,0,1.2375748972484033,1.2375748972484033,光学光电子,1.302195070901575,1.302195070901575,6,0,False,0.02,1,HOLD,PCB,SWITCH_CONFIRM_1_OF_2,0,5,equal_capital,0.1,False,759909.5059001835
2019-09-24,PCB,1.0,1.0,2985.341,2970.9453000000003,180,2907.708,,,False,,,,False,False,True,MAINLINE_RISE,True,16,0,0,False,147.81,134.2079,139.7836,-0.014284571062740281,149.95200000000003,-0.014284571062740281,543529.7970523861,0,1.190173280082453,1.190173280082453,光学光电子,1.3418056201421644,1.3418056201421644,10,0,False,0.02,0,SWITCH,光学光电子,STRONGER_RS20_MARGIN_2%,0,5,equal_capital,0.1,False,752593.9142727864
2019-09-25,光学光电子,1.0,1.0,2955.433,2973.6073,180,2910.2720944444445,,,False,,,,False,False,False,MAINLINE_DECLINE,False,0,1,1,False,191.35399999999998,174.2394,187.73160000000001,-0.052618550167836786,191.35399999999998,0.0,543529.7970523861,0,1.2416554194352156,1.2416554194352156,光学光电子,1.2416554194352156,1.2416554194352156,6,0,False,0.02,0,HOLD,光学光电子,NO_STRONGER_QUALIFIED_SECTOR,0,5,equal_capital,0.1,False,719179.5166666727
2019-09-26,光学光电子,1.0,1.0,2929.088,2975.3739,180,2912.8487444444445,,,False,,,,False,False,False,MAINLINE_DECLINE,False,0,2,2,False,185.72,175.9087,188.93040000000002,-0.02944281279722394,191.35399999999998,-0.02944281279722394,543529.7970523861,0,1.2191631546470256,1.2191631546470256,光学光电子,1.2191631546470256,1.2191631546470256,3,0,False,0.02,0,HOLD,光学光电子,NO_STRONGER_QUALIFIED_SECTOR,1,5,equal_capital,0.1,False,700194.0033101479
2019-09-27,光学光电子,1.0,1.0,2932.167,2977.4363,180,2915.4476555555552,,,False,,,,False,False,False,MAINLINE_DECLINE,False,0,3,3,False,197.594,178.15550000000002,190.9974,0.06393495584751241,197.594,0.0,543529.7970523861,0,1.2943573215946758,1.2943573215946758,光学光电子,1.2943573215946758,1.2943573215946758,3,0,False,0.02,0,HOLD,光学光电子,NO_STRONGER_QUALIFIED_SECTOR,0,5,equal_capital,0.1,False,745065.0456738906
2019-09-30,光学光电子,1.0,1.0,2905.189,2978.3839,180,2917.6161055555554,,,False,,,,False,False,False,MAINLINE_DECLINE,False,0,4,4,False,185.57,179.96149999999997,191.3574,-0.06085205016346651,197.594,-0.06085205016346651,543529.7970523861,0,1.2416861826697894,1.2416861826697894,光学光电子,1.2416861826697894,1.2416861826697894,2,0,False,0.02,0,HOLD,光学光电子,NO_STRONGER_QUALIFIED_SECTOR,1,5,equal_capital,0.1,False,698047.2036195357
2019-10-08,光学光电子,1.0,1.0,2913.57,2977.8571,180,2919.729888888889,,,False,,,,False,False,False,BROAD_DECLINE_OR_NO_LEADER,False,0,5,5,False,181.03,181.34459999999999,191.527,-0.02446516139462196,197.594,-0.08382845632964564,543529.7970523861,0,1.1803635699754835,1.1803635699754835,,,,0,0,False,0.02,0,SELL,,MARKET_MA180_AND_SECTOR_MA10_BREAK,2,5,equal_capital,0.1,False,686816.6428612418
2019-10-09,现金,0.0,0.0,2924.857,2977.59225,180,2921.9431944444445,,,False,,,,False,False,False,BROAD_DECLINE_OR_NO_LEADER,False,0,6,6,False,,,,,,,,0,,,,,,0,0,False,0.02,0,CASH,,ENTRY_GATE_CLOSED_OR_NO_CANDIDATE,0,5,equal_capital,0.1,False,682733.2223625653
2019-10-10,现金,0.0,0.0,2947.711,2977.1072,180,2924.1841166666663,,,False,,,,False,False,False,BROAD_DECLINE_OR_NO_LEADER,False,0,7,7,False,,,,,,,,0,,,,,,0,0,False,0.02,0,CASH,,ENTRY_GATE_CLOSED_OR_NO_CANDIDATE,0,5,equal_capital,0.1,False,682733.2223625653
2019-10-11,现金,0.0,0.0,2973.656,2976.49675,180,2926.6205444444445,,,False,,,,False,False,False,BROAD_DECLINE_OR_NO_LEADER,False,0,8,8,False,,,,,,,,0,,,,,,0,0,False,0.02,0,CASH,,ENTRY_GATE_CLOSED_OR_NO_CANDIDATE,0,5,equal_capital,0.1,False,682733.2223625653
2019-10-14,现金,0.0,0.0,3007.883,2976.9108499999998,180,2929.1430555555557,,,False,,,,False,False,True,NO_MAINLINE_ROTATION,False,0,9,0,False,,,,,,,,0,,,消费电子,1.1632709080444503,1.1632709080444503,1,0,False,0.02,0,CASH,,ENTRY_GATE_CLOSED_OR_NO_CANDIDATE,0,5,equal_capital,0.1,False,682733.2223625653
2019-10-15,现金,0.0,0.0,2991.046,2975.2262,180,2931.6723944444443,,,False,,,,False,False,True,NO_MAINLINE_ROTATION,False,0,10,0,False,,,,,,,,0,,,消费电子,1.118265872912713,1.118265872912713,1,0,False,0.02,0,CASH,,ENTRY_GATE_CLOSED_OR_NO_CANDIDATE,0,5,equal_capital,0.1,False,682733.2223625653
2019-10-16,现金,0.0,0.0,2978.712,2973.1017,180,2933.9411000000005,,,False,,,,False,False,True,NO_MAINLINE_ROTATION,False,0,11,0,False,,,,,,,,0,,,消费电子,1.1435975528305418,1.1435975528305418,1,0,False,0.02,0,BUY,消费电子,ENTRY_TOP1,0,5,equal_capital,0.1,False,682733.2223625653
2019-10-17,消费电子,1.0,1.0,2977.334,2971.5278,180,2936.2017222222225,,,False,,,,False,False,True,NO_MAINLINE_ROTATION,False,0,12,0,False,268.772,246.2987,252.872,0.04647323583921259,268.772,0.0,682733.2223625653,0,1.2361539098359902,1.2361539098359902,消费电子,1.2361539098359902,1.2361539098359902,2,0,False,0.02,0,HOLD,消费电子,NO_STRONGER_QUALIFIED_SECTOR,0,5,equal_capital,0.1,False,695731.0938122747
2019-10-18,消费电子,1.0,1.0,2938.141,2966.8731,180,2938.304522222222,,,False,,,,False,False,False,MAINLINE_DECLINE,False,0,13,1,False,261.77599999999995,248.3523,253.5274,-0.026029497120235834,268.772,-0.026029497120235834,682733.2223625653,0,1.1860954037987528,1.1860954037987528,消费电子,1.1860954037987528,1.1860954037987528,2,0,False,0.02,0,HOLD,消费电子,NO_STRONGER_QUALIFIED_SECTOR,0,5,equal_capital,0.1,False,680959.9760138572
2019-10-21,消费电子,1.0,1.0,2939.618,2962.3163,180,2940.213477777778,,,False,,,,False,False,False,MAINLINE_DECLINE,False,0,14,2,False,262.252,249.94080000000002,255.2584,0.0018183485117049258,268.772,-0.024258479305879987,682733.2223625653,0,1.1378415668034814,1.1378415668034814,消费电子,1.1378415668034814,1.1378415668034814,1,0,False,0.02,0,HOLD,消费电子,NO_STRONGER_QUALIFIED_SECTOR,0,5,equal_capital,0.1,False,679128.5891446908
2019-10-22,消费电子,1.0,1.0,2954.38,2961.1294,180,2942.1238722222224,,,False,,,,False,False,False,MAINLINE_DECLINE,False,0,15,3,False,266.676,251.7228,258.00059999999996,0.016869270777725154,268.772,-0.007798431384221538,682733.2223625653,0,1.1542616735054279,1.1542616735054279,消费电子,1.1542616735054279,1.1542616735054279,2,0,False,0.02,0,HOLD,消费电子,NO_STRONGER_QUALIFIED_SECTOR,0,5,equal_capital,0.1,False,691505.0818106546
2019-10-23,消费电子,1.0,1.0,2941.619,2958.9273999999996,180,2944.134511111111,,,False,,,,False,False,False,MAINLINE_DECLINE,False,0,16,4,False,263.86600000000004,252.92649999999998,260.552,-0.010537131200407779,268.772,-0.018253389489976457,682733.2223625653,0,1.10039534263028,1.10039534263028,农林牧渔,1.107421637032645,1.107421637032645,2,0,False,0.02,0,HOLD,消费电子,NO_STRONGER_QUALIFIED_SECTOR,0,5,equal_capital,0.1,False,672439.0469940196
2019-10-24,消费电子,1.0,1.0,2940.922,2956.00955,180,2946.1340555555557,,,False,,,,False,False,False,MAINLINE_DECLINE,False,0,17,5,False,266.39,254.17200000000003,262.103,0.009565461256849872,268.772,-0.008862530323099138,682733.2223625653,0,1.1031555408315386,1.1031555408315386,消费电子,1.1031555408315386,1.1031555408315386,1,0,False,0.02,0,HOLD,消费电子,NO_STRONGER_QUALIFIED_SECTOR,0,5,equal_capital,0.1,False,676367.6639926267
2019-10-25,消费电子,1.0,1.0,2954.933,2953.4338500000003,180,2948.1520499999997,,,False,,,,False,False,True,NO_MAINLINE_ROTATION,False,0,18,0,False,276.388,255.55599999999998,264.3802,0.037531438867825395,276.388,0.0,682733.2223625653,0,1.1112951734564225,1.1112951734564225,农林牧渔,1.1895066749605243,1.1895066749605243,2,0,False,0.02,1,HOLD,消费电子,SWITCH_CONFIRM_1_OF_2,0,5,equal_capital,0.1,False,700166.9142770224
2019-10-28,消费电子,1.0,1.0,2980.05,2953.5824999999995,180,2950.2538666666665,,,False,,,,False,False,True,NO_MAINLINE_ROTATION,False,0,19,0,False,279.07,256.8777,266.01239999999996,0.009703749801004413,279.07,0.0,682733.2223625653,0,1.1046327522601687,1.1046327522601687,农林牧渔,1.2393553358582132,1.2393553358582132,2,0,False,0.02,0,SWITCH,农林牧渔,STRONGER_RS20_MARGIN_2%,0,5,equal_capital,0.1,False,708838.5514497902
2019-10-29,农林牧渔,1.0,1.0,2954.176,2952.02425,180,2952.2383055555556,,,False,,,,False,False,True,NO_MAINLINE_ROTATION,False,0,20,0,False,306.33,261.81419999999997,277.7742,0.013103238437929932,306.33,0.0,682733.2223625653,0,1.2900386594682007,1.2900386594682007,农林牧渔,1.2900386594682007,1.2900386594682007,2,0,False,0.02,0,HOLD,农林牧渔,NO_STRONGER_QUALIFIED_SECTOR,0,5,equal_capital,0.1,False,721470.4989369328
2019-10-30,农林牧渔,1.0,1.0,2939.321,2951.21865,180,2954.155344444444,,,False,,,,False,False,False,MAINLINE_DECLINE,False,0,21,1,False,308.604,265.3696,282.85319999999996,0.007423366957203026,308.604,0.0,682733.2223625653,0,1.2994071479098595,1.2994071479098595,农林牧渔,1.2994071479098595,1.2994071479098595,2,0,False,0.02,0,HOLD,农林牧渔,NO_STRONGER_QUALIFIED_SECTOR,0,5,equal_capital,0.1,False,724098.6150563709
2019-10-31,农林牧渔,1.0,1.0,2929.056,2951.21705,180,2956.119122222222,,,False,,,,False,False,False,MAINLINE_DECLINE,False,0,22,2,False,301.30199999999996,269.5496,287.1708,-0.023661391297585377,308.604,-0.023661391297585377,682733.2223625653,0,1.3840111712340726,1.3840111712340726,农林牧渔,1.3840111712340726,1.3840111712340726,2,0,False,0.02,0,HOLD,农林牧渔,NO_STRONGER_QUALIFIED_SECTOR,0,5,equal_capital,0.1,False,707467.2306989989
2019-11-01,农林牧渔,1.0,1.0,2958.199,2952.51865,180,2958.194827777778,,,False,,,,False,False,True,NO_MAINLINE_ROTATION,False,0,23,0,False,294.572,272.8129,290.3012,-0.022336393386037767,308.604,-0.045469274539539306,682733.2223625653,0,1.2846240394930788,1.2846240394930788,农林牧渔,1.2846240394930788,1.2846240394930788,5,0,False,0.02,0,HOLD,农林牧渔,NO_STRONGER_QUALIFIED_SECTOR,0,5,equal_capital,0.1,False,692626.6574331595
2019-11-04,农林牧渔,1.0,1.0,2975.492,2956.0338,180,2960.179605555555,,,False,,,,False,False,True,MAINLINE_RISE,True,1,0,0,False,299.526,276.05530000000005,293.1626,0.016817620140407108,308.604,-0.029416339386397983,682733.2223625653,0,1.2763275637256155,1.2763275637256155,农林牧渔,1.2763275637256155,1.2763275637256155,6,0,False,0.02,0,HOLD,农林牧渔,NO_STRONGER_QUALIFIED_SECTOR,0,5,equal_capital,0.1,False,696802.3455550544
2019-11-05,农林牧渔,1.0,1.0,2991.562,2959.9334,180,2962.0555277777776,,,False,,,,False,False,True,MAINLINE_RISE,True,2,0,0,False,305.92,279.04089999999997,296.5054,0.021347061690804914,308.604,-0.008697230107192255,682733.2223625653,0,1.2425266441382896,1.2425266441382896,消费电子,1.265266202445936,1.265266202445936,7,0,False,0.02,0,HOLD,农林牧渔,NO_STRONGER_QUALIFIED_SECTOR,0,5,equal_capital,0.1,False,707585.437627596
2019-11-06,农林牧渔,1.0,1.0,2978.596,2962.62035,180,2963.759427777778,,,False,,,,False,False,True,MAINLINE_RISE,True,3,0,0,False,296.27,281.47529999999995,298.8648,-0.03154419456066959,308.604,-0.039967077549221686,682733.2223625653,0,1.1966540378541248,1.1966540378541248,消费电子,1.2524501577498823,1.2524501577498823,7,0,False,0.02,1,HOLD,农林牧渔,SWITCH_CONFIRM_1_OF_2,1,5,equal_capital,0.1,False,691460.0521921279
2019-11-07,农林牧渔,1.0,1.0,2978.714,2964.1704999999997,180,2965.1907944444442,,,False,,,,False,False,True,MAINLINE_RISE,True,4,0,0,False,299.36,283.349,301.2566,0.010429675633712554,308.604,-0.02995424557037485,682733.2223625653,0,1.1430927961021207,1.1430927961021207,消费电子,1.2012755102040817,1.2012755102040817,2,0,False,0.02,0,SWITCH,消费电子,STRONGER_RS20_MARGIN_2%,2,5,equal_capital,0.1,False,698863.3910367808
2019-11-08,消费电子,1.0,1.0,2964.185,2963.6969500000005,180,2966.5490444444445,,,False,,,,False,False,True,MAINLINE_RISE,True,5,0,0,False,301.83000000000004,277.9214,291.46259999999995,0.001506423869186868,301.83000000000004,0.0,682733.2223625653,0,1.1901063024414866,1.1901063024414866,消费电子,1.1901063024414866,1.1901063024414866,2,0,False,0.02,0,HOLD,消费电子,NO_STRONGER_QUALIFIED_SECTOR,0,5,equal_capital,0.1,False,702113.2401787055
2019-11-11,消费电子,1.0,1.0,2909.975,2958.80155,180,2967.8134333333333,,,False,,,,False,False,False,MAINLINE_DECLINE,False,0,1,1,False,300.42999999999995,279.8055,293.5986,-0.004638372593844475,301.83000000000004,-0.004638372593844475,682733.2223625653,0,1.1434149831777976,1.1434149831777976,消费电子,1.1434149831777976,1.1434149831777976,1,0,False,0.02,0,HOLD,消费电子,NO_STRONGER_QUALIFIED_SECTOR,0,5,equal_capital,0.1,False,695807.1413435398
2019-11-12,消费电子,1.0,1.0,2914.823,2954.9903999999997,180,2968.7049111111114,,,False,,,,False,False,False,MAINLINE_DECLINE,False,0,2,2,False,296.90600000000006,281.7459,295.00100000000003,-0.011729853876110585,301.83000000000004,-0.0163138190372063,682733.2223625653,0,1.1503614905965953,1.1503614905965953,消费电子,1.1503614905965953,1.1503614905965953,1,0,False,0.02,0,HOLD,消费电子,NO_STRONGER_QUALIFIED_SECTOR,0,5,equal_capital,0.1,False,683379.3164360013
2019-11-13,消费电子,1.0,1.0,2905.241,2951.31685,180,2969.535994444444,,,False,,,,False,False,False,MAINLINE_DECLINE,False,0,3,3,False,307.78599999999994,284.29339999999996,296.59340000000003,0.03664459458549141,307.78599999999994,0.0,682733.2223625653,0,1.1983756171253248,1.1983756171253248,消费电子,1.1983756171253248,1.1983756171253248,1,0,False,0.02,0,HOLD,消费电子,NO_STRONGER_QUALIFIED_SECTOR,0,5,equal_capital,0.1,False,700794.3407618396
2019-11-14,消费电子,1.0,1.0,2909.87,2947.94365,180,2970.3618333333334,,,False,,,,False,False,False,MAINLINE_DECLINE,False,0,4,4,False,311.02000000000004,286.4058,299.7694,0.010507300526989782,311.02000000000004,0.0,682733.2223625653,0,1.1571889929010464,1.1571889929010464,消费电子,1.1571889929010464,1.1571889929010464,3,0,False,0.02,0,HOLD,消费电子,NO_STRONGER_QUALIFIED_SECTOR,0,5,equal_capital,0.1,False,720613.7511954342
2019-11-15,消费电子,1.0,1.0,2891.343,2945.6037499999998,180,2971.137066666666,,,False,,,,False,False,False,MAINLINE_DECLINE,False,0,5,5,False,305.756,288.60479999999995,301.82959999999997,-0.016924956594431384,311.02000000000004,-0.016924956594431384,682733.2223625653,0,1.1680062343377544,1.1680062343377544,光学光电子,1.186712669501725,1.186712669501725,3,0,False,0.02,0,HOLD,消费电子,NO_STRONGER_QUALIFIED_SECTOR,0,5,equal_capital,0.1,False,699003.6275370532
2019-11-18,消费电子,1.0,1.0,2909.2,2944.08285,180,2971.720255555556,,,False,,,,False,False,False,MAINLINE_DECLINE,False,0,6,6,False,303.684,290.67639999999994,303.0032,-0.00677664542968881,311.02000000000004,-0.02358690759436699,682733.2223625653,0,1.1579854491100163,1.1579854491100163,国产算力,1.1766217628286593,1.1766217628286593,4,0,False,0.02,0,HOLD,消费电子,NO_STRONGER_QUALIFIED_SECTOR,0,5,equal_capital,0.1,False,699849.7826419899
2019-11-19,消费电子,1.0,1.0,2933.991,2943.0634,180,2971.568633333333,,,False,,,,False,False,False,MAINLINE_DECLINE,False,0,7,7,False,311.198,292.90250000000003,303.851,0.02474282477838785,311.198,0.0,682733.2223625653,0,1.1669516566920157,1.1669516566920157,传媒,1.20528402349741,1.20528402349741,6,0,False,0.02,1,HOLD,消费电子,SWITCH_CONFIRM_1_OF_2,0,5,equal_capital,0.1,False,712824.1080764969
2019-11-20,消费电子,1.0,1.0,2911.053,2941.5351,180,2971.3993944444446,,,False,,,,False,False,False,MAINLINE_DECLINE,False,0,8,8,False,304.12399999999997,294.9154,304.41099999999994,-0.022731508557253033,311.198,-0.022731508557253033,682733.2223625653,0,1.1525698650072382,1.1525698650072382,传媒,1.2063310062555335,1.2063310062555335,8,0,False,0.02,0,HOLD,消费电子,RESEARCH_POLICY_BLOCK_STRONGER_RS20_MARGIN_2%,1,5,equal_capital,0.1,False,701909.0071898305
2019-11-21,消费电子,1.0,1.0,2903.638,2939.6709,180,2971.120583333334,,,False,,,,False,False,False,MAINLINE_DECLINE,False,0,9,9,False,304.34000000000003,296.8129,304.7074,0.0007102366140128158,311.198,-0.02203741669290915,682733.2223625653,0,1.1424603025639102,1.1424603025639102,传媒,1.2212243242460237,1.2212243242460237,6,0,False,0.02,0,SELL,,MARKET_MA180_AND_SECTOR_MA10_BREAK,2,5,equal_capital,0.1,False,701008.8999989198
2019-11-22,现金,0.0,0.0,2885.288,2936.18865,180,2970.811327777778,,,False,,,,False,False,False,MAINLINE_DECLINE,False,0,10,10,False,,,,,,,,0,,,游戏,1.2020676390447187,1.2020676390447187,4,0,False,0.02,0,CASH,,ENTRY_GATE_CLOSED_OR_NO_CANDIDATE,0,5,equal_capital,0.1,False,700873.6326439045
2019-11-25,现金,0.0,0.0,2906.169,2932.4945999999995,180,2970.3233499999997,,,False,,,,False,False,False,MAINLINE_DECLINE,False,0,11,11,False,,,,,,,,0,,,游戏,1.1511164774509188,1.1511164774509188,4,0,False,0.02,0,CASH,,ENTRY_GATE_CLOSED_OR_NO_CANDIDATE,0,5,equal_capital,0.1,False,700873.6326439045
2019-11-26,现金,0.0,0.0,2907.06,2930.1387999999997,180,2969.653816666667,,,False,,,,False,False,False,MAINLINE_DECLINE,False,0,12,12,False,,,,,,,,0,,,储能,1.1818598420755781,1.1818598420755781,4,0,False,0.02,0,CASH,,ENTRY_GATE_CLOSED_OR_NO_CANDIDATE,0,5,equal_capital,0.1,False,700873.6326439045
2019-11-27,现金,0.0,0.0,2903.195,2928.3325,180,2968.814638888889,,,False,,,,False,False,False,MAINLINE_DECLINE,False,0,13,13,False,,,,,,,,0,,,储能,1.1593365732173433,1.1593365732173433,4,0,False,0.02,0,CASH,,ENTRY_GATE_CLOSED_OR_NO_CANDIDATE,0,5,equal_capital,0.1,False,700873.6326439045
2019-11-28,现金,0.0,0.0,2889.693,2926.36435,180,2967.634605555555,,,False,,,,False,False,False,MAINLINE_DECLINE,False,0,14,14,False,,,,,,,,0,,,储能,1.1671069435454244,1.1671069435454244,4,0,False,0.02,0,CASH,,ENTRY_GATE_CLOSED_OR_NO_CANDIDATE,0,5,equal_capital,0.1,False,700873.6326439045
2019-11-29,现金,0.0,0.0,2871.981,2922.0534500000003,180,2966.332177777778,,,False,,,,False,False,False,MAINLINE_DECLINE,False,0,15,15,False,,,,,,,,0,,,储能,1.1344357313331062,1.1344357313331062,3,0,False,0.02,0,CASH,,ENTRY_GATE_CLOSED_OR_NO_CANDIDATE,0,5,equal_capital,0.1,False,700873.6326439045
2019-12-02,现金,0.0,0.0,2875.807,2917.0692,180,2965.8096555555558,,,False,,,,False,False,False,MAINLINE_DECLINE,False,0,16,16,False,,,,,,,,0,,,储能,1.1713707214047582,1.1713707214047582,2,0,False,0.02,0,CASH,,ENTRY_GATE_CLOSED_OR_NO_CANDIDATE,0,5,equal_capital,0.1,False,700873.6326439045
2019-12-03,现金,0.0,0.0,2884.699,2911.72605,180,2965.0191333333332,,,False,,,,False,False,False,MAINLINE_DECLINE,False,0,17,17,False,,,,,,,,0,,,储能,1.143797145936061,1.143797145936061,2,0,False,0.02,0,CASH,,ENTRY_GATE_CLOSED_OR_NO_CANDIDATE,0,5,equal_capital,0.1,False,700873.6326439045
2019-12-04,现金,0.0,0.0,2878.116,2906.70205,180,2964.006961111111,,,False,,,,False,False,False,MAINLINE_DECLINE,False,0,18,18,False,,,,,,,,0,,,储能,1.1437564733298806,1.1437564733298806,2,0,False,0.02,0,CASH,,ENTRY_GATE_CLOSED_OR_NO_CANDIDATE,0,5,equal_capital,0.1,False,700873.6326439045
2019-12-05,现金,0.0,0.0,2899.469,2902.7398000000003,180,2963.2987277777784,,,False,,,,False,False,False,MAINLINE_DECLINE,False,0,19,19,False,,,,,,,,0,,,储能,1.1661017506910623,1.1661017506910623,4,0,False,0.02,0,CASH,,ENTRY_GATE_CLOSED_OR_NO_CANDIDATE,0,5,equal_capital,0.1,False,700873.6326439045
2019-12-06,现金,0.0,0.0,2912.014,2900.13125,180,2962.8616666666667,,,False,,,,False,False,True,NO_MAINLINE_ROTATION,False,0,20,0,False,,,,,,,,0,,,游戏,1.2009844526570665,1.2009844526570665,5,0,False,0.02,0,CASH,,RESEARCH_POLICY_BLOCK_ENTRY_TOP1,0,5,equal_capital,0.1,False,700873.6326439045
2019-12-09,现金,0.0,0.0,2914.478,2900.3563999999997,180,2962.265705555555,,,False,,,,False,False,True,NO_MAINLINE_ROTATION,False,0,21,0,False,,,,,,,,0,,,游戏,1.2195429849792265,1.2195429849792265,10,0,False,0.02,0,CASH,,RESEARCH_POLICY_BLOCK_ENTRY_TOP1,0,5,equal_capital,0.1,False,700873.6326439045
2019-12-10,现金,0.0,0.0,2917.316,2900.48105,180,2961.2706944444444,,,False,,,,False,False,True,NO_MAINLINE_ROTATION,False,0,22,0,False,,,,,,,,0,,,游戏,1.2349814526359737,1.2349814526359737,11,0,False,0.02,0,CASH,,RESEARCH_POLICY_BLOCK_ENTRY_TOP1,0,5,equal_capital,0.1,False,700873.6326439045
2019-12-11,现金,0.0,0.0,2924.417,2901.4398499999998,180,2960.3453722222225,,,False,,,,False,False,True,NO_MAINLINE_ROTATION,False,0,23,0,False,,,,,,,,0,,,智能驾驶,1.193004161511641,1.193004161511641,10,0,False,0.02,0,CASH,,RESEARCH_POLICY_BLOCK_ENTRY_TOP1,0,5,equal_capital,0.1,False,700873.6326439045
2019-12-12,现金,0.0,0.0,2915.698,2901.73125,180,2959.373472222222,,,False,,,,False,False,True,NO_MAINLINE_ROTATION,False,0,24,0,False,,,,,,,,0,,,游戏,1.1855824554133527,1.1855824554133527,8,0,False,0.02,0,CASH,,RESEARCH_POLICY_BLOCK_ENTRY_TOP1,0,5,equal_capital,0.1,False,700873.6326439045
2019-12-13,现金,0.0,0.0,2967.676,2905.5479000000005,180,2958.6302555555562,,,False,,,,False,False,True,MAINLINE_RISE,True,1,0,0,False,,,,,,,,0,,,储能,1.2572708430835058,1.2572708430835058,11,0,False,0.02,0,BUY,储能,ENTRY_TOP1,0,5,equal_capital,0.1,False,700873.6326439045
2019-12-16,储能,1.0,1.0,2984.393,2909.30755,180,2957.964944444444,,,False,,,,False,False,True,MAINLINE_RISE,True,2,0,0,False,157.804,137.029,144.5894,0.04894974740760438,157.804,0.0,700873.6326439045,0,1.3333220676952193,1.3333220676952193,储能,1.3333220676952193,1.3333220676952193,13,0,False,0.02,0,HOLD,储能,NO_STRONGER_QUALIFIED_SECTOR,0,5,equal_capital,0.1,False,717437.9648758848
2019-12-17,储能,1.0,1.0,3022.422,2913.7290999999996,180,2957.85045,,,False,,,,False,False,True,MAINLINE_RISE,True,3,0,0,False,158.98399999999998,138.8511,146.47719999999998,0.007477630478314845,158.98399999999998,0.0,700873.6326439045,0,1.297383754141437,1.297383754141437,储能,1.297383754141437,1.297383754141437,9,0,False,0.02,0,HOLD,储能,NO_STRONGER_QUALIFIED_SECTOR,0,5,equal_capital,0.1,False,722795.54425689
2019-12-18,储能,1.0,1.0,3017.044,2919.0286499999997,180,2957.961277777778,,,False,,,,False,False,True,MAINLINE_RISE,True,4,0,0,False,154.618,140.3122,147.804,-0.02746188295677543,158.98399999999998,-0.02746188295677543,700873.6326439045,0,1.2330377364509235,1.2330377364509235,储能,1.2330377364509235,1.2330377364509235,9,0,False,0.02,0,HOLD,储能,NO_STRONGER_QUALIFIED_SECTOR,0,5,equal_capital,0.1,False,716577.2040035306
2019-12-19,储能,1.0,1.0,3017.066,2924.70005,180,2957.9298666666664,,,False,,,,False,False,True,MAINLINE_RISE,True,5,0,0,False,154.93200000000002,141.7817,149.123,0.0020308114191105453,158.98399999999998,-0.02548684144316382,700873.6326439045,0,1.2341049210622743,1.2341049210622743,储能,1.2341049210622743,1.2341049210622743,11,0,False,0.02,0,HOLD,储能,NO_STRONGER_QUALIFIED_SECTOR,0,5,equal_capital,0.1,False,717659.8635760943
2019-12-20,储能,1.0,1.0,3004.938,2930.68255,180,2957.985394444444,,,False,,,,False,False,True,MAINLINE_RISE,True,6,0,0,False,152.402,143.13420000000002,149.8772,-0.016329744662174517,158.98399999999998,-0.04140039249232619,700873.6326439045,0,1.215792328802093,1.215792328802093,汽车零部件,1.2277965428174054,1.2277965428174054,11,0,False,0.02,0,HOLD,储能,NO_STRONGER_QUALIFIED_SECTOR,0,5,equal_capital,0.1,False,714193.0350094842
2019-12-23,储能,1.0,1.0,2962.751,2933.51165,180,2957.274244444445,,,False,,,,False,False,True,MAINLINE_RISE,True,7,0,0,False,151.26399999999998,144.3503,150.45959999999997,-0.007467093607695485,158.98399999999998,-0.04855834549388616,700873.6326439045,0,1.1915993130721114,1.1915993130721114,光学光电子,1.22319829605061,1.22319829605061,6,0,False,0.02,1,HOLD,储能,SWITCH_CONFIRM_1_OF_2,0,5,equal_capital,0.1,False,701231.1283016131
2019-12-24,储能,1.0,1.0,2982.681,2937.2927,180,2956.2315777777776,,,False,,,,False,False,True,MAINLINE_RISE,True,8,0,0,False,156.36399999999998,145.4631,151.574,0.03371588745504539,158.98399999999998,-0.01647964575051586,700873.6326439045,0,1.1659557968204728,1.1659557968204728,光学光电子,1.265977155076591,1.265977155076591,8,0,False,0.02,0,HOLD,储能,RESEARCH_POLICY_BLOCK_STRONGER_RS20_MARGIN_2%,0,5,equal_capital,0.1,False,734860.1127497938
2019-12-25,储能,1.0,1.0,2981.881,2941.227,180,2955.148566666667,,,False,,,,False,False,True,MAINLINE_RISE,True,9,0,0,False,153.652,146.4423,153.0452,-0.01734414571128895,158.98399999999998,-0.03353796608463744,700873.6326439045,0,1.1460751260554343,1.1460751260554343,传媒,1.1905096271111273,1.1905096271111273,7,0,False,0.02,1,HOLD,储能,SWITCH_CONFIRM_1_OF_2,0,5,equal_capital,0.1,False,738548.3202393227
2019-12-26,储能,1.0,1.0,3007.355,2947.1101,180,2953.987788888889,,,False,,,,False,False,True,MAINLINE_RISE,True,10,0,0,False,153.584,147.4502,154.4044,-0.00044255850883800907,158.98399999999998,-0.03396568208121553,700873.6326439045,0,1.1510799994004166,1.1510799994004166,传媒,1.2048636790974616,1.2048636790974616,8,0,False,0.02,0,SWITCH,传媒,STRONGER_RS20_MARGIN_2%,1,5,equal_capital,0.1,False,744884.972076826
2019-12-27,传媒,1.0,1.0,3005.036,2953.76285,180,2952.6459277777776,,,False,,,,False,False,True,MAINLINE_RISE,True,11,0,0,False,187.23600000000002,178.1808,188.34,-0.026009696414823424,187.23600000000002,0.0,700873.6326439045,0,1.1809867416835917,1.1809867416835917,传媒,1.1809867416835917,1.1809867416835917,6,0,False,0.02,0,HOLD,传媒,NO_STRONGER_QUALIFIED_SECTOR,1,5,equal_capital,0.1,False,728799.6233742768
2019-12-30,传媒,1.0,1.0,3040.024,2961.9737,180,2951.5082277777774,,,False,,,,False,False,True,MAINLINE_RISE,True,12,0,0,False,188.45,179.5478,188.741,0.006483795851224938,188.45,0.0,700873.6326439045,0,1.1696977220532556,1.1696977220532556,证券,1.1934711303170717,1.1934711303170717,10,0,False,0.02,1,HOLD,传媒,SWITCH_CONFIRM_1_OF_2,2,5,equal_capital,0.1,False,734357.229311525
2019-12-31,传媒,1.0,1.0,3050.124,2970.24495,180,2950.4552277777775,,,False,,,,False,False,True,MAINLINE_RISE,True,13,0,0,False,189.73000000000002,181.0192,189.38420000000002,0.00679225258689331,189.73000000000002,0.0,700873.6326439045,0,1.183578495589575,1.183578495589575,传媒,1.183578495589575,1.183578495589575,13,0,False,0.02,0,HOLD,传媒,NO_STRONGER_QUALIFIED_SECTOR,0,5,equal_capital,0.1,False,738535.3846548573
2020-01-02,传媒,1.0,1.0,3085.198,2980.59905,180,2949.5844944444448,,,False,,,,False,False,True,MAINLINE_RISE,True,14,0,0,False,201.692,183.1132,190.815,0.06304748853634101,201.692,0.0,700873.6326439045,0,1.2620579180537133,1.2620579180537133,传媒,1.2620579180537133,1.2620579180537133,15,0,False,0.02,0,HOLD,传媒,NO_STRONGER_QUALIFIED_SECTOR,0,5,equal_capital,0.1,False,788034.6736248038
2020-01-03,传媒,1.0,1.0,3083.786,2989.8149,180,2948.9946277777776,,,False,,,,False,False,True,MAINLINE_RISE,True,15,0,0,False,200.26000000000002,185.1056,191.7276,-0.007099934553675857,201.692,-0.007099934553675857,700873.6326439045,0,1.2484103433658333,1.2484103433658333,农业种植,1.272572865028175,1.272572865028175,13,0,False,0.02,0,HOLD,传媒,NO_STRONGER_QUALIFIED_SECTOR,0,5,equal_capital,0.1,False,791019.1366879727
2020-01-06,传媒,1.0,1.0,3083.408,2998.3846000000003,180,2948.4100833333337,,,False,,,,False,False,True,MAINLINE_RISE,True,16,0,0,False,204.31400000000002,186.8777,193.2174,0.02024368321182468,204.31400000000002,0.0,700873.6326439045,0,1.2098749348619076,1.2098749348619076,农业种植,1.3699977445293292,1.3699977445293292,15,0,False,0.02,1,HOLD,传媒,SWITCH_CONFIRM_1_OF_2,0,5,equal_capital,0.1,False,805893.9070698163
2020-01-07,传媒,1.0,1.0,3104.802,3007.9008000000003,180,2948.0046111111114,,,False,,,,False,False,True,MAINLINE_RISE,True,17,0,0,False,211.36800000000002,188.90789999999998,195.9008,0.03452528950536915,211.36800000000002,0.0,700873.6326439045,0,1.2377784544751824,1.2377784544751824,农业种植,1.4013062261762013,1.4013062261762013,15,0,False,0.02,0,SWITCH,农业种植,STRONGER_RS20_MARGIN_2%,0,5,equal_capital,0.1,False,827999.6243025977
2020-01-08,农业种植,1.0,1.0,3066.893,3015.37965,180,2946.967361111111,,,False,,,,False,False,True,MAINLINE_RISE,True,18,0,0,False,10.408884716033935,8.609898891448974,9.251314878463745,-0.06748989571306208,10.408884716033935,0.0,700873.6326439045,0,1.3118376347807323,1.3118376347807323,农业种植,1.3118376347807323,1.3118376347807323,14,0,False,0.02,0,HOLD,农业种植,NO_STRONGER_QUALIFIED_SECTOR,0,5,equal_capital,0.1,False,793213.3027293632
2020-01-09,农业种植,1.0,1.0,3094.882,3023.9029,180,2946.0327166666666,,,False,,,,False,False,True,MAINLINE_RISE,True,19,0,0,False,10.504587841033935,8.741799764633178,9.506327075958252,0.009194368811922482,10.504587841033935,0.0,700873.6326439045,0,1.3353453076933883,1.3353453076933883,农业种植,1.3353453076933883,1.3353453076933883,18,0,False,0.02,0,HOLD,农业种植,NO_STRONGER_QUALIFIED_SECTOR,0,5,equal_capital,0.1,False,797473.4985254268
2020-01-10,农业种植,1.0,1.0,3092.291,3032.73255,180,2945.155438888889,,,False,,,,False,False,True,MAINLINE_RISE,True,20,0,0,False,10.171219730377198,8.854688606262208,9.7310546875,-0.03173547746009664,10.504587841033935,-0.03173547746009664,700873.6326439045,0,1.2853090445890762,1.2853090445890762,农业种植,1.2853090445890762,1.2853090445890762,12,0,False,0.02,0,HOLD,农业种植,NO_STRONGER_QUALIFIED_SECTOR,0,5,equal_capital,0.1,False,774338.2852713994
2020-01-13,农业种植,1.0,1.0,3115.57,3040.12725,180,2944.2930666666666,,,False,,,,False,False,True,MAINLINE_RISE,True,21,0,0,False,10.300782489776612,8.976145339012145,9.967048768997191,0.012738173280483212,10.504587841033935,-0.01940155619063899,700873.6326439045,0,1.308592902780354,1.308592902780354,农业种植,1.308592902780354,1.308592902780354,17,0,False,0.02,0,HOLD,农业种植,NO_STRONGER_QUALIFIED_SECTOR,0,5,equal_capital,0.1,False,781891.7465048841
2020-01-14,农业种植,1.0,1.0,3106.82,3046.2486,180,2943.691827777778,,,False,,,,False,False,True,MAINLINE_RISE,True,22,0,0,False,10.637871170043946,9.11777641773224,10.205622262954712,0.03272457025491904,10.637871170043946,0.0,700873.6326439045,0,1.3629123629798328,1.3629123629798328,农业种植,1.3629123629798328,1.3629123629798328,10,0,False,0.02,0,HOLD,农业种植,NO_STRONGER_QUALIFIED_SECTOR,0,5,equal_capital,0.1,False,801036.8561308593
2020-01-15,农业种植,1.0,1.0,3090.038,3049.6294000000003,180,2943.0887388888887,,,False,,,,False,False,True,MAINLINE_RISE,True,23,0,0,False,10.05504560470581,9.225484580993653,10.337626867294313,-0.05478780068133948,10.637871170043946,-0.05478780068133948,700873.6326439045,0,1.2726484426258042,1.2726484426258042,游戏,1.154624755219857,1.154624755219857,6,0,False,0.02,0,HOLD,农业种植,NO_STRONGER_QUALIFIED_SECTOR,1,5,equal_capital,0.1,False,759768.5665853666
2020-01-16,农业种植,1.0,1.0,3074.081,3052.48125,180,2942.380222222222,,,False,,,,False,False,True,MAINLINE_RISE,True,24,0,0,False,10.425486660003662,9.343088297843932,10.459387111663819,0.036841310309371655,10.637871170043946,-0.019964944738037005,700873.6326439045,0,1.2913358370543593,1.2913358370543593,汽车零部件,1.132587596644185,1.132587596644185,4,0,False,0.02,0,HOLD,农业种植,NO_STRONGER_QUALIFIED_SECTOR,2,5,equal_capital,0.1,False,776982.5430750704
2020-01-17,农业种植,1.0,1.0,3075.496,3055.40275,180,2942.111722222222,,,False,,,,False,False,True,MAINLINE_RISE,True,25,0,0,False,10.283700561523437,9.453444080352783,10.48134732246399,-0.013599950113041048,10.637871170043946,-0.03329337259863108,700873.6326439045,0,1.2732733790833206,1.2732733790833206,国产算力,1.1749660897401117,1.1749660897401117,3,0,False,0.02,0,HOLD,农业种植,NO_STRONGER_QUALIFIED_SECTOR,3,5,equal_capital,0.1,False,767119.2942137668
2020-01-20,农业种植,1.0,1.0,3095.787,3059.9452,180,2942.163877777778,,,False,,,,False,False,True,MAINLINE_RISE,True,26,0,0,False,10.104722595214843,9.553516349792481,10.405452327728272,-0.017404042954949683,10.637871170043946,-0.05011797626675896,700873.6326439045,0,1.2469920919412745,1.2469920919412745,国产算力,1.2173942341168675,1.2173942341168675,14,0,False,0.02,0,HOLD,农业种植,NO_STRONGER_QUALIFIED_SECTOR,4,5,equal_capital,0.1,False,759276.6490261941
2020-01-21,农业种植,1.0,1.0,3052.142,3064.4147500000004,180,2942.1063388888892,,,False,,,,False,False,False,MAINLINE_DECLINE,False,0,1,1,False,9.73932638168335,9.638683042526244,10.263162775039671,-0.03616093466084158,10.637871170043946,-0.08446659806248469,700873.6326439045,0,1.211963095902663,1.211963095902663,智能驾驶,1.2560450587511733,1.2560450587511733,14,0,False,0.02,1,HOLD,农业种植,SWITCH_CONFIRM_1_OF_2,5,5,equal_capital,0.1,False,734507.6672996454
2020-01-22,农业种植,1.0,1.0,3060.755,3068.3184499999998,180,2942.00865,,,False,,,,False,False,False,MAINLINE_DECLINE,False,0,2,2,False,9.85129623413086,9.729359402656556,10.207403926849366,0.011496673184512085,10.637871170043946,-0.07394100975090456,700873.6326439045,0,1.2256256923399305,1.2256256923399305,消费电子,1.2836735610645138,1.2836735610645138,15,0,False,0.02,1,HOLD,农业种植,SWITCH_CONFIRM_1_OF_2,6,5,equal_capital,0.1,False,740534.0206501466
2020-01-23,农业种植,1.0,1.0,2976.528,3068.0508,180,2942.397894444444,,,False,,,,False,False,False,MAINLINE_DECLINE,False,0,3,3,False,9.387799739837646,9.801026096343994,10.095725116729737,-0.04704929009112335,10.637871170043946,-0.11751142782462698,700873.6326439045,0,1.1801923470260027,1.1801923470260027,商业航天,1.239680723395942,1.239680723395942,9,0,False,0.02,1,SELL,,DOUBLE_MA20_BREAK,7,5,equal_capital,0.1,False,708715.3463863496
2020-02-03,现金,0.0,0.0,2746.606,3055.01335,180,2941.399088888889,,,False,,,,False,False,False,MAINLINE_DECLINE,False,0,4,4,False,,,,,,,,1,,,商业航天,1.1362341002293737,1.1362341002293737,3,0,False,0.02,1,CASH,,ENTRY_GATE_CLOSED_OR_NO_CANDIDATE,0,5,equal_capital,0.1,False,638994.6606600754
2020-02-04,现金,0.0,0.0,2783.288,3043.92595,180,2940.785372222222,,,False,,,,False,False,False,MAINLINE_DECLINE,False,0,5,5,False,,,,,,,,1,,,储能,1.2599937390262825,1.2599937390262825,6,0,False,0.02,1,CASH,,ENTRY_GATE_CLOSED_OR_NO_CANDIDATE,0,5,equal_capital,0.1,False,638994.6606600754
2020-02-05,现金,0.0,0.0,2818.088,3032.82915,180,2940.6027833333337,,,False,,,,False,False,False,MAINLINE_DECLINE,False,0,6,6,False,,,,,,,,1,,,储能,1.2689001836131886,1.2689001836131886,5,0,False,0.02,1,CASH,,ENTRY_GATE_CLOSED_OR_NO_CANDIDATE,0,5,equal_capital,0.1,False,638994.6606600754
2020-02-06,现金,0.0,0.0,2866.51,3023.6484499999997,180,2940.1988888888886,,,False,,,,False,False,False,MAINLINE_DECLINE,False,0,7,7,False,,,,,,,,1,,,商业航天,1.3837190285387198,1.3837190285387198,3,0,False,0.02,1,CASH,,ENTRY_GATE_CLOSED_OR_NO_CANDIDATE,0,5,equal_capital,0.1,False,638994.6606600754
2020-02-07,现金,0.0,0.0,2875.964,3013.18675,180,2940.0447277777776,,,False,,,,False,False,False,MAINLINE_DECLINE,False,0,8,8,False,,,,,,,,1,,,商业航天,1.4463424491445507,1.4463424491445507,5,0,False,0.02,1,CASH,,ENTRY_GATE_CLOSED_OR_NO_CANDIDATE,0,5,equal_capital,0.1,False,638994.6606600754
2020-02-10,现金,0.0,0.0,2890.488,3003.52185,180,2940.082933333333,,,False,,,,False,False,False,MAINLINE_DECLINE,False,0,9,9,False,,,,,,,,1,,,商业航天,1.4118121053604924,1.4118121053604924,11,0,False,0.02,1,CASH,,ENTRY_GATE_CLOSED_OR_NO_CANDIDATE,0,5,equal_capital,0.1,False,638994.6606600754
2020-02-11,现金,0.0,0.0,2901.674,2994.4351500000002,180,2939.8773555555554,,,False,,,,False,False,False,MAINLINE_DECLINE,False,0,10,10,False,,,,,,,,1,,,商业航天,1.3426362854237819,1.3426362854237819,11,0,False,0.02,1,CASH,,ENTRY_GATE_CLOSED_OR_NO_CANDIDATE,0,5,equal_capital,0.1,False,638994.6606600754
2020-02-12,现金,0.0,0.0,2926.899,2985.54,180,2939.7172888888886,,,False,,,,False,False,False,MAINLINE_DECLINE,False,0,11,11,False,,,,,,,,1,,,商业航天,1.4035506954635775,1.4035506954635775,11,0,False,0.02,1,CASH,,ENTRY_GATE_CLOSED_OR_NO_CANDIDATE,0,5,equal_capital,0.1,False,638994.6606600754
2020-02-13,现金,0.0,0.0,2906.074,2977.49905,180,2939.849388888889,,,False,,,,False,False,False,MAINLINE_DECLINE,False,0,12,12,False,,,,,,,,1,,,国产算力,1.391395987376528,1.391395987376528,11,0,False,0.02,1,CASH,,ENTRY_GATE_CLOSED_OR_NO_CANDIDATE,0,5,equal_capital,0.1,False,638994.6606600754
2020-02-14,现金,0.0,0.0,2917.008,2968.6053500000003,180,2940.1071833333335,,,False,,,,False,False,False,MAINLINE_DECLINE,False,0,13,13,False,,,,,,,,1,,,商业航天,1.3919280770972122,1.3919280770972122,10,0,False,0.02,1,CASH,,ENTRY_GATE_CLOSED_OR_NO_CANDIDATE,0,5,equal_capital,0.1,False,638994.6606600754
2020-02-17,现金,0.0,0.0,2983.622,2963.1719,180,2940.538588888889,,,False,,,,False,False,True,NO_MAINLINE_ROTATION,False,0,14,0,False,,,,,,,,1,,,商业航天,1.4524474882250298,1.4524474882250298,13,0,False,0.02,1,BUY,商业航天,ENTRY_TOP1,0,5,equal_capital,0.1,False,638994.6606600754
2020-02-18,商业航天,1.0,1.0,2984.972,2956.642,180,2941.056738888889,,,False,,,,False,False,True,NO_MAINLINE_ROTATION,False,0,15,0,False,224.266,187.6496,210.8096,0.012880847642877225,224.266,0.0,638994.6606600754,1,1.4560079985457186,1.4560079985457186,商业航天,1.4560079985457186,1.4560079985457186,15,0,False,0.02,0,HOLD,商业航天,NO_STRONGER_QUALIFIED_SECTOR,0,5,equal_capital,0.1,False,649857.3735497204
2020-02-19,商业航天,1.0,1.0,2975.402,2950.0711,180,2941.7394444444444,,,False,,,,False,False,True,NO_MAINLINE_ROTATION,False,0,16,0,False,210.13400000000001,190.4922,213.27039999999997,-0.06301445604772893,224.266,-0.06301445604772893,638994.6606600754,1,1.370898083271356,1.370898083271356,储能,1.3960991680294115,1.3960991680294115,14,0,False,0.02,0,HOLD,商业航天,NO_STRONGER_QUALIFIED_SECTOR,1,5,equal_capital,0.1,False,608999.888452245
2020-02-20,商业航天,1.0,1.0,3030.154,2947.0769,180,2942.7236611111116,,,False,,,,False,False,True,NO_MAINLINE_ROTATION,False,0,17,0,False,216.57800000000003,193.7472,214.62240000000003,0.03066614636374898,224.266,-0.03428072021617168,638994.6606600754,1,1.429765378470801,1.429765378470801,储能,1.4420327449537302,1.4420327449537302,15,0,False,0.02,0,HOLD,商业航天,NO_STRONGER_QUALIFIED_SECTOR,0,5,equal_capital,0.1,False,623772.4628584149
2020-02-21,商业航天,1.0,1.0,3039.669,2945.3563000000004,180,2943.5419444444447,,,False,,,,False,False,True,NO_MAINLINE_ROTATION,False,0,18,0,False,228.652,197.2998,216.0152,0.05574896803922824,228.652,0.0,638994.6606600754,1,1.4508375634517767,1.4508375634517767,商业航天,1.4508375634517767,1.4508375634517767,18,0,False,0.02,0,HOLD,商业航天,NO_STRONGER_QUALIFIED_SECTOR,0,5,equal_capital,0.1,False,650314.2380301107
2020-02-24,商业航天,1.0,1.0,3031.233,2943.14315,180,2944.215955555556,,,False,,,,False,False,True,NO_MAINLINE_ROTATION,False,0,19,0,False,227.204,200.686,217.36020000000002,-0.006332767699385844,228.652,-0.006332767699385844,638994.6606600754,1,1.4246551291698022,1.4246551291698022,商业航天,1.4246551291698022,1.4246551291698022,20,0,False,0.02,0,HOLD,商业航天,NO_STRONGER_QUALIFIED_SECTOR,0,5,equal_capital,0.1,False,650243.9684609978
2020-02-25,商业航天,1.0,1.0,3013.05,2939.0063,180,2944.762366666667,,,False,,,,False,False,True,NO_MAINLINE_ROTATION,False,0,20,0,False,238.24200000000002,204.1206,220.5846,0.048581891163888,238.24200000000002,0.0,638994.6606600754,1,1.4051430256561488,1.4051430256561488,商业航天,1.4051430256561488,1.4051430256561488,16,0,False,0.02,0,HOLD,商业航天,NO_STRONGER_QUALIFIED_SECTOR,0,5,equal_capital,0.1,False,683703.4238047386
2020-02-26,商业航天,1.0,1.0,2987.929,2935.79565,180,2945.218611111111,,,False,,,,False,False,True,NO_MAINLINE_ROTATION,False,0,21,0,False,220.756,206.61939999999998,221.0458,-0.07339595873103821,238.24200000000002,-0.07339595873103821,638994.6606600754,1,1.2926337978686029,1.2926337978686029,云计算,1.3493650253267722,1.3493650253267722,14,0,False,0.02,1,HOLD,商业航天,SWITCH_CONFIRM_1_OF_2,1,5,equal_capital,0.1,False,632203.7092121848
2020-02-27,商业航天,1.0,1.0,2991.329,2932.32435,180,2945.733238888889,,,False,,,,False,False,True,NO_MAINLINE_ROTATION,False,0,22,0,False,216.46600000000004,208.881,221.89180000000002,-0.019433220388120676,238.24200000000002,-0.09140285927754122,638994.6606600754,1,1.2641531471553549,1.2641531471553549,云计算,1.4236440725187554,1.4236440725187554,15,0,False,0.02,0,SWITCH,云计算,STRONGER_RS20_MARGIN_2%,2,5,equal_capital,0.1,False,623366.4453283597
2020-02-28,云计算,1.0,1.0,2880.304,2927.5131499999998,180,2945.6789222222224,,,False,,,,False,False,False,MAINLINE_DECLINE,False,0,23,1,False,514.658,474.87790000000007,520.1283999999999,-0.08437854705507697,514.658,0.0,638994.6606600754,1,1.3661987534111302,1.3661987534111302,云计算,1.3661987534111302,1.3661987534111302,12,0,False,0.02,0,HOLD,云计算,NO_STRONGER_QUALIFIED_SECTOR,1,5,equal_capital,0.1,False,568575.8903356694
2020-03-02,云计算,1.0,1.0,2970.931,2938.7294,180,2946.2825388888887,,,False,,,,False,False,True,NO_MAINLINE_ROTATION,False,0,24,0,False,547.7760000000001,485.2326,524.4398000000001,0.06434952920191672,547.7760000000001,0.0,638994.6606600754,1,1.6078806629055837,1.6078806629055837,云计算,1.6078806629055837,1.6078806629055837,21,0,False,0.02,0,HOLD,云计算,NO_STRONGER_QUALIFIED_SECTOR,0,5,equal_capital,0.1,False,596306.5061467311
2020-03-03,云计算,1.0,1.0,2992.897,2949.20985,180,2947.012977777778,,,False,,,,False,False,True,MAINLINE_RISE,True,1,0,0,False,582.9639999999999,496.1267000000001,531.4060000000001,0.0642379366748449,582.9639999999999,0.0,638994.6606600754,1,1.596802910031171,1.596802910031171,云计算,1.596802910031171,1.596802910031171,17,0,False,0.02,0,HOLD,云计算,NO_STRONGER_QUALIFIED_SECTOR,0,5,equal_capital,0.1,False,610700.2906666775
2020-03-04,云计算,1.0,1.0,3011.666,2958.88875,180,2948.034466666666,,,False,,,,False,False,True,MAINLINE_RISE,True,2,0,0,False,546.172,504.59399999999994,536.1096,-0.06311195888596877,582.9639999999999,-0.06311195888596877,638994.6606600754,1,1.449401049821403,1.449401049821403,云计算,1.449401049821403,1.449401049821403,16,0,False,0.02,0,HOLD,云计算,NO_STRONGER_QUALIFIED_SECTOR,0,5,equal_capital,0.1,False,598237.3131947045
2020-03-05,云计算,1.0,1.0,3071.677,2969.1470999999997,180,2949.2541722222227,,,False,,,,False,False,True,MAINLINE_RISE,True,3,0,0,False,530.61,510.4817,539.3928,-0.028492855730429256,582.9639999999999,-0.08980657467699538,638994.6606600754,1,1.2852180905691086,1.2852180905691086,农林牧渔,1.3561683066529593,1.3561683066529593,16,0,False,0.02,1,HOLD,云计算,SWITCH_CONFIRM_1_OF_2,1,5,equal_capital,0.1,False,598160.3597134675
2020-03-06,云计算,1.0,1.0,3034.511,2977.07445,180,2949.8585888888892,,,False,,,,False,False,True,MAINLINE_RISE,True,4,0,0,False,521.7479999999999,514.4662999999999,539.9794,-0.016701532198790225,582.9639999999999,-0.10500819947715467,638994.6606600754,1,1.180275802160812,1.180275802160812,农林牧渔,1.3488640739314592,1.3488640739314592,17,0,False,0.02,0,SWITCH,农林牧渔,STRONGER_RS20_MARGIN_2%,2,5,equal_capital,0.1,False,586267.733782741
2020-03-09,农林牧渔,1.0,1.0,2943.291,2979.7146000000002,180,2950.0469833333336,,,False,,,,False,False,False,MAINLINE_DECLINE,False,0,1,1,False,379.22200000000004,327.63070000000005,350.9722,0.02128633677871794,379.22200000000004,0.0,638994.6606600754,1,1.297434704364903,1.297434704364903,农林牧渔,1.297434704364903,1.297434704364903,6,0,False,0.02,0,HOLD,农林牧渔,NO_STRONGER_QUALIFIED_SECTOR,0,5,equal_capital,0.1,False,578814.6007887269
2020-03-10,农林牧渔,1.0,1.0,2996.762,2984.469,180,2950.524877777778,,,False,,,,False,False,True,MAINLINE_RISE,True,1,0,0,False,372.848,331.6359,354.995,-0.01680809657667548,379.22200000000004,-0.01680809657667548,638994.6606600754,1,1.273631568879294,1.273631568879294,光纤概念,1.276325264498975,1.276325264498975,7,0,False,0.02,0,HOLD,农林牧渔,NO_STRONGER_QUALIFIED_SECTOR,0,5,equal_capital,0.1,False,575277.1525384819
2020-03-11,农林牧渔,1.0,1.0,2968.517,2986.5499,180,2951.005672222222,,,False,,,,False,False,False,MAINLINE_DECLINE,False,0,1,1,False,372.246,335.7609,358.8376,-0.0016145989786723325,379.22200000000004,-0.0183955572197817,638994.6606600754,1,1.284732144706053,1.284732144706053,农林牧渔,1.284732144706053,1.284732144706053,8,0,False,0.02,0,HOLD,农林牧渔,NO_STRONGER_QUALIFIED_SECTOR,0,5,equal_capital,0.1,False,574922.8294246626
2020-03-12,农林牧渔,1.0,1.0,2923.486,2987.4205,180,2951.2049166666666,,,False,,,,False,False,False,MAINLINE_DECLINE,False,0,2,2,False,354.822,339.12050000000005,360.2116,-0.046807756161248104,379.22200000000004,-0.06434225862423604,638994.6606600754,1,1.2336056739561243,1.2336056739561243,光纤概念,1.3375504115794707,1.3375504115794707,6,0,False,0.02,1,HOLD,农林牧渔,SWITCH_CONFIRM_1_OF_2,1,5,equal_capital,0.1,False,551034.0313869278
2020-03-13,农林牧渔,1.0,1.0,2887.427,2985.94145,180,2951.189744444445,,,False,,,,False,False,False,MAINLINE_DECLINE,False,0,3,3,False,357.276,341.73380000000003,362.7418,0.006916143869320379,379.22200000000004,-0.057871115072437807,638994.6606600754,1,1.171358316120783,1.171358316120783,光纤概念,1.3088376692947994,1.3088376692947994,5,0,False,0.02,1,SELL,,MARKET_MA180_AND_SECTOR_MA10_BREAK,2,5,equal_capital,0.1,False,549837.1152660637
2020-03-16,现金,0.0,0.0,2789.254,2976.2230499999996,180,2950.4755833333334,,,False,,,,False,False,False,MAINLINE_DECLINE,False,0,4,4,False,,,,,,,,2,,,光纤概念,1.150422223976008,1.150422223976008,2,0,False,0.02,1,CASH,,ENTRY_GATE_CLOSED_OR_NO_CANDIDATE,0,5,equal_capital,0.1,False,554268.0115721199
2020-03-17,现金,0.0,0.0,2779.641,2965.9565000000002,180,2949.3229277777777,,,False,,,,False,False,False,MAINLINE_DECLINE,False,0,5,5,False,,,,,,,,2,,,电网设备,1.1978699926436167,1.1978699926436167,2,0,False,0.02,1,CASH,,ENTRY_GATE_CLOSED_OR_NO_CANDIDATE,0,5,equal_capital,0.1,False,554268.0115721199
2020-03-18,现金,0.0,0.0,2728.756,2953.6242,180,2947.805016666667,,,False,,,,False,False,False,MAINLINE_DECLINE,False,0,6,6,False,,,,,,,,2,,,光纤概念,1.154241245136187,1.154241245136187,1,0,False,0.02,1,CASH,,ENTRY_GATE_CLOSED_OR_NO_CANDIDATE,0,5,equal_capital,0.1,False,554268.0115721199
2020-03-19,现金,0.0,0.0,2702.13,2937.223,180,2946.1049166666667,,,False,,,,False,False,False,MAINLINE_DECLINE,False,0,7,7,False,,,,,,,,2,,,光纤概念,1.2015798112433322,1.2015798112433322,2,0,False,0.02,1,CASH,,ENTRY_GATE_CLOSED_OR_NO_CANDIDATE,0,5,equal_capital,0.1,False,554268.0115721199
2020-03-20,现金,0.0,0.0,2745.618,2922.52045,180,2944.7912722222222,,,False,,,,False,False,False,BROAD_DECLINE_OR_NO_LEADER,False,0,8,8,False,,,,,,,,2,,,,,,0,0,False,0.02,1,CASH,,ENTRY_GATE_CLOSED_OR_NO_CANDIDATE,0,5,equal_capital,0.1,False,554268.0115721199
2020-03-23,现金,0.0,0.0,2660.167,2903.9671500000004,180,2943.035066666667,,,False,,,,False,False,False,BROAD_DECLINE_OR_NO_LEADER,False,0,9,9,False,,,,,,,,2,,,,,,0,0,False,0.02,1,CASH,,ENTRY_GATE_CLOSED_OR_NO_CANDIDATE,0,5,equal_capital,0.1,False,554268.0115721199
2020-03-24,现金,0.0,0.0,2722.438,2889.43655,180,2941.5108722222226,,,False,,,,False,False,False,BROAD_DECLINE_OR_NO_LEADER,False,0,10,10,False,,,,,,,,2,,,,,,0,0,False,0.02,1,CASH,,ENTRY_GATE_CLOSED_OR_NO_CANDIDATE,0,5,equal_capital,0.1,False,554268.0115721199
2020-03-25,现金,0.0,0.0,2781.591,2879.1196499999996,180,2940.4148333333337,,,False,,,,False,False,False,BROAD_DECLINE_OR_NO_LEADER,False,0,11,11,False,,,,,,,,2,,,,,,0,0,False,0.02,1,CASH,,ENTRY_GATE_CLOSED_OR_NO_CANDIDATE,0,5,equal_capital,0.1,False,554268.0115721199
2020-03-26,现金,0.0,0.0,2764.911,2867.79875,180,2938.859322222222,,,False,,,,False,False,False,BROAD_DECLINE_OR_NO_LEADER,False,0,12,12,False,,,,,,,,2,,,,,,0,0,False,0.02,1,CASH,,ENTRY_GATE_CLOSED_OR_NO_CANDIDATE,0,5,equal_capital,0.1,False,554268.0115721199
2020-03-27,现金,0.0,0.0,2772.203,2862.3937,180,2937.3496555555553,,,False,,,,False,False,False,BROAD_DECLINE_OR_NO_LEADER,False,0,13,13,False,,,,,,,,2,,,,,,0,0,False,0.02,1,CASH,,ENTRY_GATE_CLOSED_OR_NO_CANDIDATE,0,5,equal_capital,0.1,False,554268.0115721199
2020-03-30,现金,0.0,0.0,2747.214,2851.20785,180,2935.860494444444,,,False,,,,False,False,False,BROAD_DECLINE_OR_NO_LEADER,False,0,14,14,False,,,,,,,,2,,,,,,0,0,False,0.02,1,CASH,,ENTRY_GATE_CLOSED_OR_NO_CANDIDATE,0,5,equal_capital,0.1,False,554268.0115721199
2020-03-31,现金,0.0,0.0,2750.296,2839.0778,180,2934.444088888889,,,False,,,,False,False,False,MAINLINE_DECLINE,False,0,15,15,False,,,,,,,,2,,,农业种植,1.1341097127236972,1.1341097127236972,1,0,False,0.02,1,CASH,,ENTRY_GATE_CLOSED_OR_NO_CANDIDATE,0,5,equal_capital,0.1,False,554268.0115721199
2020-04-01,现金,0.0,0.0,2734.522,2825.2205999999996,180,2932.907772222222,,,False,,,,False,False,False,BROAD_DECLINE_OR_NO_LEADER,False,0,16,16,False,,,,,,,,2,,,,,,0,0,False,0.02,1,CASH,,ENTRY_GATE_CLOSED_OR_NO_CANDIDATE,0,5,equal_capital,0.1,False,554268.0115721199
2020-04-02,现金,0.0,0.0,2780.638,2810.66865,180,2932.0593,,,False,,,,False,False,False,BROAD_DECLINE_OR_NO_LEADER,False,0,17,17,False,,,,,,,,2,,,,,,0,0,False,0.02,1,CASH,,ENTRY_GATE_CLOSED_OR_NO_CANDIDATE,0,5,equal_capital,0.1,False,554268.0115721199
2020-04-03,现金,0.0,0.0,2763.987,2797.1424500000003,180,2931.146838888889,,,False,,,,False,False,False,BROAD_DECLINE_OR_NO_LEADER,False,0,18,18,False,,,,,,,,2,,,,,,0,0,False,0.02,1,CASH,,ENTRY_GATE_CLOSED_OR_NO_CANDIDATE,0,5,equal_capital,0.1,False,554268.0115721199
2020-04-07,现金,0.0,0.0,2820.763,2791.0160499999997,180,2930.621622222222,,,False,,,,False,False,True,NO_MAINLINE_ROTATION,False,0,19,0,False,,,,,,,,2,,,农业种植,1.146329380377984,1.146329380377984,1,0,False,0.02,1,CASH,,RESEARCH_POLICY_BLOCK_ENTRY_TOP1,0,5,equal_capital,0.1,False,554268.0115721199
2020-04-08,现金,0.0,0.0,2815.369,2781.9464,180,2930.052777777778,,,False,,,,False,False,True,NO_MAINLINE_ROTATION,False,0,20,0,False,,,,,,,,2,,,航运港口,1.1168322794339056,1.1168322794339056,1,0,False,0.02,1,CASH,,RESEARCH_POLICY_BLOCK_ENTRY_TOP1,0,5,equal_capital,0.1,False,554268.0115721199
2020-04-09,现金,0.0,0.0,2825.904,2774.81575,180,2929.471433333333,,,False,,,,False,False,True,NO_MAINLINE_ROTATION,False,0,21,0,False,,,,,,,,2,,,农业种植,1.1100565793443171,1.1100565793443171,1,0,False,0.02,1,CASH,,RESEARCH_POLICY_BLOCK_ENTRY_TOP1,0,5,equal_capital,0.1,False,554268.0115721199
2020-04-10,现金,0.0,0.0,2796.631,2768.473,180,2928.6628,,,False,,,,False,False,True,NO_MAINLINE_ROTATION,False,0,22,0,False,,,,,,,,2,,,农业种植,1.1322268872446604,1.1322268872446604,2,0,False,0.02,1,CASH,,RESEARCH_POLICY_BLOCK_ENTRY_TOP1,0,5,equal_capital,0.1,False,554268.0115721199
2020-04-13,现金,0.0,0.0,2783.048,2763.2540500000005,180,2927.8040833333334,,,False,,,,False,False,True,NO_MAINLINE_ROTATION,False,0,23,0,False,,,,,,,,2,,,工程机械,1.1644512181971114,1.1644512181971114,3,0,False,0.02,1,CASH,,RESEARCH_POLICY_BLOCK_ENTRY_TOP1,0,5,equal_capital,0.1,False,554268.0115721199
2020-04-14,现金,0.0,0.0,2827.283,2765.1555,180,2927.2240277777782,,,False,,,,False,False,True,NO_MAINLINE_ROTATION,False,0,24,0,False,,,,,,,,2,,,工程机械,1.2460057777335038,1.2460057777335038,7,0,False,0.02,1,CASH,,RESEARCH_POLICY_BLOCK_ENTRY_TOP1,0,5,equal_capital,0.1,False,554268.0115721199
2020-04-15,现金,0.0,0.0,2811.174,2766.73215,180,2926.7240111111114,,,False,,,,False,False,True,NO_MAINLINE_ROTATION,False,0,25,0,False,,,,,,,,2,,,黄金概念,1.2416910252246403,1.2416910252246403,5,0,False,0.02,1,CASH,,RESEARCH_POLICY_BLOCK_ENTRY_TOP1,0,5,equal_capital,0.1,False,554268.0115721199
2020-04-16,现金,0.0,0.0,2819.935,2771.2911,180,2926.1447555555555,,,False,,,,False,False,True,NO_MAINLINE_ROTATION,False,0,26,0,False,,,,,,,,2,,,黄金概念,1.2892644135188867,1.2892644135188867,6,0,False,0.02,1,CASH,,RESEARCH_POLICY_BLOCK_ENTRY_TOP1,0,5,equal_capital,0.1,False,554268.0115721199
2020-04-17,现金,0.0,0.0,2838.495,2778.1093499999997,180,2925.875427777778,,,False,,,,False,False,True,MAINLINE_RISE,True,1,0,0,False,,,,,,,,2,,,黄金概念,1.2565702242878476,1.2565702242878476,8,0,False,0.02,1,CASH,,RESEARCH_POLICY_BLOCK_ENTRY_TOP1,0,5,equal_capital,0.1,False,554268.0115721199
2020-04-20,现金,0.0,0.0,2852.553,2783.4561,180,2925.6121388888887,,,False,,,,False,False,True,MAINLINE_RISE,True,2,0,0,False,,,,,,,,2,,,工程机械,1.2019729816517188,1.2019729816517188,9,0,False,0.02,1,CASH,,RESEARCH_POLICY_BLOCK_ENTRY_TOP1,0,5,equal_capital,0.1,False,554268.0115721199
2020-04-21,现金,0.0,0.0,2827.013,2791.7984,180,2925.0773333333336,,,False,,,,False,False,True,MAINLINE_RISE,True,3,0,0,False,,,,,,,,2,,,航运港口,1.232947232947233,1.232947232947233,17,0,False,0.02,1,CASH,,RESEARCH_POLICY_BLOCK_ENTRY_TOP1,0,5,equal_capital,0.1,False,554268.0115721199
2020-04-22,现金,0.0,0.0,2843.98,2797.8755,180,2924.558555555556,,,False,,,,False,False,True,MAINLINE_RISE,True,4,0,0,False,,,,,,,,2,,,农业种植,1.2467263713991334,1.2467263713991334,14,0,False,0.02,1,CASH,,RESEARCH_POLICY_BLOCK_ENTRY_TOP1,0,5,equal_capital,0.1,False,554268.0115721199
2020-04-23,现金,0.0,0.0,2838.499,2800.7209,180,2923.9694333333337,,,False,,,,False,False,True,MAINLINE_RISE,True,5,0,0,False,,,,,,,,2,,,航运港口,1.2242194891201512,1.2242194891201512,7,0,False,0.02,1,CASH,,RESEARCH_POLICY_BLOCK_ENTRY_TOP1,0,5,equal_capital,0.1,False,554268.0115721199
2020-04-24,现金,0.0,0.0,2808.529,2802.9018,180,2923.2334444444446,,,False,,,,False,False,True,MAINLINE_RISE,True,6,0,0,False,,,,,,,,2,,,航运港口,1.1558841651263092,1.1558841651263092,6,0,False,0.02,1,CASH,,RESEARCH_POLICY_BLOCK_ENTRY_TOP1,0,5,equal_capital,0.1,False,554268.0115721199
2020-04-27,现金,0.0,0.0,2815.495,2805.0664,180,2922.4732055555555,,,False,,,,False,False,True,MAINLINE_RISE,True,7,0,0,False,,,,,,,,2,,,农林牧渔,1.1740441142433922,1.1740441142433922,7,0,False,0.02,1,CASH,,RESEARCH_POLICY_BLOCK_ENTRY_TOP1,0,5,equal_capital,0.1,False,554268.0115721199
2020-04-28,现金,0.0,0.0,2810.024,2808.2069,180,2921.7927500000005,,,False,,,,False,False,True,MAINLINE_RISE,True,8,0,0,False,,,,,,,,2,,,食品饮料,1.191759294780432,1.191759294780432,12,0,False,0.02,1,CASH,,RESEARCH_POLICY_BLOCK_ENTRY_TOP1,0,5,equal_capital,0.1,False,554268.0115721199
2020-04-29,现金,0.0,0.0,2822.442,2811.8142,180,2921.3131722222224,,,False,,,,False,False,True,MAINLINE_RISE,True,9,0,0,False,,,,,,,,2,,,汽车零部件,1.1955447690040741,1.1955447690040741,8,0,False,0.02,1,CASH,,RESEARCH_POLICY_BLOCK_ENTRY_TOP1,0,5,equal_capital,0.1,False,554268.0115721199
2020-04-30,现金,0.0,0.0,2860.082,2818.0922,180,2921.2700833333333,,,False,,,,False,False,True,MAINLINE_RISE,True,10,0,0,False,,,,,,,,2,,,汽车零部件,1.255595421151546,1.255595421151546,12,0,False,0.02,1,CASH,,RESEARCH_POLICY_BLOCK_ENTRY_TOP1,0,5,equal_capital,0.1,False,554268.0115721199
2020-05-06,现金,0.0,0.0,2878.14,2822.9673,180,2921.584772222222,,,False,,,,False,False,True,MAINLINE_RISE,True,11,0,0,False,,,,,,,,2,,,汽车零部件,1.2436003303055325,1.2436003303055325,16,0,False,0.02,1,CASH,,RESEARCH_POLICY_BLOCK_ENTRY_TOP1,0,5,equal_capital,0.1,False,554268.0115721199
2020-05-07,现金,0.0,0.0,2871.523,2828.3441,180,2922.1068111111113,,,False,,,,False,False,True,MAINLINE_RISE,True,12,0,0,False,,,,,,,,2,,,汽车零部件,1.2378028542980417,1.2378028542980417,18,0,False,0.02,1,CASH,,RESEARCH_POLICY_BLOCK_ENTRY_TOP1,0,5,equal_capital,0.1,False,554268.0115721199
2020-05-08,现金,0.0,0.0,2895.344,2832.07315,180,2922.8105,,,False,,,,False,False,True,MAINLINE_RISE,True,13,0,0,False,,,,,,,,2,,,汽车零部件,1.198721534159009,1.198721534159009,12,0,False,0.02,1,CASH,,RESEARCH_POLICY_BLOCK_ENTRY_TOP1,0,5,equal_capital,0.1,False,554268.0115721199
2020-05-11,现金,0.0,0.0,2894.802,2836.0448,180,2923.3674444444446,,,False,,,,False,False,True,MAINLINE_RISE,True,14,0,0,False,,,,,,,,2,,,汽车零部件,1.2257698541329012,1.2257698541329012,12,0,False,0.02,1,CASH,,RESEARCH_POLICY_BLOCK_ENTRY_TOP1,0,5,equal_capital,0.1,False,554268.0115721199
2020-05-12,现金,0.0,0.0,2891.556,2839.3274,180,2924.01635,,,False,,,,False,False,True,MAINLINE_RISE,True,15,0,0,False,,,,,,,,2,,,汽车零部件,1.2327205587220038,1.2327205587220038,13,0,False,0.02,1,CASH,,RESEARCH_POLICY_BLOCK_ENTRY_TOP1,0,5,equal_capital,0.1,False,554268.0115721199
2020-05-13,现金,0.0,0.0,2898.05,2844.39835,180,2924.4777722222225,,,False,,,,False,False,True,MAINLINE_RISE,True,16,0,0,False,,,,,,,,2,,,汽车零部件,1.2765780730897012,1.2765780730897012,16,0,False,0.02,1,CASH,,RESEARCH_POLICY_BLOCK_ENTRY_TOP1,0,5,equal_capital,0.1,False,554268.0115721199
2020-05-14,现金,0.0,0.0,2870.342,2848.76305,180,2924.883783333333,,,False,,,,False,False,True,MAINLINE_RISE,True,17,0,0,False,,,,,,,,2,,,被动元件,1.2868692712932794,1.2868692712932794,15,0,False,0.02,1,CASH,,RESEARCH_POLICY_BLOCK_ENTRY_TOP1,0,5,equal_capital,0.1,False,554268.0115721199
2020-05-15,现金,0.0,0.0,2868.459,2850.82185,180,2925.2145833333334,,,False,,,,False,False,True,MAINLINE_RISE,True,18,0,0,False,,,,,,,,2,,,被动元件,1.2498860478452012,1.2498860478452012,13,0,False,0.02,1,CASH,,RESEARCH_POLICY_BLOCK_ENTRY_TOP1,0,5,equal_capital,0.1,False,554268.0115721199
2020-05-18,现金,0.0,0.0,2875.418,2854.03405,180,2925.5458055555555,,,False,,,,False,False,True,MAINLINE_RISE,True,19,0,0,False,,,,,,,,2,,,汽车零部件,1.1731392865617336,1.1731392865617336,6,0,False,0.02,1,CASH,,RESEARCH_POLICY_BLOCK_ENTRY_TOP1,0,5,equal_capital,0.1,False,554268.0115721199
2020-05-19,现金,0.0,0.0,2898.576,2857.9660999999996,180,2925.9610944444444,,,False,,,,False,False,True,MAINLINE_RISE,True,20,0,0,False,,,,,,,,2,,,汽车零部件,1.2088382038488952,1.2088382038488952,9,0,False,0.02,1,CASH,,RESEARCH_POLICY_BLOCK_ENTRY_TOP1,0,5,equal_capital,0.1,False,554268.0115721199
2020-05-20,现金,0.0,0.0,2883.738,2860.22825,180,2925.964661111111,,,False,,,,False,False,True,MAINLINE_RISE,True,21,0,0,False,,,,,,,,2,,,被动元件,1.1503955889321251,1.1503955889321251,5,0,False,0.02,1,CASH,,RESEARCH_POLICY_BLOCK_ENTRY_TOP1,0,5,equal_capital,0.1,False,554268.0115721199
2020-05-21,现金,0.0,0.0,2867.924,2860.9968,180,2925.897566666667,,,False,,,,False,False,True,MAINLINE_RISE,True,22,0,0,False,,,,,,,,2,,,社会服务,1.1587410980932686,1.1587410980932686,3,0,False,0.02,1,CASH,,RESEARCH_POLICY_BLOCK_ENTRY_TOP1,0,5,equal_capital,0.1,False,554268.0115721199
2020-05-22,现金,0.0,0.0,2813.765,2860.3344,180,2925.5277555555554,,,False,,,,False,False,False,MAINLINE_DECLINE,False,0,1,1,False,,,,,,,,2,,,社会服务,1.1524896746948814,1.1524896746948814,3,0,False,0.02,1,CASH,,ENTRY_GATE_CLOSED_OR_NO_CANDIDATE,0,5,equal_capital,0.1,False,554268.0115721199
2020-05-25,现金,0.0,0.0,2817.97,2859.0339,180,2925.164055555556,,,False,,,,False,False,False,MAINLINE_DECLINE,False,0,2,2,False,,,,,,,,2,,,社会服务,1.1338320673749913,1.1338320673749913,3,0,False,0.02,1,CASH,,ENTRY_GATE_CLOSED_OR_NO_CANDIDATE,0,5,equal_capital,0.1,False,554268.0115721199
2020-05-26,现金,0.0,0.0,2846.547,2859.4363000000003,180,2924.8814,,,False,,,,False,False,False,MAINLINE_DECLINE,False,0,3,3,False,,,,,,,,2,,,社会服务,1.1609255910828316,1.1609255910828316,3,0,False,0.02,1,CASH,,ENTRY_GATE_CLOSED_OR_NO_CANDIDATE,0,5,equal_capital,0.1,False,554268.0115721199
2020-05-27,现金,0.0,0.0,2836.804,2860.85005,180,2924.7327166666664,,,False,,,,False,False,False,MAINLINE_DECLINE,False,0,4,4,False,,,,,,,,2,,,轻工制造,1.2010286349735892,1.2010286349735892,3,0,False,0.02,1,CASH,,ENTRY_GATE_CLOSED_OR_NO_CANDIDATE,0,5,equal_capital,0.1,False,554268.0115721199
2020-05-28,现金,0.0,0.0,2846.222,2862.3864,180,2924.4217666666664,,,False,,,,False,False,False,MAINLINE_DECLINE,False,0,5,5,False,,,,,,,,2,,,轻工制造,1.2002476659570618,1.2002476659570618,4,0,False,0.02,1,CASH,,ENTRY_GATE_CLOSED_OR_NO_CANDIDATE,0,5,equal_capital,0.1,False,554268.0115721199
2020-05-29,现金,0.0,0.0,2852.351,2864.50275,180,2924.191738888889,,,False,,,,False,False,False,MAINLINE_DECLINE,False,0,6,6,False,,,,,,,,2,,,轻工制造,1.2603346181777555,1.2603346181777555,4,0,False,0.02,1,CASH,,ENTRY_GATE_CLOSED_OR_NO_CANDIDATE,0,5,equal_capital,0.1,False,554268.0115721199
2020-06-01,现金,0.0,0.0,2915.431,2869.1521999999995,180,2924.3279166666666,,,False,,,,False,False,True,MAINLINE_RISE,True,1,0,0,False,,,,,,,,2,,,商贸零售,1.2878416821273966,1.2878416821273966,7,0,False,0.02,1,CASH,,RESEARCH_POLICY_BLOCK_ENTRY_TOP1,0,5,equal_capital,0.1,False,554268.0115721199
2020-06-02,现金,0.0,0.0,2921.398,2872.218,180,2924.5232555555554,,,False,,,,False,False,True,MAINLINE_RISE,True,2,0,0,False,,,,,,,,2,,,商贸零售,1.2385668511505972,1.2385668511505972,3,0,False,0.02,1,CASH,,RESEARCH_POLICY_BLOCK_ENTRY_TOP1,0,5,equal_capital,0.1,False,554268.0115721199
2020-06-03,现金,0.0,0.0,2923.371,2874.47955,180,2924.519172222222,,,False,,,,False,False,True,MAINLINE_RISE,True,3,0,0,False,,,,,,,,2,,,商贸零售,1.2740953503215988,1.2740953503215988,3,0,False,0.02,1,CASH,,RESEARCH_POLICY_BLOCK_ENTRY_TOP1,0,5,equal_capital,0.1,False,554268.0115721199
2020-06-04,现金,0.0,0.0,2919.251,2876.8659500000003,180,2924.4586,,,False,,,,False,False,True,MAINLINE_RISE,True,4,0,0,False,,,,,,,,2,,,商贸零售,1.242047328096208,1.242047328096208,4,0,False,0.02,1,CASH,,RESEARCH_POLICY_BLOCK_ENTRY_TOP1,0,5,equal_capital,0.1,False,554268.0115721199
2020-06-05,现金,0.0,0.0,2930.799,2878.6387,180,2924.31075,,,False,,,,False,False,True,MAINLINE_RISE,True,5,0,0,False,,,,,,,,2,,,商贸零售,1.2317355687707483,1.2317355687707483,6,0,False,0.02,1,BUY,商贸零售,ENTRY_TOP1,0,5,equal_capital,0.1,False,554268.0115721199
2020-06-08,商贸零售,1.0,1.0,2937.771,2880.78715,180,2924.043561111111,,,False,,,,False,False,True,MAINLINE_RISE,True,6,0,0,False,102.24600000000001,92.3831,99.8432,-0.008744716329933566,102.24600000000001,0.0,554268.0115721199,2,1.247510980966325,1.247510980966325,商贸零售,1.247510980966325,1.247510980966325,3,0,False,0.02,0,HOLD,商贸零售,NO_STRONGER_QUALIFIED_SECTOR,0,5,equal_capital,0.1,False,548367.1778744247
2020-06-09,商贸零售,1.0,1.0,2956.112,2884.0149499999998,180,2923.801955555555,,,False,,,,False,False,True,MAINLINE_RISE,True,7,0,0,False,107.72999999999999,93.64330000000001,101.476,0.053635350038143015,107.72999999999999,0.0,554268.0115721199,2,1.305406780893294,1.305406780893294,商贸零售,1.305406780893294,1.305406780893294,2,0,False,0.02,0,HOLD,商贸零售,NO_STRONGER_QUALIFIED_SECTOR,0,5,equal_capital,0.1,False,574259.6205552843
2020-06-10,商贸零售,1.0,1.0,2943.753,2886.3001,180,2923.3520333333336,,,False,,,,False,False,True,MAINLINE_RISE,True,8,0,0,False,110.404,94.9834,103.01399999999998,0.02482131254061093,110.404,0.0,554268.0115721199,2,1.3205904164972129,1.3205904164972129,商贸零售,1.3205904164972129,1.3205904164972129,3,0,False,0.02,0,HOLD,商贸零售,NO_STRONGER_QUALIFIED_SECTOR,0,5,equal_capital,0.1,False,594929.7334752448
2020-06-11,商贸零售,1.0,1.0,2920.897,2888.82785,180,2922.7947833333333,,,False,,,,False,False,True,MAINLINE_RISE,True,9,0,0,False,115.23599999999999,96.5722,105.15419999999999,0.04376653019818111,115.23599999999999,0.0,554268.0115721199,2,1.3807332854061825,1.3807332854061825,商贸零售,1.3807332854061825,1.3807332854061825,3,0,False,0.02,0,HOLD,商贸零售,NO_STRONGER_QUALIFIED_SECTOR,0,5,equal_capital,0.1,False,615557.2385064366
2020-06-12,商贸零售,1.0,1.0,2919.741,2891.39195,180,2922.2999444444445,,,False,,,,False,False,True,MAINLINE_RISE,True,10,0,0,False,122.454,98.5157,107.364,0.06263667603873802,122.454,0.0,554268.0115721199,2,1.465041156202144,1.465041156202144,商贸零售,1.465041156202144,1.465041156202144,4,0,False,0.02,0,HOLD,商贸零售,NO_STRONGER_QUALIFIED_SECTOR,0,5,equal_capital,0.1,False,637473.610114584
2020-06-15,商贸零售,1.0,1.0,2890.031,2892.1225999999997,180,2921.5154777777775,,,False,,,,False,False,False,MAINLINE_DECLINE,False,0,1,1,False,127.494,100.6498,109.7012,0.04115831250918722,127.494,0.0,554268.0115721199,2,1.5032542564731406,1.5032542564731406,商贸零售,1.5032542564731406,1.5032542564731406,5,0,False,0.02,0,HOLD,商贸零售,NO_STRONGER_QUALIFIED_SECTOR,0,5,equal_capital,0.1,False,666330.6012458823
2020-06-16,商贸零售,1.0,1.0,2931.749,2893.78125,180,2920.9654499999997,,,False,,,,False,False,True,MAINLINE_RISE,True,1,0,0,False,132.682,102.9701,112.7646,0.04069211100130188,132.682,0.0,554268.0115721199,2,1.5378784366451852,1.5378784366451852,商贸零售,1.5378784366451852,1.5378784366451852,4,0,False,0.02,0,HOLD,商贸零售,NO_STRONGER_QUALIFIED_SECTOR,0,5,equal_capital,0.1,False,686047.3297051963
2020-06-17,商贸零售,1.0,1.0,2935.873,2896.388,180,2920.730755555556,,,False,,,,False,False,True,MAINLINE_RISE,True,2,0,0,False,133.512,105.30239999999999,115.73599999999999,0.0062555584027976785,133.512,0.0,554268.0115721199,2,1.5369880045126976,1.5369880045126976,商贸零售,1.5369880045126976,1.5369880045126976,5,0,False,0.02,0,HOLD,商贸零售,NO_STRONGER_QUALIFIED_SECTOR,0,5,equal_capital,0.1,False,696250.3645569799
2020-06-18,商贸零售,1.0,1.0,2939.315,2899.95755,180,2920.4732888888884,,,False,,,,False,False,True,MAINLINE_RISE,True,3,0,0,False,135.68,107.7995,119.0586,0.016238240757385114,135.68,0.0,554268.0115721199,2,1.5824955095756839,1.5824955095756839,商贸零售,1.5824955095756839,1.5824955095756839,9,0,False,0.02,0,HOLD,商贸零售,NO_STRONGER_QUALIFIED_SECTOR,0,5,equal_capital,0.1,False,707563.2394445088
2020-06-19,商贸零售,1.0,1.0,2967.634,2907.6510000000003,180,2920.2974833333333,,,False,,,,False,False,True,MAINLINE_RISE,True,4,0,0,False,137.75,110.3884,122.51880000000001,0.015256485849056478,137.75,0.0,554268.0115721199,2,1.6022658539989765,1.6022658539989765,商贸零售,1.6022658539989765,1.6022658539989765,11,0,False,0.02,0,HOLD,商贸零售,NO_STRONGER_QUALIFIED_SECTOR,0,5,equal_capital,0.1,False,724052.2989360307
2020-06-22,商贸零售,1.0,1.0,2965.272,2915.0161,180,2920.068733333333,,,False,,,,False,False,True,MAINLINE_RISE,True,5,0,0,False,134.76,112.8067,125.7702,-0.02170598911070787,137.75,-0.02170598911070787,554268.0115721199,2,1.559830543787763,1.559830543787763,商贸零售,1.559830543787763,1.559830543787763,14,0,False,0.02,0,HOLD,商贸零售,NO_STRONGER_QUALIFIED_SECTOR,0,5,equal_capital,0.1,False,707473.2073385614
2020-06-23,商贸零售,1.0,1.0,2970.62,2921.21975,180,2920.0328611111113,,,False,,,,False,False,True,MAINLINE_RISE,True,6,0,0,False,135.426,115.00789999999999,128.53979999999999,0.00494211932324129,137.75,-0.01687114337568063,554268.0115721199,2,1.481652480252073,1.481652480252073,商贸零售,1.481652480252073,1.481652480252073,11,0,False,0.02,0,HOLD,商贸零售,NO_STRONGER_QUALIFIED_SECTOR,0,5,equal_capital,0.1,False,708346.433195235
2020-06-24,商贸零售,1.0,1.0,2979.551,2928.3571,180,2920.0006944444444,,,False,,,,False,False,True,MAINLINE_RISE,True,7,0,0,False,133.172,116.9153,130.8166,-0.016643775936673877,137.75,-0.03323411978221413,554268.0115721199,2,1.401456474153898,1.401456474153898,商贸零售,1.401456474153898,1.401456474153898,15,0,False,0.02,0,HOLD,商贸零售,NO_STRONGER_QUALIFIED_SECTOR,0,5,equal_capital,0.1,False,692832.594059994
2020-06-29,商贸零售,1.0,1.0,2961.516,2934.1218,180,2920.034488888889,,,False,,,,False,False,True,MAINLINE_RISE,True,8,0,0,False,139.58800000000002,119.20300000000002,133.25179999999997,0.048178295737842936,139.58800000000002,0.0,554268.0115721199,2,1.4876057718950488,1.4876057718950488,商贸零售,1.4876057718950488,1.4876057718950488,13,0,False,0.02,0,HOLD,商贸零售,NO_STRONGER_QUALIFIED_SECTOR,0,5,equal_capital,0.1,False,708511.2609291412
2020-06-30,商贸零售,1.0,1.0,2984.674,2940.7379499999997,180,2920.3433,,,False,,,,False,False,True,MAINLINE_RISE,True,9,0,0,False,151.38,121.7542,136.1444,0.08447717568845436,151.38,0.0,554268.0115721199,2,1.5084299892383117,1.5084299892383117,商贸零售,1.5084299892383117,1.5084299892383117,17,0,False,0.02,0,HOLD,商贸零售,NO_STRONGER_QUALIFIED_SECTOR,0,5,equal_capital,0.1,False,755714.8113651248
2020-07-01,商贸零售,1.0,1.0,3025.981,2946.26545,180,2920.864488888889,,,False,,,,False,False,True,MAINLINE_RISE,True,10,0,0,False,162.14399999999998,124.65530000000001,139.6094,0.07110582639714624,162.14399999999998,0.0,554268.0115721199,2,1.5572501488638326,1.5572501488638326,商贸零售,1.5572501488638326,1.5572501488638326,13,0,False,0.02,0,HOLD,商贸零售,NO_STRONGER_QUALIFIED_SECTOR,0,5,equal_capital,0.1,False,796120.7802355714
2020-07-02,商贸零售,1.0,1.0,3090.569,2954.724,180,2921.8943777777777,,,False,,,,False,False,True,MAINLINE_RISE,True,11,0,0,False,169.148,128.01029999999997,143.256,0.04319617130451947,169.148,0.0,554268.0115721199,2,1.657533709626842,1.657533709626842,商贸零售,1.657533709626842,1.657533709626842,16,0,False,0.02,0,HOLD,商贸零售,NO_STRONGER_QUALIFIED_SECTOR,0,5,equal_capital,0.1,False,839251.4222229958
2020-07-03,商贸零售,1.0,1.0,3152.813,2966.1961,180,2923.2235055555557,,,False,,,,False,False,True,MAINLINE_RISE,True,12,0,0,False,184.874,132.0641,148.3922,0.09297183531581821,184.874,0.0,554268.0115721199,2,1.7810940480548758,1.7810940480548758,商贸零售,1.7810940480548758,1.7810940480548758,18,0,False,0.02,0,HOLD,商贸零售,NO_STRONGER_QUALIFIED_SECTOR,0,5,equal_capital,0.1,False,909319.940629654
2020-07-06,商贸零售,1.0,1.0,3332.881,2986.8776,180,2925.4903055555556,,,False,,,,False,False,True,MAINLINE_RISE,True,13,0,0,False,201.872,137.035,155.0114,0.0919437021971723,201.872,0.0,554268.0115721199,2,1.9703671891775818,1.9703671891775818,商贸零售,1.9703671891775818,1.9703671891775818,33,0,False,0.02,0,HOLD,商贸零售,NO_STRONGER_QUALIFIED_SECTOR,0,5,equal_capital,0.1,False,981503.6635861561
2020-07-07,商贸零售,1.0,1.0,3345.337,3007.6045,180,2927.699338888889,,,False,,,,False,False,True,MAINLINE_RISE,True,14,0,0,False,206.22799999999998,142.189,161.8592,0.021578029642545626,206.22799999999998,0.0,554268.0115721199,2,1.9993407530926435,1.9993407530926435,商贸零售,1.9993407530926435,1.9993407530926435,33,0,False,0.02,0,HOLD,商贸零售,NO_STRONGER_QUALIFIED_SECTOR,0,5,equal_capital,0.1,False,1021518.4864025771
2020-07-08,商贸零售,1.0,1.0,3403.44,3030.88795,180,2930.087027777777,,,False,,,,False,False,True,MAINLINE_RISE,True,15,0,0,False,215.122,147.8328,169.8954,0.04312702445836658,215.122,0.0,554268.0115721199,2,2.1039649472840014,2.1039649472840014,商贸零售,2.1039649472840014,2.1039649472840014,36,0,False,0.02,0,HOLD,商贸零售,NO_STRONGER_QUALIFIED_SECTOR,0,5,equal_capital,0.1,False,1073225.430728974
2020-07-09,商贸零售,1.0,1.0,3450.594,3055.61205,180,2932.546533333333,,,False,,,,False,False,True,MAINLINE_RISE,True,16,0,0,False,218.094,153.351,178.1622,0.013815416368386124,218.094,0.0,554268.0115721199,2,2.024450013923698,2.024450013923698,商贸零售,2.024450013923698,2.024450013923698,40,0,False,0.02,0,HOLD,商贸零售,NO_STRONGER_QUALIFIED_SECTOR,0,5,equal_capital,0.1,False,1106113.017306955
2020-07-10,商贸零售,1.0,1.0,3383.322,3077.5905000000002,180,2934.7258444444446,,,False,,,,False,False,True,MAINLINE_RISE,True,17,0,0,False,227.426,159.2021,187.5876,0.04278888919456736,227.426,0.0,554268.0115721199,2,2.0599434803086845,2.0599434803086845,商贸零售,2.0599434803086845,2.0599434803086845,37,0,False,0.02,0,HOLD,商贸零售,NO_STRONGER_QUALIFIED_SECTOR,0,5,equal_capital,0.1,False,1149058.4911637807
2020-07-13,商贸零售,1.0,1.0,3443.286,3103.70995,180,2937.306811111111,,,False,,,,False,False,True,MAINLINE_RISE,True,18,0,0,False,218.18,164.3493,195.4468,-0.04065498227995035,227.426,-0.04065498227995035,554268.0115721199,2,1.8933319448783368,1.8933319448783368,商贸零售,1.8933319448783368,1.8933319448783368,43,0,False,0.02,0,HOLD,商贸零售,NO_STRONGER_QUALIFIED_SECTOR,0,5,equal_capital,0.1,False,1102141.4872946907
2020-07-14,商贸零售,1.0,1.0,3414.619,3128.4538500000003,180,2939.7361722222226,,,False,,,,False,False,True,MAINLINE_RISE,True,19,0,0,False,208.76399999999998,168.66479999999999,201.18519999999998,-0.04315702630855267,227.426,-0.08205746044867346,554268.0115721199,2,1.7048361017198295,1.7048361017198295,商贸零售,1.7048361017198295,1.7048361017198295,40,0,False,0.02,0,HOLD,商贸零售,NO_STRONGER_QUALIFIED_SECTOR,0,5,equal_capital,0.1,False,1049591.4302985328
2020-07-15,商贸零售,1.0,1.0,3361.304,3152.0175,180,2942.0870777777777,,,False,,,,False,False,True,MAINLINE_RISE,True,20,0,0,False,210.58,172.8191,206.0288,0.008698817803836079,227.426,-0.07407244554272585,554268.0115721199,2,1.651685569516997,1.651685569516997,商贸零售,1.651685569516997,1.651685569516997,39,0,False,0.02,0,HOLD,商贸零售,NO_STRONGER_QUALIFIED_SECTOR,0,5,equal_capital,0.1,False,1066799.896389281
2020-07-16,商贸零售,1.0,1.0,3210.099,3165.935,180,2943.58975,,,False,,,,False,False,True,MAINLINE_RISE,True,21,0,0,False,190.872,175.7286,208.20120000000003,-0.09358913477063346,227.426,-0.16072920422467074,554268.0115721199,2,1.438567401757586,1.438567401757586,商贸零售,1.438567401757586,1.438567401757586,24,0,False,0.02,0,HOLD,商贸零售,NO_STRONGER_QUALIFIED_SECTOR,1,5,equal_capital,0.1,False,975252.0127581456
2020-07-17,商贸零售,1.0,1.0,3214.129,3179.8478,180,2945.0328,,,False,,,,False,False,True,MAINLINE_RISE,True,22,0,0,False,189.704,178.53820000000002,208.6842,-0.006119284127582891,227.426,-0.1658649406840026,554268.0115721199,2,1.4208760261249926,1.4208760261249926,军工,1.4502011263073207,1.4502011263073207,19,0,False,0.02,1,HOLD,商贸零售,SWITCH_CONFIRM_1_OF_2,2,5,equal_capital,0.1,False,939471.4478785307
2020-07-20,商贸零售,1.0,1.0,3314.149,3198.5895,180,2947.102411111111,,,False,,,,False,False,True,MAINLINE_RISE,True,23,0,0,False,196.77,181.5927,208.17399999999998,0.03724750137055621,227.426,-0.134795493918901,554268.0115721199,2,1.4502505896226414,1.4502505896226414,军工,1.6127681363495052,1.6127681363495052,14,0,False,0.02,0,SWITCH,军工,STRONGER_RS20_MARGIN_2%,3,5,equal_capital,0.1,False,972895.8959472631
2020-07-21,军工,1.0,1.0,3320.895,3216.25255,180,2949.2133722222225,,,False,,,,False,False,True,MAINLINE_RISE,True,24,0,0,False,165.86399999999998,139.9982,162.4502,-0.059631935231486355,165.86399999999998,0.0,554268.0115721199,2,1.5132472082329753,1.5132472082329753,军工,1.5132472082329753,1.5132472082329753,9,0,False,0.02,0,HOLD,军工,NO_STRONGER_QUALIFIED_SECTOR,0,5,equal_capital,0.1,False,895881.8214690769
2020-07-22,军工,1.0,1.0,3333.164,3234.64715,180,2951.314655555556,,,False,,,,False,False,True,MAINLINE_RISE,True,25,0,0,False,170.214,142.9651,164.51299999999998,0.026226305889162305,170.214,0.0,554268.0115721199,2,1.5351744290919584,1.5351744290919584,军工,1.5351744290919584,1.5351744290919584,8,0,False,0.02,0,HOLD,军工,NO_STRONGER_QUALIFIED_SECTOR,0,5,equal_capital,0.1,False,924499.0110932714
2020-07-23,军工,1.0,1.0,3325.11,3252.37165,180,2953.2316555555553,,,False,,,,False,False,True,MAINLINE_RISE,True,26,0,0,False,181.472,146.38619999999997,166.5324,0.06614027048303917,181.472,0.0,554268.0115721199,2,1.6052366209641753,1.6052366209641753,军工,1.6052366209641753,1.6052366209641753,13,0,False,0.02,0,HOLD,军工,NO_STRONGER_QUALIFIED_SECTOR,0,5,equal_capital,0.1,False,979485.894574014
2020-07-24,军工,1.0,1.0,3196.768,3263.2324999999996,180,2954.5793888888884,,,False,,,,False,False,False,MAINLINE_DECLINE,False,0,1,1,False,178.88,149.72539999999998,168.21699999999998,-0.014283195203667831,181.472,-0.014283195203667831,554268.0115721199,2,1.5957750499571794,1.5957750499571794,军工,1.5957750499571794,1.5957750499571794,12,0,False,0.02,0,HOLD,军工,NO_STRONGER_QUALIFIED_SECTOR,0,5,equal_capital,0.1,False,973203.8049657181
2020-07-27,军工,1.0,1.0,3205.227,3275.41805,180,2956.0566444444444,,,False,,,,False,False,False,MAINLINE_DECLINE,False,0,2,2,False,178.78799999999998,153.03119999999998,169.54919999999998,-0.000514311270125245,181.472,-0.014790160465526503,554268.0115721199,2,1.5868006248224935,1.5868006248224935,军工,1.5868006248224935,1.5868006248224935,10,0,False,0.02,0,HOLD,军工,NO_STRONGER_QUALIFIED_SECTOR,0,5,equal_capital,0.1,False,976307.0066930326
2020-07-28,军工,1.0,1.0,3227.96,3287.5823499999997,180,2957.717222222222,,,False,,,,False,False,False,MAINLINE_DECLINE,False,0,3,3,False,178.636,156.3041,170.7754,-0.0008501689151396707,181.472,-0.015627755245988473,554268.0115721199,2,1.5783632861510188,1.5783632861510188,军工,1.5783632861510188,1.5783632861510188,12,0,False,0.02,0,HOLD,军工,NO_STRONGER_QUALIFIED_SECTOR,0,5,equal_capital,0.1,False,980031.8698814106
2020-07-29,军工,1.0,1.0,3294.552,3301.0109,180,2959.58585,,,False,,,,False,False,False,MAINLINE_DECLINE,False,0,4,4,False,181.06,159.5879,172.7362,0.013569493271233135,181.472,-0.0022703226944101873,554268.0115721199,2,1.5691950357068574,1.5691950357068574,军工,1.5691950357068574,1.5691950357068574,10,0,False,0.02,0,HOLD,军工,NO_STRONGER_QUALIFIED_SECTOR,0,5,equal_capital,0.1,False,993716.5989971494
2020-07-30,军工,1.0,1.0,3286.822,3310.82355,180,2961.315461111111,,,False,,,,False,False,False,MAINLINE_DECLINE,False,0,5,5,False,179.876,162.7821,175.3406,-0.00653926875069033,181.472,-0.008794745194851017,554268.0115721199,2,1.5507621215256226,1.5507621215256226,军工,1.5507621215256226,1.5507621215256226,7,0,False,0.02,0,HOLD,军工,NO_STRONGER_QUALIFIED_SECTOR,0,5,equal_capital,0.1,False,981282.2666481484
2020-07-31,军工,1.0,1.0,3310.007,3318.6832499999996,180,2963.0846,,,False,,,,False,False,False,MAINLINE_DECLINE,False,0,6,6,False,177.68,165.7654,176.8852,-0.012208410238164102,181.472,-0.020895785575736237,554268.0115721199,2,1.5055840832443612,1.5055840832443612,军工,1.5055840832443612,1.5055840832443612,9,0,False,0.02,0,HOLD,军工,NO_STRONGER_QUALIFIED_SECTOR,0,5,equal_capital,0.1,False,973736.8633478456
2020-08-03,军工,1.0,1.0,3367.966,3320.4375,180,2965.2477666666673,,,False,,,,False,False,True,MAINLINE_RISE,True,1,0,0,False,192.60399999999998,168.9938,178.50740000000002,0.08399369653309297,192.60399999999998,0.0,554268.0115721199,2,1.5042956668437,1.5042956668437,军工,1.5042956668437,1.5042956668437,12,0,False,0.02,0,HOLD,军工,NO_STRONGER_QUALIFIED_SECTOR,0,5,equal_capital,0.1,False,1058992.918129488
2020-08-04,军工,1.0,1.0,3371.688,3321.7550500000007,180,2967.430955555556,,,False,,,,False,False,True,MAINLINE_RISE,True,2,0,0,False,182.972,171.33419999999998,180.2182,-0.050009345600298905,192.60399999999998,-0.050009345600298905,554268.0115721199,2,1.343761934138245,1.343761934138245,军工,1.343761934138245,1.343761934138245,12,0,False,0.02,0,HOLD,军工,NO_STRONGER_QUALIFIED_SECTOR,0,5,equal_capital,0.1,False,1013072.6227341437
2020-08-05,军工,1.0,1.0,3377.565,3320.4613,180,2969.7275111111107,,,False,,,,False,False,True,MAINLINE_RISE,True,3,0,0,False,189.012,173.3055,182.098,0.03301051527009591,192.60399999999998,-0.018649664596789184,554268.0115721199,2,1.263567446151378,1.263567446151378,农业种植,1.265069040747702,1.265069040747702,9,0,False,0.02,0,HOLD,军工,NO_STRONGER_QUALIFIED_SECTOR,0,5,equal_capital,0.1,False,1051913.9798089268
2020-08-06,军工,1.0,1.0,3386.463,3317.25475,180,2972.374666666666,,,False,,,,False,False,True,MAINLINE_RISE,True,4,0,0,False,203.70999999999998,175.42710000000002,184.3218,0.07776225848094298,203.70999999999998,0.0,554268.0115721199,2,1.2630985007254554,1.2630985007254554,军工,1.2630985007254554,1.2630985007254554,5,0,False,0.02,0,HOLD,军工,NO_STRONGER_QUALIFIED_SECTOR,0,5,equal_capital,0.1,False,1127009.815442534
2020-08-07,军工,1.0,1.0,3354.035,3315.7904000000003,180,2974.814733333333,,,False,,,,False,False,True,NO_MAINLINE_ROTATION,False,0,1,0,False,212.5,177.9504,187.6838,0.04314957537676123,212.5,0.0,554268.0115721199,2,1.311453151807645,1.311453151807645,军工,1.311453151807645,1.311453151807645,5,0,False,0.02,0,HOLD,军工,NO_STRONGER_QUALIFIED_SECTOR,0,5,equal_capital,0.1,False,1181270.6276716962
2020-08-10,军工,1.0,1.0,3379.252,3312.5887000000002,180,2977.4481277777772,,,False,,,,False,False,True,NO_MAINLINE_ROTATION,False,0,2,0,False,208.956,180.12489999999997,190.70059999999998,-0.016677647058823575,212.5,-0.016677647058823575,554268.0115721199,2,1.2628334521895737,1.2628334521895737,军工,1.2628334521895737,1.2628334521895737,5,0,False,0.02,0,HOLD,军工,NO_STRONGER_QUALIFIED_SECTOR,0,5,equal_capital,0.1,False,1178695.217897131
2020-08-11,军工,1.0,1.0,3340.29,3308.8722499999994,180,2979.8393499999997,,,False,,,,False,False,True,NO_MAINLINE_ROTATION,False,0,3,0,False,209.13000000000002,182.2627,193.75,0.0008327111927872721,212.5,-0.015858823529411703,554268.0115721199,2,1.2569872696454976,1.2569872696454976,军工,1.2569872696454976,1.2569872696454976,4,0,False,0.02,0,HOLD,军工,NO_STRONGER_QUALIFIED_SECTOR,0,5,equal_capital,0.1,False,1196529.1450487203
2020-08-12,军工,1.0,1.0,3319.266,3306.7703500000002,180,2982.2166999999995,,,False,,,,False,False,True,NO_MAINLINE_ROTATION,False,0,4,0,False,197.832,184.0817,195.4272,-0.054023812939320126,212.5,-0.06902588235294116,554268.0115721199,2,1.2253301290786116,1.2253301290786116,军工,1.2253301290786116,1.2253301290786116,2,0,False,0.02,0,HOLD,军工,NO_STRONGER_QUALIFIED_SECTOR,0,5,equal_capital,0.1,False,1124256.6688216815
2020-08-13,军工,1.0,1.0,3320.726,3312.3017,180,2984.5029555555557,,,False,,,,False,False,True,NO_MAINLINE_ROTATION,False,0,5,0,False,201.864,186.48329999999999,197.626,0.0203809292733228,212.5,-0.05005176470588235,554268.0115721199,2,1.3122367257787717,1.3122367257787717,农业种植,1.3783112024445558,1.3783112024445558,3,0,False,0.02,1,HOLD,军工,SWITCH_CONFIRM_1_OF_2,0,5,equal_capital,0.1,False,1162437.8082769236
2020-08-14,军工,1.0,1.0,3360.099,3319.6002,180,2986.8702222222223,,,False,,,,False,False,True,MAINLINE_RISE,True,1,0,0,False,212.67600000000002,189.00539999999998,201.12560000000002,0.05356081322078232,212.67600000000002,0.0,554268.0115721199,2,1.310921261880987,1.310921261880987,农业种植,1.3448431262330693,1.3448431262330693,2,0,False,0.02,0,SWITCH,农业种植,STRONGER_RS20_MARGIN_2%,0,5,equal_capital,0.1,False,1233609.6042316481
2020-08-17,农业种植,1.0,1.0,3438.801,3325.8328,180,2989.8021555555556,,,False,,,,False,False,True,MAINLINE_RISE,True,2,0,0,False,16.57627639770508,14.45940179824829,15.566834907531739,0.02088990991081796,16.57627639770508,0.0,554268.0115721199,2,1.3255250161358203,1.3255250161358203,农业种植,1.3255250161358203,1.3255250161358203,4,0,False,0.02,0,HOLD,农业种植,NO_STRONGER_QUALIFIED_SECTOR,0,5,equal_capital,0.1,False,1317888.7934578666
2020-08-18,农业种植,1.0,1.0,3451.089,3332.3424999999997,180,2992.84355,,,False,,,,False,False,True,MAINLINE_RISE,True,3,0,0,False,17.29294776916504,14.696163587570192,15.847448501586914,0.04323476239568369,17.29294776916504,0.0,554268.0115721199,2,1.3770779098096242,1.3770779098096242,农业种植,1.3770779098096242,1.3770779098096242,3,0,False,0.02,0,HOLD,农业种植,NO_STRONGER_QUALIFIED_SECTOR,0,5,equal_capital,0.1,False,1373678.117173782
2020-08-19,农业种植,1.0,1.0,3408.129,3336.0907500000003,180,2995.748222222222,,,False,,,,False,False,True,MAINLINE_RISE,True,4,0,0,False,18.146048164367677,14.951412763595581,16.106611652374266,0.04933227154735276,18.146048164367677,0.0,554268.0115721199,2,1.3914545062017922,1.3914545062017922,农业种植,1.3914545062017922,1.3914545062017922,3,0,False,0.02,0,HOLD,农业种植,NO_STRONGER_QUALIFIED_SECTOR,0,5,equal_capital,0.1,False,1441821.1711848236
2020-08-20,农业种植,1.0,1.0,3363.899,3338.0302,180,2998.2911666666664,,,False,,,,False,False,True,MAINLINE_RISE,True,5,0,0,False,16.908750152587892,15.14790612220764,16.288000106811523,-0.06818553552664952,18.146048164367677,-0.06818553552664952,554268.0115721199,2,1.3027893215611874,1.3027893215611874,农业种植,1.3027893215611874,1.3027893215611874,1,0,False,0.02,0,HOLD,农业种植,NO_STRONGER_QUALIFIED_SECTOR,0,5,equal_capital,0.1,False,1346149.2626211985
2020-08-21,农业种植,1.0,1.0,3380.683,3347.22595,180,3000.922405555556,,,False,,,,False,False,True,MAINLINE_RISE,True,6,0,0,False,16.471518516540527,15.32286970615387,16.427022609710694,-0.0258583060310017,18.146048164367677,-0.09228067911311533,554268.0115721199,2,1.2697506239842453,1.2697506239842453,农业种植,1.2697506239842453,1.2697506239842453,8,0,False,0.02,0,HOLD,农业种植,NO_STRONGER_QUALIFIED_SECTOR,0,5,equal_capital,0.1,False,1314987.7969640263
2020-08-24,农业种植,1.0,1.0,3385.638,3356.2464999999997,180,3003.6026444444437,,,False,,,,False,False,True,MAINLINE_RISE,True,7,0,0,False,16.87379684448242,15.484451460838319,16.597910671234132,0.024422661914135668,18.146048164367677,-0.07011175702616623,554268.0115721199,2,1.2368858508440574,1.2368858508440574,农业种植,1.2368858508440574,1.2368858508440574,8,0,False,0.02,0,HOLD,农业种植,NO_STRONGER_QUALIFIED_SECTOR,0,5,equal_capital,0.1,False,1350521.9031663397
2020-08-25,农业种植,1.0,1.0,3373.578,3363.5274,180,3006.290894444444,,,False,,,,False,False,True,MAINLINE_RISE,True,8,0,0,False,16.303418350219726,15.63296762943268,16.658694496154784,-0.03380261712995569,18.146048164367677,-0.10154441327705799,554268.0115721199,2,1.2227782354145267,1.2227782354145267,农业种植,1.2227782354145267,1.2227782354145267,6,0,False,0.02,0,HOLD,农业种植,NO_STRONGER_QUALIFIED_SECTOR,1,5,equal_capital,0.1,False,1303548.3177383165
2020-08-26,农业种植,1.0,1.0,3329.739,3365.28675,180,3008.833994444444,,,False,,,,False,False,False,MAINLINE_DECLINE,False,0,1,1,False,15.52499179840088,15.742119512557986,16.69022539138794,-0.047746217087556664,18.146048164367677,-0.1444422687642597,554268.0115721199,2,1.1636220331947422,1.1636220331947422,航空机场,1.1445614551881582,1.1445614551881582,1,0,False,0.02,0,SELL,,DOUBLE_MA20_BREAK,2,5,equal_capital,0.1,False,1238600.7272269493
2020-08-27,现金,0.0,0.0,3350.113,3368.4512999999997,180,3011.469027777778,,,False,,,,False,False,False,MAINLINE_DECLINE,False,0,2,2,False,,,,,,,,0,,,航空机场,1.1479081613543578,1.1479081613543578,4,0,False,0.02,0,CASH,,ENTRY_GATE_CLOSED_OR_NO_CANDIDATE,0,5,equal_capital,0.1,False,1239784.242386316
2020-08-28,现金,0.0,0.0,3403.807,3373.1413000000002,180,3014.352961111111,,,False,,,,False,False,True,MAINLINE_RISE,True,1,0,0,False,,,,,,,,0,,,航空机场,1.1593462333270714,1.1593462333270714,3,0,False,0.02,0,CASH,,ENTRY_GATE_CLOSED_OR_NO_CANDIDATE,0,5,equal_capital,0.1,False,1239784.242386316
2020-08-31,现金,0.0,0.0,3395.678,3374.5269,180,3017.2283055555554,,,False,,,,False,False,True,MAINLINE_RISE,True,2,0,0,False,,,,,,,,0,,,纺织服饰,1.138188228912395,1.138188228912395,3,0,False,0.02,0,CASH,,ENTRY_GATE_CLOSED_OR_NO_CANDIDATE,0,5,equal_capital,0.1,False,1239784.242386316
2020-09-01,现金,0.0,0.0,3410.607,3376.4728499999997,180,3020.0679611111113,,,False,,,,False,False,True,MAINLINE_RISE,True,3,0,0,False,,,,,,,,0,,,纺织服饰,1.1342401883119821,1.1342401883119821,5,0,False,0.02,0,CASH,,ENTRY_GATE_CLOSED_OR_NO_CANDIDATE,0,5,equal_capital,0.1,False,1239784.242386316
2020-09-02,现金,0.0,0.0,3404.802,3377.8347000000003,180,3022.805672222222,,,False,,,,False,False,True,MAINLINE_RISE,True,4,0,0,False,,,,,,,,0,,,纺织服饰,1.1294905253602634,1.1294905253602634,3,0,False,0.02,0,CASH,,ENTRY_GATE_CLOSED_OR_NO_CANDIDATE,0,5,equal_capital,0.1,False,1239784.242386316
2020-09-03,现金,0.0,0.0,3384.981,3377.7606,180,3025.4195777777777,,,False,,,,False,False,True,MAINLINE_RISE,True,5,0,0,False,,,,,,,,0,,,传媒,1.1511450016732803,1.1511450016732803,4,0,False,0.02,0,BUY,传媒,ENTRY_TOP1,0,5,equal_capital,0.1,False,1239784.242386316
2020-09-04,传媒,1.0,1.0,3355.367,3377.8271999999997,180,3027.8531944444444,,,False,,,,False,False,False,MAINLINE_DECLINE,False,0,1,1,False,285.416,269.00730000000004,280.8658,-0.0122031411148259,285.416,0.0,1239784.242386316,0,1.1452922859619274,1.1452922859619274,传媒,1.1452922859619274,1.1452922859619274,5,0,False,0.02,0,HOLD,传媒,NO_STRONGER_QUALIFIED_SECTOR,0,5,equal_capital,0.1,False,1254575.2364268298
2020-09-07,传媒,1.0,1.0,3292.591,3373.49415,180,3029.898605555555,,,False,,,,False,False,False,MAINLINE_DECLINE,False,0,2,2,False,274.426,270.2319,281.0158,-0.038505199428203074,285.416,-0.038505199428203074,1239784.242386316,0,1.0979938703817806,1.0979938703817806,食品饮料,1.1016115338900636,1.1016115338900636,1,0,False,0.02,0,HOLD,传媒,NO_STRONGER_QUALIFIED_SECTOR,1,5,equal_capital,0.1,False,1210218.4525167625
2020-09-08,传媒,1.0,1.0,3316.417,3372.3005,180,3032.124822222222,,,False,,,,False,False,False,MAINLINE_DECLINE,False,0,3,3,False,275.696,271.5829,281.10880000000003,0.004627841385291598,285.416,-0.03405555399837423,1239784.242386316,0,1.1086554392060353,1.1086554392060353,环保,1.1584104319953374,1.1584104319953374,3,0,False,0.02,1,HOLD,传媒,SWITCH_CONFIRM_1_OF_2,2,5,equal_capital,0.1,False,1224200.12811887
2020-09-09,传媒,1.0,1.0,3254.628,3369.0686,180,3033.719,,,False,,,,False,False,False,MAINLINE_DECLINE,False,0,4,4,False,263.20799999999997,272.1349,279.48760000000004,-0.04529626835354905,285.416,-0.07780923283908414,1239784.242386316,0,1.0437803369182448,1.0437803369182448,煤炭,1.1364832273624204,1.1364832273624204,1,0,False,0.02,1,SELL,,DOUBLE_MA20_BREAK,3,5,equal_capital,0.1,False,1158318.6475122725
2020-09-10,现金,0.0,0.0,3234.823,3364.7734499999997,180,3035.110277777778,,,False,,,,False,False,False,BROAD_DECLINE_OR_NO_LEADER,False,0,5,5,False,,,,,,,,1,,,,,,0,0,False,0.02,1,CASH,,ENTRY_GATE_CLOSED_OR_NO_CANDIDATE,0,5,equal_capital,0.1,False,1168974.376471334
2020-09-11,现金,0.0,0.0,3260.346,3359.7858,180,3036.4320777777784,,,False,,,,False,False,False,BROAD_DECLINE_OR_NO_LEADER,False,0,6,6,False,,,,,,,,1,,,,,,0,0,False,0.02,1,CASH,,ENTRY_GATE_CLOSED_OR_NO_CANDIDATE,0,5,equal_capital,0.1,False,1168974.376471334
2020-09-14,现金,0.0,0.0,3278.814,3351.7864499999996,180,3037.8863555555554,,,False,,,,False,False,False,MAINLINE_DECLINE,False,0,7,7,False,,,,,,,,1,,,风电设备,1.1120656555960835,1.1120656555960835,1,0,False,0.02,1,CASH,,ENTRY_GATE_CLOSED_OR_NO_CANDIDATE,0,5,equal_capital,0.1,False,1168974.376471334
2020-09-15,现金,0.0,0.0,3295.68,3344.0159999999996,180,3039.434211111111,,,False,,,,False,False,False,MAINLINE_DECLINE,False,0,8,8,False,,,,,,,,1,,,风电设备,1.1121948875648664,1.1121948875648664,1,0,False,0.02,1,CASH,,ENTRY_GATE_CLOSED_OR_NO_CANDIDATE,0,5,equal_capital,0.1,False,1168974.376471334
2020-09-16,现金,0.0,0.0,3283.924,3337.8057499999995,180,3040.9841333333334,,,False,,,,False,False,False,MAINLINE_DECLINE,False,0,9,9,False,,,,,,,,1,,,风电设备,1.1184474572952867,1.1184474572952867,1,0,False,0.02,1,CASH,,ENTRY_GATE_CLOSED_OR_NO_CANDIDATE,0,5,equal_capital,0.1,False,1168974.376471334
2020-09-17,现金,0.0,0.0,3270.435,3333.13255,180,3042.6934888888895,,,False,,,,False,False,False,MAINLINE_DECLINE,False,0,10,10,False,,,,,,,,1,,,风电设备,1.118881814564266,1.118881814564266,2,0,False,0.02,1,CASH,,ENTRY_GATE_CLOSED_OR_NO_CANDIDATE,0,5,equal_capital,0.1,False,1168974.376471334
2020-09-18,现金,0.0,0.0,3338.09,3331.0028999999995,180,3044.6679833333333,,,False,,,,False,False,True,NO_MAINLINE_ROTATION,False,0,11,0,False,,,,,,,,1,,,工程机械,1.126752026668687,1.126752026668687,2,0,False,0.02,1,BUY,工程机械,ENTRY_TOP1,0,5,equal_capital,0.1,False,1168974.376471334
2020-09-21,工程机械,1.0,1.0,3316.935,3327.5677499999997,180,3046.5293944444443,,,False,,,,False,False,False,BROAD_DECLINE_OR_NO_LEADER,False,0,12,1,False,416.46399999999994,393.5398,397.7682,0.00011526934603844907,416.46399999999994,0.0,1168974.376471334,1,1.0896493982208266,1.0896493982208266,,,,0,0,False,0.02,0,HOLD,工程机械,NO_STRONGER_QUALIFIED_SECTOR,0,5,equal_capital,0.1,False,1168137.4999373103
2020-09-22,工程机械,1.0,1.0,3274.302,3322.6039499999997,180,3048.0124333333333,,,False,,,,False,False,False,BROAD_DECLINE_OR_NO_LEADER,False,0,13,2,False,408.90000000000003,394.5585,399.5328,-0.018162434207998568,416.46399999999994,-0.018162434207998568,1168974.376471334,1,1.052439218996927,1.052439218996927,,,,0,0,False,0.02,0,HOLD,工程机械,NO_STRONGER_QUALIFIED_SECTOR,0,5,equal_capital,0.1,False,1148663.8029969751
2020-09-23,工程机械,1.0,1.0,3279.711,3320.1025500000005,180,3049.538405555555,,,False,,,,False,False,False,BROAD_DECLINE_OR_NO_LEADER,False,0,14,3,False,412.98400000000004,395.9784,402.8822,0.009987772071411216,416.46399999999994,-0.00835606438971892,1168974.376471334,1,1.0738404414097236,1.0738404414097236,,,,0,0,False,0.02,0,HOLD,工程机械,NO_STRONGER_QUALIFIED_SECTOR,0,5,equal_capital,0.1,False,1159014.6585025892
2020-09-24,工程机械,1.0,1.0,3223.176,3313.7557,180,3050.5559166666662,,,False,,,,False,False,False,BROAD_DECLINE_OR_NO_LEADER,False,0,15,4,False,405.01200000000006,396.7489,405.175,-0.019303411270170212,416.46399999999994,-0.0274981751123744,1168974.376471334,1,1.0395531850452513,1.0395531850452513,,,,0,0,False,0.02,0,HOLD,工程机械,NO_STRONGER_QUALIFIED_SECTOR,1,5,equal_capital,0.1,False,1131780.0408677105
2020-09-25,工程机械,1.0,1.0,3219.418,3304.53625,180,3051.4964388888893,,,False,,,,False,False,False,BROAD_DECLINE_OR_NO_LEADER,False,0,16,5,False,401.63,397.3723,406.7146,-0.00835036986558435,416.46399999999994,-0.03561892504514186,1168974.376471334,1,1.0320380715486097,1.0320380715486097,,,,0,0,False,0.02,0,HOLD,工程机械,NO_STRONGER_QUALIFIED_SECTOR,2,5,equal_capital,0.1,False,1135891.018044405
2020-09-28,工程机械,1.0,1.0,3217.535,3295.6291000000006,180,3052.231644444445,,,False,,,,False,False,False,BROAD_DECLINE_OR_NO_LEADER,False,0,17,6,False,405.116,398.47950000000003,408.3358,0.008679630505689317,416.46399999999994,-0.02724845364785422,1168974.376471334,1,1.0578214595322895,1.0578214595322895,,,,0,0,False,0.02,0,HOLD,工程机械,NO_STRONGER_QUALIFIED_SECTOR,3,5,equal_capital,0.1,False,1135847.364504037
2020-09-29,工程机械,1.0,1.0,3224.359,3286.3167000000003,180,3053.012605555555,,,False,,,,False,False,False,BROAD_DECLINE_OR_NO_LEADER,False,0,18,7,False,404.408,399.46500000000003,408.6084,-0.0017476475873575703,416.46399999999994,-0.028948480540934907,1168974.376471334,1,1.0512349947231336,1.0512349947231336,,,,0,0,False,0.02,0,HOLD,工程机械,NO_STRONGER_QUALIFIED_SECTOR,4,5,equal_capital,0.1,False,1134017.2626738984
2020-09-30,工程机械,1.0,1.0,3218.052,3276.9792,180,3053.760627777778,,,False,,,,False,False,False,BROAD_DECLINE_OR_NO_LEADER,False,0,19,8,False,405.72400000000005,399.8978,409.02560000000005,0.0032541393839884414,416.46399999999994,-0.02578854354758131,1168974.376471334,1,1.0217997924788702,1.0217997924788702,,,,0,0,False,0.02,0,HOLD,工程机械,NO_STRONGER_QUALIFIED_SECTOR,5,5,equal_capital,0.1,False,1134052.0199736974
2020-10-09,工程机械,1.0,1.0,3272.076,3271.3339499999997,180,3054.689927777778,,,False,,,,False,False,True,BROAD_DECLINE_OR_NO_LEADER,False,0,20,0,False,418.284,400.7206,409.4938,0.030957005254803605,418.284,0.0,1168974.376471334,1,1.040952845496083,1.040952845496083,,,,0,0,False,0.02,0,HOLD,工程机械,NO_STRONGER_QUALIFIED_SECTOR,0,5,equal_capital,0.1,False,1178317.818674066
2020-10-12,工程机械,1.0,1.0,3358.465,3271.48885,180,3056.309772222222,,,False,,,,False,False,True,NO_MAINLINE_ROTATION,False,0,21,0,False,440.84799999999996,403.0929,411.937,0.053944210153866745,440.84799999999996,0.0,1168974.376471334,1,1.120604369067773,1.120604369067773,储能,1.1601545671727522,1.1601545671727522,3,0,False,0.02,1,HOLD,工程机械,SWITCH_CONFIRM_1_OF_2,0,5,equal_capital,0.1,False,1212908.5625199715
2020-10-13,工程机械,1.0,1.0,3359.75,3274.8468000000003,180,3057.781261111111,,,False,,,,False,False,True,NO_MAINLINE_ROTATION,False,0,22,0,False,443.446,406.20169999999996,414.6352,0.005893187674663514,443.446,0.0,1168974.376471334,1,1.1630760353555225,1.1630760353555225,储能,1.2238116197183102,1.2238116197183102,6,0,False,0.02,0,SWITCH,储能,STRONGER_RS20_MARGIN_2%,0,5,equal_capital,0.1,False,1236310.2268700406
2020-10-14,储能,1.0,1.0,3340.778,3276.0648499999998,180,3059.1617444444446,,,False,,,,False,False,True,NO_MAINLINE_ROTATION,False,0,23,0,False,351.95,314.0955,327.6536,-0.011109737457292046,351.95,0.0,1168974.376471334,1,1.2389900796305031,1.2389900796305031,风电设备,1.245941890601555,1.245941890601555,5,0,False,0.02,0,HOLD,储能,NO_STRONGER_QUALIFIED_SECTOR,0,5,equal_capital,0.1,False,1220309.995582384
2020-10-15,储能,1.0,1.0,3332.183,3279.9426,180,3060.3651499999996,,,False,,,,False,False,True,MAINLINE_RISE,True,1,0,0,False,348.216,317.76959999999997,330.6488,-0.01060946157124587,351.95,-0.01060946157124587,1168974.376471334,1,1.2674659852803074,1.2674659852803074,风电设备,1.296213596845456,1.296213596845456,9,0,False,0.02,1,HOLD,储能,SWITCH_CONFIRM_1_OF_2,0,5,equal_capital,0.1,False,1198082.3595401663
2020-10-16,储能,1.0,1.0,3336.358,3285.01935,180,3061.6403611111114,,,False,,,,False,False,True,MAINLINE_RISE,True,2,0,0,False,347.142,321.44809999999995,335.1386,-0.003084292508098496,351.95,-0.013661031396505208,1168974.376471334,1,1.2689237202637698,1.2689237202637698,风电设备,1.3103858154623351,1.3103858154623351,8,0,False,0.02,0,SWITCH,风电设备,STRONGER_RS20_MARGIN_2%,0,5,equal_capital,0.1,False,1178835.549634748
2020-10-19,风电设备,1.0,1.0,3312.667,3287.6354,180,3062.8771888888887,,,False,,,,False,False,True,MAINLINE_RISE,True,3,0,0,False,51.46,46.6023,48.8212,-0.027515307279461942,51.46,0.0,1168974.376471334,1,1.1688547676373053,1.1688547676373053,风电设备,1.1688547676373053,1.1688547676373053,6,0,False,0.02,0,HOLD,风电设备,NO_STRONGER_QUALIFIED_SECTOR,0,5,equal_capital,0.1,False,1147119.0577746683
2020-10-20,风电设备,1.0,1.0,3328.103,3290.09985,180,3064.288422222222,,,False,,,,False,False,True,MAINLINE_RISE,True,4,0,0,False,51.727999999999994,46.8716,49.769600000000004,0.005207928488146107,51.727999999999994,0.0,1168974.376471334,1,1.1162228647878814,1.1162228647878814,机器人,1.194556567869911,1.194556567869911,7,0,False,0.02,1,HOLD,风电设备,SWITCH_CONFIRM_1_OF_2,0,5,equal_capital,0.1,False,1152870.7694275326
2020-10-21,风电设备,1.0,1.0,3325.025,3291.5671,180,3065.674694444445,,,False,,,,False,False,True,MAINLINE_RISE,True,5,0,0,False,48.996,47.0067,50.4124,-0.05281472316733671,51.727999999999994,-0.05281472316733671,1168974.376471334,1,1.0583660949583098,1.0583660949583098,储能,1.1457685322767044,1.1457685322767044,3,0,False,0.02,1,HOLD,风电设备,SWITCH_CONFIRM_1_OF_2,1,5,equal_capital,0.1,False,1087553.224709146
2020-10-22,风电设备,1.0,1.0,3312.501,3292.9959499999995,180,3066.878661111111,,,False,,,,False,False,True,MAINLINE_RISE,True,6,0,0,False,48.525999999999996,47.14790000000001,50.7998,-0.009592619805698588,51.727999999999994,-0.061900711413547804,1168974.376471334,1,1.0617916064942452,1.0617916064942452,AI医疗,1.145258714409202,1.145258714409202,1,0,False,0.02,1,HOLD,风电设备,SWITCH_CONFIRM_1_OF_2,2,5,equal_capital,0.1,False,1073760.6563724964
2020-10-23,风电设备,1.0,1.0,3277.997,3293.37405,180,3068.133411111111,,,False,,,,False,False,False,BROAD_DECLINE_OR_NO_LEADER,False,0,1,1,False,49.056,47.351299999999995,51.014799999999994,0.010921979969500839,51.727999999999994,-0.05165480977420345,1168974.376471334,1,1.0904241130968255,1.0904241130968255,,,,0,0,False,0.02,0,HOLD,风电设备,NO_STRONGER_QUALIFIED_SECTOR,3,5,equal_capital,0.1,False,1081552.777248507
2020-10-26,风电设备,1.0,1.0,3251.119,3289.0254999999997,180,3069.190988888889,,,False,,,,False,False,False,MAINLINE_DECLINE,False,0,2,2,False,50.468,47.6371,51.1976,0.0287834311806916,51.727999999999994,-0.02435818125579936,1168974.376471334,1,1.1277261351447982,1.1277261351447982,AI医疗,1.122833068489858,1.122833068489858,1,0,False,0.02,0,HOLD,风电设备,NO_STRONGER_QUALIFIED_SECTOR,4,5,equal_capital,0.1,False,1110655.6964716967
2020-10-27,风电设备,1.0,1.0,3254.316,3285.89455,180,3070.7342555555556,,,False,,,,False,False,False,MAINLINE_DECLINE,False,0,3,3,False,49.458000000000006,47.8783,51.198,-0.02001268130300382,51.727999999999994,-0.043883390040210135,1168974.376471334,1,1.108079042882108,1.108079042882108,AI医疗,1.1994346997011212,1.1994346997011212,1,0,False,0.02,1,HOLD,风电设备,SWITCH_CONFIRM_1_OF_2,5,5,equal_capital,0.1,False,1087668.3969368623
2020-10-28,风电设备,1.0,1.0,3269.238,3285.6413499999994,180,3073.637766666667,,,False,,,,False,False,False,MAINLINE_DECLINE,False,0,4,4,False,49.260000000000005,48.176100000000005,50.643600000000006,-0.004003396821545602,51.727999999999994,-0.047711104237550095,1168974.376471334,1,1.1375392573434326,1.1375392573434326,AI医疗,1.2293242135395386,1.2293242135395386,4,0,False,0.02,0,SWITCH,AI医疗,STRONGER_RS20_MARGIN_2%,6,5,equal_capital,0.1,False,1085834.2093220053
2020-10-29,AI医疗,1.0,1.0,3272.727,3285.29215,180,3076.356872222222,,,False,,,,False,False,False,MAINLINE_DECLINE,False,0,5,5,False,913.9440000000001,834.5271,867.3060000000002,0.005755386183111666,913.9440000000001,0.0,1168974.376471334,1,1.2099545378723089,1.2099545378723089,AI医疗,1.2099545378723089,1.2099545378723089,3,0,False,0.02,0,HOLD,AI医疗,NO_STRONGER_QUALIFIED_SECTOR,0,5,equal_capital,0.1,False,1088938.317712174
2020-10-30,AI医疗,1.0,1.0,3224.533,3285.3599999999997,180,3078.6149,,,False,,,,False,False,False,MAINLINE_DECLINE,False,0,6,6,False,893.574,842.0645000000001,871.3536,-0.022288017646595493,913.9440000000001,-0.022288017646595493,1168974.376471334,1,1.2029385078066734,1.2029385078066734,AI医疗,1.2029385078066734,1.2029385078066734,4,0,False,0.02,0,HOLD,AI医疗,NO_STRONGER_QUALIFIED_SECTOR,0,5,equal_capital,0.1,False,1060181.454715415
2020-11-02,AI医疗,1.0,1.0,3225.12,3285.6451,180,3080.607177777778,,,False,,,,False,False,False,MAINLINE_DECLINE,False,0,7,7,False,900.4979999999999,849.5467000000001,877.329,0.007748658756857374,913.9440000000001,-0.014712061132848508,1168974.376471334,1,1.1992983988897976,1.1992983988897976,机器人,1.3257648836066467,1.3257648836066467,6,0,False,0.02,1,HOLD,AI医疗,SWITCH_CONFIRM_1_OF_2,0,5,equal_capital,0.1,False,1055378.3952848576
2020-11-03,AI医疗,1.0,1.0,3271.074,3288.32205,180,3082.8022333333333,,,False,,,,False,False,False,MAINLINE_DECLINE,False,0,8,8,False,912.866,857.6449,882.7662,0.013734622397828744,913.9440000000001,-0.0011795033393732224,1168974.376471334,1,1.2156925937073013,1.2156925937073013,机器人,1.3461190469662487,1.3461190469662487,6,0,False,0.02,0,SWITCH,机器人,STRONGER_RS20_MARGIN_2%,0,5,equal_capital,0.1,False,1065922.449579767
2020-11-04,机器人,1.0,1.0,3277.44,3290.9761,180,3084.9519666666665,,,False,,,,False,False,False,MAINLINE_DECLINE,False,0,9,9,False,298.874,251.4375,259.6084,0.014569797204174062,298.874,0.0,1168974.376471334,1,1.3511604987386867,1.3511604987386867,机器人,1.3511604987386867,1.3511604987386867,7,0,False,0.02,0,HOLD,机器人,NO_STRONGER_QUALIFIED_SECTOR,0,5,equal_capital,0.1,False,1063425.6044004564
2020-11-05,机器人,1.0,1.0,3320.133,3296.0801500000002,180,3087.2767388888888,,,False,,,,False,False,True,MAINLINE_RISE,True,1,0,0,False,303.424,255.2819,265.8016,0.015223806687767905,303.424,0.0,1168974.376471334,1,1.33940742310273,1.33940742310273,机器人,1.33940742310273,1.33940742310273,9,0,False,0.02,0,HOLD,机器人,NO_STRONGER_QUALIFIED_SECTOR,0,5,equal_capital,0.1,False,1085661.1730945695
2020-11-06,机器人,1.0,1.0,3312.159,3298.0843,180,3089.417072222222,,,False,,,,False,False,True,MAINLINE_RISE,True,2,0,0,False,301.3839999999999,258.32309999999995,271.9178,-0.006723265133938283,303.424,-0.006723265133938283,1168974.376471334,1,1.2528433654805449,1.2528433654805449,机器人,1.2528433654805449,1.2528433654805449,8,0,False,0.02,0,HOLD,机器人,NO_STRONGER_QUALIFIED_SECTOR,0,5,equal_capital,0.1,False,1081353.6067290644
2020-11-09,机器人,1.0,1.0,3373.734,3298.84775,180,3092.0151833333325,,,False,,,,False,False,True,MAINLINE_RISE,True,3,0,0,False,314.23999999999995,261.6379,279.152,0.04265654447482303,314.23999999999995,0.0,1168974.376471334,1,1.2673829574420026,1.2673829574420026,机器人,1.2673829574420026,1.2673829574420026,7,0,False,0.02,0,HOLD,机器人,NO_STRONGER_QUALIFIED_SECTOR,0,5,equal_capital,0.1,False,1126358.2809881575
2020-11-10,机器人,1.0,1.0,3360.149,3298.8677000000002,180,3094.477077777778,,,False,,,,False,False,True,MAINLINE_RISE,True,4,0,0,False,312.31399999999996,264.9007,286.09099999999995,-0.00612907331975554,314.23999999999995,-0.00612907331975554,1168974.376471334,1,1.2641323090124585,1.2641323090124585,机器人,1.2641323090124585,1.2641323090124585,5,0,False,0.02,0,HOLD,机器人,NO_STRONGER_QUALIFIED_SECTOR,0,5,equal_capital,0.1,False,1131880.7011425402
2020-11-11,机器人,1.0,1.0,3342.203,3298.9389499999997,180,3096.469194444445,,,False,,,,False,False,True,MAINLINE_RISE,True,5,0,0,False,304.53800000000007,267.8755,292.19379999999995,-0.024898019301087704,314.23999999999995,-0.030874490835030133,1168974.376471334,1,1.2427991936076268,1.2427991936076268,机器人,1.2427991936076268,1.2427991936076268,5,0,False,0.02,0,HOLD,机器人,NO_STRONGER_QUALIFIED_SECTOR,0,5,equal_capital,0.1,False,1092216.923939902
2020-11-12,机器人,1.0,1.0,3338.679,3299.2637499999996,180,3098.4342333333334,,,False,,,,False,False,True,MAINLINE_RISE,True,6,0,0,False,304.966,270.7704,297.41819999999996,0.0014054075353484574,314.23999999999995,-0.02951247454175132,1168974.376471334,1,1.2343403435491445,1.2343403435491445,机器人,1.2343403435491445,1.2343403435491445,7,0,False,0.02,0,HOLD,机器人,NO_STRONGER_QUALIFIED_SECTOR,0,5,equal_capital,0.1,False,1102353.5551036764
2020-11-13,机器人,1.0,1.0,3310.105,3297.9510999999998,180,3100.2936944444446,,,False,,,,False,False,True,NO_MAINLINE_ROTATION,False,0,1,0,False,310.87399999999997,274.12960000000004,303.6562,0.019372651377530525,314.23999999999995,-0.010711558044806502,1168974.376471334,1,1.2756945299355738,1.2756945299355738,机器人,1.2756945299355738,1.2756945299355738,7,0,False,0.02,0,HOLD,机器人,NO_STRONGER_QUALIFIED_SECTOR,0,5,equal_capital,0.1,False,1124016.0394425031
2020-11-16,机器人,1.0,1.0,3346.969,3299.6661999999997,180,3102.053777777778,,,False,,,,False,False,True,MAINLINE_RISE,True,1,0,0,False,313.698,277.6495,305.88939999999997,0.00908406621332114,314.23999999999995,-0.0017247963340121242,1168974.376471334,1,1.2893464858199752,1.2893464858199752,机器人,1.2893464858199752,1.2893464858199752,13,0,False,0.02,0,HOLD,机器人,NO_STRONGER_QUALIFIED_SECTOR,0,5,equal_capital,0.1,False,1123744.5409796496
2020-11-17,机器人,1.0,1.0,3339.895,3300.2558,180,3103.7216999999996,,,False,,,,False,False,True,MAINLINE_RISE,True,2,0,0,False,311.754,280.8076,307.60659999999996,-0.006197043015894188,314.23999999999995,-0.007911150712830772,1168974.376471334,1,1.2540789727746673,1.2540789727746673,机器人,1.2540789727746673,1.2540789727746673,11,0,False,0.02,0,HOLD,机器人,NO_STRONGER_QUALIFIED_SECTOR,0,5,equal_capital,0.1,False,1100954.1331981386
2020-11-18,机器人,1.0,1.0,3347.303,3301.3697,180,3105.4776444444446,,,False,,,,False,False,True,MAINLINE_RISE,True,3,0,0,False,305.228,283.9252,308.24199999999996,-0.020933171667404493,314.23999999999995,-0.028678716904276813,1168974.376471334,1,1.2567235955796374,1.2567235955796374,机器人,1.2567235955796374,1.2567235955796374,12,0,False,0.02,0,HOLD,机器人,NO_STRONGER_QUALIFIED_SECTOR,1,5,equal_capital,0.1,False,1091908.463535575
2020-11-19,机器人,1.0,1.0,3363.088,3303.89905,180,3107.4222999999997,,,False,,,,False,False,True,MAINLINE_RISE,True,4,0,0,False,303.702,287.0357,308.2698,-0.004999541326483836,314.23999999999995,-0.0335348778004072,1168974.376471334,1,1.257606877246451,1.257606877246451,机器人,1.257606877246451,1.257606877246451,12,0,False,0.02,0,HOLD,机器人,NO_STRONGER_QUALIFIED_SECTOR,2,5,equal_capital,0.1,False,1105115.118699137
2020-11-20,机器人,1.0,1.0,3377.727,3308.88555,180,3109.587844444444,,,False,,,,False,False,True,MAINLINE_RISE,True,5,0,0,False,306.144,290.33180000000004,308.7458,0.00804077681411397,314.23999999999995,-0.02576374745417498,1168974.376471334,1,1.2744211604266051,1.2744211604266051,钢铁,1.2085544470388454,1.2085544470388454,13,0,False,0.02,0,HOLD,机器人,NO_STRONGER_QUALIFIED_SECTOR,3,5,equal_capital,0.1,False,1129285.9282902144
2020-11-23,机器人,1.0,1.0,3414.49,3317.0541,180,3111.938738888889,,,False,,,,False,False,True,MAINLINE_RISE,True,6,0,0,False,321.278,294.3008,309.44960000000003,0.049434253161910746,321.278,0.0,1168974.376471334,1,1.3281548421235398,1.3281548421235398,机器人,1.3281548421235398,1.3281548421235398,16,0,False,0.02,0,HOLD,机器人,NO_STRONGER_QUALIFIED_SECTOR,0,5,equal_capital,0.1,False,1165162.3580585981
2020-11-24,机器人,1.0,1.0,3402.823,3324.47945,180,3114.8416222222227,,,False,,,,False,False,True,MAINLINE_RISE,True,7,0,0,False,317.332,298.0212,309.95140000000004,-0.01228219797185004,321.278,-0.01228219797185004,1168974.376471334,1,1.30630155933543,1.30630155933543,机器人,1.30630155933543,1.30630155933543,16,0,False,0.02,0,HOLD,机器人,NO_STRONGER_QUALIFIED_SECTOR,0,5,equal_capital,0.1,False,1133959.8076040107
2020-11-25,机器人,1.0,1.0,3362.327,3329.1339,180,3117.016044444444,,,False,,,,False,False,True,MAINLINE_RISE,True,8,0,0,False,312.342,301.46279999999996,310.7318,-0.015724855986789854,321.278,-0.02781391816433132,1168974.376471334,1,1.2826660096094615,1.2826660096094615,机器人,1.2826660096094615,1.2826660096094615,14,0,False,0.02,0,HOLD,机器人,NO_STRONGER_QUALIFIED_SECTOR,0,5,equal_capital,0.1,False,1114566.580159505
2020-11-26,机器人,1.0,1.0,3369.733,3333.9842,180,3119.1095777777773,,,False,,,,False,False,True,MAINLINE_RISE,True,9,0,0,False,297.22999999999996,303.6882,309.9582,-0.04838286237521694,321.278,-0.07485106356488791,1168974.376471334,1,1.1761144656974858,1.1761144656974858,稀土永磁,1.2532046559599237,1.2532046559599237,11,0,False,0.02,1,HOLD,机器人,SWITCH_CONFIRM_1_OF_2,1,5,equal_capital,0.1,False,1085262.1290993153
2020-11-27,机器人,1.0,1.0,3408.307,3343.1729,180,3121.3131388888887,,,False,,,,False,False,True,MAINLINE_RISE,True,10,0,0,False,296.524,306.0897,308.5232,-0.002375264946337774,321.278,-0.07704853740374384,1168974.376471334,1,1.1932843448936392,1.1932843448936392,稀土永磁,1.270039590724459,1.270039590724459,14,0,False,0.02,0,SELL,,TREND_T3,2,5,equal_capital,0.1,False,1091890.8956716994
2020-11-30,现金,0.0,0.0,3391.755,3351.5046500000003,180,3123.0913499999997,,,False,,,,False,False,True,MAINLINE_RISE,True,11,0,0,False,,,,,,,,2,,,稀土永磁,1.2475611624699936,1.2475611624699936,9,0,False,0.02,0,CASH,,ENTRY_GATE_CLOSED_OR_NO_CANDIDATE,0,5,equal_capital,0.1,False,1093709.6783582764
2020-12-01,现金,0.0,0.0,3451.938,3360.54785,180,3125.410388888889,,,False,,,,False,False,True,MAINLINE_RISE,True,12,0,0,False,,,,,,,,2,,,工程机械,1.2464070240839749,1.2464070240839749,7,0,False,0.02,0,CASH,,ENTRY_GATE_CLOSED_OR_NO_CANDIDATE,0,5,equal_capital,0.1,False,1093709.6783582764
2020-12-02,现金,0.0,0.0,3449.381,3369.1449000000002,180,3128.2220000000007,,,False,,,,False,False,True,MAINLINE_RISE,True,13,0,0,False,,,,,,,,2,,,工程机械,1.2574293014173719,1.2574293014173719,8,0,False,0.02,0,CASH,,ENTRY_GATE_CLOSED_OR_NO_CANDIDATE,0,5,equal_capital,0.1,False,1093709.6783582764
2020-12-03,现金,0.0,0.0,3442.136,3375.24505,180,3130.6963,,,False,,,,False,False,True,MAINLINE_RISE,True,14,0,0,False,,,,,,,,2,,,工程机械,1.1974757951339832,1.1974757951339832,4,0,False,0.02,0,CASH,,ENTRY_GATE_CLOSED_OR_NO_CANDIDATE,0,5,equal_capital,0.1,False,1093709.6783582764
2020-12-04,现金,0.0,0.0,3444.581,3381.8661500000003,180,3133.3410999999996,,,False,,,,False,False,True,MAINLINE_RISE,True,15,0,0,False,,,,,,,,2,,,航空机场,1.1968115391914973,1.1968115391914973,4,0,False,0.02,0,CASH,,ENTRY_GATE_CLOSED_OR_NO_CANDIDATE,0,5,equal_capital,0.1,False,1093709.6783582764
2020-12-07,现金,0.0,0.0,3416.604,3384.00965,180,3136.0806444444447,,,False,,,,False,False,True,MAINLINE_RISE,True,16,0,0,False,,,,,,,,2,,,工程机械,1.17539975399754,1.17539975399754,3,0,False,0.02,0,BUY,工程机械,ENTRY_TOP1,0,5,equal_capital,0.1,False,1093709.6783582764
2020-12-08,工程机械,1.0,1.0,3410.177,3386.5110499999996,180,3138.9848111111114,,,False,,,,False,False,True,MAINLINE_RISE,True,17,0,0,False,504.456,473.70050000000003,495.3254,-0.022417561973861688,504.456,0.0,1093709.6783582764,2,1.157327704872901,1.157327704872901,军工,1.183038445113858,1.183038445113858,2,0,False,0.02,1,HOLD,工程机械,SWITCH_CONFIRM_1_OF_2,0,5,equal_capital,0.1,False,1075077.7869051055
2020-12-09,工程机械,1.0,1.0,3371.964,3387.9991,180,3142.222088888889,,,False,,,,False,False,False,MAINLINE_DECLINE,False,0,1,1,False,494.742,475.9343,498.67300000000006,-0.01925638707835764,504.456,-0.01925638707835764,1093709.6783582764,2,1.099265441068643,1.099265441068643,军工,1.1544704927481677,1.1544704927481677,1,0,False,0.02,0,HOLD,工程机械,RESEARCH_POLICY_BLOCK_STRONGER_RS20_MARGIN_2%,1,5,equal_capital,0.1,False,1054678.9768653486
2020-12-10,工程机械,1.0,1.0,3373.276,3389.7289499999997,180,3145.5200611111113,,,False,,,,False,False,False,MAINLINE_DECLINE,False,0,2,2,False,496.524,478.0893,501.9839999999999,0.0036018773421298,504.456,-0.015723868880536673,1093709.6783582764,2,1.0950545185080631,1.0950545185080631,被动元件,1.1203569543731708,1.1203569543731708,1,0,False,0.02,1,HOLD,工程机械,SWITCH_CONFIRM_1_OF_2,2,5,equal_capital,0.1,False,1058677.042206757
2020-12-11,工程机械,1.0,1.0,3347.191,3391.5832500000006,180,3148.9558111111114,,,False,,,,False,False,False,BROAD_DECLINE_OR_NO_LEADER,False,0,3,3,False,502.054,480.8687,504.05519999999996,0.011137427395251809,504.456,-0.004761564933314366,1093709.6783582764,2,1.1245066813598346,1.1245066813598346,,,,0,0,False,0.02,0,HOLD,工程机械,NO_STRONGER_QUALIFIED_SECTOR,3,5,equal_capital,0.1,False,1060208.9009885415
2020-12-14,工程机械,1.0,1.0,3369.12,3392.6907999999994,180,3152.6613111111114,,,False,,,,False,False,False,BROAD_DECLINE_OR_NO_LEADER,False,0,4,4,False,500.70799999999997,483.53059999999994,506.047,-0.0026809865074275407,504.456,-0.007429785749401452,1093709.6783582764,2,1.1189755737814826,1.1189755737814826,,,,0,0,False,0.02,0,HOLD,工程机械,NO_STRONGER_QUALIFIED_SECTOR,4,5,equal_capital,0.1,False,1058343.7214272572
2020-12-15,工程机械,1.0,1.0,3367.233,3394.0577,180,3156.114727777778,,,False,,,,False,False,False,MAINLINE_DECLINE,False,0,5,5,False,502.1,486.30690000000004,505.436,0.0027800634301828886,504.456,-0.004670377594874431,1093709.6783582764,2,1.1243377357392057,1.1243377357392057,储能,1.170872091573356,1.170872091573356,1,0,False,0.02,1,HOLD,工程机械,SWITCH_CONFIRM_1_OF_2,5,5,equal_capital,0.1,False,1062885.9761930183
2020-12-16,工程机械,1.0,1.0,3366.983,3395.0417,180,3160.041483333334,,,False,,,,False,False,False,MAINLINE_DECLINE,False,0,6,6,False,510.3740000000001,489.92600000000004,504.69899999999996,0.01647878908583955,510.3740000000001,0.0,1093709.6783582764,2,1.1652587261867797,1.1652587261867797,储能,1.2094980416408985,1.2094980416408985,2,0,False,0.02,0,SWITCH,储能,STRONGER_RS20_MARGIN_2%,0,5,equal_capital,0.1,False,1074324.891760685
2020-12-17,储能,1.0,1.0,3404.873,3397.1309499999998,180,3163.832788888889,,,False,,,,False,False,True,MAINLINE_RISE,True,1,0,0,False,468.48400000000004,425.3884,437.4434,-0.00191315389171276,468.48400000000004,0.0,1093709.6783582764,2,1.186149553627944,1.186149553627944,储能,1.186149553627944,1.186149553627944,3,0,False,0.02,0,HOLD,储能,NO_STRONGER_QUALIFIED_SECTOR,0,5,equal_capital,0.1,False,1100510.1724118046
2020-12-18,储能,1.0,1.0,3394.896,3397.9894,180,3167.240038888889,,,False,,,,False,False,False,MAINLINE_DECLINE,False,0,1,1,False,479.25,428.8579000000001,445.5278,0.02298050733856427,479.25,0.0,1093709.6783582764,2,1.1693017127799736,1.1693017127799736,储能,1.1693017127799736,1.1693017127799736,4,0,False,0.02,0,HOLD,储能,NO_STRONGER_QUALIFIED_SECTOR,0,5,equal_capital,0.1,False,1111919.679406274
2020-12-21,储能,1.0,1.0,3420.569,3398.29335,180,3170.882583333333,,,False,,,,False,False,True,MAINLINE_RISE,True,1,0,0,False,512.0,432.98159999999996,456.74899999999997,0.06833594157537815,512.0,0.0,1093709.6783582764,2,1.192011659364043,1.192011659364043,储能,1.192011659364043,1.192011659364043,5,0,False,0.02,0,HOLD,储能,NO_STRONGER_QUALIFIED_SECTOR,0,5,equal_capital,0.1,False,1190836.7028421185
2020-12-22,储能,1.0,1.0,3356.782,3395.9913,180,3174.1302444444445,,,False,,,,False,False,False,MAINLINE_DECLINE,False,0,1,1,False,494.4599999999999,436.2662,464.3104,-0.03425781250000015,512.0,-0.03425781250000015,1093709.6783582764,2,1.1532110605269048,1.1532110605269048,储能,1.1532110605269048,1.1532110605269048,5,0,False,0.02,0,HOLD,储能,NO_STRONGER_QUALIFIED_SECTOR,0,5,equal_capital,0.1,False,1152146.7066334665
2020-12-23,储能,1.0,1.0,3382.32,3396.9909500000003,180,3177.6586111111114,,,False,,,,False,False,False,MAINLINE_DECLINE,False,0,2,2,False,514.122,440.83230000000003,472.91999999999996,0.039764591675767624,514.122,0.0,1093709.6783582764,2,1.2159933774834435,1.2159933774834435,军工,1.2494378849266263,1.2494378849266263,7,0,False,0.02,1,HOLD,储能,SWITCH_CONFIRM_1_OF_2,0,5,equal_capital,0.1,False,1218120.652994695
2020-12-24,储能,1.0,1.0,3363.113,3396.6599499999998,180,3181.06315,,,False,,,,False,False,False,MAINLINE_DECLINE,False,0,3,3,False,501.28000000000003,445.2634000000001,479.0796,-0.02497850704696536,514.122,-0.02497850704696536,1093709.6783582764,2,1.2147589529343912,1.2147589529343912,AI医疗,1.2193825559866618,1.2193825559866618,8,0,False,0.02,0,HOLD,储能,NO_STRONGER_QUALIFIED_SECTOR,0,5,equal_capital,0.1,False,1185376.2474313115
2020-12-25,储能,1.0,1.0,3396.563,3396.0727500000003,180,3184.741155555555,,,False,,,,False,False,True,NO_MAINLINE_ROTATION,False,0,4,0,False,532.524,451.37520000000006,489.1322,0.06232843919565911,532.524,0.0,1093709.6783582764,2,1.297927309597161,1.297927309597161,储能,1.297927309597161,1.297927309597161,8,0,False,0.02,0,HOLD,储能,NO_STRONGER_QUALIFIED_SECTOR,0,5,equal_capital,0.1,False,1244325.820709801
2020-12-28,储能,1.0,1.0,3397.285,3396.34925,180,3188.1669722222223,,,False,,,,False,False,True,NO_MAINLINE_ROTATION,False,0,5,0,False,536.824,457.8806000000001,497.7834,0.008074753438342519,536.824,0.0,1093709.6783582764,2,1.3198988975107937,1.3198988975107937,储能,1.3198988975107937,1.3198988975107937,9,0,False,0.02,0,HOLD,储能,NO_STRONGER_QUALIFIED_SECTOR,0,5,equal_capital,0.1,False,1254168.655228866
2020-12-29,储能,1.0,1.0,3379.036,3392.70415,180,3191.583911111111,,,False,,,,False,False,False,MAINLINE_DECLINE,False,0,6,1,False,501.134,462.1393,500.946,-0.06648361474151665,536.824,-0.06648361474151665,1093709.6783582764,2,1.2047648812385805,1.2047648812385805,储能,1.2047648812385805,1.2047648812385805,6,0,False,0.02,0,HOLD,储能,NO_STRONGER_QUALIFIED_SECTOR,0,5,equal_capital,0.1,False,1153872.422685061
2020-12-30,储能,1.0,1.0,3414.453,3390.95775,180,3194.882188888889,,,False,,,,False,False,True,NO_MAINLINE_ROTATION,False,0,7,0,False,526.212,468.56100000000004,506.629,0.050042503601831045,536.824,-0.01976811766985076,1093709.6783582764,2,1.32287859057062,1.32287859057062,储能,1.32287859057062,1.32287859057062,6,0,False,0.02,0,HOLD,储能,NO_STRONGER_QUALIFIED_SECTOR,0,5,equal_capital,0.1,False,1212822.3976383912
2020-12-31,储能,1.0,1.0,3473.069,3392.5044000000003,180,3198.5360777777773,,,False,,,,False,False,True,NO_MAINLINE_ROTATION,False,0,8,0,False,546.2760000000001,475.9258,514.4082000000001,0.038129119062279226,546.2760000000001,0.0,1093709.6783582764,2,1.3691814126021353,1.3691814126021353,储能,1.3691814126021353,1.3691814126021353,7,0,False,0.02,0,HOLD,储能,NO_STRONGER_QUALIFIED_SECTOR,0,5,equal_capital,0.1,False,1265934.987478641
2021-01-04,储能,1.0,1.0,3502.958,3395.42325,180,3202.2974888888884,,,False,,,,False,False,True,NO_MAINLINE_ROTATION,False,0,9,0,False,609.734,486.4922,527.4566000000001,0.11616472259443933,609.734,0.0,1093709.6783582764,2,1.5304337786077522,1.5304337786077522,储能,1.5304337786077522,1.5304337786077522,11,0,False,0.02,0,SELL,,SECTOR_DAILY_GAIN_OVER_10%_PAUSE,0,5,equal_capital,0.1,False,1378047.4874444255
2021-01-05,现金,0.0,0.0,3528.677,3401.0269,180,3206.3644111111107,,,False,,,,False,False,True,MAINLINE_RISE,True,1,0,0,False,,,,,,,,0,,,储能,1.5338929632705334,1.5338929632705334,17,0,False,0.02,0,BUY,储能,ENTRY_TOP1,0,5,equal_capital,0.1,False,1354436.5906780465
2021-01-06,储能,1.0,1.0,3550.877,3408.0618999999997,180,3210.6301277777775,,,False,,,,False,False,True,MAINLINE_RISE,True,2,0,0,False,618.884,507.16630000000004,550.0222,0.009216740157069525,618.884,0.0,1354436.5906780465,0,1.4775931965447922,1.4775931965447922,储能,1.4775931965447922,1.4775931965447922,16,0,False,0.02,0,HOLD,储能,NO_STRONGER_QUALIFIED_SECTOR,0,5,equal_capital,0.1,False,1356633.73027954
2021-01-07,储能,1.0,1.0,3576.205,3418.27395,180,3214.7908055555554,,,False,,,,False,False,True,MAINLINE_RISE,True,3,0,0,False,655.1800000000001,518.5240000000001,564.1279999999999,0.05864750098564531,655.1800000000001,0.0,1354436.5906780465,0,1.530701405989356,1.530701405989356,军工,1.5361251209944469,1.5361251209944469,21,0,False,0.02,0,HOLD,储能,NO_STRONGER_QUALIFIED_SECTOR,0,5,equal_capital,0.1,False,1451127.2120027065
2021-01-08,储能,1.0,1.0,3570.108,3428.11555,180,3219.0071055555554,,,False,,,,False,False,True,MAINLINE_RISE,True,4,0,0,False,637.2180000000001,528.4006999999999,577.7218,-0.027415366769437344,655.1800000000001,-0.027415366769437344,1354436.5906780465,0,1.4492635620127183,1.4492635620127183,军工,1.4659976244639945,1.4659976244639945,21,0,False,0.02,0,HOLD,储能,NO_STRONGER_QUALIFIED_SECTOR,0,5,equal_capital,0.1,False,1399282.7522787899
2021-01-11,储能,1.0,1.0,3531.498,3437.3309,180,3222.9602333333337,,,False,,,,False,False,True,MAINLINE_RISE,True,5,0,0,False,593.824,536.492,583.8518,-0.06809914346424628,655.1800000000001,-0.09364754723892688,1354436.5906780465,0,1.37459895647665,1.37459895647665,军工,1.43472626479754,1.43472626479754,26,0,False,0.02,1,HOLD,储能,SWITCH_CONFIRM_1_OF_2,0,5,equal_capital,0.1,False,1308284.2683630588
2021-01-12,储能,1.0,1.0,3608.339,3449.29185,180,3227.2371444444443,,,False,,,,False,False,True,MAINLINE_RISE,True,6,0,0,False,620.944,545.0236,592.2638,0.04567009753731743,655.1800000000001,-0.052254342318141744,1354436.5906780465,0,1.3789195046989642,1.3789195046989642,军工,1.4465986664549928,1.4465986664549928,25,0,False,0.02,0,HOLD,储能,RESEARCH_POLICY_BLOCK_STRONGER_RS20_MARGIN_2%,0,5,equal_capital,0.1,False,1373040.020579067
2021-01-13,储能,1.0,1.0,3598.652,3460.8628000000003,180,3231.382138888889,,,False,,,,False,False,True,MAINLINE_RISE,True,7,0,0,False,603.9739999999999,551.7469,602.5478,-0.027329356592542986,655.1800000000001,-0.07815562135596343,1354436.5906780465,0,1.2863976758649478,1.2863976758649478,军工,1.4144632612695947,1.4144632612695947,22,0,False,0.02,1,HOLD,储能,SWITCH_CONFIRM_1_OF_2,0,5,equal_capital,0.1,False,1333566.2905502243
2021-01-14,储能,1.0,1.0,3565.905,3470.8089,180,3235.4870944444447,,,False,,,,False,False,True,MAINLINE_RISE,True,8,0,0,False,596.3280000000001,558.0942,609.5594,-0.012659485342084054,655.1800000000001,-0.08982569675509011,1354436.5906780465,0,1.270453489908007,1.270453489908007,军工,1.2880717979801928,1.2880717979801928,22,0,False,0.02,0,HOLD,储能,NO_STRONGER_QUALIFIED_SECTOR,1,5,equal_capital,0.1,False,1307829.942572533
2021-01-15,储能,1.0,1.0,3566.378,3478.8841500000003,180,3239.500416666667,,,False,,,,False,False,True,MAINLINE_RISE,True,9,0,0,False,604.514,564.8957,615.3832,0.013727344682791909,655.1800000000001,-0.07733142037302732,1354436.5906780465,0,1.2903621041487008,1.2903621041487008,建材,1.2703675669688188,1.2703675669688188,14,0,False,0.02,0,HOLD,储能,NO_STRONGER_QUALIFIED_SECTOR,2,5,equal_capital,0.1,False,1318587.1741727523
2021-01-18,储能,1.0,1.0,3596.224,3488.95055,180,3243.7099999999996,,,False,,,,False,False,True,MAINLINE_RISE,True,10,0,0,False,616.624,571.7644,616.0722,0.020032621246158122,655.1800000000001,-0.05884795018162958,1354436.5906780465,0,1.286643714136672,1.286643714136672,智能驾驶,1.3473065718658965,1.3473065718658965,18,0,False,0.02,1,HOLD,储能,SWITCH_CONFIRM_1_OF_2,0,5,equal_capital,0.1,False,1339139.5999646806
2021-01-19,储能,1.0,1.0,3566.381,3496.2411499999994,180,3247.920288888889,,,False,,,,False,False,True,MAINLINE_RISE,True,11,0,0,False,600.3399999999999,576.1814,614.783,-0.026408313656296367,655.1800000000001,-0.08370218871149937,1354436.5906780465,0,1.1725390624999998,1.1725390624999998,智能驾驶,1.2995596806893057,1.2995596806893057,12,0,False,0.02,0,SWITCH,智能驾驶,STRONGER_RS20_MARGIN_2%,1,5,equal_capital,0.1,False,1308591.6915129921
2021-01-20,智能驾驶,1.0,1.0,3583.092,3507.55665,180,3252.184716666666,,,False,,,,False,False,True,MAINLINE_RISE,True,12,0,0,False,168.582,139.4821,149.0768,0.027325134980316745,168.582,0.0,1354436.5906780465,0,1.3189841329452632,1.3189841329452632,汽车零部件,1.358510503402511,1.358510503402511,12,0,False,0.02,1,HOLD,智能驾驶,SWITCH_CONFIRM_1_OF_2,0,5,equal_capital,0.1,False,1357195.9681100976
2021-01-21,智能驾驶,1.0,1.0,3621.264,3519.5038499999996,180,3256.6916055555557,,,False,,,,False,False,True,MAINLINE_RISE,True,13,0,0,False,169.28400000000002,141.5949,152.2676,0.004164145638324568,169.28400000000002,0.0,1354436.5906780465,0,1.3326510690556412,1.3326510690556412,汽车零部件,1.3745921437349042,1.3745921437349042,15,0,False,0.02,0,SWITCH,汽车零部件,STRONGER_RS20_MARGIN_2%,0,5,equal_capital,0.1,False,1391074.9109932536
2021-01-22,汽车零部件,1.0,1.0,3606.75,3531.6857000000005,180,3261.048872222222,,,False,,,,False,False,True,MAINLINE_RISE,True,14,0,0,False,65.094,54.3901,59.2094,0.0033293258115227875,65.094,0.0,1354436.5906780465,0,1.3874584363543352,1.3874584363543352,储能,1.4211299074369617,1.4211299074369617,20,0,False,0.02,1,HOLD,汽车零部件,SWITCH_CONFIRM_1_OF_2,0,5,equal_capital,0.1,False,1389863.480426661
2021-01-25,汽车零部件,1.0,1.0,3624.238,3543.0694500000004,180,3265.294183333334,,,False,,,,False,False,True,MAINLINE_RISE,True,15,0,0,False,62.67800000000001,55.2145,59.967000000000006,-0.037115555965219316,65.094,-0.037115555965219316,1354436.5906780465,0,1.3569603810348563,1.3569603810348563,智能驾驶,1.3801342457252046,1.3801342457252046,18,0,False,0.02,0,HOLD,汽车零部件,NO_STRONGER_QUALIFIED_SECTOR,0,5,equal_capital,0.1,False,1336088.5215618946
2021-01-26,汽车零部件,1.0,1.0,3569.429,3551.67665,180,3269.134677777778,,,False,,,,False,False,True,MAINLINE_RISE,True,16,0,0,False,61.970000000000006,55.9772,60.54620000000001,-0.011295829477647734,65.094,-0.047992134451715796,1354436.5906780465,0,1.3265262436852472,1.3265262436852472,智能驾驶,1.3820763203951782,1.3820763203951782,16,0,False,0.02,1,HOLD,汽车零部件,SWITCH_CONFIRM_1_OF_2,0,5,equal_capital,0.1,False,1317857.5710702303
2021-01-27,汽车零部件,1.0,1.0,3573.341,3561.3918999999996,180,3273.0336666666662,,,False,,,,False,False,True,MAINLINE_RISE,True,17,0,0,False,62.077999999999996,56.7485,61.27380000000001,0.0017427787639179293,65.094,-0.04633299536055546,1354436.5906780465,0,1.3306610649061132,1.3306610649061132,储能,1.4648696755757937,1.4648696755757937,19,0,False,0.02,1,HOLD,汽车零部件,SWITCH_CONFIRM_1_OF_2,0,5,equal_capital,0.1,False,1324947.7097129007
2021-01-28,汽车零部件,1.0,1.0,3505.176,3565.92805,180,3276.421622222222,,,False,,,,False,False,False,MAINLINE_DECLINE,False,0,1,1,False,59.354,57.28430000000001,61.746600000000015,-0.04388027964818453,65.094,-0.08818017021538072,1354436.5906780465,0,1.2203215592746413,1.2203215592746413,储能,1.3346103851679552,1.3346103851679552,11,0,False,0.02,0,SWITCH,储能,STRONGER_RS20_MARGIN_2%,1,5,equal_capital,0.1,False,1277492.6336641845
2021-01-29,储能,1.0,1.0,3483.069,3566.42805,180,3279.689772222222,,,False,,,,False,False,False,MAINLINE_DECLINE,False,0,2,2,False,698.9559999999999,648.1058,680.8284,-0.004744492288064284,698.9559999999999,0.0,1354436.5906780465,0,1.2794924177521982,1.2794924177521982,储能,1.2794924177521982,1.2794924177521982,7,0,False,0.02,0,HOLD,储能,NO_STRONGER_QUALIFIED_SECTOR,0,5,equal_capital,0.1,False,1268045.225370088
2021-02-01,储能,1.0,1.0,3505.284,3566.54435,180,3283.099372222223,,,False,,,,False,False,False,MAINLINE_DECLINE,False,0,3,3,False,674.006,651.3194,686.5666,-0.03569609531930473,698.9559999999999,-0.03569609531930473,1354436.5906780465,0,1.105409900054778,1.105409900054778,基础化工,1.2973122514364137,1.2973122514364137,5,0,False,0.02,1,HOLD,储能,SWITCH_CONFIRM_1_OF_2,1,5,equal_capital,0.1,False,1238029.87854575
2021-02-02,储能,1.0,1.0,3533.685,3566.79475,180,3286.6306777777777,,,False,,,,False,False,False,MAINLINE_DECLINE,False,0,4,4,False,712.126,656.2641,697.7452,0.0565573600235012,712.126,0.0,1354436.5906780465,0,1.161266861481462,1.161266861481462,基础化工,1.2610568872804169,1.2610568872804169,5,0,False,0.02,0,SWITCH,基础化工,STRONGER_RS20_MARGIN_2%,0,5,equal_capital,0.1,False,1278879.372724342
2021-02-03,基础化工,1.0,1.0,3517.308,3565.1163,180,3290.224933333333,,,False,,,,False,False,False,MAINLINE_DECLINE,False,0,5,5,False,1097.044,998.704,1034.2556,0.012988260149328967,1097.044,0.0,1354436.5906780465,0,1.2615501379944802,1.2615501379944802,钢铁,1.2637148662377247,1.2637148662377247,5,0,False,0.02,0,HOLD,基础化工,NO_STRONGER_QUALIFIED_SECTOR,0,5,equal_capital,0.1,False,1318164.0266287113
2021-02-04,基础化工,1.0,1.0,3501.859,3561.3990000000003,180,3293.743822222222,,,False,,,,False,False,False,MAINLINE_DECLINE,False,0,6,6,False,1148.008,1009.0943000000001,1048.9948,0.046455748356492466,1148.008,0.0,1354436.5906780465,0,1.221022716394988,1.221022716394988,轻工制造,1.238103369251647,1.238103369251647,4,0,False,0.02,0,HOLD,基础化工,NO_STRONGER_QUALIFIED_SECTOR,0,5,equal_capital,0.1,False,1323267.7616896133
2021-02-05,基础化工,1.0,1.0,3496.333,3557.71025,180,3297.1933499999996,,,False,,,,False,False,False,MAINLINE_DECLINE,False,0,7,7,False,1092.644,1015.9406000000001,1055.39,-0.04822614476554177,1148.008,-0.04822614476554177,1354436.5906780465,0,1.1432702952126044,1.1432702952126044,轻工制造,1.2223795907823594,1.2223795907823594,5,0,False,0.02,1,HOLD,基础化工,SWITCH_CONFIRM_1_OF_2,0,5,equal_capital,0.1,False,1257118.9149488125
2021-02-08,基础化工,1.0,1.0,3532.447,3557.7576999999997,180,3300.7148555555555,,,False,,,,False,False,False,MAINLINE_DECLINE,False,0,8,8,False,1167.3920000000003,1026.6037000000001,1068.9044000000001,0.06841020497069517,1167.3920000000003,0.0,1354436.5906780465,0,1.2235146154088021,1.2235146154088021,轻工制造,1.2566620909533721,1.2566620909533721,11,0,False,0.02,0,SWITCH,轻工制造,STRONGER_RS20_MARGIN_2%,0,5,equal_capital,0.1,False,1353778.6970865813
2021-02-09,轻工制造,1.0,1.0,3603.489,3557.5152000000003,180,3304.7134722222218,,,False,,,,False,False,True,NO_MAINLINE_ROTATION,False,0,9,0,False,282.376,246.2984,264.7246,-0.004989569825788132,282.376,0.0,1354436.5906780465,0,1.2246441551232121,1.2246441551232121,基础化工,1.2294427564807033,1.2294427564807033,11,0,False,0.02,0,HOLD,轻工制造,NO_STRONGER_QUALIFIED_SECTOR,0,5,equal_capital,0.1,False,1369872.4545432618
2021-02-10,轻工制造,1.0,1.0,3655.088,3560.3370000000004,180,3309.0866055555553,,,False,,,,False,False,True,NO_MAINLINE_ROTATION,False,0,10,0,False,283.15,249.30510000000004,268.46659999999997,0.0027410261495310895,283.15,0.0,1354436.5906780465,0,1.2696398464684149,1.2696398464684149,农林牧渔,1.2851738408660482,1.2851738408660482,10,0,False,0.02,0,HOLD,轻工制造,NO_STRONGER_QUALIFIED_SECTOR,0,5,equal_capital,0.1,False,1377816.9908441766
2021-02-18,轻工制造,1.0,1.0,3675.357,3565.8095999999996,180,3313.8732277777785,,,False,,,,False,False,True,MAINLINE_RISE,True,1,0,0,False,282.088,252.30240000000003,272.3326,-0.0037506621931836515,283.15,-0.0037506621931836515,1354436.5906780465,0,1.2698544174446977,1.2698544174446977,基础化工,1.3255285026971864,1.3255285026971864,14,0,False,0.02,1,HOLD,轻工制造,SWITCH_CONFIRM_1_OF_2,0,5,equal_capital,0.1,False,1367952.6281408502
2021-02-19,轻工制造,1.0,1.0,3696.168,3572.2991,180,3318.7521055555553,,,False,,,,False,False,True,MAINLINE_RISE,True,2,0,0,False,277.242,255.17680000000001,275.384,-0.017179036329088793,283.15,-0.02086526576019765,1354436.5906780465,0,1.2616016090719624,1.2616016090719624,农林牧渔,1.3817898947992293,1.3817898947992293,12,0,False,0.02,1,HOLD,轻工制造,SWITCH_CONFIRM_1_OF_2,0,5,equal_capital,0.1,False,1341961.9613115308
2021-02-22,轻工制造,1.0,1.0,3642.445,3574.6101500000004,180,3323.173761111111,,,False,,,,False,False,True,MAINLINE_RISE,True,3,0,0,False,264.53999999999996,257.0262,276.1964,-0.0458155690696217,283.15,-0.06572488080522698,1354436.5906780465,0,1.1625474616790885,1.1625474616790885,农林牧渔,1.346129884430192,1.346129884430192,10,0,False,0.02,0,HOLD,轻工制造,RESEARCH_POLICY_BLOCK_STRONGER_RS20_MARGIN_2%,1,5,equal_capital,0.1,False,1303704.6039995784
2021-02-23,轻工制造,1.0,1.0,3636.357,3578.1089500000003,180,3327.6157222222228,,,False,,,,False,False,True,MAINLINE_RISE,True,4,0,0,False,264.238,258.9027,276.198,-0.0011416042942464788,283.15,-0.06679145329330738,1354436.5906780465,0,1.1655433420964412,1.1655433420964412,农林牧渔,1.3468192826318777,1.3468192826318777,9,0,False,0.02,1,HOLD,轻工制造,SWITCH_CONFIRM_1_OF_2,2,5,equal_capital,0.1,False,1296785.8603492083
2021-02-24,轻工制造,1.0,1.0,3564.08,3577.15835,180,3331.603822222222,,,False,,,,False,False,False,MAINLINE_DECLINE,False,0,1,1,False,259.872,260.51,274.7284,-0.016522983068294472,283.15,-0.08221084230972975,1354436.5906780465,0,1.1411608687633383,1.1411608687633383,农林牧渔,1.3321488128325263,1.3321488128325263,6,0,False,0.02,1,SELL,,DOUBLE_MA20_BREAK,3,5,equal_capital,0.1,False,1262203.8165339192
2021-02-25,现金,0.0,0.0,3585.046,3575.3474499999998,180,3335.6743499999993,,,False,,,,False,False,True,MAINLINE_RISE,True,1,0,0,False,,,,,,,,1,,,农林牧渔,1.3296128134115808,1.3296128134115808,3,0,False,0.02,1,CASH,,ENTRY_GATE_CLOSED_OR_NO_CANDIDATE,0,5,equal_capital,0.1,False,1271869.4747064144
2021-02-26,现金,0.0,0.0,3509.08,3570.46395,180,3338.9724,,,False,,,,False,False,False,MAINLINE_DECLINE,False,0,1,1,False,,,,,,,,1,,,社会服务,1.234249990696982,1.234249990696982,1,0,False,0.02,1,CASH,,ENTRY_GATE_CLOSED_OR_NO_CANDIDATE,0,5,equal_capital,0.1,False,1271869.4747064144
2021-03-01,现金,0.0,0.0,3551.4,3566.8220499999998,180,3342.472411111112,,,False,,,,False,False,False,MAINLINE_DECLINE,False,0,2,2,False,,,,,,,,1,,,社会服务,1.226837696524524,1.226837696524524,4,0,False,0.02,1,CASH,,ENTRY_GATE_CLOSED_OR_NO_CANDIDATE,0,5,equal_capital,0.1,False,1271869.4747064144
2021-03-02,现金,0.0,0.0,3508.591,3563.78015,180,3345.723633333333,,,False,,,,False,False,False,MAINLINE_DECLINE,False,0,3,3,False,,,,,,,,1,,,社会服务,1.2501557798785807,1.2501557798785807,2,0,False,0.02,1,CASH,,ENTRY_GATE_CLOSED_OR_NO_CANDIDATE,0,5,equal_capital,0.1,False,1271869.4747064144
2021-03-03,现金,0.0,0.0,3576.905,3563.95835,180,3349.3772666666664,,,False,,,,False,False,True,NO_MAINLINE_ROTATION,False,0,4,0,False,,,,,,,,1,,,稀土永磁,1.2462424546413686,1.2462424546413686,2,0,False,0.02,1,CASH,,ENTRY_GATE_CLOSED_OR_NO_CANDIDATE,0,5,equal_capital,0.1,False,1271869.4747064144
2021-03-04,现金,0.0,0.0,3503.492,3563.8741499999996,180,3352.5588944444444,,,False,,,,False,False,False,MAINLINE_DECLINE,False,0,5,1,False,,,,,,,,1,,,稀土永磁,1.2604188665962686,1.2604188665962686,4,0,False,0.02,1,CASH,,ENTRY_GATE_CLOSED_OR_NO_CANDIDATE,0,5,equal_capital,0.1,False,1271869.4747064144
2021-03-05,现金,0.0,0.0,3501.987,3564.82005,180,3355.693427777778,,,False,,,,False,False,False,MAINLINE_DECLINE,False,0,6,2,False,,,,,,,,1,,,稀土永磁,1.1756476501810258,1.1756476501810258,5,0,False,0.02,1,CASH,,ENTRY_GATE_CLOSED_OR_NO_CANDIDATE,0,5,equal_capital,0.1,False,1271869.4747064144
2021-03-08,现金,0.0,0.0,3421.414,3560.62655,180,3358.2784388888895,,,False,,,,False,False,False,MAINLINE_DECLINE,False,0,7,3,False,,,,,,,,1,,,稀土永磁,1.2316810539841108,1.2316810539841108,3,0,False,0.02,1,CASH,,ENTRY_GATE_CLOSED_OR_NO_CANDIDATE,0,5,equal_capital,0.1,False,1271869.4747064144
2021-03-09,现金,0.0,0.0,3359.292,3551.9069000000004,180,3360.586988888889,,,False,,,,False,False,False,BROAD_DECLINE_OR_NO_LEADER,False,0,8,4,False,,,,,,,,1,,,,,,0,0,False,0.02,1,CASH,,ENTRY_GATE_CLOSED_OR_NO_CANDIDATE,0,5,equal_capital,0.1,False,1271869.4747064144
2021-03-10,现金,0.0,0.0,3357.737,3543.9283499999997,180,3363.013877777778,,,False,,,,False,False,False,BROAD_DECLINE_OR_NO_LEADER,False,0,9,5,False,,,,,,,,1,,,,,,0,0,False,0.02,1,CASH,,ENTRY_GATE_CLOSED_OR_NO_CANDIDATE,0,5,equal_capital,0.1,False,1271869.4747064144
2021-03-11,现金,0.0,0.0,3436.831,3540.67695,180,3365.8866,,,False,,,,False,False,False,MAINLINE_DECLINE,False,0,10,6,False,,,,,,,,1,,,煤炭,1.1067214777641343,1.1067214777641343,1,0,False,0.02,1,CASH,,ENTRY_GATE_CLOSED_OR_NO_CANDIDATE,0,5,equal_capital,0.1,False,1271869.4747064144
2021-03-12,现金,0.0,0.0,3453.078,3538.5142,180,3369.014638888889,,,False,,,,False,False,False,MAINLINE_DECLINE,False,0,11,7,False,,,,,,,,1,,,煤炭,1.1655431118843103,1.1655431118843103,2,0,False,0.02,1,CASH,,ENTRY_GATE_CLOSED_OR_NO_CANDIDATE,0,5,equal_capital,0.1,False,1271869.4747064144
2021-03-15,现金,0.0,0.0,3419.946,3532.88915,180,3371.726844444444,,,False,,,,False,False,False,MAINLINE_DECLINE,False,0,12,8,False,,,,,,,,1,,,煤炭,1.1420155691142435,1.1420155691142435,2,0,False,0.02,1,CASH,,ENTRY_GATE_CLOSED_OR_NO_CANDIDATE,0,5,equal_capital,0.1,False,1271869.4747064144
2021-03-16,现金,0.0,0.0,3446.733,3525.05135,180,3374.564955555555,,,False,,,,False,False,False,MAINLINE_DECLINE,False,0,13,9,False,,,,,,,,1,,,电力,1.1493942930736107,1.1493942930736107,1,0,False,0.02,1,CASH,,ENTRY_GATE_CLOSED_OR_NO_CANDIDATE,0,5,equal_capital,0.1,False,1271869.4747064144
2021-03-17,现金,0.0,0.0,3445.551,3514.5744999999997,180,3377.3773777777774,,,False,,,,False,False,False,MAINLINE_DECLINE,False,0,14,10,False,,,,,,,,1,,,煤炭,1.1126912969547071,1.1126912969547071,2,0,False,0.02,1,CASH,,ENTRY_GATE_CLOSED_OR_NO_CANDIDATE,0,5,equal_capital,0.1,False,1271869.4747064144
2021-03-18,现金,0.0,0.0,3463.068,3503.96005,180,3380.1297888888894,,,False,,,,False,False,False,BROAD_DECLINE_OR_NO_LEADER,False,0,15,11,False,,,,,,,,1,,,,,,0,0,False,0.02,1,CASH,,ENTRY_GATE_CLOSED_OR_NO_CANDIDATE,0,5,equal_capital,0.1,False,1271869.4747064144
2021-03-19,现金,0.0,0.0,3404.663,3489.3848,180,3382.57085,,,False,,,,False,False,False,BROAD_DECLINE_OR_NO_LEADER,False,0,16,12,False,,,,,,,,1,,,,,,0,0,False,0.02,1,CASH,,ENTRY_GATE_CLOSED_OR_NO_CANDIDATE,0,5,equal_capital,0.1,False,1271869.4747064144
2021-03-22,现金,0.0,0.0,3443.439,3479.4344999999994,180,3385.1976222222224,,,False,,,,False,False,False,MAINLINE_DECLINE,False,0,17,13,False,,,,,,,,1,,,电力,1.1319786279518973,1.1319786279518973,1,0,False,0.02,1,CASH,,ENTRY_GATE_CLOSED_OR_NO_CANDIDATE,0,5,equal_capital,0.1,False,1271869.4747064144
2021-03-23,现金,0.0,0.0,3411.509,3468.1921,180,3387.5973888888884,,,False,,,,False,False,False,BROAD_DECLINE_OR_NO_LEADER,False,0,18,14,False,,,,,,,,1,,,,,,0,0,False,0.02,1,CASH,,ENTRY_GATE_CLOSED_OR_NO_CANDIDATE,0,5,equal_capital,0.1,False,1271869.4747064144
2021-03-24,现金,0.0,0.0,3367.061,3458.34115,180,3389.850416666666,,,False,,,,False,False,False,MAINLINE_DECLINE,False,0,19,15,False,,,,,,,,1,,,电力,1.1151010040877884,1.1151010040877884,1,0,False,0.02,1,CASH,,ENTRY_GATE_CLOSED_OR_NO_CANDIDATE,0,5,equal_capital,0.1,False,1271869.4747064144
2021-03-25,现金,0.0,0.0,3363.592,3447.2684500000005,180,3391.955516666667,,,False,,,,False,False,False,BROAD_DECLINE_OR_NO_LEADER,False,0,20,16,False,,,,,,,,1,,,,,,0,0,False,0.02,1,CASH,,ENTRY_GATE_CLOSED_OR_NO_CANDIDATE,0,5,equal_capital,0.1,False,1271869.4747064144
2021-03-26,现金,0.0,0.0,3418.327,3442.7308,180,3394.135216666667,,,False,,,,False,False,False,MAINLINE_DECLINE,False,0,21,17,False,,,,,,,,1,,,电力,1.1146642884443878,1.1146642884443878,1,0,False,0.02,1,CASH,,ENTRY_GATE_CLOSED_OR_NO_CANDIDATE,0,5,equal_capital,0.1,False,1271869.4747064144
2021-03-29,现金,0.0,0.0,3435.296,3436.9256,180,3396.050366666667,,,False,,,,False,False,False,BROAD_DECLINE_OR_NO_LEADER,False,0,22,18,False,,,,,,,,1,,,,,,0,0,False,0.02,1,CASH,,ENTRY_GATE_CLOSED_OR_NO_CANDIDATE,0,5,equal_capital,0.1,False,1271869.4747064144
2021-03-30,现金,0.0,0.0,3456.677,3434.3298999999997,180,3397.7385000000004,,,False,,,,False,False,True,NO_MAINLINE_ROTATION,False,0,23,0,False,,,,,,,,1,,,电力,1.1046974709543895,1.1046974709543895,1,0,False,0.02,1,CASH,,RESEARCH_POLICY_BLOCK_ENTRY_TOP1,0,5,equal_capital,0.1,False,1271869.4747064144
2021-03-31,现金,0.0,0.0,3441.912,3427.58025,180,3398.3442277777776,,,False,,,,False,False,True,NO_MAINLINE_ROTATION,False,0,24,0,False,,,,,,,,1,,,电力,1.1093578922029215,1.1093578922029215,1,0,False,0.02,1,CASH,,RESEARCH_POLICY_BLOCK_ENTRY_TOP1,0,5,equal_capital,0.1,False,1271869.4747064144
2021-04-01,现金,0.0,0.0,3466.332,3425.7222500000003,180,3399.0164222222224,,,False,,,,False,False,True,BROAD_DECLINE_OR_NO_LEADER,False,0,25,0,False,,,,,,,,1,,,,,,0,0,False,0.02,1,CASH,,ENTRY_GATE_CLOSED_OR_NO_CANDIDATE,0,5,equal_capital,0.1,False,1271869.4747064144
2021-04-02,现金,0.0,0.0,3484.392,3424.8425,180,3399.466155555556,,,False,,,,False,False,True,BROAD_DECLINE_OR_NO_LEADER,False,0,26,0,False,,,,,,,,1,,,,,,0,0,False,0.02,1,CASH,,ENTRY_GATE_CLOSED_OR_NO_CANDIDATE,0,5,equal_capital,0.1,False,1271869.4747064144
2021-04-06,现金,0.0,0.0,3482.967,3427.9201500000004,180,3399.6460055555553,,,False,,,,False,False,True,NO_MAINLINE_ROTATION,False,0,27,0,False,,,,,,,,1,,,食品饮料,1.1349564334467475,1.1349564334467475,5,0,False,0.02,1,CASH,,RESEARCH_POLICY_BLOCK_ENTRY_TOP1,0,5,equal_capital,0.1,False,1271869.4747064144
2021-04-07,现金,0.0,0.0,3479.626,3433.9368499999996,180,3400.1810277777777,,,False,,,,False,False,True,NO_MAINLINE_ROTATION,False,0,28,0,False,,,,,,,,1,,,航运港口,1.1648219441770935,1.1648219441770935,6,0,False,0.02,1,BUY,航运港口,ENTRY_TOP1,0,5,equal_capital,0.1,False,1271869.4747064144
2021-04-08,航运港口,1.0,1.0,3482.555,3440.17775,180,3400.399188888889,,,False,,,,False,False,True,MAINLINE_RISE,True,1,0,0,False,9.342,8.7402,8.8594,-0.03511671142325967,9.342,0.0,1271869.4747064144,1,1.161362506215813,1.161362506215813,航运港口,1.161362506215813,1.161362506215813,5,0,False,0.02,0,HOLD,航运港口,NO_STRONGER_QUALIFIED_SECTOR,0,5,equal_capital,0.1,False,1225994.5128062204
2021-04-09,航运港口,1.0,1.0,3450.677,3440.87005,180,3400.5995111111106,,,False,,,,False,False,True,MAINLINE_RISE,True,2,0,0,False,9.468,8.7942,8.9796,0.01348747591522148,9.468,0.0,1271869.4747064144,1,1.128755364806867,1.128755364806867,航运港口,1.128755364806867,1.128755364806867,5,0,False,0.02,0,HOLD,航运港口,NO_STRONGER_QUALIFIED_SECTOR,0,5,equal_capital,0.1,False,1234634.497579705
2021-04-12,航运港口,1.0,1.0,3412.948,3438.8635499999996,180,3400.886422222223,,,False,,,,False,False,False,BROAD_DECLINE_OR_NO_LEADER,False,0,1,1,False,9.112,8.8271,9.0394,-0.037600337980566056,9.468,-0.037600337980566056,1271869.4747064144,1,1.0778329784717295,1.0778329784717295,,,,0,0,False,0.02,0,HOLD,航运港口,NO_STRONGER_QUALIFIED_SECTOR,0,5,equal_capital,0.1,False,1204348.707919218
2021-04-13,航运港口,1.0,1.0,3396.47,3437.68975,180,3401.921816666667,,,False,,,,False,False,False,BROAD_DECLINE_OR_NO_LEADER,False,0,2,2,False,8.931999999999999,8.8485,9.0866,-0.0197541703248465,9.468,-0.05661174482467268,1271869.4747064144,1,1.0503292568203197,1.0503292568203197,,,,0,0,False,0.02,0,HOLD,航运港口,NO_STRONGER_QUALIFIED_SECTOR,1,5,equal_capital,0.1,False,1189890.2770847566
2021-04-14,航运港口,1.0,1.0,3416.721,3436.1891499999997,180,3403.0473277777783,,,False,,,,False,False,False,MAINLINE_DECLINE,False,0,3,3,False,8.944000000000003,8.8649,9.1292,0.0013434841021051636,9.468,-0.05534431770173187,1271869.4747064144,1,1.038068709377902,1.038068709377902,智能驾驶,1.1238956466069143,1.1238956466069143,1,0,False,0.02,1,HOLD,航运港口,SWITCH_CONFIRM_1_OF_2,2,5,equal_capital,0.1,False,1192078.3795250703
2021-04-15,航运港口,1.0,1.0,3398.988,3433.861,180,3403.5186555555556,,,False,,,,False,False,False,BROAD_DECLINE_OR_NO_LEADER,False,0,4,4,False,8.812000000000001,8.8608,9.1188,-0.014758497316637031,9.468,-0.0692860160540768,1271869.4747064144,1,0.9907803013267372,0.9907803013267372,,,,0,0,False,0.02,1,SELL,,DOUBLE_MA20_BREAK,3,5,equal_capital,0.1,False,1174661.3421005295
2021-04-16,现金,0.0,0.0,3426.618,3432.0384999999997,180,3404.106005555555,,,False,,,,False,False,False,MAINLINE_DECLINE,False,0,5,5,False,,,,,,,,2,,,煤炭,1.1171458998935038,1.1171458998935038,1,0,False,0.02,1,CASH,,ENTRY_GATE_CLOSED_OR_NO_CANDIDATE,0,5,equal_capital,0.1,False,1176362.5636577515
2021-04-19,现金,0.0,0.0,3477.549,3435.6828,180,3404.9081444444437,,,False,,,,False,False,True,NO_MAINLINE_ROTATION,False,0,6,0,False,,,,,,,,2,,,汽车零部件,1.1973251292569331,1.1973251292569331,6,0,False,0.02,1,CASH,,ENTRY_GATE_CLOSED_OR_NO_CANDIDATE,0,5,equal_capital,0.1,False,1176362.5636577515
2021-04-20,现金,0.0,0.0,3472.943,3437.1580000000004,180,3405.729438888889,,,False,,,,False,False,True,NO_MAINLINE_ROTATION,False,0,7,0,False,,,,,,,,2,,,汽车零部件,1.1717662838460894,1.1717662838460894,3,0,False,0.02,1,CASH,,ENTRY_GATE_CLOSED_OR_NO_CANDIDATE,0,5,equal_capital,0.1,False,1176362.5636577515
2021-04-21,现金,0.0,0.0,3472.93,3440.2290500000004,180,3407.2636722222223,,,False,,,,False,False,True,MAINLINE_RISE,True,1,0,0,False,,,,,,,,2,,,汽车零部件,1.1992788252671827,1.1992788252671827,5,0,False,0.02,1,CASH,,ENTRY_GATE_CLOSED_OR_NO_CANDIDATE,0,5,equal_capital,0.1,False,1176362.5636577515
2021-04-22,现金,0.0,0.0,3465.114,3445.1316999999995,180,3408.7074888888887,,,False,,,,False,False,True,MAINLINE_RISE,True,2,0,0,False,,,,,,,,2,,,消费电子,1.2603944662056947,1.2603944662056947,8,0,False,0.02,1,CASH,,ENTRY_GATE_CLOSED_OR_NO_CANDIDATE,0,5,equal_capital,0.1,False,1176362.5636577515
2021-04-23,现金,0.0,0.0,3474.166,3450.6603999999998,180,3410.0753,,,False,,,,False,False,True,MAINLINE_RISE,True,3,0,0,False,,,,,,,,2,,,汽车零部件,1.240806854694752,1.240806854694752,10,0,False,0.02,1,CASH,,RESEARCH_POLICY_BLOCK_ENTRY_TOP1,0,5,equal_capital,0.1,False,1176362.5636577515
2021-04-26,现金,0.0,0.0,3441.166,3451.8023500000004,180,3410.889822222222,,,False,,,,False,False,False,MAINLINE_DECLINE,False,0,1,1,False,,,,,,,,2,,,汽车零部件,1.1868615026509763,1.1868615026509763,9,0,False,0.02,1,CASH,,ENTRY_GATE_CLOSED_OR_NO_CANDIDATE,0,5,equal_capital,0.1,False,1176362.5636577515
2021-04-27,现金,0.0,0.0,3442.611,3452.1681000000003,180,3411.755316666667,,,False,,,,False,False,False,MAINLINE_DECLINE,False,0,2,2,False,,,,,,,,2,,,消费电子,1.2068214804063866,1.2068214804063866,7,0,False,0.02,1,CASH,,ENTRY_GATE_CLOSED_OR_NO_CANDIDATE,0,5,equal_capital,0.1,False,1176362.5636577515
2021-04-28,现金,0.0,0.0,3457.068,3452.1876500000008,180,3412.572322222222,,,False,,,,False,False,True,MAINLINE_RISE,True,1,0,0,False,,,,,,,,2,,,汽车零部件,1.2053920734818848,1.2053920734818848,8,0,False,0.02,1,CASH,,RESEARCH_POLICY_BLOCK_ENTRY_TOP1,0,5,equal_capital,0.1,False,1176362.5636577515
2021-04-29,现金,0.0,0.0,3474.901,3453.8370999999997,180,3413.1664055555552,,,False,,,,False,False,True,MAINLINE_RISE,True,2,0,0,False,,,,,,,,2,,,美容护理,1.197112232389749,1.197112232389749,7,0,False,0.02,1,CASH,,RESEARCH_POLICY_BLOCK_ENTRY_TOP1,0,5,equal_capital,0.1,False,1176362.5636577515
2021-04-30,现金,0.0,0.0,3446.856,3452.8633,180,3413.584005555555,,,False,,,,False,False,False,MAINLINE_DECLINE,False,0,1,1,False,,,,,,,,2,,,美容护理,1.2179090056551765,1.2179090056551765,5,0,False,0.02,1,CASH,,ENTRY_GATE_CLOSED_OR_NO_CANDIDATE,0,5,equal_capital,0.1,False,1176362.5636577515
2021-05-06,现金,0.0,0.0,3441.283,3450.7078500000002,180,3413.9379944444445,,,False,,,,False,False,False,MAINLINE_DECLINE,False,0,2,2,False,,,,,,,,2,,,美容护理,1.1816400235168958,1.1816400235168958,6,0,False,0.02,1,CASH,,ENTRY_GATE_CLOSED_OR_NO_CANDIDATE,0,5,equal_capital,0.1,False,1176362.5636577515
2021-05-07,现金,0.0,0.0,3418.874,3447.5032,180,3414.1180555555557,,,False,,,,False,False,False,MAINLINE_DECLINE,False,0,3,3,False,,,,,,,,2,,,美容护理,1.1236233327798995,1.1236233327798995,2,0,False,0.02,1,CASH,,ENTRY_GATE_CLOSED_OR_NO_CANDIDATE,0,5,equal_capital,0.1,False,1176362.5636577515
2021-05-10,现金,0.0,0.0,3427.991,3444.9214500000003,180,3414.5289222222223,,,False,,,,False,False,False,MAINLINE_DECLINE,False,0,4,4,False,,,,,,,,2,,,储能,1.1709765540553818,1.1709765540553818,3,0,False,0.02,1,CASH,,ENTRY_GATE_CLOSED_OR_NO_CANDIDATE,0,5,equal_capital,0.1,False,1176362.5636577515
2021-05-11,现金,0.0,0.0,3441.845,3442.88595,180,3414.876661111111,,,False,,,,False,False,False,MAINLINE_DECLINE,False,0,5,5,False,,,,,,,,2,,,储能,1.1445773609810264,1.1445773609810264,1,0,False,0.02,1,CASH,,ENTRY_GATE_CLOSED_OR_NO_CANDIDATE,0,5,equal_capital,0.1,False,1176362.5636577515
2021-05-12,现金,0.0,0.0,3462.751,3443.4896500000004,180,3415.5570000000002,,,False,,,,False,False,True,NO_MAINLINE_ROTATION,False,0,6,0,False,,,,,,,,2,,,AIGC,1.1138413853031024,1.1138413853031024,1,0,False,0.02,1,CASH,,RESEARCH_POLICY_BLOCK_ENTRY_TOP1,0,5,equal_capital,0.1,False,1176362.5636577515
2021-05-13,现金,0.0,0.0,3429.536,3444.3190499999996,180,3416.1696111111114,,,False,,,,False,False,False,MAINLINE_DECLINE,False,0,7,1,False,,,,,,,,2,,,AIGC,1.131967190426543,1.131967190426543,1,0,False,0.02,1,CASH,,ENTRY_GATE_CLOSED_OR_NO_CANDIDATE,0,5,equal_capital,0.1,False,1176362.5636577515
2021-05-14,现金,0.0,0.0,3490.376,3449.01435,180,3417.1121111111115,,,False,,,,False,False,True,MAINLINE_RISE,True,1,0,0,False,,,,,,,,2,,,AIGC,1.1463336418028054,1.1463336418028054,2,0,False,0.02,1,CASH,,RESEARCH_POLICY_BLOCK_ENTRY_TOP1,0,5,equal_capital,0.1,False,1176362.5636577515
2021-05-17,现金,0.0,0.0,3517.616,3454.0590999999995,180,3417.987205555555,,,False,,,,False,False,True,MAINLINE_RISE,True,2,0,0,False,,,,,,,,2,,,储能,1.2862885198944447,1.2862885198944447,7,0,False,0.02,1,CASH,,RESEARCH_POLICY_BLOCK_ENTRY_TOP1,0,5,equal_capital,0.1,False,1176362.5636577515
2021-05-18,现金,0.0,0.0,3529.014,3460.5604,180,3418.488388888889,,,False,,,,False,False,True,MAINLINE_RISE,True,3,0,0,False,,,,,,,,2,,,储能,1.2805359236839602,1.2805359236839602,9,0,False,0.02,1,CASH,,RESEARCH_POLICY_BLOCK_ENTRY_TOP1,0,5,equal_capital,0.1,False,1176362.5636577515
2021-05-19,现金,0.0,0.0,3510.965,3464.7777499999997,180,3418.821033333333,,,False,,,,False,False,True,MAINLINE_RISE,True,4,0,0,False,,,,,,,,2,,,储能,1.346959082140319,1.346959082140319,7,0,False,0.02,1,BUY,储能,ENTRY_TOP1,0,5,equal_capital,0.1,False,1176362.5636577515
2021-05-20,储能,1.0,1.0,3506.944,3466.2475,180,3419.3700055555555,,,False,,,,False,False,True,MAINLINE_RISE,True,5,0,0,False,663.9820000000001,597.6366,616.9502,0.0010131009633504995,663.9820000000001,0.0,1176362.5636577515,2,1.2390682849635737,1.2390682849635737,储能,1.2390682849635737,1.2390682849635737,6,0,False,0.02,0,HOLD,储能,NO_STRONGER_QUALIFIED_SECTOR,0,5,equal_capital,0.1,False,1179561.2776114496
2021-05-21,储能,1.0,1.0,3486.557,3466.9282,180,3420.051438888889,,,False,,,,False,False,True,MAINLINE_RISE,True,6,0,0,False,659.132,603.5046,624.4842,-0.007304414878716803,663.9820000000001,-0.007304414878716803,1176362.5636577515,2,1.2166224906418197,1.2166224906418197,储能,1.2166224906418197,1.2166224906418197,5,0,False,0.02,0,HOLD,储能,NO_STRONGER_QUALIFIED_SECTOR,0,5,equal_capital,0.1,False,1193153.814890652
2021-05-24,储能,1.0,1.0,3497.282,3468.1458,180,3420.6992111111113,,,False,,,,False,False,True,MAINLINE_RISE,True,7,0,0,False,663.248,609.3891,631.2262,0.006244576200215013,663.9820000000001,-0.0011054516538099302,1176362.5636577515,2,1.215724084332005,1.215724084332005,储能,1.215724084332005,1.215724084332005,7,0,False,0.02,0,HOLD,储能,NO_STRONGER_QUALIFIED_SECTOR,0,5,equal_capital,0.1,False,1191930.032282683
2021-05-25,储能,1.0,1.0,3581.342,3473.9572,180,3421.7864555555557,,,False,,,,False,False,True,MAINLINE_RISE,True,8,0,0,False,685.1560000000001,615.7528,641.8168000000001,0.033031384941982544,685.1560000000001,0.0,1176362.5636577515,2,1.2281378499395932,1.2281378499395932,储能,1.2281378499395932,1.2281378499395932,9,0,False,0.02,0,HOLD,储能,NO_STRONGER_QUALIFIED_SECTOR,0,5,equal_capital,0.1,False,1214571.8177249988
2021-05-26,储能,1.0,1.0,3593.357,3479.9167500000003,180,3423.00745,,,False,,,,False,False,True,MAINLINE_RISE,True,9,0,0,False,660.662,620.0881999999999,649.4602000000001,-0.03574952273642795,685.1560000000001,-0.03574952273642795,1176362.5636577515,2,1.1510713402119335,1.1510713402119335,机器人,1.1691293992785528,1.1691293992785528,8,0,False,0.02,0,HOLD,储能,NO_STRONGER_QUALIFIED_SECTOR,0,5,equal_capital,0.1,False,1180100.9566935117
2021-05-27,储能,1.0,1.0,3608.851,3488.3010000000004,180,3424.558072222222,,,False,,,,False,False,True,MAINLINE_RISE,True,10,0,0,False,654.008,623.9674,656.4842000000001,-0.010071715945521253,685.1560000000001,-0.04546117964375995,1176362.5636577515,2,1.1345953672990716,1.1345953672990716,机器人,1.1955600625234142,1.1955600625234142,11,0,False,0.02,1,HOLD,储能,SWITCH_CONFIRM_1_OF_2,1,5,equal_capital,0.1,False,1185487.2181822024
2021-05-28,储能,1.0,1.0,3600.784,3496.20965,180,3425.9506888888886,,,False,,,,False,False,True,MAINLINE_RISE,True,11,0,0,False,678.3619999999999,629.2596000000001,662.4578,0.03723807659845102,685.1560000000001,-0.009915989935139202,1176362.5636577515,2,1.1848745366957891,1.1848745366957891,储能,1.1848745366957891,1.1848745366957891,8,0,False,0.02,0,HOLD,储能,NO_STRONGER_QUALIFIED_SECTOR,0,5,equal_capital,0.1,False,1226997.4936713036
2021-05-31,储能,1.0,1.0,3615.477,3504.1301,180,3427.1266333333333,,,False,,,,False,False,True,MAINLINE_RISE,True,12,0,0,False,722.8059999999999,635.7064,669.7142,0.06551664155716286,722.8059999999999,0.0,1176362.5636577515,2,1.217111489046424,1.217111489046424,储能,1.217111489046424,1.217111489046424,9,0,False,0.02,0,HOLD,储能,NO_STRONGER_QUALIFIED_SECTOR,0,5,equal_capital,0.1,False,1296589.1263260697
2021-06-01,储能,1.0,1.0,3624.714,3511.6207500000005,180,3428.399055555555,,,False,,,,False,False,True,MAINLINE_RISE,True,13,0,0,False,704.9399999999999,641.2692999999999,675.5606,-0.024717559068408335,722.8059999999999,-0.024717559068408335,1176362.5636577515,2,1.1874033573529261,1.1874033573529261,储能,1.1874033573529261,1.1874033573529261,9,0,False,0.02,0,HOLD,储能,NO_STRONGER_QUALIFIED_SECTOR,0,5,equal_capital,0.1,False,1278371.7958372307
2021-06-02,储能,1.0,1.0,3597.138,3519.13485,180,3429.435338888889,,,False,,,,False,False,True,MAINLINE_RISE,True,14,0,0,False,695.06,645.0619999999999,678.7356,-0.014015377195222278,722.8059999999999,-0.03838651034994178,1176362.5636577515,2,1.1225020429388604,1.1225020429388604,军工,1.2176282417456872,1.2176282417456872,8,0,False,0.02,1,HOLD,储能,SWITCH_CONFIRM_1_OF_2,0,5,equal_capital,0.1,False,1247566.4280581032
2021-06-03,储能,1.0,1.0,3584.212,3526.2812999999996,180,3430.4320611111116,,,False,,,,False,False,True,MAINLINE_RISE,True,15,0,0,False,675.368,648.4122,679.8742,-0.028331367076223524,722.8059999999999,-0.06563033511066574,1176362.5636577515,2,1.1101380094811661,1.1101380094811661,CPO,1.1621084037792142,1.1621084037792142,8,0,False,0.02,1,HOLD,储能,SWITCH_CONFIRM_1_OF_2,1,5,equal_capital,0.1,False,1209570.3830397513
2021-06-04,储能,1.0,1.0,3591.845,3534.9298499999995,180,3431.5813055555554,,,False,,,,False,False,True,MAINLINE_RISE,True,16,0,0,False,674.644,652.9548,681.4254,-0.001072008149631043,722.8059999999999,-0.06663198700619521,1176362.5636577515,2,1.1556239208485213,1.1556239208485213,AI医疗,1.2189331709519609,1.2189331709519609,10,0,False,0.02,1,HOLD,储能,SWITCH_CONFIRM_1_OF_2,2,5,equal_capital,0.1,False,1231921.055096251
2021-06-07,储能,1.0,1.0,3599.541,3543.50735,180,3432.937827777778,,,False,,,,False,False,True,MAINLINE_RISE,True,17,0,0,False,645.844,655.4556,679.685,-0.04268918125707777,722.8059999999999,-0.10647670329244618,1176362.5636577515,2,1.0839436884470015,1.0839436884470015,CPO,1.2677464428394312,1.2677464428394312,7,0,False,0.02,1,HOLD,储能,SWITCH_CONFIRM_1_OF_2,3,5,equal_capital,0.1,False,1189677.8499766346
2021-06-08,储能,1.0,1.0,3580.106,3550.4204,180,3434.5351333333333,,,False,,,,False,False,True,MAINLINE_RISE,True,18,0,0,False,642.2479999999999,658.6055,675.3942,-0.005567908039712521,722.8059999999999,-0.1114517588398547,1176362.5636577515,2,1.1087578765645232,1.1087578765645232,游戏,1.2504548619690468,1.2504548619690468,6,0,False,0.02,1,HOLD,储能,SWITCH_CONFIRM_1_OF_2,4,5,equal_capital,0.1,False,1185098.1080715193
2021-06-09,储能,1.0,1.0,3591.397,3556.8527000000004,180,3436.0628,,,False,,,,False,False,True,MAINLINE_RISE,True,19,0,0,False,652.148,662.0015,674.5427999999999,0.015414606195737646,722.8059999999999,-0.09775513761645571,1176362.5636577515,2,1.1162559822535039,1.1162559822535039,军工,1.2184300709097573,1.2184300709097573,7,0,False,0.02,1,HOLD,储能,SWITCH_CONFIRM_1_OF_2,5,5,equal_capital,0.1,False,1200342.7761248173
2021-06-10,储能,1.0,1.0,3610.859,3565.9188500000005,180,3438.041861111111,,,False,,,,False,False,True,MAINLINE_RISE,True,20,0,0,False,695.9820000000001,667.6121999999999,678.7402,0.06721480400154567,722.8059999999999,-0.03711092602994415,1176362.5636577515,2,1.1922236230831427,1.1922236230831427,军工,1.2309872922776146,1.2309872922776146,12,0,False,0.02,0,HOLD,储能,RESEARCH_POLICY_BLOCK_STRONGER_RS20_MARGIN_2%,0,5,equal_capital,0.1,False,1291945.9495706563
2021-06-11,储能,1.0,1.0,3589.748,3570.8874499999997,180,3440.0136666666663,,,False,,,,False,False,True,MAINLINE_RISE,True,21,0,0,False,725.11,672.9363999999999,683.415,0.04185165708308536,725.11,0.0,1176362.5636577515,2,1.1721298490525778,1.1721298490525778,汽车零部件,1.2056646407978808,1.2056646407978808,11,0,False,0.02,1,HOLD,储能,SWITCH_CONFIRM_1_OF_2,0,5,equal_capital,0.1,False,1324498.7653291596
2021-06-15,储能,1.0,1.0,3556.559,3572.8346000000006,180,3441.659294444444,,,False,,,,False,False,False,MAINLINE_DECLINE,False,0,1,1,False,723.388,676.5937000000001,683.4732,-0.00237481209747481,725.11,-0.00237481209747481,1176362.5636577515,2,1.1124904266411584,1.1124904266411584,游戏,1.201149608136341,1.201149608136341,8,0,False,0.02,1,HOLD,储能,SWITCH_CONFIRM_1_OF_2,0,5,equal_capital,0.1,False,1318915.3395908566
2021-06-16,储能,1.0,1.0,3518.329,3572.30035,180,3442.9899333333333,,,False,,,,False,False,False,MAINLINE_DECLINE,False,0,2,2,False,664.7839999999999,677.5091,679.4576,-0.08101323217968803,725.11,-0.08319565307332699,1176362.5636577515,2,1.0283196901354419,1.0283196901354419,游戏,1.1492983520049365,1.1492983520049365,1,0,False,0.02,1,SELL,,DOUBLE_MA20_BREAK,1,5,equal_capital,0.1,False,1225679.0633554845
2021-06-17,现金,0.0,0.0,3525.604,3573.0323000000003,180,3444.2672888888887,,,False,,,,False,False,False,MAINLINE_DECLINE,False,0,3,3,False,,,,,,,,0,,,游戏,1.1434784914867662,1.1434784914867662,3,0,False,0.02,1,CASH,,ENTRY_GATE_CLOSED_OR_NO_CANDIDATE,0,5,equal_capital,0.1,False,1235923.8948906919
2021-06-18,现金,0.0,0.0,3525.097,3573.93995,180,3445.607138888889,,,False,,,,False,False,False,MAINLINE_DECLINE,False,0,4,4,False,,,,,,,,0,,,航运港口,1.1557557557557556,1.1557557557557556,3,0,False,0.02,1,CASH,,ENTRY_GATE_CLOSED_OR_NO_CANDIDATE,0,5,equal_capital,0.1,False,1235923.8948906919
2021-06-21,现金,0.0,0.0,3529.183,3576.07125,180,3447.0446277777774,,,False,,,,False,False,False,MAINLINE_DECLINE,False,0,5,5,False,,,,,,,,0,,,AIGC,1.1764243244093497,1.1764243244093497,6,0,False,0.02,1,CASH,,ENTRY_GATE_CLOSED_OR_NO_CANDIDATE,0,5,equal_capital,0.1,False,1235923.8948906919
2021-06-22,现金,0.0,0.0,3557.412,3579.0777500000004,180,3448.2630833333333,,,False,,,,False,False,False,MAINLINE_DECLINE,False,0,6,6,False,,,,,,,,0,,,低空经济,1.1717826501429933,1.1717826501429933,7,0,False,0.02,1,CASH,,ENTRY_GATE_CLOSED_OR_NO_CANDIDATE,0,5,equal_capital,0.1,False,1235923.8948906919
2021-06-23,现金,0.0,0.0,3566.22,3578.3216500000003,180,3449.648,,,False,,,,False,False,False,MAINLINE_DECLINE,False,0,7,7,False,,,,,,,,0,,,低空经济,1.1854486661277284,1.1854486661277284,5,0,False,0.02,1,CASH,,ENTRY_GATE_CLOSED_OR_NO_CANDIDATE,0,5,equal_capital,0.1,False,1235923.8948906919
2021-06-24,现金,0.0,0.0,3566.654,3576.9865,180,3451.2721777777783,,,False,,,,False,False,False,MAINLINE_DECLINE,False,0,8,8,False,,,,,,,,0,,,光学光电子,1.1702263553216494,1.1702263553216494,6,0,False,0.02,1,CASH,,ENTRY_GATE_CLOSED_OR_NO_CANDIDATE,0,5,equal_capital,0.1,False,1235923.8948906919
2021-06-25,现金,0.0,0.0,3607.562,3576.92205,180,3453.093572222222,,,False,,,,False,False,True,MAINLINE_RISE,True,1,0,0,False,,,,,,,,0,,,航运港口,1.1732469063052442,1.1732469063052442,6,0,False,0.02,1,CASH,,RESEARCH_POLICY_BLOCK_ENTRY_TOP1,0,5,equal_capital,0.1,False,1235923.8948906919
2021-06-28,现金,0.0,0.0,3606.372,3577.2014499999996,180,3455.222438888889,,,False,,,,False,False,True,MAINLINE_RISE,True,2,0,0,False,,,,,,,,0,,,消费电子,1.1664620492468585,1.1664620492468585,7,0,False,0.02,1,BUY,消费电子,ENTRY_TOP1,0,5,equal_capital,0.1,False,1235923.8948906919
2021-06-29,消费电子,1.0,1.0,3573.178,3575.0865,180,3457.187772222222,,,False,,,,False,False,False,MAINLINE_DECLINE,False,0,1,1,False,567.392,510.33590000000004,532.2136,-0.008003916289315849,567.392,0.0,1235923.8948906919,0,1.1575554304273672,1.1575554304273672,航运港口,1.1615489927635438,1.1615489927635438,3,0,False,0.02,0,HOLD,消费电子,NO_STRONGER_QUALIFIED_SECTOR,0,5,equal_capital,0.1,False,1212368.695984694
2021-06-30,消费电子,1.0,1.0,3591.197,3573.4106499999994,180,3459.2636722222214,,,False,,,,False,False,True,NO_MAINLINE_ROTATION,False,0,2,0,False,556.0820000000001,513.2495,540.3406000000001,-0.019933308894027335,567.392,-0.019933308894027335,1235923.8948906919,0,1.1170567083827165,1.1170567083827165,航运港口,1.168421052631579,1.168421052631579,6,0,False,0.02,1,HOLD,消费电子,SWITCH_CONFIRM_1_OF_2,0,5,equal_capital,0.1,False,1206439.3362918731
2021-07-01,消费电子,1.0,1.0,3588.782,3572.99285,180,3461.2882444444444,,,False,,,,False,False,True,NO_MAINLINE_ROTATION,False,0,3,0,False,555.224,516.8647,546.909,-0.0015429379120346365,567.392,-0.021445490948057033,1235923.8948906919,0,1.1497225213285844,1.1497225213285844,机器人,1.232426099986378,1.232426099986378,8,0,False,0.02,1,HOLD,消费电子,SWITCH_CONFIRM_1_OF_2,0,5,equal_capital,0.1,False,1196839.4796402045
2021-07-02,消费电子,1.0,1.0,3518.76,3569.72025,180,3462.9588444444444,,,False,,,,False,False,False,MAINLINE_DECLINE,False,0,4,1,False,531.47,519.1030000000001,550.1092000000001,-0.04278273273489619,567.392,-0.06331072697535389,1235923.8948906919,0,1.0919778756698117,1.0919778756698117,航运港口,1.2176073131955485,1.2176073131955485,4,0,False,0.02,1,HOLD,消费电子,SWITCH_CONFIRM_1_OF_2,1,5,equal_capital,0.1,False,1162448.1509323409
2021-07-05,消费电子,1.0,1.0,3534.322,3566.8441,180,3464.4157666666665,,,False,,,,False,False,False,MAINLINE_DECLINE,False,0,5,2,False,550.6580000000001,522.6576,552.5282,0.03610363708205555,567.392,-0.02949283740341757,1235923.8948906919,0,1.1482423691420993,1.1482423691420993,航运港口,1.2221779018747507,1.2221779018747507,6,0,False,0.02,0,HOLD,消费电子,RESEARCH_POLICY_BLOCK_STRONGER_RS20_MARGIN_2%,2,5,equal_capital,0.1,False,1187270.031179914
2021-07-06,消费电子,1.0,1.0,3530.259,3563.38,180,3465.370177777778,,,False,,,,False,False,False,MAINLINE_DECLINE,False,0,6,3,False,549.618,525.8718000000001,555.2124000000001,-0.00188864957923085,567.392,-0.031325785347696145,1235923.8948906919,0,1.132453114762205,1.132453114762205,机器人,1.23788620337725,1.23788620337725,5,0,False,0.02,1,HOLD,消费电子,SWITCH_CONFIRM_1_OF_2,3,5,equal_capital,0.1,False,1175923.8411476593
2021-07-07,消费电子,1.0,1.0,3553.716,3562.0605000000005,180,3466.4477666666667,,,False,,,,False,False,False,MAINLINE_DECLINE,False,0,7,4,False,549.578,528.9645,555.5870000000001,-7.277782023162871e-05,567.392,-0.03139628334555311,1235923.8948906919,0,1.1268217270423435,1.1268217270423435,储能,1.2975672948767456,1.2975672948767456,6,0,False,0.02,1,HOLD,消费电子,SWITCH_CONFIRM_1_OF_2,4,5,equal_capital,0.1,False,1180927.1729400996
2021-07-08,消费电子,1.0,1.0,3525.504,3558.76585,180,3467.474022222222,,,False,,,,False,False,False,MAINLINE_DECLINE,False,0,8,5,False,559.374,532.2008,555.6876,0.017824585409168536,567.392,-0.014131323670407814,1235923.8948906919,0,1.1308526467306044,1.1308526467306044,储能,1.3107914154455735,1.3107914154455735,7,0,False,0.02,0,SWITCH,储能,STRONGER_RS20_MARGIN_2%,0,5,equal_capital,0.1,False,1200216.2914771657
2021-07-09,储能,1.0,1.0,3524.088,3554.4273000000003,180,3468.5401611111115,,,False,,,,False,False,False,MAINLINE_DECLINE,False,0,9,6,False,847.6900000000002,750.6621,786.0874,-0.008352537931518245,847.6900000000002,0.0,1235923.8948906919,0,1.217976901701481,1.217976901701481,稀土永磁,1.3731021269059231,1.3731021269059231,5,0,False,0.02,1,HOLD,储能,SWITCH_CONFIRM_1_OF_2,0,5,equal_capital,0.1,False,1187017.7007137947
2021-07-12,储能,1.0,1.0,3547.836,3552.3317,180,3469.715038888889,,,False,,,,False,False,False,MAINLINE_DECLINE,False,0,10,7,False,898.158,759.3145,799.8866,0.05953591525203761,898.158,0.0,1235923.8948906919,0,1.2386506874818992,1.2386506874818992,稀土永磁,1.505522262394136,1.505522262394136,8,0,False,0.02,0,HOLD,储能,RESEARCH_POLICY_BLOCK_STRONGER_RS20_MARGIN_2%,0,5,equal_capital,0.1,False,1230499.910961577
2021-07-13,储能,1.0,1.0,3566.523,3552.8298999999997,180,3471.12535,,,False,,,,False,False,True,NO_MAINLINE_ROTATION,False,0,11,0,False,892.0380000000001,767.747,812.0388,-0.006813945875892569,898.158,-0.006813945875892569,1235923.8948906919,0,1.2331390623012823,1.2331390623012823,稀土永磁,1.5475516606424335,1.5475516606424335,9,0,False,0.02,1,HOLD,储能,SWITCH_CONFIRM_1_OF_2,0,5,equal_capital,0.1,False,1240833.2405042395
2021-07-14,储能,1.0,1.0,3528.501,3553.3385000000003,180,3472.2386722222222,,,False,,,,False,False,False,MAINLINE_DECLINE,False,0,12,1,False,881.28,778.5717999999999,822.0708000000001,-0.012060024348738652,898.158,-0.018791793871456908,1235923.8948906919,0,1.3256636742159862,1.3256636742159862,稀土永磁,1.5662235957226387,1.5662235957226387,10,0,False,0.02,0,HOLD,储能,RESEARCH_POLICY_BLOCK_STRONGER_RS20_MARGIN_2%,0,5,equal_capital,0.1,False,1247364.2638688048
2021-07-15,储能,1.0,1.0,3564.59,3555.2877999999996,180,3473.5695888888886,,,False,,,,False,False,True,NO_MAINLINE_ROTATION,False,0,13,0,False,918.7700000000001,790.2175,837.1380000000001,0.042540395787944885,918.7700000000001,0.0,1235923.8948906919,0,1.3395960668128588,1.3395960668128588,稀土永磁,1.696443529247522,1.696443529247522,9,0,False,0.02,1,HOLD,储能,SWITCH_CONFIRM_1_OF_2,0,5,equal_capital,0.1,False,1296842.130079362
2021-07-16,储能,1.0,1.0,3539.304,3555.9981500000004,180,3474.8296055555556,,,False,,,,False,False,False,MAINLINE_DECLINE,False,0,14,1,False,880.202,798.543,851.6178,-0.041977861706411934,918.7700000000001,-0.041977861706411934,1235923.8948906919,0,1.233307925547715,1.233307925547715,稀土永磁,1.6111254406327915,1.6111254406327915,6,0,False,0.02,0,HOLD,储能,RESEARCH_POLICY_BLOCK_STRONGER_RS20_MARGIN_2%,0,5,equal_capital,0.1,False,1240218.828275756
2021-07-19,储能,1.0,1.0,3539.123,3556.4951499999997,180,3476.280305555556,,,False,,,,False,False,False,MAINLINE_DECLINE,False,0,15,2,False,865.9959999999999,805.8874,862.2956,-0.016139477074580744,918.7700000000001,-0.05743983804434216,1235923.8948906919,0,1.2042641717238578,1.2042641717238578,稀土永磁,1.6189848948799972,1.6189848948799972,10,0,False,0.02,1,HOLD,储能,SWITCH_CONFIRM_1_OF_2,0,5,equal_capital,0.1,False,1219062.8391879092
2021-07-20,储能,1.0,1.0,3536.791,3555.4640999999997,180,3477.867372222222,,,False,,,,False,False,False,MAINLINE_DECLINE,False,0,16,3,False,870.9680000000001,813.8884,874.3292000000001,0.005741366010928672,918.7700000000001,-0.05202825516723453,1235923.8948906919,0,1.2250797526682682,1.2250797526682682,稀土永磁,1.6046439120446343,1.6046439120446343,7,0,False,0.02,0,HOLD,储能,RESEARCH_POLICY_BLOCK_STRONGER_RS20_MARGIN_2%,1,5,equal_capital,0.1,False,1246290.123648964
2021-07-21,储能,1.0,1.0,3562.661,3555.28615,180,3479.5804,,,False,,,,False,False,True,MAINLINE_RISE,True,1,0,0,False,924.182,823.6162,883.4114,0.06109753745258151,924.182,0.0,1235923.8948906919,0,1.2666516818205493,1.2666516818205493,稀土永磁,1.75595778765008,1.75595778765008,7,0,False,0.02,1,HOLD,储能,SWITCH_CONFIRM_1_OF_2,0,5,equal_capital,0.1,False,1322181.6286705127
2021-07-22,储能,1.0,1.0,3574.734,3555.69015,180,3481.2776,,,False,,,,False,False,True,MAINLINE_RISE,True,2,0,0,False,962.3219999999999,835.2083,894.1605999999999,0.041268927548902656,962.3219999999999,0.0,1235923.8948906919,0,1.3173830905705837,1.3173830905705837,稀土永磁,1.7537760690111948,1.7537760690111948,8,0,False,0.02,0,HOLD,储能,RESEARCH_POLICY_BLOCK_STRONGER_RS20_MARGIN_2%,0,5,equal_capital,0.1,False,1384811.6127870025
2021-07-23,储能,1.0,1.0,3550.396,3552.83185,180,3482.8202055555553,,,False,,,,False,False,False,MAINLINE_DECLINE,False,0,1,1,False,951.0020000000001,845.2896000000001,904.4918,-0.011763214391856236,962.3219999999999,-0.011763214391856236,1235923.8948906919,0,1.2690585233581007,1.2690585233581007,稀土永磁,1.7174418793824329,1.7174418793824329,9,0,False,0.02,1,HOLD,储能,SWITCH_CONFIRM_1_OF_2,0,5,equal_capital,0.1,False,1379073.1446089372
2021-07-26,储能,1.0,1.0,3467.441,3545.8853000000004,180,3484.169694444444,,,False,,,,False,False,False,MAINLINE_DECLINE,False,0,2,2,False,944.1899999999999,854.4907999999999,909.095,-0.00716297126609633,962.3219999999999,-0.01884192609126667,1235923.8948906919,0,1.2420839658706124,1.2420839658706124,稀土永磁,1.7999801436277596,1.7999801436277596,8,0,False,0.02,0,HOLD,储能,RESEARCH_POLICY_BLOCK_STRONGER_RS20_MARGIN_2%,0,5,equal_capital,0.1,False,1376239.063248077
2021-07-27,储能,1.0,1.0,3381.183,3536.2855500000005,180,3485.0367111111113,,,False,,,,False,False,False,MAINLINE_DECLINE,False,0,3,3,False,829.868,857.4583999999999,902.8779999999999,-0.12107944375602353,962.3219999999999,-0.1376399999168676,1235923.8948906919,0,1.0770289001136903,1.0770289001136903,稀土永磁,1.7291925872568925,1.7291925872568925,8,0,False,0.02,0,SELL,,DOUBLE_MA20_BREAK,1,5,equal_capital,0.1,False,1222116.8937150328
2021-07-28,现金,0.0,0.0,3361.59,3524.8052000000002,180,3485.5395777777776,,,False,,,,False,False,False,MAINLINE_DECLINE,False,0,4,4,False,,,,,,,,1,,,稀土永磁,1.6687110669848033,1.6687110669848033,3,0,False,0.02,0,CASH,,ENTRY_GATE_CLOSED_OR_NO_CANDIDATE,0,5,equal_capital,0.1,False,1195406.185673039
2021-07-29,现金,0.0,0.0,3411.724,3515.9523,180,3486.2856,,,False,,,,False,False,False,MAINLINE_DECLINE,False,0,5,5,False,,,,,,,,1,,,稀土永磁,1.8971592892405387,1.8971592892405387,11,0,False,0.02,0,CASH,,ENTRY_GATE_CLOSED_OR_NO_CANDIDATE,0,5,equal_capital,0.1,False,1195406.185673039
2021-07-30,现金,0.0,0.0,3397.357,3509.8821500000004,180,3486.7146222222223,,,False,,,,False,False,False,MAINLINE_DECLINE,False,0,6,6,False,,,,,,,,1,,,稀土永磁,1.9893014875874935,1.9893014875874935,9,0,False,0.02,0,CASH,,ENTRY_GATE_CLOSED_OR_NO_CANDIDATE,0,5,equal_capital,0.1,False,1195406.185673039
2021-08-02,现金,0.0,0.0,3464.285,3506.3803,180,3487.5597666666667,,,False,,,,False,False,False,MAINLINE_DECLINE,False,0,7,7,False,,,,,,,,1,,,稀土永磁,1.85445740699978,1.85445740699978,8,0,False,0.02,0,CASH,,ENTRY_GATE_CLOSED_OR_NO_CANDIDATE,0,5,equal_capital,0.1,False,1195406.185673039
2021-08-03,现金,0.0,0.0,3447.991,3502.2669,180,3487.9723055555555,,,False,,,,False,False,False,MAINLINE_DECLINE,False,0,8,8,False,,,,,,,,1,,,稀土永磁,1.666066915135158,1.666066915135158,9,0,False,0.02,0,CASH,,ENTRY_GATE_CLOSED_OR_NO_CANDIDATE,0,5,equal_capital,0.1,False,1195406.185673039
2021-08-04,现金,0.0,0.0,3477.219,3498.44205,180,3488.6226944444443,,,False,,,,False,False,False,MAINLINE_DECLINE,False,0,9,9,False,,,,,,,,1,,,稀土永磁,1.685626543828026,1.685626543828026,15,0,False,0.02,0,CASH,,ENTRY_GATE_CLOSED_OR_NO_CANDIDATE,0,5,equal_capital,0.1,False,1195406.185673039
2021-08-05,现金,0.0,0.0,3466.549,3495.4943,180,3489.3135055555554,,,False,,,,False,False,False,MAINLINE_DECLINE,False,0,10,10,False,,,,,,,,1,,,稀土永磁,1.5954981540387583,1.5954981540387583,15,0,False,0.02,0,CASH,,ENTRY_GATE_CLOSED_OR_NO_CANDIDATE,0,5,equal_capital,0.1,False,1195406.185673039
2021-08-06,现金,0.0,0.0,3458.228,3492.2012999999997,180,3489.9776666666667,,,False,,,,False,False,False,MAINLINE_DECLINE,False,0,11,11,False,,,,,,,,1,,,液冷,1.5042008401680331,1.5042008401680331,12,0,False,0.02,0,CASH,,ENTRY_GATE_CLOSED_OR_NO_CANDIDATE,0,5,equal_capital,0.1,False,1195406.185673039
2021-08-09,现金,0.0,0.0,3494.635,3489.5412499999998,180,3491.0028333333335,,,False,,,,False,False,True,NO_MAINLINE_ROTATION,False,0,12,0,False,,,,,,,,1,,,液冷,1.4942697619747283,1.4942697619747283,11,0,False,0.02,0,BUY,液冷,ENTRY_TOP1,0,5,equal_capital,0.1,False,1195406.185673039
2021-08-10,液冷,1.0,1.0,3529.931,3487.71165,180,3492.0192888888887,,,False,,,,False,False,True,NO_MAINLINE_ROTATION,False,0,13,0,False,61.242,48.067400000000006,53.609,0.0036381514257619596,61.242,0.0,1195406.185673039,1,1.4837912487280127,1.4837912487280127,液冷,1.4837912487280127,1.4837912487280127,12,0,False,0.02,0,HOLD,液冷,NO_STRONGER_QUALIFIED_SECTOR,0,5,equal_capital,0.1,False,1206671.8072416447
2021-08-11,液冷,1.0,1.0,3532.621,3487.9176500000003,180,3493.0899888888894,,,False,,,,False,False,True,NO_MAINLINE_ROTATION,False,0,14,0,False,64.628,49.1961,55.71939999999999,0.0552888540544072,64.628,0.0,1195406.185673039,1,1.5367860370000475,1.5367860370000475,液冷,1.5367860370000475,1.5367860370000475,13,0,False,0.02,0,HOLD,液冷,NO_STRONGER_QUALIFIED_SECTOR,0,5,equal_capital,0.1,False,1249118.2677585878
2021-08-12,液冷,1.0,1.0,3524.737,3485.925,180,3494.075733333333,,,False,,,,False,False,True,NO_MAINLINE_ROTATION,False,0,15,0,False,62.42,50.2257,57.41080000000001,-0.03416475830909205,64.628,-0.03416475830909205,1195406.185673039,1,1.4923018074017402,1.4923018074017402,液冷,1.4923018074017402,1.4923018074017402,12,0,False,0.02,0,HOLD,液冷,NO_STRONGER_QUALIFIED_SECTOR,0,5,equal_capital,0.1,False,1209522.9832657326
2021-08-13,液冷,1.0,1.0,3516.299,3484.7747499999996,180,3494.9269055555555,,,False,,,,False,False,True,NO_MAINLINE_ROTATION,False,0,16,0,False,61.303999999999995,51.2121,58.6716,-0.01787888497276524,64.628,-0.051432815497926665,1195406.185673039,1,1.4745045218395227,1.4745045218395227,液冷,1.4745045218395227,1.4745045218395227,11,0,False,0.02,0,HOLD,液冷,NO_STRONGER_QUALIFIED_SECTOR,0,5,equal_capital,0.1,False,1193041.8819881543
2021-08-16,液冷,1.0,1.0,3517.345,3483.6858500000003,180,3495.702561111111,,,False,,,,False,False,True,NO_MAINLINE_ROTATION,False,0,17,0,False,61.07800000000001,52.1668,59.746,-0.0036865457392664114,64.628,-0.05492975181036064,1195406.185673039,1,1.4547923018292683,1.4547923018292683,液冷,1.4547923018292683,1.4547923018292683,8,0,False,0.02,0,HOLD,液冷,NO_STRONGER_QUALIFIED_SECTOR,0,5,equal_capital,0.1,False,1180438.3699471015
2021-08-17,液冷,1.0,1.0,3446.976,3479.1951,180,3495.883038888889,,,False,,,,False,False,False,MAINLINE_DECLINE,False,0,18,1,False,57.95,52.967999999999996,60.24820000000001,-0.0512132027898754,64.628,-0.10332982608157448,1195406.185673039,1,1.3821972045985784,1.3821972045985784,液冷,1.3821972045985784,1.3821972045985784,4,0,False,0.02,0,HOLD,液冷,NO_STRONGER_QUALIFIED_SECTOR,1,5,equal_capital,0.1,False,1137122.677455791
2021-08-18,液冷,1.0,1.0,3485.286,3475.3263500000003,180,3496.341166666666,,,False,,,,False,False,True,NO_MAINLINE_ROTATION,False,0,19,0,False,57.802,53.7423,60.476800000000004,-0.002553925798101875,64.628,-0.10561985517113326,1195406.185673039,1,1.3659608658663391,1.3659608658663391,钢铁,1.17757385494647,1.17757385494647,3,0,False,0.02,0,SELL,,MARKET_MA180_AND_SECTOR_MA10_BREAK,2,5,equal_capital,0.1,False,1144876.0199441505
2021-08-19,现金,0.0,0.0,3465.555,3469.8674,180,3496.914655555556,,,False,,,,False,False,False,MAINLINE_DECLINE,False,0,20,1,False,,,,,,,,2,,,建筑装饰,1.1073506081438393,1.1073506081438393,2,0,False,0.02,0,CASH,,ENTRY_GATE_CLOSED_OR_NO_CANDIDATE,0,5,equal_capital,0.1,False,1140775.062783114
2021-08-20,现金,0.0,0.0,3427.334,3463.7142999999996,180,3497.2346611111116,,,False,,,,False,False,False,BROAD_DECLINE_OR_NO_LEADER,False,0,21,2,False,,,,,,,,2,,,,,,0,0,False,0.02,0,CASH,,ENTRY_GATE_CLOSED_OR_NO_CANDIDATE,0,5,equal_capital,0.1,False,1140775.062783114
2021-08-23,现金,0.0,0.0,3477.132,3464.1988499999998,180,3497.617022222222,,,False,,,,False,False,True,NO_MAINLINE_ROTATION,False,0,22,0,False,,,,,,,,2,,,风电设备,1.2103299059113106,1.2103299059113106,2,0,False,0.02,0,CASH,,ENTRY_GATE_CLOSED_OR_NO_CANDIDATE,0,5,equal_capital,0.1,False,1140775.062783114
2021-08-24,现金,0.0,0.0,3514.471,3470.86325,180,3498.298777777778,,,False,,,,False,False,True,NO_MAINLINE_ROTATION,False,0,23,0,False,,,,,,,,2,,,稀土永磁,1.2394391532387858,1.2394391532387858,9,0,False,0.02,0,CASH,,ENTRY_GATE_CLOSED_OR_NO_CANDIDATE,0,5,equal_capital,0.1,False,1140775.062783114
2021-08-25,现金,0.0,0.0,3540.384,3479.8029500000002,180,3498.7901444444446,,,False,,,,False,False,True,MAINLINE_RISE,True,1,0,0,False,,,,,,,,2,,,电网设备,1.2433663749068118,1.2433663749068118,9,0,False,0.02,0,CASH,,ENTRY_GATE_CLOSED_OR_NO_CANDIDATE,0,5,equal_capital,0.1,False,1140775.062783114
2021-08-26,现金,0.0,0.0,3501.664,3484.2999499999996,180,3499.0806055555554,,,False,,,,False,False,True,MAINLINE_RISE,True,2,0,0,False,,,,,,,,2,,,煤炭,1.2665372011166403,1.2665372011166403,8,0,False,0.02,0,BUY,煤炭,ENTRY_TOP1,0,5,equal_capital,0.1,False,1140775.062783114
2021-08-27,煤炭,1.0,1.0,3522.157,3490.53995,180,3499.525166666667,,,False,,,,False,False,True,MAINLINE_RISE,True,3,0,0,False,63.936,56.43579999999999,58.31,0.02117872544321986,63.936,0.0,1140775.062783114,2,1.2396944196688253,1.2396944196688253,煤炭,1.2396944196688253,1.2396944196688253,6,0,False,0.02,0,HOLD,煤炭,NO_STRONGER_QUALIFIED_SECTOR,0,5,equal_capital,0.1,False,1189390.1228222994
2021-08-30,煤炭,1.0,1.0,3528.151,3493.73325,180,3499.9894444444444,,,False,,,,False,False,True,MAINLINE_RISE,True,4,0,0,False,65.792,57.1857,58.955,0.029029029029029152,65.792,0.0,1140775.062783114,2,1.2952710950112216,1.2952710950112216,煤炭,1.2952710950112216,1.2952710950112216,5,0,False,0.02,0,HOLD,煤炭,NO_STRONGER_QUALIFIED_SECTOR,0,5,equal_capital,0.1,False,1236280.8022087591
2021-08-31,煤炭,1.0,1.0,3543.94,3498.5307000000003,180,3500.6968666666667,,,False,,,,False,False,True,MAINLINE_RISE,True,5,0,0,False,68.03,58.0533,60.0284,0.03401629377431914,68.03,0.0,1140775.062783114,2,1.3423970953865583,1.3423970953865583,煤炭,1.3423970953865583,1.3423970953865583,6,0,False,0.02,0,HOLD,煤炭,NO_STRONGER_QUALIFIED_SECTOR,0,5,equal_capital,0.1,False,1301236.0356255719
2021-09-01,煤炭,1.0,1.0,3567.101,3503.0248,180,3501.5686666666666,,,False,,,,False,False,True,MAINLINE_RISE,True,6,0,0,False,66.33,58.79600000000001,60.9876,-0.024988975452006512,68.03,-0.024988975452006512,1140775.062783114,2,1.2885616598026264,1.2885616598026264,煤炭,1.2885616598026264,1.2885616598026264,9,0,False,0.02,0,HOLD,煤炭,NO_STRONGER_QUALIFIED_SECTOR,0,5,equal_capital,0.1,False,1274835.7819352222
2021-09-02,煤炭,1.0,1.0,3597.043,3509.5495,180,3502.819105555556,,,False,,,,False,False,True,MAINLINE_RISE,True,7,0,0,False,69.478,59.6629,62.3942,0.047459671340268406,69.478,0.0,1140775.062783114,2,1.3325278097429996,1.3325278097429996,煤炭,1.3325278097429996,1.3325278097429996,11,0,False,0.02,0,HOLD,煤炭,NO_STRONGER_QUALIFIED_SECTOR,0,5,equal_capital,0.1,False,1330149.7636812716
2021-09-03,煤炭,1.0,1.0,3581.734,3515.7248,180,3503.9772055555554,,,False,,,,False,False,True,MAINLINE_RISE,True,8,0,0,False,67.78200000000001,60.3258,63.67380000000001,-0.024410604795762403,69.478,-0.024410604795762403,1140775.062783114,2,1.24315897586384,1.24315897586384,电网设备,1.3250477701192327,1.3250477701192327,11,0,False,0.02,1,HOLD,煤炭,SWITCH_CONFIRM_1_OF_2,0,5,equal_capital,0.1,False,1304532.3088157135
2021-09-06,煤炭,1.0,1.0,3621.859,3522.0860000000002,180,3505.5031388888888,,,False,,,,False,False,True,MAINLINE_RISE,True,9,0,0,False,68.05,60.95649999999999,64.768,0.003953852055117668,69.478,-0.020553268660583157,1140775.062783114,2,1.2275416696731365,1.2275416696731365,电网设备,1.2945568106960745,1.2945568106960745,13,0,False,0.02,0,SWITCH,电网设备,STRONGER_RS20_MARGIN_2%,0,5,equal_capital,0.1,False,1329662.1970808143
2021-09-07,电网设备,1.0,1.0,3676.587,3529.4187999999995,180,3507.2112888888887,,,False,,,,False,False,True,MAINLINE_RISE,True,10,0,0,False,653.46,548.7124,594.6782,0.026290991330569113,653.46,0.0,1140775.062783114,2,1.3108630761330082,1.3108630761330082,电网设备,1.3108630761330082,1.3108630761330082,13,0,False,0.02,0,HOLD,电网设备,NO_STRONGER_QUALIFIED_SECTOR,0,5,equal_capital,0.1,False,1402771.9424814023
2021-09-08,电网设备,1.0,1.0,3675.187,3536.5471,180,3508.922144444444,,,False,,,,False,False,True,MAINLINE_RISE,True,11,0,0,False,636.4240000000001,554.6201,604.2834,-0.026070455727971065,653.46,-0.026070455727971065,1140775.062783114,2,1.2279776950238293,1.2279776950238293,建筑装饰,1.2740092389982982,1.2740092389982982,15,0,False,0.02,1,HOLD,电网设备,SWITCH_CONFIRM_1_OF_2,0,5,equal_capital,0.1,False,1381100.372744719
2021-09-09,电网设备,1.0,1.0,3693.13,3544.9667500000005,180,3510.7340722222216,,,False,,,,False,False,True,MAINLINE_RISE,True,12,0,0,False,620.3619999999999,560.0157999999999,613.7592,-0.025237891719985805,653.46,-0.05065038410920364,1140775.062783114,2,1.2105852691395027,1.2105852691395027,建筑装饰,1.333989178553861,1.333989178553861,12,0,False,0.02,0,SWITCH,建筑装饰,STRONGER_RS20_MARGIN_2%,0,5,equal_capital,0.1,False,1362352.9151704411
2021-09-10,建筑装饰,1.0,1.0,3703.11,3554.3073000000004,180,3512.3909444444444,,,False,,,,False,False,True,MAINLINE_RISE,True,13,0,0,False,10.752,9.106,9.8612,-0.008849557522123686,10.752,0.0,1140775.062783114,2,1.3333333333333335,1.3333333333333335,建筑装饰,1.3333333333333335,1.3333333333333335,13,0,False,0.02,0,HOLD,建筑装饰,NO_STRONGER_QUALIFIED_SECTOR,0,5,equal_capital,0.1,False,1363477.7253987258
2021-09-13,建筑装饰,1.0,1.0,3715.372,3564.2086499999996,180,3514.171366666667,,,False,,,,False,False,True,MAINLINE_RISE,True,14,0,0,False,10.78,9.2376,10.093,0.0026041666666665186,10.78,0.0,1140775.062783114,2,1.3230240549828178,1.3230240549828178,建筑装饰,1.3230240549828178,1.3230240549828178,14,0,False,0.02,0,HOLD,建筑装饰,NO_STRONGER_QUALIFIED_SECTOR,0,5,equal_capital,0.1,False,1367913.0615237022
2021-09-14,建筑装饰,1.0,1.0,3662.602,3574.98995,180,3515.515994444444,,,False,,,,False,False,True,MAINLINE_RISE,True,15,0,0,False,10.336,9.3403,10.2552,-0.04118738404452682,10.78,-0.04118738404452682,1140775.062783114,2,1.2480077276020285,1.2480077276020285,煤炭,1.332379223680536,1.332379223680536,13,0,False,0.02,1,HOLD,建筑装饰,SWITCH_CONFIRM_1_OF_2,0,5,equal_capital,0.1,False,1310215.925470476
2021-09-15,建筑装饰,1.0,1.0,3656.223,3583.5368000000003,180,3517.1795555555555,,,False,,,,False,False,True,MAINLINE_RISE,True,16,0,0,False,10.148000000000001,9.423200000000001,10.3332,-0.018188854489163964,10.78,-0.058627087198515615,1140775.062783114,2,1.1952885747938755,1.1952885747938755,风电设备,1.3626900375603648,1.3626900375603648,11,0,False,0.02,1,HOLD,建筑装饰,SWITCH_CONFIRM_1_OF_2,1,5,equal_capital,0.1,False,1287857.1387830023
2021-09-16,建筑装饰,1.0,1.0,3607.092,3590.6136500000002,180,3518.4282888888893,,,False,,,,False,False,True,MAINLINE_RISE,True,17,0,0,False,10.022,9.505500000000001,10.346,-0.012416239653133765,10.78,-0.07031539888682736,1140775.062783114,2,1.1965138490926455,1.1965138490926455,煤炭,1.396701075579297,1.396701075579297,7,0,False,0.02,1,HOLD,建筑装饰,SWITCH_CONFIRM_1_OF_2,2,5,equal_capital,0.1,False,1271300.4349995328
2021-09-17,建筑装饰,1.0,1.0,3613.966,3599.9452499999998,180,3519.8219166666663,,,False,,,,False,False,True,MAINLINE_RISE,True,18,0,0,False,9.966,9.5896,10.3762,-0.005587707044502177,10.78,-0.07551020408163267,1140775.062783114,2,1.2030420086914535,1.2030420086914535,风电设备,1.3853994490358126,1.3853994490358126,8,0,False,0.02,1,HOLD,建筑装饰,SWITCH_CONFIRM_1_OF_2,3,5,equal_capital,0.1,False,1264249.030134486
2021-09-22,建筑装饰,1.0,1.0,3628.49,3607.51315,180,3521.1104000000005,,,False,,,,False,False,True,MAINLINE_RISE,True,19,0,0,False,10.352,9.690999999999999,10.406,0.03873168773831037,10.78,-0.039703153988868145,1140775.062783114,2,1.2436328688130707,1.2436328688130707,风电设备,1.3704857808246136,1.3704857808246136,7,0,False,0.02,0,SWITCH,风电设备,STRONGER_RS20_MARGIN_2%,4,5,equal_capital,0.1,False,1312938.775165368
2021-09-23,风电设备,1.0,1.0,3642.22,3613.9006,180,3522.4711500000003,,,False,,,,False,False,True,MAINLINE_RISE,True,20,0,0,False,79.218,67.5761,72.9722,-0.05200804174046225,79.218,0.0,1140775.062783114,2,1.315520276329337,1.315520276329337,电力,1.3484693702649893,1.3484693702649893,6,0,False,0.02,1,HOLD,风电设备,SWITCH_CONFIRM_1_OF_2,0,5,equal_capital,0.1,False,1267486.7551169798
2021-09-24,风电设备,1.0,1.0,3613.067,3617.53475,180,3523.7713222222224,,,False,,,,False,False,False,MAINLINE_DECLINE,False,0,1,1,False,78.206,68.4579,73.9716,-0.012774874397232905,79.218,-0.012774874397232905,1140775.062783114,2,1.2911672445104836,1.2911672445104836,电力,1.3000330820020125,1.3000330820020125,5,0,False,0.02,0,HOLD,风电设备,NO_STRONGER_QUALIFIED_SECTOR,0,5,equal_capital,0.1,False,1248560.2618082277
2021-09-27,风电设备,1.0,1.0,3582.831,3621.5931000000005,180,3524.7067555555554,,,False,,,,False,False,False,MAINLINE_DECLINE,False,0,2,2,False,75.33000000000001,69.2298,74.98479999999999,-0.03677467202004947,79.218,-0.04907975460122693,1140775.062783114,2,1.2577639751552796,1.2577639751552796,风电设备,1.2577639751552796,1.2577639751552796,7,0,False,0.02,0,HOLD,风电设备,NO_STRONGER_QUALIFIED_SECTOR,0,5,equal_capital,0.1,False,1206849.0466527732
2021-09-28,风电设备,1.0,1.0,3602.218,3625.59615,180,3525.42425,,,False,,,,False,False,False,MAINLINE_DECLINE,False,0,3,3,False,79.042,70.25649999999999,76.4288,0.04927651666002908,79.218,-0.0022217172864753554,1140775.062783114,2,1.35096055240309,1.35096055240309,风电设备,1.35096055240309,1.35096055240309,8,0,False,0.02,0,HOLD,风电设备,NO_STRONGER_QUALIFIED_SECTOR,0,5,equal_capital,0.1,False,1253889.6194665218
2021-09-29,风电设备,1.0,1.0,3536.294,3626.0032999999994,180,3525.60945,,,False,,,,False,False,False,MAINLINE_DECLINE,False,0,4,4,False,76.92,71.0642,77.3946,-0.02684648667796863,79.218,-0.029008558660910455,1140775.062783114,2,1.265839449692262,1.265839449692262,电力,1.2983280833535256,1.2983280833535256,6,0,False,0.02,1,HOLD,风电设备,SWITCH_CONFIRM_1_OF_2,1,5,equal_capital,0.1,False,1215067.1654830705
2021-09-30,风电设备,1.0,1.0,3568.167,3627.2146499999994,180,3525.8288388888886,,,False,,,,False,False,False,MAINLINE_DECLINE,False,0,5,5,False,79.224,72.06,78.39739999999999,0.029953198127925074,79.224,0.0,1140775.062783114,2,1.3358062993188102,1.3358062993188102,电力,1.3073935886697632,1.3073935886697632,5,0,False,0.02,0,HOLD,风电设备,NO_STRONGER_QUALIFIED_SECTOR,0,5,equal_capital,0.1,False,1251418.6572150472
2021-10-08,风电设备,1.0,1.0,3592.167,3628.4679499999997,180,3526.058227777778,,,False,,,,False,False,False,MAINLINE_DECLINE,False,0,6,6,False,74.912,72.9817,78.2698,-0.05442795112592136,79.224,-0.05442795112592136,1140775.062783114,2,1.3263925776408516,1.3263925776408516,电力,1.2182651741394608,1.2182651741394608,5,0,False,0.02,0,HOLD,风电设备,NO_STRONGER_QUALIFIED_SECTOR,1,5,equal_capital,0.1,False,1184463.7049033896
2021-10-11,风电设备,1.0,1.0,3591.709,3628.2012499999996,180,3526.144361111111,,,False,,,,False,False,False,MAINLINE_DECLINE,False,0,7,7,False,74.55600000000001,73.5691,78.1436,-0.004752242631354098,79.224,-0.05892153892759755,1140775.062783114,2,1.1870462361482614,1.1870462361482614,AI医疗,1.2200593536496547,1.2200593536496547,6,0,False,0.02,1,HOLD,风电设备,SWITCH_CONFIRM_1_OF_2,2,5,equal_capital,0.1,False,1186078.5012427028
2021-10-12,风电设备,1.0,1.0,3546.936,3626.46135,180,3526.015627777778,,,False,,,,False,False,False,MAINLINE_DECLINE,False,0,8,8,False,75.95599999999999,73.9892,77.6928,0.018777831428724356,79.224,-0.041250126224376626,1140775.062783114,2,1.1243745744145421,1.1243745744145421,食品饮料,1.1440075676268942,1.1440075676268942,4,0,False,0.02,0,HOLD,风电设备,NO_STRONGER_QUALIFIED_SECTOR,3,5,equal_capital,0.1,False,1205418.4844083434
2021-10-13,风电设备,1.0,1.0,3561.762,3623.4565000000002,180,3526.183761111111,,,False,,,,False,False,False,MAINLINE_DECLINE,False,0,9,9,False,75.636,74.391,76.9,-0.004212965401021562,79.224,-0.04528930627082717,1140775.062783114,2,1.1188757396449704,1.1188757396449704,食品饮料,1.17022742844337,1.17022742844337,2,0,False,0.02,1,HOLD,风电设备,SWITCH_CONFIRM_1_OF_2,4,5,equal_capital,0.1,False,1207236.9373590567
2021-10-14,风电设备,1.0,1.0,3558.28,3617.54115,180,3525.9056555555558,,,False,,,,False,False,False,MAINLINE_DECLINE,False,0,10,10,False,77.522,74.85130000000001,76.7304,0.02493521603469251,79.224,-0.021483388872058917,1140775.062783114,2,1.1347561332630716,1.1347561332630716,食品饮料,1.1651591226062605,1.1651591226062605,3,0,False,0.02,0,SWITCH,食品饮料,STRONGER_RS20_MARGIN_2%,0,5,equal_capital,0.1,False,1249257.296443249
2021-10-15,食品饮料,1.0,1.0,3572.366,3612.4001,180,3525.759622222223,,,False,,,,False,False,False,MAINLINE_DECLINE,False,0,11,11,False,5249.948,4765.1206999999995,5076.5578000000005,-0.003473262258444243,5249.948,0.0,1140775.062783114,2,1.188282378525782,1.188282378525782,食品饮料,1.188282378525782,1.188282378525782,5,0,False,0.02,0,HOLD,食品饮料,NO_STRONGER_QUALIFIED_SECTOR,0,5,equal_capital,0.1,False,1248729.8119398176
2021-10-18,食品饮料,1.0,1.0,3568.138,3606.1504999999997,180,3525.7720277777776,,,False,,,,False,False,False,MAINLINE_DECLINE,False,0,12,12,False,4913.516,4789.9883,5071.6903999999995,-0.06408292044035502,5249.948,-0.06408292044035502,1140775.062783114,2,1.112620817523987,1.112620817523987,农林牧渔,1.1595081465616153,1.1595081465616153,5,0,False,0.02,1,HOLD,食品饮料,SWITCH_CONFIRM_1_OF_2,1,5,equal_capital,0.1,False,1155993.6090510448
2021-10-19,食品饮料,1.0,1.0,3593.153,3600.652649999999,180,3525.920777777778,,,False,,,,False,False,False,MAINLINE_DECLINE,False,0,13,13,False,4994.834000000001,4813.4453,5079.4756,0.016549859611732387,5249.948,-0.048593624165420235,1140775.062783114,2,1.1036614494926085,1.1036614494926085,风电设备,1.2707036933841058,1.2707036933841058,5,0,False,0.02,1,HOLD,食品饮料,SWITCH_CONFIRM_1_OF_2,2,5,equal_capital,0.1,False,1182353.2156868142
2021-10-20,食品饮料,1.0,1.0,3587.001,3594.2341,180,3525.8695388888887,,,False,,,,False,False,False,MAINLINE_DECLINE,False,0,14,14,False,5045.284,4841.4141,5092.4292,0.01010043577023767,5249.948,-0.03898400517490852,1140775.062783114,2,1.1246962710782298,1.1246962710782298,风电设备,1.2659748446373882,1.2659748446373882,6,0,False,0.02,0,SWITCH,风电设备,STRONGER_RS20_MARGIN_2%,3,5,equal_capital,0.1,False,1188411.3931604864
2021-10-21,风电设备,1.0,1.0,3594.783,3590.8431500000006,180,3526.027327777778,,,False,,,,False,False,True,NO_MAINLINE_ROTATION,False,0,15,0,False,83.486,78.4228,78.4482,-0.019565013152950006,83.486,0.0,1140775.062783114,2,1.2065148274466733,1.2065148274466733,农林牧渔,1.2165879614233457,1.2165879614233457,5,0,False,0.02,0,HOLD,风电设备,NO_STRONGER_QUALIFIED_SECTOR,0,5,equal_capital,0.1,False,1164294.9200180864
2021-10-22,风电设备,1.0,1.0,3582.604,3587.1622,180,3526.024616666667,,,False,,,,False,False,False,MAINLINE_DECLINE,False,0,16,1,False,79.91,78.6089,78.94800000000001,-0.04283352897491799,83.486,-0.04283352897491799,1140775.062783114,2,1.0488528377172257,1.0488528377172257,农林牧渔,1.230737768122356,1.230737768122356,4,0,False,0.02,1,HOLD,风电设备,SWITCH_CONFIRM_1_OF_2,0,5,equal_capital,0.1,False,1121671.006765
2021-10-25,风电设备,1.0,1.0,3609.863,3587.30075,180,3525.9612777777775,,,False,,,,False,False,True,NO_MAINLINE_ROTATION,False,0,17,0,False,84.488,79.04240000000001,79.9412,0.057289450631961,84.488,0.0,1140775.062783114,2,1.114352792212931,1.114352792212931,储能,1.310696019217931,1.310696019217931,6,0,False,0.02,1,HOLD,风电设备,SWITCH_CONFIRM_1_OF_2,0,5,equal_capital,0.1,False,1192702.4344936602
2021-10-26,风电设备,1.0,1.0,3597.638,3586.48435,180,3525.9106555555554,,,False,,,,False,False,True,NO_MAINLINE_ROTATION,False,0,18,0,False,82.022,79.1203,80.5478,-0.029187576934002424,84.488,-0.029187576934002424,1140775.062783114,2,1.0193626963611058,1.0193626963611058,汽车零部件,1.3179055633473586,1.3179055633473586,4,0,False,0.02,1,HOLD,风电设备,SWITCH_CONFIRM_1_OF_2,0,5,equal_capital,0.1,False,1151791.2734099538
2021-10-27,风电设备,1.0,1.0,3562.305,3583.1750999999995,180,3525.5665833333333,,,False,,,,False,False,False,MAINLINE_DECLINE,False,0,19,1,False,89.02199999999999,79.39320000000001,81.8864,0.08534295676769621,89.02199999999999,0.0,1140775.062783114,2,1.0653152075056245,1.0653152075056245,储能,1.331054124975999,1.331054124975999,3,0,False,0.02,1,HOLD,风电设备,SWITCH_CONFIRM_1_OF_2,0,5,equal_capital,0.1,False,1241231.7292175777
2021-10-28,风电设备,1.0,1.0,3518.417,3576.9849499999996,180,3525.2831833333335,,,False,,,,False,False,False,MAINLINE_DECLINE,False,0,20,2,False,92.686,80.06660000000001,83.4028,0.041158365347891746,92.686,0.0,1140775.062783114,2,1.170011865990053,1.170011865990053,储能,1.2897191104243695,1.2897191104243695,6,0,False,0.02,0,HOLD,风电设备,RESEARCH_POLICY_BLOCK_STRONGER_RS20_MARGIN_2%,0,5,equal_capital,0.1,False,1279247.310329114
2021-10-29,风电设备,1.0,1.0,3547.336,3573.6983999999998,180,3525.138711111111,,,False,,,,False,False,False,MAINLINE_DECLINE,False,0,21,3,False,95.3,80.9213,85.42639999999999,0.02820274906674136,95.3,0.0,1140775.062783114,2,1.2185765798020611,1.2185765798020611,汽车零部件,1.320311317040671,1.320311317040671,5,0,False,0.02,1,HOLD,风电设备,SWITCH_CONFIRM_1_OF_2,0,5,equal_capital,0.1,False,1299672.914566916
2021-11-01,风电设备,1.0,1.0,3544.48,3571.78085,180,3525.3570666666665,,,False,,,,False,False,False,MAINLINE_DECLINE,False,0,22,4,False,96.978,82.00370000000001,87.1134,0.017607555089192095,96.978,0.0,1140775.062783114,2,1.287375547590601,1.287375547590601,液冷,1.4149085275892594,1.4149085275892594,7,0,False,0.02,1,HOLD,风电设备,SWITCH_CONFIRM_1_OF_2,0,5,equal_capital,0.1,False,1313147.2291403387
2021-11-02,风电设备,1.0,1.0,3505.628,3566.9513500000003,180,3525.4823944444443,,,False,,,,False,False,False,MAINLINE_DECLINE,False,0,23,5,False,99.852,83.0442,88.8896,0.029635587452824463,99.852,0.0,1140775.062783114,2,1.2632777510690518,1.2632777510690518,液冷,1.4443738792588163,1.4443738792588163,8,0,False,0.02,0,HOLD,风电设备,RESEARCH_POLICY_BLOCK_STRONGER_RS20_MARGIN_2%,0,5,equal_capital,0.1,False,1359478.9231747924
2021-11-03,风电设备,1.0,1.0,3498.537,3565.0635,180,3525.4449111111107,,,False,,,,False,False,False,MAINLINE_DECLINE,False,0,24,6,False,96.222,84.0093,89.9966,-0.03635380362937157,99.852,-0.03635380362937157,1140775.062783114,2,1.2509360374414975,1.2509360374414975,液冷,1.466547972304649,1.466547972304649,8,0,False,0.02,1,HOLD,风电设备,SWITCH_CONFIRM_1_OF_2,0,5,equal_capital,0.1,False,1316288.8531906935
2021-11-04,风电设备,1.0,1.0,3526.866,3562.9984500000005,180,3525.407027777778,,,False,,,,False,False,False,MAINLINE_DECLINE,False,0,25,7,False,105.26400000000001,85.3113,92.1744,0.09397019392654493,105.26400000000001,0.0,1140775.062783114,2,1.3286882762799153,1.3286882762799153,液冷,1.3603747037914693,1.3603747037914693,9,0,False,0.02,0,HOLD,风电设备,RESEARCH_POLICY_BLOCK_STRONGER_RS20_MARGIN_2%,0,5,equal_capital,0.1,False,1438855.5157627757
2021-11-05,风电设备,1.0,1.0,3491.568,3557.9685000000004,180,3525.2640277777778,,,False,,,,False,False,False,MAINLINE_DECLINE,False,0,26,8,False,107.5,86.9407,94.93339999999999,0.0212418300653594,107.5,0.0,1140775.062783114,2,1.4350170867150789,1.4350170867150789,风电设备,1.4350170867150789,1.4350170867150789,6,0,False,0.02,0,HOLD,风电设备,NO_STRONGER_QUALIFIED_SECTOR,0,5,equal_capital,0.1,False,1445210.1325447138
2021-11-08,风电设备,1.0,1.0,3498.631,3553.3146,180,3525.2460944444447,,,False,,,,False,False,False,MAINLINE_DECLINE,False,0,27,9,False,104.97200000000001,88.4615,96.98179999999999,-0.023516279069767387,107.5,-0.023516279069767387,1140775.062783114,2,1.4079618005257792,1.4079618005257792,风电设备,1.4079618005257792,1.4079618005257792,7,0,False,0.02,0,HOLD,风电设备,NO_STRONGER_QUALIFIED_SECTOR,0,5,equal_capital,0.1,False,1418576.1192404793
2021-11-09,风电设备,1.0,1.0,3507.002,3551.3178999999996,180,3525.305366666667,,,False,,,,False,False,False,MAINLINE_DECLINE,False,0,28,10,False,104.2,89.87370000000001,99.1996,-0.007354342110277079,107.5,-0.030697674418604604,1140775.062783114,2,1.371846858707673,1.371846858707673,风电设备,1.371846858707673,1.371846858707673,10,0,False,0.02,0,HOLD,风电设备,NO_STRONGER_QUALIFIED_SECTOR,0,5,equal_capital,0.1,False,1404809.790288591
2021-11-10,风电设备,1.0,1.0,3492.462,3547.8528999999994,180,3525.083227777777,,,False,,,,False,False,False,MAINLINE_DECLINE,False,0,29,11,False,103.26199999999999,91.25500000000001,100.62360000000001,-0.009001919385796753,107.5,-0.03942325581395356,1140775.062783114,2,1.3652493521603468,1.3652493521603468,风电设备,1.3652493521603468,1.3652493521603468,9,0,False,0.02,0,HOLD,风电设备,NO_STRONGER_QUALIFIED_SECTOR,0,5,equal_capital,0.1,False,1386169.7248917404
2021-11-11,风电设备,1.0,1.0,3532.786,3546.5782,180,3524.6904333333337,,,False,,,,False,False,False,MAINLINE_DECLINE,False,0,30,12,False,99.998,92.3788,101.3548,-0.03160891712343339,107.5,-0.0697860465116279,1140775.062783114,2,1.2899306003457083,1.2899306003457083,风电设备,1.2899306003457083,1.2899306003457083,10,0,False,0.02,0,HOLD,风电设备,NO_STRONGER_QUALIFIED_SECTOR,1,5,equal_capital,0.1,False,1345654.515117401
2021-11-12,风电设备,1.0,1.0,3539.1,3544.9149000000007,180,3524.0460555555555,,,False,,,,False,False,False,MAINLINE_DECLINE,False,0,31,13,False,99.47,93.5991,101.77180000000001,-0.005280105602112117,107.5,-0.07469767441860464,1140775.062783114,2,1.3251358840456144,1.3251358840456144,风电设备,1.3251358840456144,1.3251358840456144,13,0,False,0.02,0,HOLD,风电设备,NO_STRONGER_QUALIFIED_SECTOR,2,5,equal_capital,0.1,False,1353299.7374120925
2021-11-15,风电设备,1.0,1.0,3533.303,3543.17315,180,3523.256866666666,,,False,,,,False,False,False,MAINLINE_DECLINE,False,0,32,14,False,95.336,94.3605,101.6076,-0.0415602694279682,107.5,-0.11315348837209305,1140775.062783114,2,1.1900933739451742,1.1900933739451742,光纤概念,1.2742707751960753,1.2742707751960753,14,0,False,0.02,1,HOLD,风电设备,SWITCH_CONFIRM_1_OF_2,3,5,equal_capital,0.1,False,1292990.5121316174
2021-11-16,风电设备,1.0,1.0,3521.787,3539.6048500000006,180,3522.2880833333334,,,False,,,,False,False,False,MAINLINE_DECLINE,False,0,33,15,False,98.908,95.2014,101.51320000000001,0.037467483427036985,107.5,-0.07992558139534878,1140775.062783114,2,1.2048727006943598,1.2048727006943598,光纤概念,1.3268859948381735,1.3268859948381735,10,0,False,0.02,0,HOLD,风电设备,RESEARCH_POLICY_BLOCK_STRONGER_RS20_MARGIN_2%,4,5,equal_capital,0.1,False,1325873.4289907182
2021-11-17,风电设备,1.0,1.0,3537.366,3537.1231,180,3521.7043111111107,,,False,,,,False,False,True,NO_MAINLINE_ROTATION,False,0,34,0,False,104.97,96.1923,102.388,0.06128927892587055,107.5,-0.023534883720930266,1140775.062783114,2,1.2327367531003381,1.2327367531003381,光纤概念,1.3671041837571778,1.3671041837571778,12,0,False,0.02,1,HOLD,风电设备,SWITCH_CONFIRM_1_OF_2,0,5,equal_capital,0.1,False,1401477.324178387
2021-11-18,风电设备,1.0,1.0,3520.711,3533.4195,180,3521.061833333333,,,False,,,,False,False,False,MAINLINE_DECLINE,False,0,35,1,False,107.998,97.4179,102.6614,0.02884633704868067,107.998,0.0,1140775.062783114,2,1.293606113599885,1.293606113599885,光纤概念,1.3594194224150833,1.3594194224150833,11,0,False,0.02,0,HOLD,风电设备,RESEARCH_POLICY_BLOCK_STRONGER_RS20_MARGIN_2%,0,5,equal_capital,0.1,False,1431964.4528222813
2021-11-19,风电设备,1.0,1.0,3560.373,3532.30795,180,3521.0412388888894,,,False,,,,False,False,True,NO_MAINLINE_ROTATION,False,0,36,0,False,108.02799999999999,98.8238,102.7142,0.00027778292190583365,108.02799999999999,0.0,1140775.062783114,2,1.3518708547115506,1.3518708547115506,风电设备,1.3518708547115506,1.3518708547115506,10,0,False,0.02,0,HOLD,风电设备,NO_STRONGER_QUALIFIED_SECTOR,0,5,equal_capital,0.1,False,1442559.6913882154
2021-11-22,风电设备,1.0,1.0,3582.08,3530.9188000000004,180,3521.0247611111113,,,False,,,,False,False,True,NO_MAINLINE_ROTATION,False,0,37,0,False,109.08599999999998,100.05369999999999,103.1256,0.009793757174065831,109.08599999999998,0.0,1140775.062783114,2,1.2911419373165418,1.2911419373165418,光纤概念,1.3447191144612276,1.3447191144612276,10,0,False,0.02,1,HOLD,风电设备,SWITCH_CONFIRM_1_OF_2,0,5,equal_capital,0.1,False,1452182.2410693686
2021-11-23,风电设备,1.0,1.0,3589.089,3530.4913499999993,180,3521.4692555555557,,,False,,,,False,False,True,NO_MAINLINE_ROTATION,False,0,38,0,False,103.35799999999999,101.1205,103.0414,-0.05250902957299741,109.08599999999998,-0.05250902957299741,1140775.062783114,2,1.2601253322279387,1.2601253322279387,光纤概念,1.3308284023668637,1.3308284023668637,11,0,False,0.02,0,HOLD,风电设备,RESEARCH_POLICY_BLOCK_STRONGER_RS20_MARGIN_2%,0,5,equal_capital,0.1,False,1379188.6089449439
2021-11-24,风电设备,1.0,1.0,3592.703,3532.0112500000005,180,3521.6987166666663,,,False,,,,False,False,True,NO_MAINLINE_ROTATION,False,0,39,0,False,101.472,101.74300000000001,102.86240000000001,-0.018247257106368098,109.08599999999998,-0.06979814091634118,1140775.062783114,2,1.1398530700276337,1.1398530700276337,光纤概念,1.3356448961291287,1.3356448961291287,8,0,False,0.02,1,HOLD,风电设备,SWITCH_CONFIRM_1_OF_2,1,5,equal_capital,0.1,False,1349666.1385861465
2021-11-25,风电设备,1.0,1.0,3584.179,3535.29935,180,3522.1186500000003,,,False,,,,False,False,True,MAINLINE_RISE,True,1,0,0,False,103.30999999999999,102.2742,103.19359999999999,0.018113371176285087,109.08599999999998,-0.052949049373888446,1140775.062783114,2,1.1146235677448588,1.1146235677448588,CPO,1.2333105448901536,1.2333105448901536,11,0,False,0.02,1,HOLD,风电设备,SWITCH_CONFIRM_1_OF_2,0,5,equal_capital,0.1,False,1363026.4104965199
2021-11-26,风电设备,1.0,1.0,3564.089,3536.137,180,3522.0474500000005,,,False,,,,False,False,True,MAINLINE_RISE,True,2,0,0,False,108.898,102.9541,104.13640000000001,0.054089633142967886,109.08599999999998,-0.0017234108868231512,1140775.062783114,2,1.1426862539349423,1.1426862539349423,稀土永磁,1.1933413807873527,1.1933413807873527,8,0,False,0.02,1,HOLD,风电设备,SWITCH_CONFIRM_1_OF_2,0,5,equal_capital,0.1,False,1421407.0465208343
2021-11-29,风电设备,1.0,1.0,3562.697,3537.04785,180,3522.3763666666664,,,False,,,,False,False,True,MAINLINE_RISE,True,3,0,0,False,106.11599999999999,103.41099999999999,105.2144,-0.025546841998934866,109.08599999999998,-0.027226225180133068,1140775.062783114,2,1.0942275567654518,1.0942275567654518,稀土永磁,1.27686359366613,1.27686359366613,6,0,False,0.02,0,SWITCH,稀土永磁,STRONGER_RS20_MARGIN_2%,0,5,equal_capital,0.1,False,1393419.1977814077
2021-11-30,稀土永磁,1.0,1.0,3563.887,3539.9608,180,3522.7202555555555,,,False,,,,False,False,True,MAINLINE_RISE,True,4,0,0,False,294.508,264.7591,280.05159999999995,-0.03276997957213146,294.508,0.0,1140775.062783114,2,1.2622709115534299,1.2622709115534299,稀土永磁,1.2622709115534299,1.2622709115534299,8,0,False,0.02,0,HOLD,稀土永磁,NO_STRONGER_QUALIFIED_SECTOR,0,5,equal_capital,0.1,False,1367511.5667898813
2021-12-01,稀土永磁,1.0,1.0,3576.885,3543.8782,180,3523.583983333333,,,False,,,,False,False,True,MAINLINE_RISE,True,5,0,0,False,289.44,267.3524,283.6832,-0.017208361063196898,294.508,-0.017208361063196898,1140775.062783114,2,1.2183151354946244,1.2183151354946244,稀土永磁,1.2183151354946244,1.2183151354946244,8,0,False,0.02,0,HOLD,稀土永磁,NO_STRONGER_QUALIFIED_SECTOR,0,5,equal_capital,0.1,False,1372691.4589636044
2021-12-02,稀土永磁,1.0,1.0,3573.836,3546.2267000000006,180,3524.775894444444,,,False,,,,False,False,True,MAINLINE_RISE,True,6,0,0,False,305.85600000000005,270.3791,288.695,0.056716417910448014,305.85600000000005,0.0,1140775.062783114,2,1.2467532467532472,1.2467532467532472,稀土永磁,1.2467532467532472,1.2467532467532472,7,0,False,0.02,0,HOLD,稀土永磁,NO_STRONGER_QUALIFIED_SECTOR,0,5,equal_capital,0.1,False,1457649.6149030467
2021-12-03,稀土永磁,1.0,1.0,3607.432,3552.0198999999993,180,3526.163088888889,,,False,,,,False,False,True,MAINLINE_RISE,True,7,0,0,False,297.94399999999996,273.0591,293.2976,-0.025868382506800902,305.85600000000005,-0.025868382506800902,1140775.062783114,2,1.219362865468356,1.219362865468356,稀土永磁,1.219362865468356,1.219362865468356,9,0,False,0.02,0,HOLD,稀土永磁,NO_STRONGER_QUALIFIED_SECTOR,0,5,equal_capital,0.1,False,1414143.0976050652
2021-12-06,稀土永磁,1.0,1.0,3589.306,3556.5536500000003,180,3527.010172222222,,,False,,,,False,False,True,MAINLINE_RISE,True,8,0,0,False,289.168,274.392,295.3328,-0.029455199634830564,305.85600000000005,-0.054561623770663426,1140775.062783114,2,1.1015504171269663,1.1015504171269663,煤炭,1.1474553586002023,1.1474553586002023,4,0,False,0.02,1,HOLD,稀土永磁,SWITCH_CONFIRM_1_OF_2,1,5,equal_capital,0.1,False,1370231.2866086357
2021-12-07,稀土永磁,1.0,1.0,3595.088,3560.95795,180,3527.7991166666666,,,False,,,,False,False,True,MAINLINE_RISE,True,9,0,0,False,286.746,275.7835,296.6354,-0.008375753887013837,305.85600000000005,-0.06248038292529845,1140775.062783114,2,1.1074865979699977,1.1074865979699977,煤炭,1.1419613250599168,1.1419613250599168,2,0,False,0.02,0,SWITCH,煤炭,STRONGER_RS20_MARGIN_2%,2,5,equal_capital,0.1,False,1353028.2319264074
2021-12-08,煤炭,1.0,1.0,3637.568,3568.2132500000007,180,3529.0081277777776,,,False,,,,False,False,True,MAINLINE_RISE,True,10,0,0,False,69.25999999999999,64.5422,67.4908,-0.004398700514619325,69.25999999999999,0.0,1140775.062783114,2,1.165365459685018,1.165365459685018,煤炭,1.165365459685018,1.165365459685018,5,0,False,0.02,0,HOLD,煤炭,NO_STRONGER_QUALIFIED_SECTOR,0,5,equal_capital,0.1,False,1338345.468234972
2021-12-09,煤炭,1.0,1.0,3673.041,3575.226,180,3530.2653944444446,,,False,,,,False,False,True,MAINLINE_RISE,True,11,0,0,False,69.482,65.0042,67.84920000000001,0.003205313312157232,69.482,0.0,1140775.062783114,2,1.1533813618405764,1.1533813618405764,食品饮料,1.1744267849468202,1.1744267849468202,4,0,False,0.02,0,HOLD,煤炭,NO_STRONGER_QUALIFIED_SECTOR,0,5,equal_capital,0.1,False,1337564.0934019
2021-12-10,煤炭,1.0,1.0,3666.348,3581.5883999999996,180,3531.492044444445,,,False,,,,False,False,True,MAINLINE_RISE,True,12,0,0,False,67.966,65.4205,68.25439999999999,-0.021818600500849272,69.482,-0.021818600500849272,1140775.062783114,2,1.1396042924211938,1.1396042924211938,食品饮料,1.181674667950576,1.181674667950576,4,0,False,0.02,1,HOLD,煤炭,SWITCH_CONFIRM_1_OF_2,1,5,equal_capital,0.1,False,1313100.8366527734
2021-12-13,煤炭,1.0,1.0,3681.082,3588.9773499999997,180,3532.703233333333,,,False,,,,False,False,True,MAINLINE_RISE,True,13,0,0,False,69.594,65.9264,68.865,0.023953153047111764,69.594,0.0,1140775.062783114,2,1.1701190396126164,1.1701190396126164,食品饮料,1.1977930595201585,1.1977930595201585,4,0,False,0.02,0,SWITCH,食品饮料,STRONGER_RS20_MARGIN_2%,0,5,equal_capital,0.1,False,1340197.847081721
2021-12-14,食品饮料,1.0,1.0,3661.525,3595.96425,180,3534.1302444444445,,,False,,,,False,False,True,MAINLINE_RISE,True,14,0,0,False,5760.472000000001,5275.0779999999995,5459.596,0.012989826617081368,5760.472000000001,0.0,1140775.062783114,2,1.173884035466326,1.173884035466326,食品饮料,1.173884035466326,1.173884035466326,3,0,False,0.02,0,HOLD,食品饮料,NO_STRONGER_QUALIFIED_SECTOR,0,5,equal_capital,0.1,False,1356576.4392744452
2021-12-15,食品饮料,1.0,1.0,3647.63,3601.47745,180,3535.264638888889,,,False,,,,False,False,True,MAINLINE_RISE,True,15,0,0,False,5709.081999999999,5316.1546,5513.3698,-0.008921143961814426,5760.472000000001,-0.008921143961814426,1140775.062783114,2,1.1680866691900849,1.1680866691900849,食品饮料,1.1680866691900849,1.1680866691900849,3,0,False,0.02,0,HOLD,食品饮料,NO_STRONGER_QUALIFIED_SECTOR,0,5,equal_capital,0.1,False,1340218.669562174
2021-12-16,食品饮料,1.0,1.0,3675.016,3609.1927000000005,180,3536.7285666666667,,,False,,,,False,False,True,MAINLINE_RISE,True,16,0,0,False,5639.17,5354.293,5556.970200000001,-0.01224575159368868,5760.472000000001,-0.021057649442615234,1140775.062783114,2,1.156420245910817,1.156420245910817,CPO,1.1626173384870238,1.1626173384870238,7,0,False,0.02,0,HOLD,食品饮料,NO_STRONGER_QUALIFIED_SECTOR,0,5,equal_capital,0.1,False,1308998.0399433994
2021-12-17,食品饮料,1.0,1.0,3632.364,3612.79225,180,3538.2024722222227,,,False,,,,False,False,True,MAINLINE_RISE,True,17,0,0,False,5456.092,5378.2965,5566.9514,-0.032465416009802905,5760.472000000001,-0.052839420103075074,1140775.062783114,2,1.0964766634874201,1.0964766634874201,煤炭,1.1679079431037236,1.1679079431037236,2,0,False,0.02,1,HOLD,食品饮料,SWITCH_CONFIRM_1_OF_2,1,5,equal_capital,0.1,False,1271376.5215412742
2021-12-20,食品饮料,1.0,1.0,3593.602,3613.3683499999997,180,3539.4803055555553,,,False,,,,False,False,False,MAINLINE_DECLINE,False,0,1,1,False,5478.204,5401.4519,5582.269200000001,0.004052717586140453,5760.472000000001,-0.049000845764027856,1140775.062783114,2,1.0923427986223992,1.0923427986223992,建筑装饰,1.1431244153414404,1.1431244153414404,2,0,False,0.02,1,HOLD,食品饮料,SWITCH_CONFIRM_1_OF_2,2,5,equal_capital,0.1,False,1280652.75156902
2021-12-21,食品饮料,1.0,1.0,3625.125,3615.1701500000004,180,3540.629183333333,,,False,,,,False,False,True,MAINLINE_RISE,True,1,0,0,False,5422.182,5419.193,5592.6726,-0.010226344254430808,5760.472000000001,-0.05872609050091748,1140775.062783114,2,1.0700210760632756,1.0700210760632756,建筑装饰,1.1357455634938924,1.1357455634938924,2,0,False,0.02,0,HOLD,食品饮料,RESEARCH_POLICY_BLOCK_STRONGER_RS20_MARGIN_2%,3,5,equal_capital,0.1,False,1270748.5227489346
2021-12-22,食品饮料,1.0,1.0,3622.618,3616.6659,180,3541.669861111111,,,False,,,,False,False,True,MAINLINE_RISE,True,2,0,0,False,5448.09,5430.6889,5584.4588,0.0047781501985733055,5760.472000000001,-0.05422854238333252,1140775.062783114,2,1.044061023668825,1.044061023668825,建筑装饰,1.1230020847810982,1.1230020847810982,2,0,False,0.02,1,HOLD,食品饮料,SWITCH_CONFIRM_1_OF_2,4,5,equal_capital,0.1,False,1271732.4229669885
2021-12-23,食品饮料,1.0,1.0,3643.339,3619.6238999999996,180,3542.706872222222,,,False,,,,False,False,True,MAINLINE_RISE,True,3,0,0,False,5626.554,5450.4389,5584.195000000001,0.032757168108456414,5760.472000000001,-0.023247747754003623,1140775.062783114,2,1.0755033781549421,1.0755033781549421,煤炭,1.1587605086649064,1.1587605086649064,3,0,False,0.02,1,HOLD,食品饮料,SWITCH_CONFIRM_1_OF_2,0,5,equal_capital,0.1,False,1302223.6298317963
2021-12-24,食品饮料,1.0,1.0,3618.054,3622.32215,180,3543.685438888889,,,False,,,,False,False,False,MAINLINE_DECLINE,False,0,1,1,False,5753.522,5477.9996,5597.9972,0.02256585469543171,5760.472000000001,-0.0012064983563848664,1140775.062783114,2,1.1059556642936175,1.1059556642936175,煤炭,1.168194761711049,1.168194761711049,3,0,False,0.02,0,HOLD,食品饮料,RESEARCH_POLICY_BLOCK_STRONGER_RS20_MARGIN_2%,0,5,equal_capital,0.1,False,1316173.9994209807
2021-12-27,食品饮料,1.0,1.0,3615.974,3624.986,180,3544.516783333333,,,False,,,,False,False,False,MAINLINE_DECLINE,False,0,2,2,False,5655.046,5496.570000000001,5594.8414,-0.017115777084019124,5760.472000000001,-0.01830162528348378,1140775.062783114,2,1.070293990617828,1.070293990617828,煤炭,1.2017704133064517,1.2017704133064517,6,0,False,0.02,1,HOLD,食品饮料,SWITCH_CONFIRM_1_OF_2,0,5,equal_capital,0.1,False,1301840.1064310279
2021-12-28,食品饮料,1.0,1.0,3630.112,3628.2972499999996,180,3545.326338888889,,,False,,,,False,False,True,MAINLINE_RISE,True,1,0,0,False,5675.598,5522.975,5586.354,0.0036342763613239626,5760.472000000001,-0.014733862086301341,1140775.062783114,2,1.1025935318478997,1.1025935318478997,轻工制造,1.1851212951011494,1.1851212951011494,6,0,False,0.02,1,HOLD,食品饮料,SWITCH_CONFIRM_1_OF_2,0,5,equal_capital,0.1,False,1314190.0137786581
2021-12-29,食品饮料,1.0,1.0,3597.0,3629.303,180,3545.9598555555563,,,False,,,,False,False,False,MAINLINE_DECLINE,False,0,1,1,False,5400.0599999999995,5534.4108,5555.4518,-0.048547835840382025,5760.472000000001,-0.06256640080882281,1140775.062783114,2,1.0442275741083944,1.0442275741083944,轻工制造,1.1789597909466407,1.1789597909466407,3,0,False,0.02,1,SELL,,DOUBLE_MA20_BREAK,1,5,equal_capital,0.1,False,1250249.0987031725
2021-12-30,现金,0.0,0.0,3619.189,3631.57065,180,3546.7352055555557,,,False,,,,False,False,False,MAINLINE_DECLINE,False,0,2,2,False,,,,,,,,0,,,传媒,1.1923027820011374,1.1923027820011374,5,0,False,0.02,1,CASH,,ENTRY_GATE_CLOSED_OR_NO_CANDIDATE,0,5,equal_capital,0.1,False,1255080.9817069077
2021-12-31,现金,0.0,0.0,3639.775,3633.1878000000006,180,3547.6086499999997,,,False,,,,False,False,True,MAINLINE_RISE,True,1,0,0,False,,,,,,,,0,,,传媒,1.187369787219509,1.187369787219509,4,0,False,0.02,1,CASH,,ENTRY_GATE_CLOSED_OR_NO_CANDIDATE,0,5,equal_capital,0.1,False,1255080.9817069077
2022-01-04,现金,0.0,0.0,3632.329,3635.33895,180,3548.617827777778,,,False,,,,False,False,False,MAINLINE_DECLINE,False,0,1,1,False,,,,,,,,0,,,传媒,1.2417724142695927,1.2417724142695927,9,0,False,0.02,1,CASH,,ENTRY_GATE_CLOSED_OR_NO_CANDIDATE,0,5,equal_capital,0.1,False,1255080.9817069077
2022-01-05,现金,0.0,0.0,3595.176,3635.3433500000006,180,3549.630205555555,,,False,,,,False,False,False,MAINLINE_DECLINE,False,0,2,2,False,,,,,,,,0,,,传媒,1.1932301999509596,1.1932301999509596,8,0,False,0.02,1,CASH,,ENTRY_GATE_CLOSED_OR_NO_CANDIDATE,0,5,equal_capital,0.1,False,1255080.9817069077
2022-01-06,现金,0.0,0.0,3586.079,3632.7689,180,3550.6835888888886,,,False,,,,False,False,False,MAINLINE_DECLINE,False,0,3,3,False,,,,,,,,0,,,传媒,1.1548467017652522,1.1548467017652522,3,0,False,0.02,1,CASH,,ENTRY_GATE_CLOSED_OR_NO_CANDIDATE,0,5,equal_capital,0.1,False,1255080.9817069077
2022-01-07,现金,0.0,0.0,3579.543,3628.0939999999996,180,3551.5881555555557,,,False,,,,False,False,False,MAINLINE_DECLINE,False,0,4,4,False,,,,,,,,0,,,传媒,1.1332946368923107,1.1332946368923107,3,0,False,0.02,1,CASH,,ENTRY_GATE_CLOSED_OR_NO_CANDIDATE,0,5,equal_capital,0.1,False,1255080.9817069077
2022-01-10,现金,0.0,0.0,3593.519,3624.4525499999995,180,3552.6688833333333,,,False,,,,False,False,False,MAINLINE_DECLINE,False,0,5,5,False,,,,,,,,0,,,农林牧渔,1.1354869843835047,1.1354869843835047,6,0,False,0.02,1,CASH,,ENTRY_GATE_CLOSED_OR_NO_CANDIDATE,0,5,equal_capital,0.1,False,1255080.9817069077
2022-01-11,现金,0.0,0.0,3567.441,3618.7705,180,3553.4512333333337,,,False,,,,False,False,False,MAINLINE_DECLINE,False,0,6,6,False,,,,,,,,0,,,农林牧渔,1.1170809943865274,1.1170809943865274,4,0,False,0.02,1,CASH,,ENTRY_GATE_CLOSED_OR_NO_CANDIDATE,0,5,equal_capital,0.1,False,1255080.9817069077
2022-01-12,现金,0.0,0.0,3597.432,3615.56585,180,3554.1172500000007,,,False,,,,False,False,False,MAINLINE_DECLINE,False,0,7,7,False,,,,,,,,0,,,农林牧渔,1.1304646058167183,1.1304646058167183,6,0,False,0.02,1,CASH,,ENTRY_GATE_CLOSED_OR_NO_CANDIDATE,0,5,equal_capital,0.1,False,1255080.9817069077
2022-01-13,现金,0.0,0.0,3555.259,3610.9473,180,3554.574561111111,,,False,,,,False,False,False,MAINLINE_DECLINE,False,0,8,8,False,,,,,,,,0,,,航空机场,1.115815691158157,1.115815691158157,3,0,False,0.02,1,CASH,,ENTRY_GATE_CLOSED_OR_NO_CANDIDATE,0,5,equal_capital,0.1,False,1255080.9817069077
2022-01-14,现金,0.0,0.0,3521.256,3603.2593,180,3554.843038888889,,,False,,,,False,False,False,MAINLINE_DECLINE,False,0,9,9,False,,,,,,,,0,,,农林牧渔,1.119441587068332,1.119441587068332,2,0,False,0.02,1,CASH,,ENTRY_GATE_CLOSED_OR_NO_CANDIDATE,0,5,equal_capital,0.1,False,1255080.9817069077
2022-01-17,现金,0.0,0.0,3541.666,3598.7244,180,3555.268327777778,,,False,,,,False,False,False,BROAD_DECLINE_OR_NO_LEADER,False,0,10,10,False,,,,,,,,0,,,,,,0,0,False,0.02,1,CASH,,ENTRY_GATE_CLOSED_OR_NO_CANDIDATE,0,5,equal_capital,0.1,False,1255080.9817069077
2022-01-18,现金,0.0,0.0,3569.914,3597.54,180,3555.800261111111,,,False,,,,False,False,False,MAINLINE_DECLINE,False,0,11,11,False,,,,,,,,0,,,大数据,1.1558118859279185,1.1558118859279185,3,0,False,0.02,1,CASH,,ENTRY_GATE_CLOSED_OR_NO_CANDIDATE,0,5,equal_capital,0.1,False,1255080.9817069077
2022-01-19,现金,0.0,0.0,3558.18,3594.1927499999997,180,3556.450338888889,,,False,,,,False,False,False,MAINLINE_DECLINE,False,0,12,12,False,,,,,,,,0,,,大数据,1.139083086851304,1.139083086851304,3,0,False,0.02,1,CASH,,ENTRY_GATE_CLOSED_OR_NO_CANDIDATE,0,5,equal_capital,0.1,False,1255080.9817069077
2022-01-20,现金,0.0,0.0,3555.063,3590.815,180,3557.0750722222224,,,False,,,,False,False,False,MAINLINE_DECLINE,False,0,13,13,False,,,,,,,,0,,,云计算,1.1198024416769563,1.1198024416769563,1,0,False,0.02,1,CASH,,ENTRY_GATE_CLOSED_OR_NO_CANDIDATE,0,5,equal_capital,0.1,False,1255080.9817069077
2022-01-21,现金,0.0,0.0,3522.568,3584.7764500000003,180,3557.4389611111114,,,False,,,,False,False,False,MAINLINE_DECLINE,False,0,14,14,False,,,,,,,,0,,,航空机场,1.1961637230753106,1.1961637230753106,4,0,False,0.02,1,CASH,,ENTRY_GATE_CLOSED_OR_NO_CANDIDATE,0,5,equal_capital,0.1,False,1255080.9817069077
2022-01-24,现金,0.0,0.0,3524.105,3580.079,180,3557.7123166666665,,,False,,,,False,False,False,MAINLINE_DECLINE,False,0,15,15,False,,,,,,,,0,,,航空机场,1.1713027713027717,1.1713027713027717,4,0,False,0.02,1,CASH,,ENTRY_GATE_CLOSED_OR_NO_CANDIDATE,0,5,equal_capital,0.1,False,1255080.9817069077
2022-01-25,现金,0.0,0.0,3433.061,3570.9333500000002,180,3557.635677777778,,,False,,,,False,False,False,MAINLINE_DECLINE,False,0,16,16,False,,,,,,,,0,,,大数据,1.1381110475100171,1.1381110475100171,3,0,False,0.02,1,CASH,,ENTRY_GATE_CLOSED_OR_NO_CANDIDATE,0,5,equal_capital,0.1,False,1255080.9817069077
2022-01-26,现金,0.0,0.0,3455.668,3562.2111500000005,180,3557.715594444445,,,False,,,,False,False,False,MAINLINE_DECLINE,False,0,17,17,False,,,,,,,,0,,,钢铁,1.1211545108883512,1.1211545108883512,4,0,False,0.02,1,CASH,,ENTRY_GATE_CLOSED_OR_NO_CANDIDATE,0,5,equal_capital,0.1,False,1255080.9817069077
2022-01-27,现金,0.0,0.0,3394.247,3552.0735,180,3557.578777777778,,,False,,,,False,False,False,MAINLINE_DECLINE,False,0,18,18,False,,,,,,,,0,,,建筑装饰,1.11665257819104,1.11665257819104,1,0,False,0.02,1,CASH,,ENTRY_GATE_CLOSED_OR_NO_CANDIDATE,0,5,equal_capital,0.1,False,1255080.9817069077
2022-01-28,现金,0.0,0.0,3361.44,3539.1860499999993,180,3557.20905,,,False,,,,False,False,False,BROAD_DECLINE_OR_NO_LEADER,False,0,19,19,False,,,,,,,,0,,,,,,0,0,False,0.02,1,CASH,,ENTRY_GATE_CLOSED_OR_NO_CANDIDATE,0,5,equal_capital,0.1,False,1255080.9817069077
2022-02-07,现金,0.0,0.0,3429.581,3528.67635,180,3557.1409166666667,,,False,,,,False,False,False,MAINLINE_DECLINE,False,0,20,20,False,,,,,,,,0,,,航空机场,1.1217923604309503,1.1217923604309503,1,0,False,0.02,1,CASH,,ENTRY_GATE_CLOSED_OR_NO_CANDIDATE,0,5,equal_capital,0.1,False,1255080.9817069077
2022-02-08,现金,0.0,0.0,3452.629,3519.69135,180,3557.0846833333335,,,False,,,,False,False,False,MAINLINE_DECLINE,False,0,21,21,False,,,,,,,,0,,,建筑装饰,1.1611767143153096,1.1611767143153096,2,0,False,0.02,1,CASH,,ENTRY_GATE_CLOSED_OR_NO_CANDIDATE,0,5,equal_capital,0.1,False,1255080.9817069077
2022-02-09,现金,0.0,0.0,3479.946,3513.9298499999995,180,3557.364738888889,,,False,,,,False,False,False,MAINLINE_DECLINE,False,0,22,22,False,,,,,,,,0,,,建筑装饰,1.1614997905320488,1.1614997905320488,2,0,False,0.02,1,CASH,,ENTRY_GATE_CLOSED_OR_NO_CANDIDATE,0,5,equal_capital,0.1,False,1255080.9817069077
2022-02-10,现金,0.0,0.0,3485.907,3508.9212500000003,180,3557.339911111111,,,False,,,,False,False,False,MAINLINE_DECLINE,False,0,23,23,False,,,,,,,,0,,,航空机场,1.1775802050992568,1.1775802050992568,2,0,False,0.02,1,CASH,,ENTRY_GATE_CLOSED_OR_NO_CANDIDATE,0,5,equal_capital,0.1,False,1255080.9817069077
2022-02-11,现金,0.0,0.0,3462.948,3503.0915,180,3557.0362000000005,,,False,,,,False,False,False,MAINLINE_DECLINE,False,0,24,24,False,,,,,,,,0,,,航空机场,1.1500069319284627,1.1500069319284627,2,0,False,0.02,1,CASH,,ENTRY_GATE_CLOSED_OR_NO_CANDIDATE,0,5,equal_capital,0.1,False,1255080.9817069077
2022-02-14,现金,0.0,0.0,3428.882,3494.85965,180,3556.479911111111,,,False,,,,False,False,False,MAINLINE_DECLINE,False,0,25,25,False,,,,,,,,0,,,航空机场,1.1421270718232042,1.1421270718232042,1,0,False,0.02,1,CASH,,ENTRY_GATE_CLOSED_OR_NO_CANDIDATE,0,5,equal_capital,0.1,False,1255080.9817069077
2022-02-15,现金,0.0,0.0,3446.089,3488.79205,180,3556.119488888889,,,False,,,,False,False,False,MAINLINE_DECLINE,False,0,26,26,False,,,,,,,,0,,,风电设备,1.1065629144043836,1.1065629144043836,2,0,False,0.02,1,CASH,,ENTRY_GATE_CLOSED_OR_NO_CANDIDATE,0,5,equal_capital,0.1,False,1255080.9817069077
2022-02-16,现金,0.0,0.0,3465.831,3482.2120000000004,180,3555.8910833333334,,,False,,,,False,False,False,MAINLINE_DECLINE,False,0,27,27,False,,,,,,,,0,,,航空机场,1.1117576429297127,1.1117576429297127,1,0,False,0.02,1,CASH,,ENTRY_GATE_CLOSED_OR_NO_CANDIDATE,0,5,equal_capital,0.1,False,1255080.9817069077
2022-02-17,现金,0.0,0.0,3468.035,3477.8507999999993,180,3555.7881833333327,,,False,,,,False,False,False,MAINLINE_DECLINE,False,0,28,28,False,,,,,,,,0,,,稀土永磁,1.1360507827823543,1.1360507827823543,1,0,False,0.02,1,CASH,,ENTRY_GATE_CLOSED_OR_NO_CANDIDATE,0,5,equal_capital,0.1,False,1255080.9817069077
2022-02-18,现金,0.0,0.0,3490.757,3476.3258499999997,180,3555.7519333333335,,,False,,,,False,False,True,NO_MAINLINE_ROTATION,False,0,29,0,False,,,,,,,,0,,,大数据,1.1579101584511011,1.1579101584511011,4,0,False,0.02,1,CASH,,RESEARCH_POLICY_BLOCK_ENTRY_TOP1,0,5,equal_capital,0.1,False,1255080.9817069077
2022-02-21,现金,0.0,0.0,3490.612,3473.77315,180,3555.247877777778,,,False,,,,False,False,True,NO_MAINLINE_ROTATION,False,0,30,0,False,,,,,,,,0,,,液冷,1.1478277585544021,1.1478277585544021,3,0,False,0.02,1,CASH,,RESEARCH_POLICY_BLOCK_ENTRY_TOP1,0,5,equal_capital,0.1,False,1255080.9817069077
2022-02-22,现金,0.0,0.0,3457.146,3468.1347499999997,180,3554.49115,,,False,,,,False,False,False,MAINLINE_DECLINE,False,0,31,1,False,,,,,,,,0,,,液冷,1.2301236749116604,1.2301236749116604,2,0,False,0.02,1,CASH,,ENTRY_GATE_CLOSED_OR_NO_CANDIDATE,0,5,equal_capital,0.1,False,1255080.9817069077
2022-02-23,现金,0.0,0.0,3489.147,3464.6831000000006,180,3553.826127777778,,,False,,,,False,False,True,NO_MAINLINE_ROTATION,False,0,32,0,False,,,,,,,,0,,,液冷,1.2818978010207291,1.2818978010207291,3,0,False,0.02,1,CASH,,RESEARCH_POLICY_BLOCK_ENTRY_TOP1,0,5,equal_capital,0.1,False,1255080.9817069077
2022-02-24,现金,0.0,0.0,3429.956,3458.42775,180,3552.8770833333333,,,False,,,,False,False,False,MAINLINE_DECLINE,False,0,33,1,False,,,,,,,,0,,,液冷,1.2933870756324553,1.2933870756324553,4,0,False,0.02,1,CASH,,ENTRY_GATE_CLOSED_OR_NO_CANDIDATE,0,5,equal_capital,0.1,False,1255080.9817069077
2022-02-25,现金,0.0,0.0,3451.406,3454.8696499999996,180,3551.965577777778,,,False,,,,False,False,False,MAINLINE_DECLINE,False,0,34,2,False,,,,,,,,0,,,液冷,1.332213649062126,1.332213649062126,2,0,False,0.02,1,CASH,,ENTRY_GATE_CLOSED_OR_NO_CANDIDATE,0,5,equal_capital,0.1,False,1255080.9817069077
2022-02-28,现金,0.0,0.0,3462.306,3451.7797,180,3551.0633111111115,,,False,,,,False,False,True,NO_MAINLINE_ROTATION,False,0,35,0,False,,,,,,,,0,,,液冷,1.2828746177370032,1.2828746177370032,2,0,False,0.02,1,CASH,,RESEARCH_POLICY_BLOCK_ENTRY_TOP1,0,5,equal_capital,0.1,False,1255080.9817069077
2022-03-01,现金,0.0,0.0,3488.835,3454.5684,180,3550.4616277777777,,,False,,,,False,False,True,NO_MAINLINE_ROTATION,False,0,36,0,False,,,,,,,,0,,,液冷,1.3304147152650512,1.3304147152650512,7,0,False,0.02,1,CASH,,RESEARCH_POLICY_BLOCK_ENTRY_TOP1,0,5,equal_capital,0.1,False,1255080.9817069077
2022-03-02,现金,0.0,0.0,3484.192,3455.9945999999995,180,3549.905961111111,,,False,,,,False,False,True,NO_MAINLINE_ROTATION,False,0,37,0,False,,,,,,,,0,,,液冷,1.3437875751503006,1.3437875751503006,6,0,False,0.02,1,CASH,,RESEARCH_POLICY_BLOCK_ENTRY_TOP1,0,5,equal_capital,0.1,False,1255080.9817069077
2022-03-03,现金,0.0,0.0,3481.113,3460.3379,180,3549.2907833333334,,,False,,,,False,False,True,MAINLINE_RISE,True,1,0,0,False,,,,,,,,0,,,液冷,1.4312600824520523,1.4312600824520523,7,0,False,0.02,1,CASH,,RESEARCH_POLICY_BLOCK_ENTRY_TOP1,0,5,equal_capital,0.1,False,1255080.9817069077
2022-03-04,现金,0.0,0.0,3447.649,3464.6483500000004,180,3548.4469388888892,,,False,,,,False,False,False,MAINLINE_DECLINE,False,0,1,1,False,,,,,,,,0,,,液冷,1.4144787152689267,1.4144787152689267,5,0,False,0.02,1,CASH,,ENTRY_GATE_CLOSED_OR_NO_CANDIDATE,0,5,equal_capital,0.1,False,1255080.9817069077
2022-03-07,现金,0.0,0.0,3372.855,3461.8120499999995,180,3547.295544444444,,,False,,,,False,False,False,MAINLINE_DECLINE,False,0,2,2,False,,,,,,,,0,,,煤炭,1.1735400857802707,1.1735400857802707,2,0,False,0.02,1,CASH,,ENTRY_GATE_CLOSED_OR_NO_CANDIDATE,0,5,equal_capital,0.1,False,1255080.9817069077
2022-03-08,现金,0.0,0.0,3293.53,3453.8570999999997,180,3545.640727777778,,,False,,,,False,False,False,MAINLINE_DECLINE,False,0,3,3,False,,,,,,,,0,,,光伏,1.121102469616979,1.121102469616979,2,0,False,0.02,1,CASH,,ENTRY_GATE_CLOSED_OR_NO_CANDIDATE,0,5,equal_capital,0.1,False,1255080.9817069077
2022-03-09,现金,0.0,0.0,3256.388,3442.6792,180,3543.671444444445,,,False,,,,False,False,False,MAINLINE_DECLINE,False,0,4,4,False,,,,,,,,0,,,光伏,1.1133747662181313,1.1133747662181313,2,0,False,0.02,1,CASH,,ENTRY_GATE_CLOSED_OR_NO_CANDIDATE,0,5,equal_capital,0.1,False,1255080.9817069077
2022-03-10,现金,0.0,0.0,3296.092,3433.18845,180,3542.0400222222224,,,False,,,,False,False,False,MAINLINE_DECLINE,False,0,5,5,False,,,,,,,,0,,,光伏,1.2162660794993627,1.2162660794993627,1,0,False,0.02,1,CASH,,ENTRY_GATE_CLOSED_OR_NO_CANDIDATE,0,5,equal_capital,0.1,False,1255080.9817069077
2022-03-11,现金,0.0,0.0,3309.747,3425.5284,180,3540.6688444444444,,,False,,,,False,False,False,MAINLINE_DECLINE,False,0,6,6,False,,,,,,,,0,,,液冷,1.443015759312321,1.443015759312321,2,0,False,0.02,1,CASH,,ENTRY_GATE_CLOSED_OR_NO_CANDIDATE,0,5,equal_capital,0.1,False,1255080.9817069077
2022-03-14,现金,0.0,0.0,3223.533,3415.26095,180,3539.031088888889,,,False,,,,False,False,False,MAINLINE_DECLINE,False,0,7,7,False,,,,,,,,0,,,液冷,1.362346942439585,1.362346942439585,2,0,False,0.02,1,CASH,,ENTRY_GATE_CLOSED_OR_NO_CANDIDATE,0,5,equal_capital,0.1,False,1255080.9817069077
2022-03-15,现金,0.0,0.0,3063.965,3396.15475,180,3536.466427777778,,,False,,,,False,False,False,MAINLINE_DECLINE,False,0,8,8,False,,,,,,,,0,,,光伏,1.1473441066038432,1.1473441066038432,1,0,False,0.02,1,CASH,,ENTRY_GATE_CLOSED_OR_NO_CANDIDATE,0,5,equal_capital,0.1,False,1255080.9817069077
2022-03-16,现金,0.0,0.0,3170.71,3381.3987,180,3534.497611111111,,,False,,,,False,False,False,MAINLINE_DECLINE,False,0,9,9,False,,,,,,,,0,,,液冷,1.3795036576194708,1.3795036576194708,2,0,False,0.02,1,CASH,,ENTRY_GATE_CLOSED_OR_NO_CANDIDATE,0,5,equal_capital,0.1,False,1255080.9817069077
2022-03-17,现金,0.0,0.0,3215.045,3368.7491999999997,180,3532.7524000000003,,,False,,,,False,False,False,MAINLINE_DECLINE,False,0,10,10,False,,,,,,,,0,,,液冷,1.3641802951735142,1.3641802951735142,2,0,False,0.02,1,CASH,,ENTRY_GATE_CLOSED_OR_NO_CANDIDATE,0,5,equal_capital,0.1,False,1255080.9817069077
2022-03-18,现金,0.0,0.0,3251.072,3356.7649499999998,180,3531.0505111111115,,,False,,,,False,False,False,BROAD_DECLINE_OR_NO_LEADER,False,0,11,11,False,,,,,,,,0,,,,,,0,0,False,0.02,1,CASH,,ENTRY_GATE_CLOSED_OR_NO_CANDIDATE,0,5,equal_capital,0.1,False,1255080.9817069077
2022-03-21,现金,0.0,0.0,3253.686,3344.9186499999996,180,3529.3142111111115,,,False,,,,False,False,False,BROAD_DECLINE_OR_NO_LEADER,False,0,12,12,False,,,,,,,,0,,,,,,0,0,False,0.02,1,CASH,,ENTRY_GATE_CLOSED_OR_NO_CANDIDATE,0,5,equal_capital,0.1,False,1255080.9817069077
2022-03-22,现金,0.0,0.0,3259.862,3335.0544499999996,180,3527.609811111111,,,False,,,,False,False,False,BROAD_DECLINE_OR_NO_LEADER,False,0,13,13,False,,,,,,,,0,,,,,,0,0,False,0.02,1,CASH,,ENTRY_GATE_CLOSED_OR_NO_CANDIDATE,0,5,equal_capital,0.1,False,1255080.9817069077
2022-03-23,现金,0.0,0.0,3271.033,3324.1487500000003,180,3525.740205555556,,,False,,,,False,False,False,BROAD_DECLINE_OR_NO_LEADER,False,0,14,14,False,,,,,,,,0,,,,,,0,0,False,0.02,1,CASH,,ENTRY_GATE_CLOSED_OR_NO_CANDIDATE,0,5,equal_capital,0.1,False,1255080.9817069077
2022-03-24,现金,0.0,0.0,3250.264,3315.1641499999996,180,3523.7618277777783,,,False,,,,False,False,False,BROAD_DECLINE_OR_NO_LEADER,False,0,15,15,False,,,,,,,,0,,,,,,0,0,False,0.02,1,CASH,,ENTRY_GATE_CLOSED_OR_NO_CANDIDATE,0,5,equal_capital,0.1,False,1255080.9817069077
2022-03-25,现金,0.0,0.0,3212.24,3303.20585,180,3521.7566166666666,,,False,,,,False,False,False,BROAD_DECLINE_OR_NO_LEADER,False,0,16,16,False,,,,,,,,0,,,,,,0,0,False,0.02,1,CASH,,ENTRY_GATE_CLOSED_OR_NO_CANDIDATE,0,5,equal_capital,0.1,False,1255080.9817069077
2022-03-28,现金,0.0,0.0,3214.503,3290.8157,180,3519.663872222223,,,False,,,,False,False,False,BROAD_DECLINE_OR_NO_LEADER,False,0,17,17,False,,,,,,,,0,,,,,,0,0,False,0.02,1,CASH,,ENTRY_GATE_CLOSED_OR_NO_CANDIDATE,0,5,equal_capital,0.1,False,1255080.9817069077
2022-03-29,现金,0.0,0.0,3203.939,3276.5708999999997,180,3517.525855555556,,,False,,,,False,False,False,BROAD_DECLINE_OR_NO_LEADER,False,0,18,18,False,,,,,,,,0,,,,,,0,0,False,0.02,1,CASH,,ENTRY_GATE_CLOSED_OR_NO_CANDIDATE,0,5,equal_capital,0.1,False,1255080.9817069077
2022-03-30,现金,0.0,0.0,3266.596,3265.6911,180,3516.1249444444443,,,False,,,,False,False,True,BROAD_DECLINE_OR_NO_LEADER,False,0,19,0,False,,,,,,,,0,,,,,,0,0,False,0.02,1,CASH,,ENTRY_GATE_CLOSED_OR_NO_CANDIDATE,0,5,equal_capital,0.1,False,1255080.9817069077
2022-03-31,现金,0.0,0.0,3252.203,3254.2456,180,3514.557616666667,,,False,,,,False,False,False,BROAD_DECLINE_OR_NO_LEADER,False,0,20,1,False,,,,,,,,0,,,,,,0,0,False,0.02,1,CASH,,ENTRY_GATE_CLOSED_OR_NO_CANDIDATE,0,5,equal_capital,0.1,False,1255080.9817069077
2022-04-01,现金,0.0,0.0,3282.717,3245.999,180,3513.1823833333333,,,False,,,,False,False,True,BROAD_DECLINE_OR_NO_LEADER,False,0,21,0,False,,,,,,,,0,,,,,,0,0,False,0.02,1,CASH,,ENTRY_GATE_CLOSED_OR_NO_CANDIDATE,0,5,equal_capital,0.1,False,1255080.9817069077
2022-04-06,现金,0.0,0.0,3283.426,3241.5275500000002,180,3511.680772222222,,,False,,,,False,False,True,NO_MAINLINE_ROTATION,False,0,22,0,False,,,,,,,,0,,,游戏,1.114943859242968,1.114943859242968,2,0,False,0.02,1,CASH,,RESEARCH_POLICY_BLOCK_ENTRY_TOP1,0,5,equal_capital,0.1,False,1255080.9817069077
2022-04-07,现金,0.0,0.0,3236.695,3238.6858,180,3510.0762777777777,,,False,,,,False,False,False,MAINLINE_DECLINE,False,0,23,1,False,,,,,,,,0,,,游戏,1.143276421238843,1.143276421238843,2,0,False,0.02,1,CASH,,ENTRY_GATE_CLOSED_OR_NO_CANDIDATE,0,5,equal_capital,0.1,False,1255080.9817069077
2022-04-08,现金,0.0,0.0,3251.85,3238.4589,180,3508.5638444444444,,,False,,,,False,False,True,NO_MAINLINE_ROTATION,False,0,24,0,False,,,,,,,,0,,,房地产,1.1835982356401713,1.1835982356401713,3,0,False,0.02,1,CASH,,RESEARCH_POLICY_BLOCK_ENTRY_TOP1,0,5,equal_capital,0.1,False,1255080.9817069077
2022-04-11,现金,0.0,0.0,3167.126,3232.0106,180,3506.4487888888884,,,False,,,,False,False,False,MAINLINE_DECLINE,False,0,25,1,False,,,,,,,,0,,,房地产,1.15839984698414,1.15839984698414,1,0,False,0.02,1,CASH,,ENTRY_GATE_CLOSED_OR_NO_CANDIDATE,0,5,equal_capital,0.1,False,1255080.9817069077
2022-04-12,现金,0.0,0.0,3213.33,3227.18975,180,3504.486605555556,,,False,,,,False,False,False,MAINLINE_DECLINE,False,0,26,2,False,,,,,,,,0,,,房地产,1.1368403581024304,1.1368403581024304,1,0,False,0.02,1,CASH,,ENTRY_GATE_CLOSED_OR_NO_CANDIDATE,0,5,equal_capital,0.1,False,1255080.9817069077
2022-04-13,现金,0.0,0.0,3186.824,3225.3543,180,3502.5884,,,False,,,,False,False,False,MAINLINE_DECLINE,False,0,27,3,False,,,,,,,,0,,,房地产,1.1735025877930294,1.1735025877930294,3,0,False,0.02,1,CASH,,ENTRY_GATE_CLOSED_OR_NO_CANDIDATE,0,5,equal_capital,0.1,False,1255080.9817069077
2022-04-14,现金,0.0,0.0,3225.641,3233.4381000000003,180,3500.7053499999997,,,False,,,,False,False,False,MAINLINE_DECLINE,False,0,28,4,False,,,,,,,,0,,,房地产,1.2797609651595443,1.2797609651595443,14,0,False,0.02,1,CASH,,ENTRY_GATE_CLOSED_OR_NO_CANDIDATE,0,5,equal_capital,0.1,False,1255080.9817069077
2022-04-15,现金,0.0,0.0,3211.245,3235.46485,180,3498.8828,,,False,,,,False,False,False,MAINLINE_DECLINE,False,0,29,5,False,,,,,,,,0,,,建材,1.1596816168459516,1.1596816168459516,9,0,False,0.02,1,CASH,,ENTRY_GATE_CLOSED_OR_NO_CANDIDATE,0,5,equal_capital,0.1,False,1255080.9817069077
2022-04-18,现金,0.0,0.0,3195.524,3234.4888,180,3496.9739166666664,,,False,,,,False,False,False,MAINLINE_DECLINE,False,0,30,6,False,,,,,,,,0,,,黄金概念,1.1506049288361426,1.1506049288361426,4,0,False,0.02,1,CASH,,ENTRY_GATE_CLOSED_OR_NO_CANDIDATE,0,5,equal_capital,0.1,False,1255080.9817069077
2022-04-19,现金,0.0,0.0,3194.029,3231.63665,180,3495.0696833333336,,,False,,,,False,False,False,MAINLINE_DECLINE,False,0,31,7,False,,,,,,,,0,,,农业种植,1.1607991688489927,1.1607991688489927,3,0,False,0.02,1,CASH,,ENTRY_GATE_CLOSED_OR_NO_CANDIDATE,0,5,equal_capital,0.1,False,1255080.9817069077
2022-04-20,现金,0.0,0.0,3151.05,3226.5048500000003,180,3492.782955555556,,,False,,,,False,False,False,BROAD_DECLINE_OR_NO_LEADER,False,0,32,8,False,,,,,,,,0,,,,,,0,0,False,0.02,1,CASH,,ENTRY_GATE_CLOSED_OR_NO_CANDIDATE,0,5,equal_capital,0.1,False,1255080.9817069077
2022-04-21,现金,0.0,0.0,3079.808,3217.50215,180,3490.033366666666,,,False,,,,False,False,False,BROAD_DECLINE_OR_NO_LEADER,False,0,33,9,False,,,,,,,,0,,,,,,0,0,False,0.02,1,CASH,,ENTRY_GATE_CLOSED_OR_NO_CANDIDATE,0,5,equal_capital,0.1,False,1255080.9817069077
2022-04-22,现金,0.0,0.0,3086.919,3208.2964500000003,180,3487.458494444445,,,False,,,,False,False,False,MAINLINE_DECLINE,False,0,34,10,False,,,,,,,,0,,,航运港口,1.107076923076923,1.107076923076923,1,0,False,0.02,1,CASH,,ENTRY_GATE_CLOSED_OR_NO_CANDIDATE,0,5,equal_capital,0.1,False,1255080.9817069077
2022-04-25,现金,0.0,0.0,2928.512,3192.20885,180,3484.464444444445,,,False,,,,False,False,False,BROAD_DECLINE_OR_NO_LEADER,False,0,35,11,False,,,,,,,,0,,,,,,0,0,False,0.02,1,CASH,,ENTRY_GATE_CLOSED_OR_NO_CANDIDATE,0,5,equal_capital,0.1,False,1255080.9817069077
2022-04-26,现金,0.0,0.0,2886.426,3175.9181500000004,180,3481.7157944444443,,,False,,,,False,False,False,BROAD_DECLINE_OR_NO_LEADER,False,0,36,12,False,,,,,,,,0,,,,,,0,0,False,0.02,1,CASH,,ENTRY_GATE_CLOSED_OR_NO_CANDIDATE,0,5,equal_capital,0.1,False,1255080.9817069077
2022-04-27,现金,0.0,0.0,2958.282,3163.1071,180,3479.4751944444447,,,False,,,,False,False,False,BROAD_DECLINE_OR_NO_LEADER,False,0,37,13,False,,,,,,,,0,,,,,,0,0,False,0.02,1,CASH,,ENTRY_GATE_CLOSED_OR_NO_CANDIDATE,0,5,equal_capital,0.1,False,1255080.9817069077
2022-04-28,现金,0.0,0.0,2975.485,3151.6844,180,3477.0516444444443,,,False,,,,False,False,False,MAINLINE_DECLINE,False,0,38,14,False,,,,,,,,0,,,电力,1.1124138309098632,1.1124138309098632,1,0,False,0.02,1,CASH,,ENTRY_GATE_CLOSED_OR_NO_CANDIDATE,0,5,equal_capital,0.1,False,1255080.9817069077
2022-04-29,现金,0.0,0.0,3047.062,3140.7077,180,3475.1055611111115,,,False,,,,False,False,False,MAINLINE_DECLINE,False,0,39,15,False,,,,,,,,0,,,电力,1.1118574766355143,1.1118574766355143,1,0,False,0.02,1,CASH,,ENTRY_GATE_CLOSED_OR_NO_CANDIDATE,0,5,equal_capital,0.1,False,1255080.9817069077
2022-05-05,现金,0.0,0.0,3067.759,3131.4855,180,3472.9026388888888,,,False,,,,False,False,False,MAINLINE_DECLINE,False,0,40,16,False,,,,,,,,0,,,电力,1.1325453176815252,1.1325453176815252,1,0,False,0.02,1,CASH,,ENTRY_GATE_CLOSED_OR_NO_CANDIDATE,0,5,equal_capital,0.1,False,1255080.9817069077
2022-05-06,现金,0.0,0.0,3001.561,3117.4277,180,3470.4224722222225,,,False,,,,False,False,False,MAINLINE_DECLINE,False,0,41,17,False,,,,,,,,0,,,电力,1.1011285712368657,1.1011285712368657,1,0,False,0.02,1,CASH,,ENTRY_GATE_CLOSED_OR_NO_CANDIDATE,0,5,equal_capital,0.1,False,1255080.9817069077
2022-05-09,现金,0.0,0.0,3004.141,3103.46345,180,3467.7942611111116,,,False,,,,False,False,False,BROAD_DECLINE_OR_NO_LEADER,False,0,42,18,False,,,,,,,,0,,,,,,0,0,False,0.02,1,CASH,,ENTRY_GATE_CLOSED_OR_NO_CANDIDATE,0,5,equal_capital,0.1,False,1255080.9817069077
2022-05-10,现金,0.0,0.0,3035.844,3093.4209,180,3465.4014555555555,,,False,,,,False,False,False,MAINLINE_DECLINE,False,0,43,19,False,,,,,,,,0,,,电力,1.1292340970466654,1.1292340970466654,1,0,False,0.02,1,CASH,,ENTRY_GATE_CLOSED_OR_NO_CANDIDATE,0,5,equal_capital,0.1,False,1255080.9817069077
2022-05-11,现金,0.0,0.0,3058.703,3083.76355,180,3463.181872222222,,,False,,,,False,False,False,MAINLINE_DECLINE,False,0,44,20,False,,,,,,,,0,,,电力,1.1064007469949237,1.1064007469949237,2,0,False,0.02,1,CASH,,ENTRY_GATE_CLOSED_OR_NO_CANDIDATE,0,5,equal_capital,0.1,False,1255080.9817069077
2022-05-12,现金,0.0,0.0,3054.994,3078.15695,180,3460.7394222222224,,,False,,,,False,False,False,MAINLINE_DECLINE,False,0,45,21,False,,,,,,,,0,,,汽车零部件,1.1916450975480783,1.1916450975480783,4,0,False,0.02,1,CASH,,ENTRY_GATE_CLOSED_OR_NO_CANDIDATE,0,5,equal_capital,0.1,False,1255080.9817069077
2022-05-13,现金,0.0,0.0,3084.285,3071.7047,180,3458.263611111111,,,False,,,,False,False,True,NO_MAINLINE_ROTATION,False,0,46,0,False,,,,,,,,0,,,汽车零部件,1.2442038464749925,1.2442038464749925,3,0,False,0.02,1,CASH,,RESEARCH_POLICY_BLOCK_ENTRY_TOP1,0,5,equal_capital,0.1,False,1255080.9817069077
2022-05-16,现金,0.0,0.0,3073.749,3066.05095,180,3455.714322222222,,,False,,,,False,False,True,NO_MAINLINE_ROTATION,False,0,47,0,False,,,,,,,,0,,,汽车零部件,1.2439772727272724,1.2439772727272724,3,0,False,0.02,1,CASH,,RESEARCH_POLICY_BLOCK_ENTRY_TOP1,0,5,equal_capital,0.1,False,1255080.9817069077
2022-05-17,现金,0.0,0.0,3093.697,3059.4537499999997,180,3453.319655555556,,,False,,,,False,False,True,NO_MAINLINE_ROTATION,False,0,48,0,False,,,,,,,,0,,,汽车零部件,1.250579722292068,1.250579722292068,5,0,False,0.02,1,CASH,,RESEARCH_POLICY_BLOCK_ENTRY_TOP1,0,5,equal_capital,0.1,False,1255080.9817069077
2022-05-18,现金,0.0,0.0,3085.977,3053.19035,180,3450.928977777778,,,False,,,,False,False,True,NO_MAINLINE_ROTATION,False,0,49,0,False,,,,,,,,0,,,汽车零部件,1.1718533886583677,1.1718533886583677,5,0,False,0.02,1,CASH,,RESEARCH_POLICY_BLOCK_ENTRY_TOP1,0,5,equal_capital,0.1,False,1255080.9817069077
2022-05-19,现金,0.0,0.0,3096.965,3048.2624000000005,180,3448.593533333333,,,False,,,,False,False,True,NO_MAINLINE_ROTATION,False,0,50,0,False,,,,,,,,0,,,汽车零部件,1.1365397359433145,1.1365397359433145,4,0,False,0.02,1,CASH,,RESEARCH_POLICY_BLOCK_ENTRY_TOP1,0,5,equal_capital,0.1,False,1255080.9817069077
2022-05-20,现金,0.0,0.0,3146.567,3045.8893,180,3446.9245944444447,,,False,,,,False,False,True,NO_MAINLINE_ROTATION,False,0,51,0,False,,,,,,,,0,,,电力,1.1429713026274242,1.1429713026274242,6,0,False,0.02,1,CASH,,RESEARCH_POLICY_BLOCK_ENTRY_TOP1,0,5,equal_capital,0.1,False,1255080.9817069077
2022-05-23,现金,0.0,0.0,3146.857,3045.67965,180,3445.0444333333335,,,False,,,,False,False,True,NO_MAINLINE_ROTATION,False,0,52,0,False,,,,,,,,0,,,储能,1.1830790818162191,1.1830790818162191,9,0,False,0.02,1,CASH,,RESEARCH_POLICY_BLOCK_ENTRY_TOP1,0,5,equal_capital,0.1,False,1255080.9817069077
2022-05-24,现金,0.0,0.0,3070.927,3045.2356,180,3442.8520555555556,,,False,,,,False,False,True,NO_MAINLINE_ROTATION,False,0,53,0,False,,,,,,,,0,,,光伏,1.1899721049996426,1.1899721049996426,8,0,False,0.02,1,CASH,,RESEARCH_POLICY_BLOCK_ENTRY_TOP1,0,5,equal_capital,0.1,False,1255080.9817069077
2022-05-25,现金,0.0,0.0,3107.464,3046.26285,180,3441.075,,,False,,,,False,False,True,NO_MAINLINE_ROTATION,False,0,54,0,False,,,,,,,,0,,,光伏,1.2091387525386958,1.2091387525386958,10,0,False,0.02,1,CASH,,RESEARCH_POLICY_BLOCK_ENTRY_TOP1,0,5,equal_capital,0.1,False,1255080.9817069077
2022-05-26,现金,0.0,0.0,3123.108,3055.9926499999997,180,3439.1082,,,False,,,,False,False,True,MAINLINE_RISE,True,1,0,0,False,,,,,,,,0,,,光伏,1.3177338717431017,1.3177338717431017,20,0,False,0.02,1,CASH,,RESEARCH_POLICY_BLOCK_ENTRY_TOP1,0,5,equal_capital,0.1,False,1255080.9817069077
2022-05-27,现金,0.0,0.0,3130.239,3068.1832999999997,180,3436.9735777777773,,,False,,,,False,False,True,MAINLINE_RISE,True,2,0,0,False,,,,,,,,0,,,储能,1.3295821164164912,1.3295821164164912,17,0,False,0.02,1,CASH,,RESEARCH_POLICY_BLOCK_ENTRY_TOP1,0,5,equal_capital,0.1,False,1255080.9817069077
2022-05-30,现金,0.0,0.0,3149.061,3077.72225,180,3434.799561111111,,,False,,,,False,False,True,MAINLINE_RISE,True,3,0,0,False,,,,,,,,0,,,风电设备,1.2486096276380243,1.2486096276380243,11,0,False,0.02,1,CASH,,RESEARCH_POLICY_BLOCK_ENTRY_TOP1,0,5,equal_capital,0.1,False,1255080.9817069077
2022-05-31,现金,0.0,0.0,3186.427,3088.2693499999996,180,3433.0482444444447,,,False,,,,False,False,True,MAINLINE_RISE,True,4,0,0,False,,,,,,,,0,,,风电设备,1.3372396325558535,1.3372396325558535,16,0,False,0.02,1,CASH,,RESEARCH_POLICY_BLOCK_ENTRY_TOP1,0,5,equal_capital,0.1,False,1255080.9817069077
2022-06-01,现金,0.0,0.0,3182.157,3095.0241,180,3431.1593555555555,,,False,,,,False,False,True,MAINLINE_RISE,True,5,0,0,False,,,,,,,,0,,,风电设备,1.276537535565769,1.276537535565769,17,0,False,0.02,1,CASH,,RESEARCH_POLICY_BLOCK_ENTRY_TOP1,0,5,equal_capital,0.1,False,1255080.9817069077
2022-06-02,现金,0.0,0.0,3195.458,3101.40905,180,3429.3110611111115,,,False,,,,False,False,True,MAINLINE_RISE,True,6,0,0,False,,,,,,,,0,,,风电设备,1.3251714005876591,1.3251714005876591,17,0,False,0.02,1,CASH,,RESEARCH_POLICY_BLOCK_ENTRY_TOP1,0,5,equal_capital,0.1,False,1255080.9817069077
2022-06-06,现金,0.0,0.0,3236.372,3113.1495999999997,180,3427.6023499999997,,,False,,,,False,False,True,MAINLINE_RISE,True,7,0,0,False,,,,,,,,0,,,储能,1.3969951510060707,1.3969951510060707,26,0,False,0.02,1,CASH,,RESEARCH_POLICY_BLOCK_ENTRY_TOP1,0,5,equal_capital,0.1,False,1255080.9817069077
2022-06-07,现金,0.0,0.0,3241.764,3125.03075,180,3425.7949222222223,,,False,,,,False,False,True,MAINLINE_RISE,True,8,0,0,False,,,,,,,,0,,,储能,1.3917574627148583,1.3917574627148583,27,0,False,0.02,1,CASH,,RESEARCH_POLICY_BLOCK_ENTRY_TOP1,0,5,equal_capital,0.1,False,1255080.9817069077
2022-06-08,现金,0.0,0.0,3263.793,3136.4282,180,3423.9435333333336,,,False,,,,False,False,True,MAINLINE_RISE,True,9,0,0,False,,,,,,,,0,,,储能,1.3304000395659057,1.3304000395659057,22,0,False,0.02,1,CASH,,RESEARCH_POLICY_BLOCK_ENTRY_TOP1,0,5,equal_capital,0.1,False,1255080.9817069077
2022-06-09,现金,0.0,0.0,3238.954,3145.44075,180,3422.0391999999997,,,False,,,,False,False,True,MAINLINE_RISE,True,10,0,0,False,,,,,,,,0,,,光伏,1.2319318009127849,1.2319318009127849,13,0,False,0.02,1,CASH,,RESEARCH_POLICY_BLOCK_ENTRY_TOP1,0,5,equal_capital,0.1,False,1255080.9817069077
2022-06-10,现金,0.0,0.0,3284.834,3156.93275,180,3420.1668388888893,,,False,,,,False,False,True,MAINLINE_RISE,True,11,0,0,False,,,,,,,,0,,,光伏,1.2718663534844836,1.2718663534844836,19,0,False,0.02,1,CASH,,RESEARCH_POLICY_BLOCK_ENTRY_TOP1,0,5,equal_capital,0.1,False,1255080.9817069077
2022-06-13,现金,0.0,0.0,3255.551,3165.49605,180,3417.82775,,,False,,,,False,False,True,MAINLINE_RISE,True,12,0,0,False,,,,,,,,0,,,储能,1.2671943865508872,1.2671943865508872,14,0,False,0.02,1,CASH,,RESEARCH_POLICY_BLOCK_ENTRY_TOP1,0,5,equal_capital,0.1,False,1255080.9817069077
2022-06-14,现金,0.0,0.0,3288.907,3176.25395,180,3415.6817500000006,,,False,,,,False,False,True,MAINLINE_RISE,True,13,0,0,False,,,,,,,,0,,,智能驾驶,1.2688971681859014,1.2688971681859014,13,0,False,0.02,1,CASH,,RESEARCH_POLICY_BLOCK_ENTRY_TOP1,0,5,equal_capital,0.1,False,1255080.9817069077
2022-06-15,现金,0.0,0.0,3305.407,3186.8394500000004,180,3413.527733333334,,,False,,,,False,False,True,MAINLINE_RISE,True,14,0,0,False,,,,,,,,0,,,光伏,1.1835446102594396,1.1835446102594396,13,0,False,0.02,1,CASH,,RESEARCH_POLICY_BLOCK_ENTRY_TOP1,0,5,equal_capital,0.1,False,1255080.9817069077
2022-06-16,现金,0.0,0.0,3285.385,3196.80985,180,3411.2070388888897,,,False,,,,False,False,True,MAINLINE_RISE,True,15,0,0,False,,,,,,,,0,,,光伏,1.2025595446291246,1.2025595446291246,14,0,False,0.02,1,CASH,,RESEARCH_POLICY_BLOCK_ENTRY_TOP1,0,5,equal_capital,0.1,False,1255080.9817069077
2022-06-17,现金,0.0,0.0,3316.786,3207.8008999999997,180,3408.992672222222,,,False,,,,False,False,True,MAINLINE_RISE,True,16,0,0,False,,,,,,,,0,,,光纤概念,1.21152289546716,1.21152289546716,17,0,False,0.02,1,CASH,,RESEARCH_POLICY_BLOCK_ENTRY_TOP1,0,5,equal_capital,0.1,False,1255080.9817069077
2022-06-20,现金,0.0,0.0,3315.43,3216.2440500000002,180,3407.0639388888885,,,False,,,,False,False,True,MAINLINE_RISE,True,17,0,0,False,,,,,,,,0,,,风电设备,1.2405646270709971,1.2405646270709971,15,0,False,0.02,1,CASH,,RESEARCH_POLICY_BLOCK_ENTRY_TOP1,0,5,equal_capital,0.1,False,1255080.9817069077
2022-06-21,现金,0.0,0.0,3306.719,3224.23715,180,3405.12225,,,False,,,,False,False,True,MAINLINE_RISE,True,18,0,0,False,,,,,,,,0,,,风电设备,1.2128956965718456,1.2128956965718456,18,0,False,0.02,1,CASH,,RESEARCH_POLICY_BLOCK_ENTRY_TOP1,0,5,equal_capital,0.1,False,1255080.9817069077
2022-06-22,现金,0.0,0.0,3267.202,3234.0509,180,3403.2339722222223,,,False,,,,False,False,True,MAINLINE_RISE,True,19,0,0,False,,,,,,,,0,,,储能,1.2841627404633822,1.2841627404633822,23,0,False,0.02,1,CASH,,RESEARCH_POLICY_BLOCK_ENTRY_TOP1,0,5,equal_capital,0.1,False,1255080.9817069077
2022-06-23,现金,0.0,0.0,3320.149,3244.6851500000002,180,3401.601655555556,,,False,,,,False,False,True,MAINLINE_RISE,True,20,0,0,False,,,,,,,,0,,,储能,1.3397008585283467,1.3397008585283467,23,0,False,0.02,1,CASH,,RESEARCH_POLICY_BLOCK_ENTRY_TOP1,0,5,equal_capital,0.1,False,1255080.9817069077
2022-06-24,现金,0.0,0.0,3349.747,3256.0171,180,3400.053083333333,,,False,,,,False,False,True,MAINLINE_RISE,True,21,0,0,False,,,,,,,,0,,,储能,1.3507118036806698,1.3507118036806698,25,0,False,0.02,1,CASH,,RESEARCH_POLICY_BLOCK_ENTRY_TOP1,0,5,equal_capital,0.1,False,1255080.9817069077
2022-06-27,现金,0.0,0.0,3379.185,3268.4644,180,3398.5917777777777,,,False,,,,False,False,True,MAINLINE_RISE,True,22,0,0,False,,,,,,,,0,,,储能,1.3531051349427055,1.3531051349427055,25,0,False,0.02,1,CASH,,RESEARCH_POLICY_BLOCK_ENTRY_TOP1,0,5,equal_capital,0.1,False,1255080.9817069077
2022-06-28,现金,0.0,0.0,3409.21,3281.4718500000004,180,3397.459238888889,,,False,,,,False,False,True,MAINLINE_RISE,True,23,0,0,False,,,,,,,,0,,,储能,1.3179042698867174,1.3179042698867174,26,0,False,0.02,1,CASH,,RESEARCH_POLICY_BLOCK_ENTRY_TOP1,0,5,equal_capital,0.1,False,1255080.9817069077
2022-06-29,现金,0.0,0.0,3361.518,3290.2264000000005,180,3396.229722222223,,,False,,,,False,False,True,MAINLINE_RISE,True,24,0,0,False,,,,,,,,0,,,储能,1.214797590106754,1.214797590106754,18,0,False,0.02,1,CASH,,RESEARCH_POLICY_BLOCK_ENTRY_TOP1,0,5,equal_capital,0.1,False,1255080.9817069077
2022-06-30,现金,0.0,0.0,3398.616,3301.04935,180,3395.0986000000003,,,False,,,,False,False,True,MAINLINE_RISE,True,25,0,0,False,,,,,,,,0,,,风电设备,1.2632661808829837,1.2632661808829837,23,0,False,0.02,1,CASH,,RESEARCH_POLICY_BLOCK_ENTRY_TOP1,0,5,equal_capital,0.1,False,1255080.9817069077
2022-07-01,现金,0.0,0.0,3387.637,3310.6583,180,3394.272727777778,,,False,,,,False,False,True,MAINLINE_RISE,True,26,0,0,False,,,,,,,,0,,,AI医疗,1.2551770095235546,1.2551770095235546,19,0,False,0.02,1,CASH,,RESEARCH_POLICY_BLOCK_ENTRY_TOP1,0,5,equal_capital,0.1,False,1255080.9817069077
2022-07-04,现金,0.0,0.0,3405.427,3319.1110500000004,180,3393.3686166666666,,,False,,,,False,False,True,MAINLINE_RISE,True,27,0,0,False,,,,,,,,0,,,AI医疗,1.261709503421335,1.261709503421335,16,0,False,0.02,1,CASH,,RESEARCH_POLICY_BLOCK_ENTRY_TOP1,0,5,equal_capital,0.1,False,1255080.9817069077
2022-07-05,现金,0.0,0.0,3404.025,3327.2241000000004,180,3392.3233833333334,,,False,,,,False,False,True,MAINLINE_RISE,True,28,0,0,False,,,,,,,,0,,,AI医疗,1.2451461664009476,1.2451461664009476,13,0,False,0.02,1,CASH,,RESEARCH_POLICY_BLOCK_ENTRY_TOP1,0,5,equal_capital,0.1,False,1255080.9817069077
2022-07-06,现金,0.0,0.0,3355.35,3331.80195,180,3391.0102777777774,,,False,,,,False,False,True,MAINLINE_RISE,True,29,0,0,False,,,,,,,,0,,,风电设备,1.2668963392432009,1.2668963392432009,5,0,False,0.02,1,CASH,,RESEARCH_POLICY_BLOCK_ENTRY_TOP1,0,5,equal_capital,0.1,False,1255080.9817069077
2022-07-07,现金,0.0,0.0,3364.398,3338.0741499999995,180,3389.996177777778,,,False,,,,False,False,True,MAINLINE_RISE,True,30,0,0,False,,,,,,,,0,,,风电设备,1.2960615013912393,1.2960615013912393,9,0,False,0.02,1,CASH,,RESEARCH_POLICY_BLOCK_ENTRY_TOP1,0,5,equal_capital,0.1,False,1255080.9817069077
2022-07-08,现金,0.0,0.0,3356.078,3341.6363499999998,180,3388.853488888889,,,False,,,,False,False,True,MAINLINE_RISE,True,31,0,0,False,,,,,,,,0,,,光纤概念,1.2361701025587901,1.2361701025587901,7,0,False,0.02,1,CASH,,RESEARCH_POLICY_BLOCK_ENTRY_TOP1,0,5,equal_capital,0.1,False,1255080.9817069077
2022-07-11,现金,0.0,0.0,3313.584,3344.5380000000005,180,3387.4940666666666,,,False,,,,False,False,False,MAINLINE_DECLINE,False,0,1,1,False,,,,,,,,0,,,风电设备,1.2321492843101969,1.2321492843101969,7,0,False,0.02,1,CASH,,ENTRY_GATE_CLOSED_OR_NO_CANDIDATE,0,5,equal_capital,0.1,False,1255080.9817069077
2022-07-12,现金,0.0,0.0,3281.467,3344.166,180,3385.877961111111,,,False,,,,False,False,False,MAINLINE_DECLINE,False,0,2,2,False,,,,,,,,0,,,风电设备,1.2982722292456805,1.2982722292456805,8,0,False,0.02,1,CASH,,ENTRY_GATE_CLOSED_OR_NO_CANDIDATE,0,5,equal_capital,0.1,False,1255080.9817069077
2022-07-13,现金,0.0,0.0,3284.292,3343.11025,180,3384.3010388888893,,,False,,,,False,False,False,MAINLINE_DECLINE,False,0,3,3,False,,,,,,,,0,,,风电设备,1.414563806777217,1.414563806777217,8,0,False,0.02,1,CASH,,ENTRY_GATE_CLOSED_OR_NO_CANDIDATE,0,5,equal_capital,0.1,False,1255080.9817069077
2022-07-14,现金,0.0,0.0,3281.744,3342.9282,180,3382.5709888888887,,,False,,,,False,False,False,MAINLINE_DECLINE,False,0,4,4,False,,,,,,,,0,,,风电设备,1.3600291226792864,1.3600291226792864,7,0,False,0.02,1,CASH,,ENTRY_GATE_CLOSED_OR_NO_CANDIDATE,0,5,equal_capital,0.1,False,1255080.9817069077
2022-07-15,现金,0.0,0.0,3228.061,3338.4919500000005,180,3380.5768777777785,,,False,,,,False,False,False,MAINLINE_DECLINE,False,0,5,5,False,,,,,,,,0,,,风电设备,1.3276095327297326,1.3276095327297326,8,0,False,0.02,1,CASH,,ENTRY_GATE_CLOSED_OR_NO_CANDIDATE,0,5,equal_capital,0.1,False,1255080.9817069077
2022-07-18,现金,0.0,0.0,3278.103,3336.6256000000003,180,3378.8175444444446,,,False,,,,False,False,False,MAINLINE_DECLINE,False,0,6,6,False,,,,,,,,0,,,风电设备,1.2332336917217104,1.2332336917217104,9,0,False,0.02,1,CASH,,ENTRY_GATE_CLOSED_OR_NO_CANDIDATE,0,5,equal_capital,0.1,False,1255080.9817069077
2022-07-19,现金,0.0,0.0,3279.431,3335.2612,180,3377.13325,,,False,,,,False,False,False,MAINLINE_DECLINE,False,0,7,7,False,,,,,,,,0,,,汽车零部件,1.2319981342195792,1.2319981342195792,8,0,False,0.02,1,CASH,,ENTRY_GATE_CLOSED_OR_NO_CANDIDATE,0,5,equal_capital,0.1,False,1255080.9817069077
2022-07-20,现金,0.0,0.0,3304.724,3337.1373,180,3375.4380333333334,,,False,,,,False,False,False,MAINLINE_DECLINE,False,0,8,8,False,,,,,,,,0,,,光纤概念,1.2665542168674697,1.2665542168674697,6,0,False,0.02,1,CASH,,ENTRY_GATE_CLOSED_OR_NO_CANDIDATE,0,5,equal_capital,0.1,False,1255080.9817069077
2022-07-21,现金,0.0,0.0,3272.001,3334.7299,180,3373.628938888889,,,False,,,,False,False,False,MAINLINE_DECLINE,False,0,9,9,False,,,,,,,,0,,,光纤概念,1.1958316670979274,1.1958316670979274,5,0,False,0.02,1,CASH,,ENTRY_GATE_CLOSED_OR_NO_CANDIDATE,0,5,equal_capital,0.1,False,1255080.9817069077
2022-07-22,现金,0.0,0.0,3269.974,3330.74125,180,3372.0048777777774,,,False,,,,False,False,False,MAINLINE_DECLINE,False,0,10,10,False,,,,,,,,0,,,风电设备,1.1432590643009484,1.1432590643009484,5,0,False,0.02,1,CASH,,ENTRY_GATE_CLOSED_OR_NO_CANDIDATE,0,5,equal_capital,0.1,False,1255080.9817069077
2022-07-25,现金,0.0,0.0,3250.388,3324.3014000000003,180,3370.5158277777773,,,False,,,,False,False,False,MAINLINE_DECLINE,False,0,11,11,False,,,,,,,,0,,,低空经济,1.123218116158462,1.123218116158462,1,0,False,0.02,1,CASH,,ENTRY_GATE_CLOSED_OR_NO_CANDIDATE,0,5,equal_capital,0.1,False,1255080.9817069077
2022-07-26,现金,0.0,0.0,3277.436,3317.7127,180,3369.0163833333336,,,False,,,,False,False,False,BROAD_DECLINE_OR_NO_LEADER,False,0,12,12,False,,,,,,,,0,,,,,,0,0,False,0.02,1,CASH,,ENTRY_GATE_CLOSED_OR_NO_CANDIDATE,0,5,equal_capital,0.1,False,1255080.9817069077
2022-07-27,现金,0.0,0.0,3275.755,3313.4245499999997,180,3367.523466666666,,,False,,,,False,False,False,MAINLINE_DECLINE,False,0,13,13,False,,,,,,,,0,,,汽车零部件,1.232109601165342,1.232109601165342,3,0,False,0.02,1,CASH,,ENTRY_GATE_CLOSED_OR_NO_CANDIDATE,0,5,equal_capital,0.1,False,1255080.9817069077
2022-07-28,现金,0.0,0.0,3282.576,3307.62255,180,3366.284288888889,,,False,,,,False,False,False,MAINLINE_DECLINE,False,0,14,14,False,,,,,,,,0,,,汽车零部件,1.2286160325297704,1.2286160325297704,4,0,False,0.02,1,CASH,,ENTRY_GATE_CLOSED_OR_NO_CANDIDATE,0,5,equal_capital,0.1,False,1255080.9817069077
2022-07-29,现金,0.0,0.0,3253.238,3300.9026,180,3364.921516666667,,,False,,,,False,False,False,MAINLINE_DECLINE,False,0,15,15,False,,,,,,,,0,,,汽车零部件,1.2794668291022449,1.2794668291022449,6,0,False,0.02,1,CASH,,ENTRY_GATE_CLOSED_OR_NO_CANDIDATE,0,5,equal_capital,0.1,False,1255080.9817069077
2022-08-01,现金,0.0,0.0,3259.959,3293.6292000000003,180,3363.4387,,,False,,,,False,False,False,MAINLINE_DECLINE,False,0,16,16,False,,,,,,,,0,,,汽车零部件,1.238034360168824,1.238034360168824,8,0,False,0.02,1,CASH,,ENTRY_GATE_CLOSED_OR_NO_CANDIDATE,0,5,equal_capital,0.1,False,1255080.9817069077
2022-08-02,现金,0.0,0.0,3186.266,3282.74125,180,3361.7425777777776,,,False,,,,False,False,False,MAINLINE_DECLINE,False,0,17,17,False,,,,,,,,0,,,汽车零部件,1.2517952115753097,1.2517952115753097,7,0,False,0.02,1,CASH,,ENTRY_GATE_CLOSED_OR_NO_CANDIDATE,0,5,equal_capital,0.1,False,1255080.9817069077
2022-08-03,现金,0.0,0.0,3163.674,3273.1574499999997,180,3359.881705555555,,,False,,,,False,False,False,MAINLINE_DECLINE,False,0,18,18,False,,,,,,,,0,,,汽车零部件,1.1964438426453818,1.1964438426453818,5,0,False,0.02,1,CASH,,ENTRY_GATE_CLOSED_OR_NO_CANDIDATE,0,5,equal_capital,0.1,False,1255080.9817069077
2022-08-04,现金,0.0,0.0,3189.039,3264.3895,180,3358.115244444444,,,False,,,,False,False,False,MAINLINE_DECLINE,False,0,19,19,False,,,,,,,,0,,,CPO,1.135739400206825,1.135739400206825,4,0,False,0.02,1,CASH,,ENTRY_GATE_CLOSED_OR_NO_CANDIDATE,0,5,equal_capital,0.1,False,1255080.9817069077
2022-08-05,现金,0.0,0.0,3227.027,3257.9369500000003,180,3356.640605555556,,,False,,,,False,False,False,MAINLINE_DECLINE,False,0,20,20,False,,,,,,,,0,,,汽车零部件,1.1905126382738322,1.1905126382738322,5,0,False,0.02,1,CASH,,ENTRY_GATE_CLOSED_OR_NO_CANDIDATE,0,5,equal_capital,0.1,False,1255080.9817069077
2022-08-08,现金,0.0,0.0,3236.934,3254.10445,180,3354.996983333333,,,False,,,,False,False,False,MAINLINE_DECLINE,False,0,21,21,False,,,,,,,,0,,,CPO,1.19808918537848,1.19808918537848,4,0,False,0.02,1,CASH,,ENTRY_GATE_CLOSED_OR_NO_CANDIDATE,0,5,equal_capital,0.1,False,1255080.9817069077
2022-08-09,现金,0.0,0.0,3247.432,3252.4027,180,3353.3766055555557,,,False,,,,False,False,False,MAINLINE_DECLINE,False,0,22,22,False,,,,,,,,0,,,CPO,1.2285664887294419,1.2285664887294419,4,0,False,0.02,1,CASH,,ENTRY_GATE_CLOSED_OR_NO_CANDIDATE,0,5,equal_capital,0.1,False,1255080.9817069077
2022-08-10,现金,0.0,0.0,3230.02,3249.6891000000005,180,3351.6917000000003,,,False,,,,False,False,False,MAINLINE_DECLINE,False,0,23,23,False,,,,,,,,0,,,半导体设备,1.2413713191768054,1.2413713191768054,3,0,False,0.02,1,CASH,,ENTRY_GATE_CLOSED_OR_NO_CANDIDATE,0,5,equal_capital,0.1,False,1255080.9817069077
2022-08-11,现金,0.0,0.0,3281.665,3249.68515,180,3350.3576888888892,,,False,,,,False,False,True,NO_MAINLINE_ROTATION,False,0,24,0,False,,,,,,,,0,,,CPO,1.2659404776896275,1.2659404776896275,6,0,False,0.02,1,CASH,,RESEARCH_POLICY_BLOCK_ENTRY_TOP1,0,5,equal_capital,0.1,False,1255080.9817069077
2022-08-12,现金,0.0,0.0,3276.888,3252.1265000000003,180,3348.9105888888885,,,False,,,,False,False,True,NO_MAINLINE_ROTATION,False,0,25,0,False,,,,,,,,0,,,CPO,1.2263523407103711,1.2263523407103711,10,0,False,0.02,1,CASH,,RESEARCH_POLICY_BLOCK_ENTRY_TOP1,0,5,equal_capital,0.1,False,1255080.9817069077
2022-08-15,现金,0.0,0.0,3276.087,3252.0257,180,3347.5515666666665,,,False,,,,False,False,True,NO_MAINLINE_ROTATION,False,0,26,0,False,,,,,,,,0,,,半导体设备,1.2152421638069135,1.2152421638069135,3,0,False,0.02,1,CASH,,RESEARCH_POLICY_BLOCK_ENTRY_TOP1,0,5,equal_capital,0.1,False,1255080.9817069077
2022-08-16,现金,0.0,0.0,3277.885,3251.9484,180,3345.9821888888887,,,False,,,,False,False,True,NO_MAINLINE_ROTATION,False,0,27,0,False,,,,,,,,0,,,半导体设备,1.2212654978991164,1.2212654978991164,3,0,False,0.02,1,CASH,,RESEARCH_POLICY_BLOCK_ENTRY_TOP1,0,5,equal_capital,0.1,False,1255080.9817069077
2022-08-17,现金,0.0,0.0,3292.526,3251.3385000000003,180,3344.3735555555554,,,False,,,,False,False,True,MAINLINE_RISE,True,1,0,0,False,,,,,,,,0,,,半导体设备,1.2127848036454867,1.2127848036454867,3,0,False,0.02,1,CASH,,RESEARCH_POLICY_BLOCK_ENTRY_TOP1,0,5,equal_capital,0.1,False,1255080.9817069077
2022-08-18,现金,0.0,0.0,3277.544,3251.6156499999997,180,3342.6427499999995,,,False,,,,False,False,True,MAINLINE_RISE,True,2,0,0,False,,,,,,,,0,,,消费电子,1.1807660287350157,1.1807660287350157,6,0,False,0.02,1,CASH,,RESEARCH_POLICY_BLOCK_ENTRY_TOP1,0,5,equal_capital,0.1,False,1255080.9817069077
2022-08-19,现金,0.0,0.0,3258.078,3251.02085,180,3340.783722222222,,,False,,,,False,False,True,NO_MAINLINE_ROTATION,False,0,1,0,False,,,,,,,,0,,,消费电子,1.1828671786940683,1.1828671786940683,5,0,False,0.02,1,CASH,,RESEARCH_POLICY_BLOCK_ENTRY_TOP1,0,5,equal_capital,0.1,False,1255080.9817069077
2022-08-22,现金,0.0,0.0,3277.794,3252.39115,180,3339.081583333333,,,False,,,,False,False,True,MAINLINE_RISE,True,1,0,0,False,,,,,,,,0,,,消费电子,1.22951508798442,1.22951508798442,6,0,False,0.02,1,CASH,,RESEARCH_POLICY_BLOCK_ENTRY_TOP1,0,5,equal_capital,0.1,False,1255080.9817069077
2022-08-23,现金,0.0,0.0,3276.223,3252.3305,180,3337.4823277777773,,,False,,,,False,False,True,MAINLINE_RISE,True,2,0,0,False,,,,,,,,0,,,消费电子,1.2118017741782001,1.2118017741782001,6,0,False,0.02,1,CASH,,RESEARCH_POLICY_BLOCK_ENTRY_TOP1,0,5,equal_capital,0.1,False,1255080.9817069077
2022-08-24,现金,0.0,0.0,3215.203,3249.3028999999997,180,3335.551805555556,,,False,,,,False,False,False,MAINLINE_DECLINE,False,0,1,1,False,,,,,,,,0,,,消费电子,1.1610081044526568,1.1610081044526568,5,0,False,0.02,1,CASH,,ENTRY_GATE_CLOSED_OR_NO_CANDIDATE,0,5,equal_capital,0.1,False,1255080.9817069077
2022-08-25,现金,0.0,0.0,3246.248,3247.4865,180,3333.7871444444445,,,False,,,,False,False,False,MAINLINE_DECLINE,False,0,2,2,False,,,,,,,,0,,,煤炭,1.1647997199579938,1.1647997199579938,4,0,False,0.02,1,CASH,,ENTRY_GATE_CLOSED_OR_NO_CANDIDATE,0,5,equal_capital,0.1,False,1255080.9817069077
2022-08-26,现金,0.0,0.0,3236.223,3246.63575,180,3331.8945777777776,,,False,,,,False,False,False,MAINLINE_DECLINE,False,0,3,3,False,,,,,,,,0,,,煤炭,1.1698242933537055,1.1698242933537055,3,0,False,0.02,1,CASH,,ENTRY_GATE_CLOSED_OR_NO_CANDIDATE,0,5,equal_capital,0.1,False,1255080.9817069077
2022-08-29,现金,0.0,0.0,3240.728,3245.6742,180,3330.0439777777774,,,False,,,,False,False,False,MAINLINE_DECLINE,False,0,4,4,False,,,,,,,,0,,,煤炭,1.1749306821871952,1.1749306821871952,3,0,False,0.02,1,CASH,,ENTRY_GATE_CLOSED_OR_NO_CANDIDATE,0,5,equal_capital,0.1,False,1255080.9817069077
2022-08-30,现金,0.0,0.0,3227.22,3247.7219,180,3327.931688888889,,,False,,,,False,False,False,MAINLINE_DECLINE,False,0,5,5,False,,,,,,,,0,,,煤炭,1.153426911409327,1.153426911409327,3,0,False,0.02,1,CASH,,ENTRY_GATE_CLOSED_OR_NO_CANDIDATE,0,5,equal_capital,0.1,False,1255080.9817069077
2022-08-31,现金,0.0,0.0,3202.138,3249.6451,180,3325.7807555555555,,,False,,,,False,False,False,MAINLINE_DECLINE,False,0,6,6,False,,,,,,,,0,,,电力,1.1564915576283628,1.1564915576283628,5,0,False,0.02,1,CASH,,ENTRY_GATE_CLOSED_OR_NO_CANDIDATE,0,5,equal_capital,0.1,False,1255080.9817069077
2022-09-01,现金,0.0,0.0,3184.98,3249.44215,180,3323.5023777777774,,,False,,,,False,False,False,MAINLINE_DECLINE,False,0,7,7,False,,,,,,,,0,,,煤炭,1.174411948376353,1.174411948376353,2,0,False,0.02,1,CASH,,ENTRY_GATE_CLOSED_OR_NO_CANDIDATE,0,5,equal_capital,0.1,False,1255080.9817069077
2022-09-02,现金,0.0,0.0,3186.478,3247.4147000000003,180,3320.9963222222223,,,False,,,,False,False,False,MAINLINE_DECLINE,False,0,8,8,False,,,,,,,,0,,,煤炭,1.1776973321791142,1.1776973321791142,2,0,False,0.02,1,CASH,,ENTRY_GATE_CLOSED_OR_NO_CANDIDATE,0,5,equal_capital,0.1,False,1255080.9817069077
2022-09-05,现金,0.0,0.0,3199.912,3245.5636,180,3318.367827777777,,,False,,,,False,False,False,MAINLINE_DECLINE,False,0,9,9,False,,,,,,,,0,,,电力,1.1306345531287139,1.1306345531287139,1,0,False,0.02,1,CASH,,ENTRY_GATE_CLOSED_OR_NO_CANDIDATE,0,5,equal_capital,0.1,False,1255080.9817069077
2022-09-06,现金,0.0,0.0,3243.447,3245.36435,180,3316.0183777777775,,,False,,,,False,False,False,MAINLINE_DECLINE,False,0,10,10,False,,,,,,,,0,,,煤炭,1.1906987039177592,1.1906987039177592,3,0,False,0.02,1,CASH,,ENTRY_GATE_CLOSED_OR_NO_CANDIDATE,0,5,equal_capital,0.1,False,1255080.9817069077
2022-09-07,现金,0.0,0.0,3246.294,3246.1780499999995,180,3313.602888888889,,,False,,,,False,False,True,NO_MAINLINE_ROTATION,False,0,11,0,False,,,,,,,,0,,,煤炭,1.1982833255002845,1.1982833255002845,4,0,False,0.02,1,CASH,,RESEARCH_POLICY_BLOCK_ENTRY_TOP1,0,5,equal_capital,0.1,False,1255080.9817069077
2022-09-08,现金,0.0,0.0,3235.586,3243.8741,180,3311.2365611111113,,,False,,,,False,False,False,MAINLINE_DECLINE,False,0,12,1,False,,,,,,,,0,,,煤炭,1.1766235678009767,1.1766235678009767,3,0,False,0.02,1,CASH,,ENTRY_GATE_CLOSED_OR_NO_CANDIDATE,0,5,equal_capital,0.1,False,1255080.9817069077
2022-09-09,现金,0.0,0.0,3262.054,3243.1323999999995,180,3309.094472222222,,,False,,,,False,False,True,NO_MAINLINE_ROTATION,False,0,13,0,False,,,,,,,,0,,,煤炭,1.1498226950354609,1.1498226950354609,4,0,False,0.02,1,CASH,,RESEARCH_POLICY_BLOCK_ENTRY_TOP1,0,5,equal_capital,0.1,False,1255080.9817069077
2022-09-13,现金,0.0,0.0,3263.797,3242.5179,180,3306.8099222222227,,,False,,,,False,False,True,NO_MAINLINE_ROTATION,False,0,14,0,False,,,,,,,,0,,,家用电器,1.1250664295896018,1.1250664295896018,5,0,False,0.02,1,CASH,,RESEARCH_POLICY_BLOCK_ENTRY_TOP1,0,5,equal_capital,0.1,False,1255080.9817069077
2022-09-14,现金,0.0,0.0,3237.542,3240.50075,180,3304.616466666667,,,False,,,,False,False,False,MAINLINE_DECLINE,False,0,15,1,False,,,,,,,,0,,,家用电器,1.1204910128228263,1.1204910128228263,2,0,False,0.02,1,CASH,,ENTRY_GATE_CLOSED_OR_NO_CANDIDATE,0,5,equal_capital,0.1,False,1255080.9817069077
2022-09-15,现金,0.0,0.0,3199.919,3235.8704,180,3302.429338888889,,,False,,,,False,False,False,MAINLINE_DECLINE,False,0,16,2,False,,,,,,,,0,,,家用电器,1.1162960884393685,1.1162960884393685,2,0,False,0.02,1,CASH,,ENTRY_GATE_CLOSED_OR_NO_CANDIDATE,0,5,equal_capital,0.1,False,1255080.9817069077
2022-09-16,现金,0.0,0.0,3126.398,3228.3131000000003,180,3299.6586333333335,,,False,,,,False,False,False,MAINLINE_DECLINE,False,0,17,3,False,,,,,,,,0,,,家用电器,1.1122872777189279,1.1122872777189279,2,0,False,0.02,1,CASH,,ENTRY_GATE_CLOSED_OR_NO_CANDIDATE,0,5,equal_capital,0.1,False,1255080.9817069077
2022-09-19,现金,0.0,0.0,3115.602,3221.1893,180,3296.841877777778,,,False,,,,False,False,False,MAINLINE_DECLINE,False,0,18,4,False,,,,,,,,0,,,家用电器,1.1110140880058115,1.1110140880058115,2,0,False,0.02,1,CASH,,ENTRY_GATE_CLOSED_OR_NO_CANDIDATE,0,5,equal_capital,0.1,False,1255080.9817069077
2022-09-20,现金,0.0,0.0,3122.406,3213.4199,180,3293.9478055555555,,,False,,,,False,False,False,MAINLINE_DECLINE,False,0,19,5,False,,,,,,,,0,,,家用电器,1.1043781674215232,1.1043781674215232,1,0,False,0.02,1,CASH,,ENTRY_GATE_CLOSED_OR_NO_CANDIDATE,0,5,equal_capital,0.1,False,1255080.9817069077
2022-09-21,现金,0.0,0.0,3117.177,3205.4676,180,3291.1651555555554,,,False,,,,False,False,False,MAINLINE_DECLINE,False,0,20,6,False,,,,,,,,0,,,家用电器,1.1091419319749816,1.1091419319749816,1,0,False,0.02,1,CASH,,ENTRY_GATE_CLOSED_OR_NO_CANDIDATE,0,5,equal_capital,0.1,False,1255080.9817069077
2022-09-22,现金,0.0,0.0,3108.91,3200.15295,180,3288.348133333334,,,False,,,,False,False,False,MAINLINE_DECLINE,False,0,21,7,False,,,,,,,,0,,,信创,1.100724218573189,1.100724218573189,1,0,False,0.02,1,CASH,,ENTRY_GATE_CLOSED_OR_NO_CANDIDATE,0,5,equal_capital,0.1,False,1255080.9817069077
2022-09-23,现金,0.0,0.0,3088.37,3192.2590499999997,180,3285.338455555556,,,False,,,,False,False,False,MAINLINE_DECLINE,False,0,22,8,False,,,,,,,,0,,,信创,1.1155343673301552,1.1155343673301552,1,0,False,0.02,1,CASH,,ENTRY_GATE_CLOSED_OR_NO_CANDIDATE,0,5,equal_capital,0.1,False,1255080.9817069077
2022-09-26,现金,0.0,0.0,3051.226,3183.0092,180,3282.3063777777775,,,False,,,,False,False,False,BROAD_DECLINE_OR_NO_LEADER,False,0,23,9,False,,,,,,,,0,,,,,,0,0,False,0.02,1,CASH,,ENTRY_GATE_CLOSED_OR_NO_CANDIDATE,0,5,equal_capital,0.1,False,1255080.9817069077
2022-09-27,现金,0.0,0.0,3093.862,3175.6659,180,3279.3878944444446,,,False,,,,False,False,False,BROAD_DECLINE_OR_NO_LEADER,False,0,24,10,False,,,,,,,,0,,,,,,0,0,False,0.02,1,CASH,,ENTRY_GATE_CLOSED_OR_NO_CANDIDATE,0,5,equal_capital,0.1,False,1255080.9817069077
2022-09-28,现金,0.0,0.0,3045.067,3166.55825,180,3276.083961111111,,,False,,,,False,False,False,BROAD_DECLINE_OR_NO_LEADER,False,0,25,11,False,,,,,,,,0,,,,,,0,0,False,0.02,1,CASH,,ENTRY_GATE_CLOSED_OR_NO_CANDIDATE,0,5,equal_capital,0.1,False,1255080.9817069077
2022-09-29,现金,0.0,0.0,3041.205,3158.5116,180,3272.7999388888893,,,False,,,,False,False,False,BROAD_DECLINE_OR_NO_LEADER,False,0,26,12,False,,,,,,,,0,,,,,,0,0,False,0.02,1,CASH,,ENTRY_GATE_CLOSED_OR_NO_CANDIDATE,0,5,equal_capital,0.1,False,1255080.9817069077
2022-09-30,现金,0.0,0.0,3024.391,3150.4821500000003,180,3269.6289111111114,,,False,,,,False,False,False,BROAD_DECLINE_OR_NO_LEADER,False,0,27,13,False,,,,,,,,0,,,,,,0,0,False,0.02,1,CASH,,ENTRY_GATE_CLOSED_OR_NO_CANDIDATE,0,5,equal_capital,0.1,False,1255080.9817069077
2022-10-10,现金,0.0,0.0,2974.145,3139.8655,180,3266.229277777778,,,False,,,,False,False,False,BROAD_DECLINE_OR_NO_LEADER,False,0,28,14,False,,,,,,,,0,,,,,,0,0,False,0.02,1,CASH,,ENTRY_GATE_CLOSED_OR_NO_CANDIDATE,0,5,equal_capital,0.1,False,1255080.9817069077
2022-10-11,现金,0.0,0.0,2979.793,3128.85955,180,3262.897333333333,,,False,,,,False,False,False,BROAD_DECLINE_OR_NO_LEADER,False,0,29,15,False,,,,,,,,0,,,,,,0,0,False,0.02,1,CASH,,ENTRY_GATE_CLOSED_OR_NO_CANDIDATE,0,5,equal_capital,0.1,False,1255080.9817069077
2022-10-12,现金,0.0,0.0,3025.506,3117.9625,180,3259.7417055555557,,,False,,,,False,False,False,BROAD_DECLINE_OR_NO_LEADER,False,0,30,16,False,,,,,,,,0,,,,,,0,0,False,0.02,1,CASH,,ENTRY_GATE_CLOSED_OR_NO_CANDIDATE,0,5,equal_capital,0.1,False,1255080.9817069077
2022-10-13,现金,0.0,0.0,3016.356,3106.4656000000004,180,3256.6801222222225,,,False,,,,False,False,False,MAINLINE_DECLINE,False,0,31,17,False,,,,,,,,0,,,信创,1.201836003582446,1.201836003582446,1,0,False,0.02,1,CASH,,ENTRY_GATE_CLOSED_OR_NO_CANDIDATE,0,5,equal_capital,0.1,False,1255080.9817069077
2022-10-14,现金,0.0,0.0,3071.987,3098.28565,180,3253.760983333333,,,False,,,,False,False,False,MAINLINE_DECLINE,False,0,32,18,False,,,,,,,,0,,,信创,1.2406877878435143,1.2406877878435143,1,0,False,0.02,1,CASH,,ENTRY_GATE_CLOSED_OR_NO_CANDIDATE,0,5,equal_capital,0.1,False,1255080.9817069077
2022-10-17,现金,0.0,0.0,3084.942,3089.43005,180,3251.148111111111,,,False,,,,False,False,False,MAINLINE_DECLINE,False,0,33,19,False,,,,,,,,0,,,信创,1.271612346697671,1.271612346697671,1,0,False,0.02,1,CASH,,ENTRY_GATE_CLOSED_OR_NO_CANDIDATE,0,5,equal_capital,0.1,False,1255080.9817069077
2022-10-18,现金,0.0,0.0,3080.957,3080.28805,180,3248.702005555555,,,False,,,,False,False,True,NO_MAINLINE_ROTATION,False,0,34,0,False,,,,,,,,0,,,信创,1.237080421301309,1.237080421301309,1,0,False,0.02,1,CASH,,RESEARCH_POLICY_BLOCK_ENTRY_TOP1,0,5,equal_capital,0.1,False,1255080.9817069077
2022-10-19,现金,0.0,0.0,3044.378,3070.6298500000003,180,3245.9392944444444,,,False,,,,False,False,False,MAINLINE_DECLINE,False,0,35,1,False,,,,,,,,0,,,信创,1.207080066524115,1.207080066524115,2,0,False,0.02,1,CASH,,ENTRY_GATE_CLOSED_OR_NO_CANDIDATE,0,5,equal_capital,0.1,False,1255080.9817069077
2022-10-20,现金,0.0,0.0,3035.05,3062.3864000000003,180,3242.967827777778,,,False,,,,False,False,False,MAINLINE_DECLINE,False,0,36,2,False,,,,,,,,0,,,信创,1.2312187076633094,1.2312187076633094,2,0,False,0.02,1,CASH,,ENTRY_GATE_CLOSED_OR_NO_CANDIDATE,0,5,equal_capital,0.1,False,1255080.9817069077
2022-10-21,现金,0.0,0.0,3038.929,3058.01295,180,3240.0831000000007,,,False,,,,False,False,False,MAINLINE_DECLINE,False,0,37,3,False,,,,,,,,0,,,信创,1.2261373424164124,1.2261373424164124,4,0,False,0.02,1,CASH,,ENTRY_GATE_CLOSED_OR_NO_CANDIDATE,0,5,equal_capital,0.1,False,1255080.9817069077
2022-10-24,现金,0.0,0.0,2977.555,3051.1106,180,3236.874722222222,,,False,,,,False,False,False,MAINLINE_DECLINE,False,0,38,4,False,,,,,,,,0,,,信创,1.3047781059987817,1.3047781059987817,4,0,False,0.02,1,CASH,,ENTRY_GATE_CLOSED_OR_NO_CANDIDATE,0,5,equal_capital,0.1,False,1255080.9817069077
2022-10-25,现金,0.0,0.0,2976.283,3043.80445,180,3233.839805555556,,,False,,,,False,False,False,MAINLINE_DECLINE,False,0,39,5,False,,,,,,,,0,,,信创,1.2639248327154882,1.2639248327154882,4,0,False,0.02,1,CASH,,ENTRY_GATE_CLOSED_OR_NO_CANDIDATE,0,5,equal_capital,0.1,False,1255080.9817069077
2022-10-26,现金,0.0,0.0,2999.504,3037.9208000000003,180,3230.9253555555556,,,False,,,,False,False,False,MAINLINE_DECLINE,False,0,40,6,False,,,,,,,,0,,,信创,1.3880350671562358,1.3880350671562358,5,0,False,0.02,1,CASH,,ENTRY_GATE_CLOSED_OR_NO_CANDIDATE,0,5,equal_capital,0.1,False,1255080.9817069077
2022-10-27,现金,0.0,0.0,2982.903,3031.62045,180,3228.424477777778,,,False,,,,False,False,False,MAINLINE_DECLINE,False,0,41,7,False,,,,,,,,0,,,信创,1.3270775029984578,1.3270775029984578,4,0,False,0.02,1,CASH,,ENTRY_GATE_CLOSED_OR_NO_CANDIDATE,0,5,equal_capital,0.1,False,1255080.9817069077
2022-10-28,现金,0.0,0.0,2915.926,3022.99825,180,3225.425911111111,,,False,,,,False,False,False,MAINLINE_DECLINE,False,0,42,8,False,,,,,,,,0,,,信创,1.3424065797355205,1.3424065797355205,3,0,False,0.02,1,CASH,,ENTRY_GATE_CLOSED_OR_NO_CANDIDATE,0,5,equal_capital,0.1,False,1255080.9817069077
2022-10-31,现金,0.0,0.0,2893.483,3015.1111,180,3222.643888888889,,,False,,,,False,False,False,MAINLINE_DECLINE,False,0,43,9,False,,,,,,,,0,,,信创,1.4879302530830332,1.4879302530830332,7,0,False,0.02,1,CASH,,ENTRY_GATE_CLOSED_OR_NO_CANDIDATE,0,5,equal_capital,0.1,False,1255080.9817069077
2022-11-01,现金,0.0,0.0,2969.2,3008.8779999999997,180,3220.464777777778,,,False,,,,False,False,False,MAINLINE_DECLINE,False,0,44,10,False,,,,,,,,0,,,信创,1.4398497962174293,1.4398497962174293,8,0,False,0.02,1,CASH,,ENTRY_GATE_CLOSED_OR_NO_CANDIDATE,0,5,equal_capital,0.1,False,1255080.9817069077
2022-11-02,现金,0.0,0.0,3003.37,3006.79315,180,3218.096938888889,,,False,,,,False,False,False,MAINLINE_DECLINE,False,0,45,11,False,,,,,,,,0,,,信创,1.4757247313850421,1.4757247313850421,10,0,False,0.02,1,CASH,,ENTRY_GATE_CLOSED_OR_NO_CANDIDATE,0,5,equal_capital,0.1,False,1255080.9817069077
2022-11-03,现金,0.0,0.0,2997.806,3004.6232,180,3215.570144444444,,,False,,,,False,False,False,MAINLINE_DECLINE,False,0,46,12,False,,,,,,,,0,,,信创,1.372762893148364,1.372762893148364,11,0,False,0.02,1,CASH,,ENTRY_GATE_CLOSED_OR_NO_CANDIDATE,0,5,equal_capital,0.1,False,1255080.9817069077
2022-11-04,现金,0.0,0.0,3070.796,3006.9434499999998,180,3213.297088888889,,,False,,,,False,False,True,NO_MAINLINE_ROTATION,False,0,47,0,False,,,,,,,,0,,,信创,1.4149151318165403,1.4149151318165403,17,0,False,0.02,1,CASH,,RESEARCH_POLICY_BLOCK_ENTRY_TOP1,0,5,equal_capital,0.1,False,1255080.9817069077
2022-11-07,现金,0.0,0.0,3077.817,3012.12705,180,3211.029922222222,,,False,,,,False,False,True,NO_MAINLINE_ROTATION,False,0,48,0,False,,,,,,,,0,,,信创,1.4328932826485625,1.4328932826485625,19,0,False,0.02,1,CASH,,RESEARCH_POLICY_BLOCK_ENTRY_TOP1,0,5,equal_capital,0.1,False,1255080.9817069077
2022-11-08,现金,0.0,0.0,3064.493,3016.3620499999997,180,3208.816283333333,,,False,,,,False,False,True,MAINLINE_RISE,True,1,0,0,False,,,,,,,,0,,,云计算,1.4117037964315242,1.4117037964315242,18,0,False,0.02,1,CASH,,RESEARCH_POLICY_BLOCK_ENTRY_TOP1,0,5,equal_capital,0.1,False,1255080.9817069077
2022-11-09,现金,0.0,0.0,3048.168,3017.49515,180,3206.701205555556,,,False,,,,False,False,True,MAINLINE_RISE,True,2,0,0,False,,,,,,,,0,,,网络安全,1.3021909577196455,1.3021909577196455,13,0,False,0.02,1,CASH,,RESEARCH_POLICY_BLOCK_ENTRY_TOP1,0,5,equal_capital,0.1,False,1255080.9817069077
2022-11-10,现金,0.0,0.0,3036.132,3018.4839500000003,180,3204.4236666666666,,,False,,,,False,False,True,MAINLINE_RISE,True,3,0,0,False,,,,,,,,0,,,网络安全,1.2496036926519953,1.2496036926519953,7,0,False,0.02,1,CASH,,RESEARCH_POLICY_BLOCK_ENTRY_TOP1,0,5,equal_capital,0.1,False,1255080.9817069077
2022-11-11,现金,0.0,0.0,3087.293,3019.24925,180,3202.3206777777773,,,False,,,,False,False,True,MAINLINE_RISE,True,4,0,0,False,,,,,,,,0,,,网络安全,1.2140773242057383,1.2140773242057383,6,0,False,0.02,1,CASH,,RESEARCH_POLICY_BLOCK_ENTRY_TOP1,0,5,equal_capital,0.1,False,1255080.9817069077
2022-11-14,现金,0.0,0.0,3083.401,3019.1722,180,3200.1838222222227,,,False,,,,False,False,True,MAINLINE_RISE,True,5,0,0,False,,,,,,,,0,,,大数据,1.1857326854399624,1.1857326854399624,5,0,False,0.02,1,CASH,,RESEARCH_POLICY_BLOCK_ENTRY_TOP1,0,5,equal_capital,0.1,False,1255080.9817069077
2022-11-15,现金,0.0,0.0,3134.078,3021.8282499999996,180,3198.2022722222223,,,False,,,,False,False,True,MAINLINE_RISE,True,6,0,0,False,,,,,,,,0,,,建材,1.1948301602610685,1.1948301602610685,7,0,False,0.02,1,CASH,,RESEARCH_POLICY_BLOCK_ENTRY_TOP1,0,5,equal_capital,0.1,False,1255080.9817069077
2022-11-16,现金,0.0,0.0,3119.98,3025.60835,180,3196.1432055555556,,,False,,,,False,False,True,MAINLINE_RISE,True,7,0,0,False,,,,,,,,0,,,信创,1.199376057945912,1.199376057945912,10,0,False,0.02,1,CASH,,RESEARCH_POLICY_BLOCK_ENTRY_TOP1,0,5,equal_capital,0.1,False,1255080.9817069077
2022-11-17,现金,0.0,0.0,3115.435,3029.6276,180,3194.244811111111,,,False,,,,False,False,True,MAINLINE_RISE,True,8,0,0,False,,,,,,,,0,,,云计算,1.3008646193450992,1.3008646193450992,13,0,False,0.02,1,CASH,,RESEARCH_POLICY_BLOCK_ENTRY_TOP1,0,5,equal_capital,0.1,False,1255080.9817069077
2022-11-18,现金,0.0,0.0,3097.243,3032.5433000000003,180,3192.0675666666666,,,False,,,,False,False,True,MAINLINE_RISE,True,9,0,0,False,,,,,,,,0,,,云计算,1.2853473921027843,1.2853473921027843,12,0,False,0.02,1,CASH,,RESEARCH_POLICY_BLOCK_ENTRY_TOP1,0,5,equal_capital,0.1,False,1255080.9817069077
2022-11-21,现金,0.0,0.0,3085.044,3037.91775,180,3190.151388888889,,,False,,,,False,False,True,MAINLINE_RISE,True,10,0,0,False,,,,,,,,0,,,游戏,1.2812984028113188,1.2812984028113188,13,0,False,0.02,1,CASH,,RESEARCH_POLICY_BLOCK_ENTRY_TOP1,0,5,equal_capital,0.1,False,1255080.9817069077
2022-11-22,现金,0.0,0.0,3088.943,3043.55075,180,3188.137705555556,,,False,,,,False,False,True,MAINLINE_RISE,True,11,0,0,False,,,,,,,,0,,,游戏,1.2674316718902707,1.2674316718902707,13,0,False,0.02,1,CASH,,RESEARCH_POLICY_BLOCK_ENTRY_TOP1,0,5,equal_capital,0.1,False,1255080.9817069077
2022-11-23,现金,0.0,0.0,3096.907,3048.4209,180,3186.1077111111113,,,False,,,,False,False,True,MAINLINE_RISE,True,12,0,0,False,,,,,,,,0,,,游戏,1.2382676210912542,1.2382676210912542,9,0,False,0.02,1,CASH,,RESEARCH_POLICY_BLOCK_ENTRY_TOP1,0,5,equal_capital,0.1,False,1255080.9817069077
2022-11-24,现金,0.0,0.0,3089.31,3053.74125,180,3183.8881277777778,,,False,,,,False,False,True,MAINLINE_RISE,True,13,0,0,False,,,,,,,,0,,,游戏,1.1662789976429724,1.1662789976429724,3,0,False,0.02,1,CASH,,RESEARCH_POLICY_BLOCK_ENTRY_TOP1,0,5,equal_capital,0.1,False,1255080.9817069077
2022-11-25,现金,0.0,0.0,3101.693,3063.0296,180,3181.763133333333,,,False,,,,False,False,True,MAINLINE_RISE,True,14,0,0,False,,,,,,,,0,,,游戏,1.2076794711337888,1.2076794711337888,6,0,False,0.02,1,CASH,,RESEARCH_POLICY_BLOCK_ENTRY_TOP1,0,5,equal_capital,0.1,False,1255080.9817069077
2022-11-28,现金,0.0,0.0,3078.549,3072.2828999999997,180,3179.526666666666,,,False,,,,False,False,True,MAINLINE_RISE,True,15,0,0,False,,,,,,,,0,,,建筑装饰,1.1772063933287005,1.1772063933287005,7,0,False,0.02,1,CASH,,RESEARCH_POLICY_BLOCK_ENTRY_TOP1,0,5,equal_capital,0.1,False,1255080.9817069077
2022-11-29,现金,0.0,0.0,3149.748,3081.3103,180,3177.871661111111,,,False,,,,False,False,True,MAINLINE_RISE,True,16,0,0,False,,,,,,,,0,,,房地产,1.2325050346256017,1.2325050346256017,10,0,False,0.02,1,CASH,,RESEARCH_POLICY_BLOCK_ENTRY_TOP1,0,5,equal_capital,0.1,False,1255080.9817069077
2022-11-30,现金,0.0,0.0,3151.335,3088.7085500000003,180,3176.640994444444,,,False,,,,False,False,True,MAINLINE_RISE,True,17,0,0,False,,,,,,,,0,,,房地产,1.2122678244894354,1.2122678244894354,9,0,False,0.02,1,CASH,,RESEARCH_POLICY_BLOCK_ENTRY_TOP1,0,5,equal_capital,0.1,False,1255080.9817069077
2022-12-01,现金,0.0,0.0,3165.471,3097.0918,180,3175.9295555555555,,,False,,,,False,False,True,MAINLINE_RISE,True,18,0,0,False,,,,,,,,0,,,房地产,1.2397974519642072,1.2397974519642072,13,0,False,0.02,1,CASH,,RESEARCH_POLICY_BLOCK_ENTRY_TOP1,0,5,equal_capital,0.1,False,1255080.9817069077
2022-12-02,现金,0.0,0.0,3156.144,3101.3592,180,3175.3726444444446,,,False,,,,False,False,True,MAINLINE_RISE,True,19,0,0,False,,,,,,,,0,,,房地产,1.1889252568189872,1.1889252568189872,10,0,False,0.02,1,CASH,,RESEARCH_POLICY_BLOCK_ENTRY_TOP1,0,5,equal_capital,0.1,False,1255080.9817069077
2022-12-05,现金,0.0,0.0,3211.814,3108.05905,180,3174.904433333333,,,False,,,,False,False,True,MAINLINE_RISE,True,20,0,0,False,,,,,,,,0,,,建筑装饰,1.2405345211581291,1.2405345211581291,10,0,False,0.02,1,CASH,,RESEARCH_POLICY_BLOCK_ENTRY_TOP1,0,5,equal_capital,0.1,False,1255080.9817069077
2022-12-06,现金,0.0,0.0,3212.533,3115.4610500000003,180,3174.364355555556,,,False,,,,False,False,True,MAINLINE_RISE,True,21,0,0,False,,,,,,,,0,,,建筑装饰,1.2146363230700579,1.2146363230700579,13,0,False,0.02,1,CASH,,RESEARCH_POLICY_BLOCK_ENTRY_TOP1,0,5,equal_capital,0.1,False,1255080.9817069077
2022-12-07,现金,0.0,0.0,3199.619,3123.0335999999998,180,3174.2314999999994,,,False,,,,False,False,True,MAINLINE_RISE,True,22,0,0,False,,,,,,,,0,,,建筑装饰,1.203931203931204,1.203931203931204,13,0,False,0.02,1,CASH,,RESEARCH_POLICY_BLOCK_ENTRY_TOP1,0,5,equal_capital,0.1,False,1255080.9817069077
2022-12-08,现金,0.0,0.0,3197.35,3131.0945,180,3174.972527777778,,,False,,,,False,False,True,MAINLINE_RISE,True,23,0,0,False,,,,,,,,0,,,建筑装饰,1.2045606975184437,1.2045606975184437,13,0,False,0.02,1,CASH,,RESEARCH_POLICY_BLOCK_ENTRY_TOP1,0,5,equal_capital,0.1,False,1255080.9817069077
2022-12-09,现金,0.0,0.0,3206.95,3137.07735,180,3175.1738611111114,,,False,,,,False,False,True,MAINLINE_RISE,True,24,0,0,False,,,,,,,,0,,,轻工制造,1.1811682748353207,1.1811682748353207,9,0,False,0.02,1,CASH,,RESEARCH_POLICY_BLOCK_ENTRY_TOP1,0,5,equal_capital,0.1,False,1255080.9817069077
2022-12-12,现金,0.0,0.0,3179.042,3141.8594,180,3174.9738444444447,,,False,,,,False,False,True,MAINLINE_RISE,True,25,0,0,False,,,,,,,,0,,,商贸零售,1.1378479815591938,1.1378479815591938,5,0,False,0.02,1,CASH,,RESEARCH_POLICY_BLOCK_ENTRY_TOP1,0,5,equal_capital,0.1,False,1255080.9817069077
2022-12-13,现金,0.0,0.0,3176.326,3143.9718000000003,180,3174.5585888888886,,,False,,,,False,False,True,MAINLINE_RISE,True,26,0,0,False,,,,,,,,0,,,建筑装饰,1.1265385445908012,1.1265385445908012,4,0,False,0.02,1,CASH,,RESEARCH_POLICY_BLOCK_ENTRY_TOP1,0,5,equal_capital,0.1,False,1255080.9817069077
2022-12-14,现金,0.0,0.0,3176.525,3146.79905,180,3174.1299166666668,,,False,,,,False,False,True,MAINLINE_RISE,True,27,0,0,False,,,,,,,,0,,,社会服务,1.1501223167832408,1.1501223167832408,5,0,False,0.02,1,CASH,,RESEARCH_POLICY_BLOCK_ENTRY_TOP1,0,5,equal_capital,0.1,False,1255080.9817069077
2022-12-15,现金,0.0,0.0,3168.648,3149.4597000000003,180,3173.623172222222,,,False,,,,False,False,True,MAINLINE_RISE,True,28,0,0,False,,,,,,,,0,,,食品饮料,1.1507052183115005,1.1507052183115005,5,0,False,0.02,1,CASH,,RESEARCH_POLICY_BLOCK_ENTRY_TOP1,0,5,equal_capital,0.1,False,1255080.9817069077
2022-12-16,现金,0.0,0.0,3167.858,3152.9904500000002,180,3173.0499777777773,,,False,,,,False,False,True,MAINLINE_RISE,True,29,0,0,False,,,,,,,,0,,,商贸零售,1.1605075267561216,1.1605075267561216,6,0,False,0.02,1,CASH,,RESEARCH_POLICY_BLOCK_ENTRY_TOP1,0,5,equal_capital,0.1,False,1255080.9817069077
2022-12-19,现金,0.0,0.0,3107.115,3154.094,180,3172.254705555555,,,False,,,,False,False,False,MAINLINE_DECLINE,False,0,1,1,False,,,,,,,,0,,,商贸零售,1.1762109892758164,1.1762109892758164,6,0,False,0.02,1,CASH,,ENTRY_GATE_CLOSED_OR_NO_CANDIDATE,0,5,equal_capital,0.1,False,1255080.9817069077
2022-12-20,现金,0.0,0.0,3073.766,3153.33515,180,3171.4854055555556,,,False,,,,False,False,False,MAINLINE_DECLINE,False,0,2,2,False,,,,,,,,0,,,商贸零售,1.1593169307502815,1.1593169307502815,5,0,False,0.02,1,CASH,,ENTRY_GATE_CLOSED_OR_NO_CANDIDATE,0,5,equal_capital,0.1,False,1255080.9817069077
2022-12-21,现金,0.0,0.0,3068.411,3151.91035,180,3170.673783333333,,,False,,,,False,False,False,MAINLINE_DECLINE,False,0,3,3,False,,,,,,,,0,,,商贸零售,1.189643214918702,1.189643214918702,4,0,False,0.02,1,CASH,,ENTRY_GATE_CLOSED_OR_NO_CANDIDATE,0,5,equal_capital,0.1,False,1255080.9817069077
2022-12-22,现金,0.0,0.0,3054.431,3150.1664,180,3169.843183333333,,,False,,,,False,False,False,MAINLINE_DECLINE,False,0,4,4,False,,,,,,,,0,,,商贸零售,1.2292975797921981,1.2292975797921981,3,0,False,0.02,1,CASH,,ENTRY_GATE_CLOSED_OR_NO_CANDIDATE,0,5,equal_capital,0.1,False,1255080.9817069077
2022-12-23,现金,0.0,0.0,3045.866,3147.37505,180,3168.616905555556,,,False,,,,False,False,False,MAINLINE_DECLINE,False,0,5,5,False,,,,,,,,0,,,轻工制造,1.1248697017693485,1.1248697017693485,1,0,False,0.02,1,CASH,,ENTRY_GATE_CLOSED_OR_NO_CANDIDATE,0,5,equal_capital,0.1,False,1255080.9817069077
2022-12-26,现金,0.0,0.0,3065.563,3146.72575,180,3167.5800166666663,,,False,,,,False,False,False,MAINLINE_DECLINE,False,0,6,6,False,,,,,,,,0,,,AI医疗,1.1003317642223114,1.1003317642223114,1,0,False,0.02,1,CASH,,ENTRY_GATE_CLOSED_OR_NO_CANDIDATE,0,5,equal_capital,0.1,False,1255080.9817069077
2022-12-27,现金,0.0,0.0,3095.568,3144.01675,180,3166.5402999999997,,,False,,,,False,False,False,MAINLINE_DECLINE,False,0,7,7,False,,,,,,,,0,,,AI医疗,1.1167916701183338,1.1167916701183338,1,0,False,0.02,1,CASH,,ENTRY_GATE_CLOSED_OR_NO_CANDIDATE,0,5,equal_capital,0.1,False,1255080.9817069077
2022-12-28,现金,0.0,0.0,3087.4,3140.8199999999997,180,3165.4512666666665,,,False,,,,False,False,False,MAINLINE_DECLINE,False,0,8,8,False,,,,,,,,0,,,AI医疗,1.1256741953825444,1.1256741953825444,3,0,False,0.02,1,CASH,,ENTRY_GATE_CLOSED_OR_NO_CANDIDATE,0,5,equal_capital,0.1,False,1255080.9817069077
2022-12-29,现金,0.0,0.0,3073.702,3136.23155,180,3164.5457499999998,,,False,,,,False,False,False,BROAD_DECLINE_OR_NO_LEADER,False,0,9,9,False,,,,,,,,0,,,,,,0,0,False,0.02,1,CASH,,ENTRY_GATE_CLOSED_OR_NO_CANDIDATE,0,5,equal_capital,0.1,False,1255080.9817069077
2022-12-30,现金,0.0,0.0,3089.258,3132.88725,180,3163.6424611111115,,,False,,,,False,False,False,MAINLINE_DECLINE,False,0,10,10,False,,,,,,,,0,,,AI医疗,1.100030895665338,1.100030895665338,1,0,False,0.02,1,CASH,,ENTRY_GATE_CLOSED_OR_NO_CANDIDATE,0,5,equal_capital,0.1,False,1255080.9817069077
2023-01-03,现金,0.0,0.0,3116.512,3128.12215,180,3163.361272222223,,,False,,,,False,False,False,BROAD_DECLINE_OR_NO_LEADER,False,0,11,11,False,,,,,,,,0,,,,,,0,0,False,0.02,1,CASH,,ENTRY_GATE_CLOSED_OR_NO_CANDIDATE,0,5,equal_capital,0.1,False,1255080.9817069077
2023-01-04,现金,0.0,0.0,3123.516,3123.6713,180,3162.8623055555554,,,False,,,,False,False,False,BROAD_DECLINE_OR_NO_LEADER,False,0,12,12,False,,,,,,,,0,,,,,,0,0,False,0.02,1,CASH,,ENTRY_GATE_CLOSED_OR_NO_CANDIDATE,0,5,equal_capital,0.1,False,1255080.9817069077
2023-01-05,现金,0.0,0.0,3155.216,3121.45115,180,3162.6867055555554,,,False,,,,False,False,True,NO_MAINLINE_ROTATION,False,0,13,0,False,,,,,,,,0,,,传媒,1.1208648012442377,1.1208648012442377,2,0,False,0.02,1,CASH,,RESEARCH_POLICY_BLOCK_ENTRY_TOP1,0,5,equal_capital,0.1,False,1255080.9817069077
2023-01-06,现金,0.0,0.0,3157.637,3119.4655,180,3162.3089055555556,,,False,,,,False,False,True,NO_MAINLINE_ROTATION,False,0,14,0,False,,,,,,,,0,,,轻工制造,1.103232310503434,1.103232310503434,2,0,False,0.02,1,CASH,,RESEARCH_POLICY_BLOCK_ENTRY_TOP1,0,5,equal_capital,0.1,False,1255080.9817069077
2023-01-09,现金,0.0,0.0,3176.085,3117.9222500000005,180,3162.113572222222,,,False,,,,False,False,True,NO_MAINLINE_ROTATION,False,0,15,0,False,,,,,,,,0,,,网络安全,1.1289243953227615,1.1289243953227615,3,0,False,0.02,1,BUY,网络安全,ENTRY_TOP1,0,5,equal_capital,0.1,False,1255080.9817069077
2023-01-10,网络安全,1.0,1.0,3169.507,3117.4455000000003,180,3161.9690333333338,,,False,,,,False,False,True,NO_MAINLINE_ROTATION,False,0,16,0,False,112.28,103.1214,107.1212,-0.004309809694411526,112.28,0.0,1255080.9817069077,0,1.087752610877526,1.087752610877526,游戏,1.141089722675367,1.141089722675367,3,0,False,0.02,1,HOLD,网络安全,SWITCH_CONFIRM_1_OF_2,0,5,equal_capital,0.1,False,1255039.131799154
2023-01-11,网络安全,1.0,1.0,3161.838,3116.7210999999998,180,3161.7901944444443,,,False,,,,False,False,True,NO_MAINLINE_ROTATION,False,0,17,0,False,107.924,103.5121,107.8658,-0.03879586747417163,112.28,-0.03879586747417163,1255080.9817069077,0,1.0780541404455102,1.0780541404455102,AI医疗,1.1287476098834799,1.1287476098834799,3,0,False,0.02,1,HOLD,网络安全,SWITCH_CONFIRM_1_OF_2,0,5,equal_capital,0.1,False,1207455.5652061277
2023-01-12,网络安全,1.0,1.0,3163.451,3116.0674,180,3161.8590888888893,,,False,,,,False,False,True,NO_MAINLINE_ROTATION,False,0,18,0,False,108.43599999999999,103.87349999999999,108.8596,0.004744079166820958,112.28,-0.034235838973993626,1255080.9817069077,0,1.0714172792664611,1.0714172792664611,风电设备,1.1233417092215827,1.1233417092215827,5,0,False,0.02,1,HOLD,网络安全,SWITCH_CONFIRM_1_OF_2,1,5,equal_capital,0.1,False,1214045.9060313585
2023-01-13,网络安全,1.0,1.0,3195.306,3117.4003000000002,180,3162.500744444445,,,False,,,,False,False,True,NO_MAINLINE_ROTATION,False,0,19,0,False,108.18199999999999,104.2064,109.569,-0.002342395514404849,112.28,-0.03649804061275397,1255080.9817069077,0,1.0655805523817028,1.0655805523817028,AI医疗,1.1599262316145904,1.1599262316145904,8,0,False,0.02,1,HOLD,网络安全,SWITCH_CONFIRM_1_OF_2,2,5,equal_capital,0.1,False,1212689.4008734813
2023-01-16,网络安全,1.0,1.0,3227.592,3120.3869999999997,180,3163.2822611111105,,,False,,,,False,False,True,MAINLINE_RISE,True,1,0,0,False,114.124,104.875,110.77000000000001,0.054925958107633566,114.124,0.0,1255080.9817069077,0,1.1327219310782912,1.1327219310782912,AI医疗,1.1849365378279282,1.1849365378279282,5,0,False,0.02,0,HOLD,网络安全,RESEARCH_POLICY_BLOCK_STRONGER_RS20_MARGIN_2%,0,5,equal_capital,0.1,False,1271311.5209972572
2023-01-17,网络安全,1.0,1.0,3224.245,3126.2435,180,3164.9252222222217,,,False,,,,False,False,True,MAINLINE_RISE,True,2,0,0,False,114.756,105.6865,111.12960000000001,0.0055378360379938485,114.756,0.0,1255080.9817069077,0,1.1647280920772183,1.1647280920772183,AI医疗,1.1894562973999487,1.1894562973999487,8,0,False,0.02,1,HOLD,网络安全,SWITCH_CONFIRM_1_OF_2,0,5,equal_capital,0.1,False,1273479.6832101725
2023-01-18,网络安全,1.0,1.0,3224.406,3133.7754999999997,180,3166.802888888889,,,False,,,,False,False,True,MAINLINE_RISE,True,3,0,0,False,121.16400000000002,106.9231,112.11499999999998,0.05584021750496726,121.16400000000002,0.0,1255080.9817069077,0,1.2564708810353413,1.2564708810353413,网络安全,1.2564708810353413,1.2564708810353413,14,0,False,0.02,0,HOLD,网络安全,NO_STRONGER_QUALIFIED_SECTOR,0,5,equal_capital,0.1,False,1342737.2688869413
2023-01-19,网络安全,1.0,1.0,3240.279,3142.3689,180,3168.3695388888887,,,False,,,,False,False,True,MAINLINE_RISE,True,4,0,0,False,124.36200000000001,108.34729999999999,113.45340000000002,0.026393978409428476,124.36200000000001,0.0,1255080.9817069077,0,1.297085879972465,1.297085879972465,网络安全,1.297085879972465,1.297085879972465,18,0,False,0.02,0,HOLD,网络安全,NO_STRONGER_QUALIFIED_SECTOR,0,5,equal_capital,0.1,False,1380539.6174794645
2023-01-20,网络安全,1.0,1.0,3264.814,3152.88805,180,3169.976922222222,,,False,,,,False,False,True,MAINLINE_RISE,True,5,0,0,False,123.704,109.70809999999999,114.7698,-0.005291005291005457,124.36200000000001,-0.005291005291005457,1255080.9817069077,0,1.2820661636680208,1.2820661636680208,信创,1.3274181242759049,1.3274181242759049,18,0,False,0.02,1,HOLD,网络安全,SWITCH_CONFIRM_1_OF_2,0,5,equal_capital,0.1,False,1376346.9579202614
2023-01-30,网络安全,1.0,1.0,3269.318,3164.06065,180,3171.2116777777774,,,False,,,,False,False,True,MAINLINE_RISE,True,6,0,0,False,127.426,111.08789999999999,116.2358,0.030087951885145348,127.426,0.0,1255080.9817069077,0,1.2764299308825002,1.2764299308825002,信创,1.3230345416094687,1.3230345416094687,25,0,False,0.02,0,HOLD,网络安全,RESEARCH_POLICY_BLOCK_STRONGER_RS20_MARGIN_2%,0,5,equal_capital,0.1,False,1417634.352621293
2023-01-31,网络安全,1.0,1.0,3255.669,3173.5659499999997,180,3172.255622222222,,,False,,,,False,False,True,MAINLINE_RISE,True,7,0,0,False,122.88199999999999,112.2086,117.296,-0.03565991241975741,127.426,-0.03565991241975741,1255080.9817069077,0,1.2230959111358841,1.2230959111358841,信创,1.2396386822529224,1.2396386822529224,20,0,False,0.02,0,HOLD,网络安全,NO_STRONGER_QUALIFIED_SECTOR,0,5,equal_capital,0.1,False,1374575.9769727075
2023-02-01,网络安全,1.0,1.0,3284.921,3183.0335999999998,180,3173.8298444444445,,,False,,,,False,False,True,MAINLINE_RISE,True,8,0,0,False,124.96600000000001,113.43299999999999,119.00019999999999,0.01695935938542692,127.426,-0.01930532230471016,1255080.9817069077,0,1.243715042098768,1.243715042098768,大数据,1.2699860917941583,1.2699860917941583,24,0,False,0.02,1,HOLD,网络安全,SWITCH_CONFIRM_1_OF_2,0,5,equal_capital,0.1,False,1401267.5210262462
2023-02-02,网络安全,1.0,1.0,3285.671,3192.9471500000004,180,3175.3939,,,False,,,,False,False,True,MAINLINE_RISE,True,9,0,0,False,121.976,114.6069,120.35420000000002,-0.023926508010178815,127.426,-0.04276992136612623,1255080.9817069077,0,1.2383601697496396,1.2383601697496396,大数据,1.31846952967557,1.31846952967557,24,0,False,0.02,0,HOLD,网络安全,RESEARCH_POLICY_BLOCK_STRONGER_RS20_MARGIN_2%,0,5,equal_capital,0.1,False,1374438.2707747407
2023-02-03,网络安全,1.0,1.0,3263.406,3202.43235,180,3176.6581333333334,,,False,,,,False,False,True,MAINLINE_RISE,True,10,0,0,False,123.772,115.7411,121.9132,0.014724208040926223,127.426,-0.028675466545288963,1255080.9817069077,0,1.2243985438429885,1.2243985438429885,大数据,1.307585660526837,1.307585660526837,22,0,False,0.02,1,HOLD,网络安全,SWITCH_CONFIRM_1_OF_2,0,5,equal_capital,0.1,False,1392248.8257359106
2023-02-06,网络安全,1.0,1.0,3238.698,3209.90435,180,3177.6581055555557,,,False,,,,False,False,True,MAINLINE_RISE,True,11,0,0,False,124.726,116.8717,122.97340000000001,0.007707720647642358,127.426,-0.02118876838321848,1255080.9817069077,0,1.2214387841040406,1.2214387841040406,AIGC,1.3389252888730787,1.3389252888730787,19,0,False,0.02,1,HOLD,网络安全,SWITCH_CONFIRM_1_OF_2,0,5,equal_capital,0.1,False,1395241.0682016208
2023-02-07,网络安全,1.0,1.0,3248.094,3216.48345,180,3178.730883333333,,,False,,,,False,False,True,MAINLINE_RISE,True,12,0,0,False,121.322,117.3798,123.63,-0.027291823677501048,127.426,-0.047902311930061336,1255080.9817069077,0,1.0914177761784816,1.0914177761784816,AIGC,1.244281793229643,1.244281793229643,11,0,False,0.02,0,SWITCH,AIGC,STRONGER_RS20_MARGIN_2%,1,5,equal_capital,0.1,False,1371044.6765477178
2023-02-08,AIGC,1.0,1.0,3232.106,3221.91295,180,3179.552111111111,,,False,,,,False,False,True,MAINLINE_RISE,True,13,0,0,False,225.99200000000002,197.4676,214.2846,-0.010889355742296658,225.99200000000002,0.0,1255080.9817069077,0,1.2352934745771977,1.2352934745771977,AIGC,1.2352934745771977,1.2352934745771977,12,0,False,0.02,0,HOLD,AIGC,NO_STRONGER_QUALIFIED_SECTOR,0,5,equal_capital,0.1,False,1347429.2951366578
2023-02-09,AIGC,1.0,1.0,3270.383,3227.6713,180,3180.644522222222,,,False,,,,False,False,True,MAINLINE_RISE,True,14,0,0,False,229.048,199.8152,217.57399999999998,0.013522602570002373,229.048,0.0,1255080.9817069077,0,1.257842017397417,1.257842017397417,CPO,1.2788028126690305,1.2788028126690305,12,0,False,0.02,0,HOLD,AIGC,NO_STRONGER_QUALIFIED_SECTOR,0,5,equal_capital,0.1,False,1359625.8780299788
2023-02-10,AIGC,1.0,1.0,3260.673,3232.8231,180,3181.572166666667,,,False,,,,False,False,True,MAINLINE_RISE,True,15,0,0,False,228.82399999999998,202.22560000000001,220.987,-0.0009779609514163345,229.048,-0.0009779609514163345,1255080.9817069077,0,1.26690880099216,1.26690880099216,CPO,1.3294494083554702,1.3294494083554702,12,0,False,0.02,1,HOLD,AIGC,SWITCH_CONFIRM_1_OF_2,0,5,equal_capital,0.1,False,1355027.6192955412
2023-02-13,AIGC,1.0,1.0,3284.16,3238.22685,180,3182.673183333333,,,False,,,,False,False,True,MAINLINE_RISE,True,16,0,0,False,229.82600000000002,204.7262,223.023,0.00437891130301038,229.82600000000002,0.0,1255080.9817069077,0,1.2781318473533765,1.2781318473533765,CPO,1.4027127303691993,1.4027127303691993,12,0,False,0.02,0,SWITCH,CPO,STRONGER_RS20_MARGIN_2%,0,5,equal_capital,0.1,False,1361108.0192670953
2023-02-14,CPO,1.0,1.0,3293.283,3244.41565,180,3183.763838888889,,,False,,,,False,False,True,MAINLINE_RISE,True,17,0,0,False,133.25799999999998,110.357,120.60520000000001,-0.03695834417367694,133.25799999999998,0.0,1255080.9817069077,0,1.352708299496508,1.352708299496508,CPO,1.352708299496508,1.352708299496508,13,0,False,0.02,0,HOLD,CPO,NO_STRONGER_QUALIFIED_SECTOR,0,5,equal_capital,0.1,False,1380591.6757296897
2023-02-15,CPO,1.0,1.0,3280.492,3250.34835,180,3184.5078666666664,,,False,,,,False,False,True,MAINLINE_RISE,True,18,0,0,False,136.41400000000002,112.2979,123.7372,0.02368338111032764,136.41400000000002,0.0,1255080.9817069077,0,1.3977417107258496,1.3977417107258496,CPO,1.3977417107258496,1.3977417107258496,15,0,False,0.02,0,HOLD,CPO,NO_STRONGER_QUALIFIED_SECTOR,0,5,equal_capital,0.1,False,1410983.560755504
2023-02-16,CPO,1.0,1.0,3249.03,3254.6273,180,3185.0754944444448,,,False,,,,False,False,False,MAINLINE_DECLINE,False,0,1,1,False,130.616,113.92410000000002,126.07260000000001,-0.04250296890348504,136.41400000000002,-0.04250296890348504,1255080.9817069077,0,1.3315662847123109,1.3315662847123109,CPO,1.3315662847123109,1.3315662847123109,13,0,False,0.02,0,HOLD,CPO,NO_STRONGER_QUALIFIED_SECTOR,0,5,equal_capital,0.1,False,1345272.5173959814
2023-02-17,CPO,1.0,1.0,3224.024,3256.0631999999996,180,3185.926033333333,,,False,,,,False,False,False,MAINLINE_DECLINE,False,0,2,2,False,126.56800000000001,115.3818,127.59580000000001,-0.030991608991241537,136.41400000000002,-0.07217734250150276,1255080.9817069077,0,1.299279364362412,1.299279364362412,CPO,1.299279364362412,1.299279364362412,5,0,False,0.02,0,HOLD,CPO,NO_STRONGER_QUALIFIED_SECTOR,1,5,equal_capital,0.1,False,1309522.5252045556
2023-02-20,CPO,1.0,1.0,3290.338,3259.2005,180,3186.9419999999996,,,False,,,,False,False,True,MAINLINE_RISE,True,1,0,0,False,130.01999999999998,116.91959999999999,129.185,0.02727387649326829,136.41400000000002,-0.04687202193323292,1255080.9817069077,0,1.3098404255319147,1.3098404255319147,CPO,1.3098404255319147,1.3098404255319147,7,0,False,0.02,0,HOLD,CPO,NO_STRONGER_QUALIFIED_SECTOR,0,5,equal_capital,0.1,False,1349194.1209359388
2023-02-21,CPO,1.0,1.0,3306.524,3263.31445,180,3187.9609777777773,,,False,,,,False,False,True,MAINLINE_RISE,True,2,0,0,False,129.02799999999996,118.39970000000001,130.08679999999998,-0.007629595446854487,136.41400000000002,-0.05414400281496068,1255080.9817069077,0,1.2977289642548222,1.2977289642548222,CPO,1.2977289642548222,1.2977289642548222,10,0,False,0.02,0,HOLD,CPO,NO_STRONGER_QUALIFIED_SECTOR,1,5,equal_capital,0.1,False,1340555.2741624604
2023-02-22,CPO,1.0,1.0,3291.148,3266.65155,180,3188.8549166666667,,,False,,,,False,False,True,MAINLINE_RISE,True,3,0,0,False,128.39,119.79310000000001,131.246,-0.004944663173884534,136.41400000000002,-0.05882094213203948,1255080.9817069077,0,1.2772328445514414,1.2772328445514414,AIGC,1.2782464060829273,1.2782464060829273,7,0,False,0.02,0,HOLD,CPO,NO_STRONGER_QUALIFIED_SECTOR,2,5,equal_capital,0.1,False,1342175.8867833707
2023-02-23,CPO,1.0,1.0,3287.477,3269.01145,180,3189.6238944444444,,,False,,,,False,False,True,MAINLINE_RISE,True,4,0,0,False,127.79199999999999,121.1215,131.2584,-0.004657683620219677,136.41400000000002,-0.06320465641356476,1255080.9817069077,0,1.2624673990358015,1.2624673990358015,国产算力,1.1857250209133832,1.1857250209133832,4,0,False,0.02,0,HOLD,CPO,NO_STRONGER_QUALIFIED_SECTOR,3,5,equal_capital,0.1,False,1335582.3183156692
2023-02-24,CPO,1.0,1.0,3267.16,3269.1287500000003,180,3190.0724111111113,,,False,,,,False,False,False,MAINLINE_DECLINE,False,0,1,1,False,134.13600000000002,122.7373,131.45940000000002,0.04964317015149655,136.41400000000002,-0.016699165774773816,1255080.9817069077,0,1.317383618149676,1.317383618149676,国产算力,1.210753112150059,1.210753112150059,3,0,False,0.02,0,HOLD,CPO,NO_STRONGER_QUALIFIED_SECTOR,0,5,equal_capital,0.1,False,1407512.986089211
2023-02-27,CPO,1.0,1.0,3258.034,3268.56455,180,3190.4939499999996,,,False,,,,False,False,False,MAINLINE_DECLINE,False,0,2,2,False,131.828,124.2039,130.805,-0.0172064173674481,136.41400000000002,-0.033618250326212906,1255080.9817069077,0,1.286177021542304,1.286177021542304,国产算力,1.1927881249124772,1.1927881249124772,3,0,False,0.02,0,HOLD,CPO,NO_STRONGER_QUALIFIED_SECTOR,0,5,equal_capital,0.1,False,1394754.1756177293
2023-02-28,CPO,1.0,1.0,3279.605,3269.7613499999998,180,3190.961433333333,,,False,,,,False,False,True,MAINLINE_RISE,True,1,0,0,False,135.178,125.80110000000002,130.997,0.025411900355007955,136.41400000000002,-0.009060653598604418,1255080.9817069077,0,1.309432938760486,1.309432938760486,CPO,1.309432938760486,1.309432938760486,3,0,False,0.02,0,HOLD,CPO,NO_STRONGER_QUALIFIED_SECTOR,0,5,equal_capital,0.1,False,1443153.2400152646
2023-03-01,CPO,1.0,1.0,3312.348,3271.1326999999997,180,3191.383522222222,,,False,,,,False,False,True,MAINLINE_RISE,True,2,0,0,False,138.808,127.48680000000002,131.2364,0.026853482075485546,138.808,0.0,1255080.9817069077,0,1.3207985232268253,1.3207985232268253,CPO,1.3207985232268253,1.3207985232268253,6,0,False,0.02,0,HOLD,CPO,NO_STRONGER_QUALIFIED_SECTOR,0,5,equal_capital,0.1,False,1492167.6663709593
2023-03-02,CPO,1.0,1.0,3310.654,3272.3818499999998,180,3191.7662444444445,,,False,,,,False,False,True,MAINLINE_RISE,True,3,0,0,False,143.46800000000002,129.2971,132.52159999999998,0.03357155207192686,143.46800000000002,0.0,1255080.9817069077,0,1.3375473140534395,1.3375473140534395,CPO,1.3375473140534395,1.3375473140534395,6,0,False,0.02,0,HOLD,CPO,NO_STRONGER_QUALIFIED_SECTOR,0,5,equal_capital,0.1,False,1557169.511485854
2023-03-03,CPO,1.0,1.0,3328.393,3275.6312000000003,180,3192.125133333333,,,False,,,,False,False,True,MAINLINE_RISE,True,4,0,0,False,137.454,130.603,133.61020000000002,-0.041918755401901486,143.46800000000002,-0.041918755401901486,1255080.9817069077,0,1.234587195516275,1.234587195516275,CPO,1.234587195516275,1.234587195516275,5,0,False,0.02,0,HOLD,CPO,NO_STRONGER_QUALIFIED_SECTOR,0,5,equal_capital,0.1,False,1504552.4330750168
2023-03-06,CPO,1.0,1.0,3322.026,3279.7975999999994,180,3192.5866444444446,,,False,,,,False,False,True,MAINLINE_RISE,True,5,0,0,False,136.32000000000002,131.7126,134.24020000000002,-0.008250032738225,143.46800000000002,-0.049822957035715265,1255080.9817069077,0,1.1944483387074163,1.1944483387074163,CPO,1.1944483387074163,1.1944483387074163,8,0,False,0.02,0,HOLD,CPO,NO_STRONGER_QUALIFIED_SECTOR,0,5,equal_capital,0.1,False,1480408.9683813048
2023-03-07,CPO,1.0,1.0,3285.099,3281.64785,180,3192.5881166666663,,,False,,,,False,False,True,MAINLINE_RISE,True,6,0,0,False,130.91799999999998,132.25799999999998,134.42919999999998,-0.039627347417840686,143.46800000000002,-0.08747595282571752,1255080.9817069077,0,1.0908924256311971,1.0908924256311971,商业航天,1.1672861067260005,1.1672861067260005,5,0,False,0.02,1,HOLD,CPO,SWITCH_CONFIRM_1_OF_2,1,5,equal_capital,0.1,False,1431733.8335345692
2023-03-08,CPO,1.0,1.0,3283.248,3284.2049500000003,180,3192.7419888888885,,,False,,,,False,False,False,MAINLINE_DECLINE,False,0,1,1,False,133.118,133.074,134.90200000000002,0.016804411921966578,143.46800000000002,-0.07214152284830078,1255080.9817069077,0,1.1397284200071922,1.1397284200071922,商业航天,1.1967934452761482,1.1967934452761482,5,0,False,0.02,0,SWITCH,商业航天,STRONGER_RS20_MARGIN_2%,2,5,equal_capital,0.1,False,1454182.968473209
2023-03-09,商业航天,1.0,1.0,3276.094,3284.4905,180,3192.6708055555555,,,False,,,,False,False,False,MAINLINE_DECLINE,False,0,2,2,False,191.92199999999997,177.5229,188.24020000000002,0.013829607403963884,191.92199999999997,0.0,1255080.9817069077,0,1.1902582421671501,1.1902582421671501,商业航天,1.1902582421671501,1.1902582421671501,4,0,False,0.02,0,HOLD,商业航天,NO_STRONGER_QUALIFIED_SECTOR,0,5,equal_capital,0.1,False,1485011.1113243476
2023-03-10,商业航天,1.0,1.0,3230.077,3282.9607000000005,180,3192.2523055555553,,,False,,,,False,False,False,MAINLINE_DECLINE,False,0,3,3,False,192.62,179.08089999999999,189.18540000000002,0.003636894154917192,192.62,0.0,1255080.9817069077,0,1.1929889755976713,1.1929889755976713,商业航天,1.1929889755976713,1.1929889755976713,2,0,False,0.02,0,HOLD,商业航天,NO_STRONGER_QUALIFIED_SECTOR,0,5,equal_capital,0.1,False,1495165.5782026756
2023-03-13,商业航天,1.0,1.0,3268.696,3282.1875,180,3192.1595888888883,,,False,,,,False,False,False,MAINLINE_DECLINE,False,0,4,4,False,197.116,180.68160000000003,190.36560000000003,0.023341293738967872,197.116,0.0,1255080.9817069077,0,1.1939043742656055,1.1939043742656055,商业航天,1.1939043742656055,1.1939043742656055,4,0,False,0.02,0,HOLD,商业航天,NO_STRONGER_QUALIFIED_SECTOR,0,5,equal_capital,0.1,False,1559436.811956032
2023-03-14,商业航天,1.0,1.0,3245.312,3279.7889500000006,180,3191.762511111111,,,False,,,,False,False,False,MAINLINE_DECLINE,False,0,5,5,False,203.60399999999998,182.669,192.1894,0.03291462894945085,203.60399999999998,0.0,1255080.9817069077,0,1.2425788497217065,1.2425788497217065,商业航天,1.2425788497217065,1.2425788497217065,6,0,False,0.02,0,HOLD,商业航天,NO_STRONGER_QUALIFIED_SECTOR,0,5,equal_capital,0.1,False,1577095.3613987686
2023-03-15,商业航天,1.0,1.0,3263.315,3278.9301,180,3191.472983333334,,,False,,,,False,False,False,MAINLINE_DECLINE,False,0,6,6,False,202.06400000000002,184.459,193.4862,-0.00756370208836743,203.60399999999998,-0.00756370208836743,1255080.9817069077,0,1.2153202136361452,1.2153202136361452,商业航天,1.2153202136361452,1.2153202136361452,3,0,False,0.02,0,HOLD,商业航天,NO_STRONGER_QUALIFIED_SECTOR,0,5,equal_capital,0.1,False,1594949.341487091
2023-03-16,商业航天,1.0,1.0,3226.891,3277.82315,180,3191.0294944444445,,,False,,,,False,False,False,MAINLINE_DECLINE,False,0,7,7,False,194.874,186.1014,194.2696,-0.035582785652070736,203.60399999999998,-0.042877350150291704,1255080.9817069077,0,1.2027328947206002,1.2027328947206002,轨交设备,1.2053154205607475,1.2053154205607475,4,0,False,0.02,0,HOLD,商业航天,NO_STRONGER_QUALIFIED_SECTOR,0,5,equal_capital,0.1,False,1579306.7265117813
2023-03-17,商业航天,1.0,1.0,3250.546,3279.14925,180,3190.9369611111106,,,False,,,,False,False,False,MAINLINE_DECLINE,False,0,8,8,False,201.352,188.1266,195.34640000000002,0.033241992261666464,203.60399999999998,-0.011060686430521938,1255080.9817069077,0,1.2518153784939818,1.2518153784939818,商业航天,1.2518153784939818,1.2518153784939818,11,0,False,0.02,0,HOLD,商业航天,NO_STRONGER_QUALIFIED_SECTOR,0,5,equal_capital,0.1,False,1625900.9227151303
2023-03-20,商业航天,1.0,1.0,3234.91,3276.37785,180,3190.463411111111,,,False,,,,False,False,False,MAINLINE_DECLINE,False,0,9,9,False,194.59400000000002,189.75230000000002,195.52640000000002,-0.033563113353728746,203.60399999999998,-0.044252568711812934,1255080.9817069077,0,1.2006046396841066,1.2006046396841066,商业航天,1.2006046396841066,1.2006046396841066,6,0,False,0.02,0,HOLD,商业航天,NO_STRONGER_QUALIFIED_SECTOR,1,5,equal_capital,0.1,False,1569968.505092014
2023-03-21,商业航天,1.0,1.0,3255.651,3273.8342000000002,180,3189.940655555555,,,False,,,,False,False,False,MAINLINE_DECLINE,False,0,10,10,False,195.744,191.1159,196.3194,0.005909740279761877,203.60399999999998,-0.038604349619850264,1255080.9817069077,0,1.1618785317441473,1.1618785317441473,轨交设备,1.1780141843971634,1.1780141843971634,7,0,False,0.02,0,HOLD,商业航天,NO_STRONGER_QUALIFIED_SECTOR,2,5,equal_capital,0.1,False,1558464.6302691451
2023-03-22,商业航天,1.0,1.0,3265.748,3272.5642,180,3189.3104499999995,,,False,,,,False,False,False,MAINLINE_DECLINE,False,0,11,11,False,196.45399999999998,191.9664,197.03439999999998,0.0036271865293442396,203.60399999999998,-0.03511718826742105,1255080.9817069077,0,1.0947928044403823,1.0947928044403823,CPO,1.2787600280395672,1.2787600280395672,9,0,False,0.02,1,HOLD,商业航天,SWITCH_CONFIRM_1_OF_2,3,5,equal_capital,0.1,False,1582415.0900140621
2023-03-23,商业航天,1.0,1.0,3286.649,3272.5227999999997,180,3188.6295555555553,,,False,,,,False,False,True,NO_MAINLINE_ROTATION,False,0,12,0,False,203.49,193.21570000000003,198.1912,0.03581499994909776,203.60399999999998,-0.0005599104143335643,1255080.9817069077,0,1.1399744543539643,1.1399744543539643,CPO,1.3522129710780018,1.3522129710780018,13,0,False,0.02,0,SWITCH,CPO,STRONGER_RS20_MARGIN_2%,0,5,equal_capital,0.1,False,1661926.6596136945
2023-03-24,CPO,1.0,1.0,3265.654,3272.4474999999998,180,3188.0969777777777,,,False,,,,False,False,False,MAINLINE_DECLINE,False,0,13,1,False,175.806,140.6103,145.9844,0.017384058054883633,175.806,0.0,1255080.9817069077,0,1.3106548577563069,1.3106548577563069,CPO,1.3106548577563069,1.3106548577563069,13,0,False,0.02,0,HOLD,CPO,NO_STRONGER_QUALIFIED_SECTOR,0,5,equal_capital,0.1,False,1716041.8403476067
2023-03-27,CPO,1.0,1.0,3251.397,3272.1156499999997,180,3187.279094444445,,,False,,,,False,False,False,MAINLINE_DECLINE,False,0,14,2,False,185.496,143.2937,150.9876,0.05511757277908602,185.496,0.0,1255080.9817069077,0,1.4071062293291259,1.4071062293291259,CPO,1.4071062293291259,1.4071062293291259,12,0,False,0.02,0,HOLD,CPO,NO_STRONGER_QUALIFIED_SECTOR,0,5,equal_capital,0.1,False,1821964.8056864287
2023-03-28,CPO,1.0,1.0,3245.376,3270.4042,180,3186.4887555555556,,,False,,,,False,False,False,MAINLINE_DECLINE,False,0,15,3,False,180.064,145.53799999999998,155.7654,-0.02928365032130087,185.496,-0.02928365032130087,1255080.9817069077,0,1.3320510733995177,1.3320510733995177,CPO,1.3320510733995177,1.3320510733995177,11,0,False,0.02,0,HOLD,CPO,NO_STRONGER_QUALIFIED_SECTOR,0,5,equal_capital,0.1,False,1782371.5641905912
2023-03-29,CPO,1.0,1.0,3240.057,3266.78965,180,3185.5700333333334,,,False,,,,False,False,False,MAINLINE_DECLINE,False,0,16,4,False,188.57,148.02609999999999,161.8452,0.04723875955215928,188.57,0.0,1255080.9817069077,0,1.3584951875972566,1.3584951875972566,CPO,1.3584951875972566,1.3584951875972566,7,0,False,0.02,0,HOLD,CPO,NO_STRONGER_QUALIFIED_SECTOR,0,5,equal_capital,0.1,False,1876561.5985965752
2023-03-30,CPO,1.0,1.0,3261.249,3264.3194,180,3184.776833333333,,,False,,,,False,False,False,MAINLINE_DECLINE,False,0,17,5,False,187.85999999999999,150.2457,167.982,-0.003765180039242755,188.57,-0.003765180039242755,1255080.9817069077,0,1.309420916162489,1.309420916162489,CPO,1.309420916162489,1.309420916162489,7,0,False,0.02,0,HOLD,CPO,NO_STRONGER_QUALIFIED_SECTOR,0,5,equal_capital,0.1,False,1874472.0480804548
2023-03-31,CPO,1.0,1.0,3272.86,3261.5427499999996,180,3184.3185555555556,,,False,,,,False,False,True,NO_MAINLINE_ROTATION,False,0,18,0,False,198.304,153.2882,174.07440000000003,0.05559459171723624,198.304,0.0,1255080.9817069077,0,1.4426935556622578,1.4426935556622578,CPO,1.4426935556622578,1.4426935556622578,8,0,False,0.02,0,HOLD,CPO,NO_STRONGER_QUALIFIED_SECTOR,0,5,equal_capital,0.1,False,1942629.8038890236
2023-04-03,CPO,1.0,1.0,3296.396,3260.26125,180,3183.9407666666666,,,False,,,,False,False,True,NO_MAINLINE_ROTATION,False,0,19,0,False,229.398,157.9421,182.8004,0.15679966112635135,229.398,0.0,1255080.9817069077,0,1.6827904929577462,1.6827904929577462,CPO,1.6827904929577462,1.6827904929577462,11,0,False,0.02,0,SELL,,SECTOR_DAILY_GAIN_OVER_10%_PAUSE,0,5,equal_capital,0.1,False,2209259.9598997654
2023-04-04,现金,0.0,0.0,3312.558,3261.6341999999995,180,3183.698988888889,,,False,,,,False,False,True,NO_MAINLINE_ROTATION,False,0,20,0,False,,,,,,,,0,,,CPO,1.8027773109885579,1.8027773109885579,14,0,False,0.02,0,BUY,CPO,ENTRY_TOP1,0,5,equal_capital,0.1,False,2235930.855165208
2023-04-06,CPO,1.0,1.0,3312.628,3263.1032,180,3183.693677777778,,,False,,,,False,False,True,NO_MAINLINE_ROTATION,False,0,21,0,False,245.58199999999997,168.8202,199.9898,0.04053115043047928,245.58199999999997,0.0,2235930.855165208,0,1.8448444237443469,1.8448444237443469,CPO,1.8448444237443469,1.8448444237443469,15,0,False,0.02,0,HOLD,CPO,NO_STRONGER_QUALIFIED_SECTOR,0,5,equal_capital,0.1,False,2344023.627405561
2023-04-07,CPO,1.0,1.0,3327.646,3265.6808,180,3183.9502277777774,,,False,,,,False,False,True,MAINLINE_RISE,True,1,0,0,False,256.61199999999997,174.9865,208.3708,0.04491371517456488,256.61199999999997,0.0,2235930.855165208,0,1.925273472082589,1.925273472082589,CPO,1.925273472082589,1.925273472082589,15,0,False,0.02,0,HOLD,CPO,NO_STRONGER_QUALIFIED_SECTOR,0,5,equal_capital,0.1,False,2446223.3305553393
2023-04-10,CPO,1.0,1.0,3315.358,3269.9448500000003,180,3184.1228166666665,,,False,,,,False,False,True,MAINLINE_RISE,True,2,0,0,False,251.47599999999997,180.9611,215.9378,-0.020014652471435412,256.61199999999997,-0.020014652471435412,2235930.855165208,0,1.9053521638986544,1.9053521638986544,CPO,1.9053521638986544,1.9053521638986544,13,0,False,0.02,0,HOLD,CPO,NO_STRONGER_QUALIFIED_SECTOR,0,5,equal_capital,0.1,False,2384915.5184139498
2023-04-11,CPO,1.0,1.0,3313.571,3272.1886,180,3184.2996333333335,,,False,,,,False,False,True,MAINLINE_RISE,True,3,0,0,False,249.488,186.66230000000002,222.337,-0.007905326949688929,256.61199999999997,-0.027761757049553304,2235930.855165208,0,1.8417291678970058,1.8417291678970058,CPO,1.8417291678970058,1.8417291678970058,13,0,False,0.02,0,HOLD,CPO,NO_STRONGER_QUALIFIED_SECTOR,0,5,equal_capital,0.1,False,2366381.3634232255
2023-04-12,CPO,1.0,1.0,3327.182,3276.2821,180,3184.850305555555,,,False,,,,False,False,True,MAINLINE_RISE,True,4,0,0,False,251.21400000000003,192.6087,229.452,0.0069181684089014706,256.61199999999997,-0.02103564915124756,2235930.855165208,0,1.8990218163675674,1.8990218163675674,CPO,1.8990218163675674,1.8990218163675674,12,0,False,0.02,0,HOLD,CPO,NO_STRONGER_QUALIFIED_SECTOR,0,5,equal_capital,0.1,False,2409029.770349604
2023-04-13,CPO,1.0,1.0,3318.364,3279.0345500000003,180,3185.0739777777776,,,False,,,,False,False,True,MAINLINE_RISE,True,5,0,0,False,235.516,197.9959,234.14659999999998,-0.06248855557413213,256.61199999999997,-0.08220971739435401,2235930.855165208,0,1.843252042701061,1.843252042701061,CPO,1.843252042701061,1.843252042701061,8,0,False,0.02,0,HOLD,CPO,NO_STRONGER_QUALIFIED_SECTOR,0,5,equal_capital,0.1,False,2258307.6444443082
2023-04-14,CPO,1.0,1.0,3338.153,3284.5976499999997,180,3185.400211111111,,,False,,,,False,False,True,MAINLINE_RISE,True,6,0,0,False,243.66199999999998,203.8544,239.7268,0.034587883625740945,256.61199999999997,-0.05046529390675414,2235930.855165208,0,1.926303639755874,1.926303639755874,CPO,1.926303639755874,1.926303639755874,10,0,False,0.02,0,HOLD,CPO,NO_STRONGER_QUALIFIED_SECTOR,0,5,equal_capital,0.1,False,2295147.103133544
2023-04-17,CPO,1.0,1.0,3385.61,3291.3508500000003,180,3185.849577777778,,,False,,,,False,False,True,MAINLINE_RISE,True,7,0,0,False,236.79399999999995,208.82509999999996,243.5758,-0.028186586336810926,256.61199999999997,-0.07722943587984976,2235930.855165208,0,1.7236424515941182,1.7236424515941182,存储,1.380682346379102,1.380682346379102,8,0,False,0.02,0,HOLD,CPO,NO_STRONGER_QUALIFIED_SECTOR,1,5,equal_capital,0.1,False,2245993.8146134405
2023-04-18,CPO,1.0,1.0,3393.331,3299.2718999999997,180,3186.5236333333332,,,False,,,,False,False,True,MAINLINE_RISE,True,8,0,0,False,269.418,215.18909999999997,247.57779999999997,0.13777376115948914,269.418,0.0,2235930.855165208,0,1.8954677848288284,1.8954677848288284,液冷,1.2912936606682248,1.2912936606682248,6,0,False,0.02,0,SELL,,SECTOR_DAILY_GAIN_OVER_10%_PAUSE,0,5,equal_capital,0.1,False,2514338.2866297346
2023-04-19,现金,0.0,0.0,3370.128,3304.9957499999996,180,3187.080044444445,,,False,,,,False,False,True,MAINLINE_RISE,True,9,0,0,False,,,,,,,,0,,,CPO,1.8501415574063385,1.8501415574063385,6,0,False,0.02,0,BUY,CPO,ENTRY_TOP1,0,5,equal_capital,0.1,False,2554170.8713539564
2023-04-20,CPO,1.0,1.0,3367.031,3310.0599,180,3187.728061111111,,,False,,,,False,False,True,MAINLINE_RISE,True,10,0,0,False,291.134,227.7226,255.45539999999997,0.08131778339028384,291.134,0.0,2554170.8713539564,0,1.7732610549397003,1.7732610549397003,CPO,1.7732610549397003,1.7732610549397003,11,0,False,0.02,0,HOLD,CPO,NO_STRONGER_QUALIFIED_SECTOR,0,5,equal_capital,0.1,False,2716315.4681506115
2023-04-21,CPO,1.0,1.0,3301.258,3310.79035,180,3187.8604055555556,,,False,,,,False,False,False,MAINLINE_DECLINE,False,0,1,1,False,271.864,232.67569999999995,256.9806,-0.0661894522797064,291.134,-0.0661894522797064,2554170.8713539564,0,1.5732688279070843,1.5732688279070843,CPO,1.5732688279070843,1.5732688279070843,4,0,False,0.02,0,HOLD,CPO,NO_STRONGER_QUALIFIED_SECTOR,0,5,equal_capital,0.1,False,2567751.440987091
2023-04-24,CPO,1.0,1.0,3275.413,3311.2783000000004,180,3187.858505555556,,,False,,,,False,False,False,MAINLINE_DECLINE,False,0,2,2,False,285.27000000000004,238.1489,260.36,0.04931142041609071,291.134,-0.020141927772091117,2554170.8713539564,0,1.622640865499471,1.622640865499471,CPO,1.622640865499471,1.622640865499471,6,0,False,0.02,0,HOLD,CPO,NO_STRONGER_QUALIFIED_SECTOR,0,5,equal_capital,0.1,False,2675870.3422759552
2023-04-25,CPO,1.0,1.0,3264.872,3311.95205,180,3187.76015,,,False,,,,False,False,False,MAINLINE_DECLINE,False,0,3,3,False,270.08799999999997,242.37849999999997,262.42,-0.05321975672170254,291.134,-0.07228973599785682,2554170.8713539564,0,1.456031396903437,1.456031396903437,CPO,1.456031396903437,1.456031396903437,10,0,False,0.02,0,HOLD,CPO,NO_STRONGER_QUALIFIED_SECTOR,0,5,equal_capital,0.1,False,2561143.82825228
2023-04-26,CPO,1.0,1.0,3264.101,3312.8883,180,3187.8205000000003,,,False,,,,False,False,False,MAINLINE_DECLINE,False,0,4,4,False,265.42999999999995,246.64679999999998,263.84159999999997,-0.01724623085809074,291.134,-0.08828924138025807,2554170.8713539564,0,1.474086991291985,1.474086991291985,CPO,1.474086991291985,1.474086991291985,6,0,False,0.02,0,HOLD,CPO,NO_STRONGER_QUALIFIED_SECTOR,0,5,equal_capital,0.1,False,2529083.009409486
2023-04-27,CPO,1.0,1.0,3285.884,3315.1796499999996,180,3187.9645277777777,,,False,,,,False,False,False,MAINLINE_DECLINE,False,0,5,5,False,247.368,249.58669999999998,265.0268,-0.06804807293825099,291.134,-0.1503294015814024,2554170.8713539564,0,1.3118099379540755,1.3118099379540755,液冷,1.190038525041277,1.190038525041277,1,0,False,0.02,0,SELL,,DOUBLE_MA20_BREAK,1,5,equal_capital,0.1,False,2351664.526381204
2023-04-28,现金,0.0,0.0,3323.275,3318.2809500000003,180,3188.725688888889,,,False,,,,False,False,True,MAINLINE_RISE,True,1,0,0,False,,,,,,,,1,,,CPO,1.4445863941232837,1.4445863941232837,6,0,False,0.02,0,CASH,,ENTRY_GATE_CLOSED_OR_NO_CANDIDATE,0,5,equal_capital,0.1,False,2356488.1407074
2023-05-04,现金,0.0,0.0,3350.459,3322.1609000000003,180,3189.7633833333334,,,False,,,,False,False,True,MAINLINE_RISE,True,2,0,0,False,,,,,,,,1,,,建筑装饰,1.2475867000357526,1.2475867000357526,7,0,False,0.02,0,CASH,,ENTRY_GATE_CLOSED_OR_NO_CANDIDATE,0,5,equal_capital,0.1,False,2356488.1407074
2023-05-05,现金,0.0,0.0,3334.503,3324.06625,180,3190.571516666667,,,False,,,,False,False,True,MAINLINE_RISE,True,3,0,0,False,,,,,,,,1,,,建筑装饰,1.2189045936395757,1.2189045936395757,5,0,False,0.02,0,CASH,,ENTRY_GATE_CLOSED_OR_NO_CANDIDATE,0,5,equal_capital,0.1,False,2356488.1407074
2023-05-08,现金,0.0,0.0,3395.004,3328.18855,180,3191.504722222223,,,False,,,,False,False,True,MAINLINE_RISE,True,4,0,0,False,,,,,,,,1,,,保险,1.1736957414761056,1.1736957414761056,6,0,False,0.02,0,CASH,,ENTRY_GATE_CLOSED_OR_NO_CANDIDATE,0,5,equal_capital,0.1,False,2356488.1407074
2023-05-09,现金,0.0,0.0,3357.671,3330.4407,180,3192.1754833333334,,,False,,,,False,False,True,MAINLINE_RISE,True,5,0,0,False,,,,,,,,1,,,保险,1.1591529346737144,1.1591529346737144,5,0,False,0.02,0,CASH,,ENTRY_GATE_CLOSED_OR_NO_CANDIDATE,0,5,equal_capital,0.1,False,2356488.1407074
2023-05-10,现金,0.0,0.0,3319.151,3330.01595,180,3192.5739222222223,,,False,,,,False,False,False,MAINLINE_DECLINE,False,0,1,1,False,,,,,,,,1,,,保险,1.1250728762989128,1.1250728762989128,1,0,False,0.02,0,CASH,,ENTRY_GATE_CLOSED_OR_NO_CANDIDATE,0,5,equal_capital,0.1,False,2356488.1407074
2023-05-11,现金,0.0,0.0,3309.551,3329.7256,180,3193.015761111111,,,False,,,,False,False,False,MAINLINE_DECLINE,False,0,2,2,False,,,,,,,,1,,,AIGC,1.1544633441841272,1.1544633441841272,4,0,False,0.02,0,CASH,,ENTRY_GATE_CLOSED_OR_NO_CANDIDATE,0,5,equal_capital,0.1,False,2356488.1407074
2023-05-12,现金,0.0,0.0,3272.362,3327.66515,180,3192.9640777777777,,,False,,,,False,False,False,MAINLINE_DECLINE,False,0,3,3,False,,,,,,,,1,,,纺织服饰,1.124028211909914,1.124028211909914,3,0,False,0.02,0,CASH,,ENTRY_GATE_CLOSED_OR_NO_CANDIDATE,0,5,equal_capital,0.1,False,2356488.1407074
2023-05-15,现金,0.0,0.0,3310.737,3326.8429000000006,180,3193.152127777778,,,False,,,,False,False,False,MAINLINE_DECLINE,False,0,4,4,False,,,,,,,,1,,,保险,1.1801227412205935,1.1801227412205935,2,0,False,0.02,0,CASH,,ENTRY_GATE_CLOSED_OR_NO_CANDIDATE,0,5,equal_capital,0.1,False,2356488.1407074
2023-05-16,现金,0.0,0.0,3290.987,3325.47405,180,3193.234905555555,,,False,,,,False,False,False,MAINLINE_DECLINE,False,0,5,5,False,,,,,,,,1,,,风电设备,1.1005597760895645,1.1005597760895645,1,0,False,0.02,0,CASH,,ENTRY_GATE_CLOSED_OR_NO_CANDIDATE,0,5,equal_capital,0.1,False,2356488.1407074
2023-05-17,现金,0.0,0.0,3284.232,3322.778,180,3193.2701666666667,,,False,,,,False,False,False,MAINLINE_DECLINE,False,0,6,6,False,,,,,,,,1,,,风电设备,1.1104054714215925,1.1104054714215925,2,0,False,0.02,0,CASH,,ENTRY_GATE_CLOSED_OR_NO_CANDIDATE,0,5,equal_capital,0.1,False,2356488.1407074
2023-05-18,现金,0.0,0.0,3297.32,3318.3635000000004,180,3193.2968,,,False,,,,False,False,False,BROAD_DECLINE_OR_NO_LEADER,False,0,7,7,False,,,,,,,,1,,,,,,0,0,False,0.02,0,CASH,,ENTRY_GATE_CLOSED_OR_NO_CANDIDATE,0,5,equal_capital,0.1,False,2356488.1407074
2023-05-19,现金,0.0,0.0,3283.542,3312.87405,180,3193.330122222222,,,False,,,,False,False,False,BROAD_DECLINE_OR_NO_LEADER,False,0,8,8,False,,,,,,,,1,,,,,,0,0,False,0.02,0,CASH,,ENTRY_GATE_CLOSED_OR_NO_CANDIDATE,0,5,equal_capital,0.1,False,2356488.1407074
2023-05-22,现金,0.0,0.0,3296.47,3309.19115,180,3193.5434111111113,,,False,,,,False,False,False,BROAD_DECLINE_OR_NO_LEADER,False,0,9,9,False,,,,,,,,1,,,,,,0,0,False,0.02,0,CASH,,ENTRY_GATE_CLOSED_OR_NO_CANDIDATE,0,5,equal_capital,0.1,False,2356488.1407074
2023-05-23,现金,0.0,0.0,3246.238,3303.1515,180,3193.3681,,,False,,,,False,False,False,BROAD_DECLINE_OR_NO_LEADER,False,0,10,10,False,,,,,,,,1,,,,,,0,0,False,0.02,0,CASH,,ENTRY_GATE_CLOSED_OR_NO_CANDIDATE,0,5,equal_capital,0.1,False,2356488.1407074
2023-05-24,现金,0.0,0.0,3204.749,3298.3260500000006,180,3192.971022222223,,,False,,,,False,False,False,BROAD_DECLINE_OR_NO_LEADER,False,0,11,11,False,,,,,,,,1,,,,,,0,0,False,0.02,0,CASH,,ENTRY_GATE_CLOSED_OR_NO_CANDIDATE,0,5,equal_capital,0.1,False,2356488.1407074
2023-05-25,现金,0.0,0.0,3201.261,3294.6184500000004,180,3192.893566666666,,,False,,,,False,False,False,BROAD_DECLINE_OR_NO_LEADER,False,0,12,12,False,,,,,,,,1,,,,,,0,0,False,0.02,0,CASH,,ENTRY_GATE_CLOSED_OR_NO_CANDIDATE,0,5,equal_capital,0.1,False,2356488.1407074
2023-05-26,现金,0.0,0.0,3212.504,3292.00005,180,3192.7061,,,False,,,,False,False,False,MAINLINE_DECLINE,False,0,13,13,False,,,,,,,,1,,,汽车零部件,1.1038184639649953,1.1038184639649953,1,0,False,0.02,0,CASH,,ENTRY_GATE_CLOSED_OR_NO_CANDIDATE,0,5,equal_capital,0.1,False,2356488.1407074
2023-05-29,现金,0.0,0.0,3221.448,3289.8674,180,3192.624016666667,,,False,,,,False,False,False,MAINLINE_DECLINE,False,0,14,14,False,,,,,,,,1,,,CPO,1.1265569076592703,1.1265569076592703,1,0,False,0.02,0,CASH,,ENTRY_GATE_CLOSED_OR_NO_CANDIDATE,0,5,equal_capital,0.1,False,2356488.1407074
2023-05-30,现金,0.0,0.0,3224.213,3286.78385,180,3192.532266666667,,,False,,,,False,False,False,MAINLINE_DECLINE,False,0,15,15,False,,,,,,,,1,,,CPO,1.3032162607936353,1.3032162607936353,1,0,False,0.02,0,CASH,,ENTRY_GATE_CLOSED_OR_NO_CANDIDATE,0,5,equal_capital,0.1,False,2356488.1407074
2023-05-31,现金,0.0,0.0,3204.564,3280.8483,180,3192.4064,,,False,,,,False,False,False,MAINLINE_DECLINE,False,0,16,16,False,,,,,,,,1,,,CPO,1.2068685975385067,1.2068685975385067,2,0,False,0.02,0,CASH,,ENTRY_GATE_CLOSED_OR_NO_CANDIDATE,0,5,equal_capital,0.1,False,2356488.1407074
2023-06-01,现金,0.0,0.0,3204.635,3273.5571,180,3192.4202722222226,,,False,,,,False,False,False,MAINLINE_DECLINE,False,0,17,17,False,,,,,,,,1,,,CPO,1.2654691558568951,1.2654691558568951,4,0,False,0.02,0,CASH,,ENTRY_GATE_CLOSED_OR_NO_CANDIDATE,0,5,equal_capital,0.1,False,2356488.1407074
2023-06-02,现金,0.0,0.0,3230.069,3268.3354,180,3192.6707666666666,,,False,,,,False,False,False,MAINLINE_DECLINE,False,0,18,18,False,,,,,,,,1,,,CPO,1.3243865672891717,1.3243865672891717,6,0,False,0.02,0,CASH,,ENTRY_GATE_CLOSED_OR_NO_CANDIDATE,0,5,equal_capital,0.1,False,2356488.1407074
2023-06-05,现金,0.0,0.0,3232.441,3260.2072500000004,180,3192.9261166666665,,,False,,,,False,False,False,MAINLINE_DECLINE,False,0,19,19,False,,,,,,,,1,,,CPO,1.3397975970885885,1.3397975970885885,6,0,False,0.02,0,CASH,,ENTRY_GATE_CLOSED_OR_NO_CANDIDATE,0,5,equal_capital,0.1,False,2356488.1407074
2023-06-06,现金,0.0,0.0,3195.34,3252.0906999999997,180,3192.900716666667,,,False,,,,False,False,False,MAINLINE_DECLINE,False,0,20,20,False,,,,,,,,1,,,CPO,1.2948754098624795,1.2948754098624795,4,0,False,0.02,0,CASH,,ENTRY_GATE_CLOSED_OR_NO_CANDIDATE,0,5,equal_capital,0.1,False,2356488.1407074
2023-06-07,现金,0.0,0.0,3197.759,3246.0211000000004,180,3192.6468944444446,,,False,,,,False,False,False,MAINLINE_DECLINE,False,0,21,21,False,,,,,,,,1,,,CPO,1.3756131863662935,1.3756131863662935,2,0,False,0.02,0,CASH,,ENTRY_GATE_CLOSED_OR_NO_CANDIDATE,0,5,equal_capital,0.1,False,2356488.1407074
2023-06-08,现金,0.0,0.0,3213.586,3241.22285,180,3192.4651833333332,,,False,,,,False,False,False,MAINLINE_DECLINE,False,0,22,22,False,,,,,,,,1,,,CPO,1.3544102524218153,1.3544102524218153,2,0,False,0.02,0,CASH,,ENTRY_GATE_CLOSED_OR_NO_CANDIDATE,0,5,equal_capital,0.1,False,2356488.1407074
2023-06-09,现金,0.0,0.0,3231.406,3239.1750500000003,180,3192.4419611111107,,,False,,,,False,False,False,MAINLINE_DECLINE,False,0,23,23,False,,,,,,,,1,,,CPO,1.389317116305454,1.389317116305454,5,0,False,0.02,0,CASH,,ENTRY_GATE_CLOSED_OR_NO_CANDIDATE,0,5,equal_capital,0.1,False,2356488.1407074
2023-06-12,现金,0.0,0.0,3228.834,3235.0798999999997,180,3192.2574055555556,,,False,,,,False,False,False,MAINLINE_DECLINE,False,0,24,24,False,,,,,,,,1,,,CPO,1.4385740476675495,1.4385740476675495,4,0,False,0.02,0,CASH,,ENTRY_GATE_CLOSED_OR_NO_CANDIDATE,0,5,equal_capital,0.1,False,2356488.1407074
2023-06-13,现金,0.0,0.0,3233.673,3232.2142,180,3192.0900499999993,,,False,,,,False,False,True,NO_MAINLINE_ROTATION,False,0,25,0,False,,,,,,,,1,,,CPO,1.528656430598776,1.528656430598776,11,0,False,0.02,0,BUY,CPO,ENTRY_TOP1,0,5,equal_capital,0.1,False,2356488.1407074
2023-06-14,CPO,1.0,1.0,3228.989,3229.45205,180,3192.0425333333333,,,False,,,,False,False,False,MAINLINE_DECLINE,False,0,26,1,False,390.29800000000006,309.7627,335.5062,0.09137632123483042,390.29800000000006,0.0,2356488.1407074,1,1.6202063978347325,1.6202063978347325,CPO,1.6202063978347325,1.6202063978347325,14,0,False,0.02,0,HOLD,CPO,NO_STRONGER_QUALIFIED_SECTOR,0,5,equal_capital,0.1,False,2535923.592821302
2023-06-15,CPO,1.0,1.0,3252.975,3227.2347999999997,180,3192.3372888888885,,,False,,,,False,False,True,NO_MAINLINE_ROTATION,False,0,27,0,False,390.312,315.1062,342.2854,3.587002751737067e-05,390.312,0.0,2356488.1407074,1,1.3770436279732714,1.3770436279732714,CPO,1.3770436279732714,1.3770436279732714,9,0,False,0.02,0,HOLD,CPO,NO_STRONGER_QUALIFIED_SECTOR,0,5,equal_capital,0.1,False,2581134.1575501217
2023-06-16,CPO,1.0,1.0,3273.334,3226.7244,180,3193.1536,,,False,,,,False,False,True,NO_MAINLINE_ROTATION,False,0,28,0,False,424.55999999999995,323.0919,353.1124,0.08774518846461277,424.55999999999995,0.0,2356488.1407074,1,1.6030447882920642,1.6030447882920642,CPO,1.6030447882920642,1.6030447882920642,13,0,False,0.02,0,HOLD,CPO,NO_STRONGER_QUALIFIED_SECTOR,0,5,equal_capital,0.1,False,2753390.5858204695
2023-06-19,CPO,1.0,1.0,3255.806,3224.6912,180,3193.9325111111107,,,False,,,,False,False,True,NO_MAINLINE_ROTATION,False,0,29,0,False,461.4219999999999,333.448,367.0046,0.08682400602977203,461.4219999999999,0.0,2356488.1407074,1,1.814478961856075,1.814478961856075,CPO,1.814478961856075,1.814478961856075,14,0,False,0.02,0,HOLD,CPO,NO_STRONGER_QUALIFIED_SECTOR,0,5,equal_capital,0.1,False,2975125.09985639
2023-06-20,CPO,1.0,1.0,3240.365,3224.3975499999997,180,3194.5878388888887,,,False,,,,False,False,True,NO_MAINLINE_ROTATION,False,0,30,0,False,474.59800000000007,344.4676,382.31859999999995,0.028555205430170538,474.59800000000007,0.0,2356488.1407074,1,1.866981896572072,1.866981896572072,CPO,1.866981896572072,1.866981896572072,16,0,False,0.02,0,HOLD,CPO,NO_STRONGER_QUALIFIED_SECTOR,0,5,equal_capital,0.1,False,3081746.4025275954
2023-06-21,CPO,1.0,1.0,3197.901,3224.05515,180,3195.036305555555,,,False,,,,False,False,False,MAINLINE_DECLINE,False,0,31,1,False,434.18199999999996,353.1043,393.2638,-0.08515838667672448,474.59800000000007,-0.08515838667672448,2356488.1407074,1,1.6606820476729593,1.6606820476729593,CPO,1.6606820476729593,1.6606820476729593,13,0,False,0.02,0,HOLD,CPO,NO_STRONGER_QUALIFIED_SECTOR,0,5,equal_capital,0.1,False,2831677.581945257
2023-06-26,CPO,1.0,1.0,3150.619,3221.5230500000002,180,3195.268022222222,,,False,,,,False,False,False,MAINLINE_DECLINE,False,0,32,2,False,401.41999999999996,358.8406,402.05959999999993,-0.07545683607335174,474.59800000000007,-0.15418944032633952,2356488.1407074,1,1.4001688211124053,1.4001688211124053,CPO,1.4001688211124053,1.4001688211124053,9,0,False,0.02,0,HOLD,CPO,NO_STRONGER_QUALIFIED_SECTOR,1,5,equal_capital,0.1,False,2604651.6899397457
2023-06-27,CPO,1.0,1.0,3189.443,3220.37,180,3195.8295388888882,,,False,,,,False,False,False,MAINLINE_DECLINE,False,0,33,3,False,393.252,364.1862,408.07620000000003,-0.02034776543271377,474.59800000000007,-0.17139979519509152,2356488.1407074,1,1.3733743102605296,1.3733743102605296,CPO,1.3733743102605296,1.3733743102605296,10,0,False,0.02,0,SELL,,MARKET_MA180_AND_SECTOR_MA10_BREAK,2,5,equal_capital,0.1,False,2556833.5172034213
2023-06-28,现金,0.0,0.0,3189.376,3218.7663999999995,180,3196.597038888889,,,False,,,,False,False,False,MAINLINE_DECLINE,False,0,34,4,False,,,,,,,,0,,,汽车零部件,1.3216121881043348,1.3216121881043348,4,0,False,0.02,0,CASH,,ENTRY_GATE_CLOSED_OR_NO_CANDIDATE,0,5,equal_capital,0.1,False,2458604.6484418
2023-06-29,现金,0.0,0.0,3182.381,3216.6748,180,3197.0888111111108,,,False,,,,False,False,False,MAINLINE_DECLINE,False,0,35,5,False,,,,,,,,0,,,汽车零部件,1.3501934706550196,1.3501934706550196,5,0,False,0.02,0,CASH,,ENTRY_GATE_CLOSED_OR_NO_CANDIDATE,0,5,equal_capital,0.1,False,2458604.6484418
2023-06-30,现金,0.0,0.0,3202.062,3216.5497,180,3197.961005555556,,,False,,,,False,False,False,MAINLINE_DECLINE,False,0,36,6,False,,,,,,,,0,,,汽车零部件,1.3662558101889324,1.3662558101889324,5,0,False,0.02,0,CASH,,ENTRY_GATE_CLOSED_OR_NO_CANDIDATE,0,5,equal_capital,0.1,False,2458604.6484418
2023-07-03,现金,0.0,0.0,3243.975,3218.5167,180,3199.0875055555553,,,False,,,,False,False,True,NO_MAINLINE_ROTATION,False,0,37,0,False,,,,,,,,0,,,汽车零部件,1.366331003435612,1.366331003435612,6,0,False,0.02,0,CASH,,ENTRY_GATE_CLOSED_OR_NO_CANDIDATE,0,5,equal_capital,0.1,False,2458604.6484418
2023-07-04,现金,0.0,0.0,3245.349,3219.2807,180,3200.31505,,,False,,,,False,False,True,NO_MAINLINE_ROTATION,False,0,38,0,False,,,,,,,,0,,,汽车零部件,1.3867782883661677,1.3867782883661677,6,0,False,0.02,0,CASH,,ENTRY_GATE_CLOSED_OR_NO_CANDIDATE,0,5,equal_capital,0.1,False,2458604.6484418
2023-07-05,现金,0.0,0.0,3222.947,3218.8059999999996,180,3201.697283333333,,,False,,,,False,False,True,MAINLINE_RISE,True,1,0,0,False,,,,,,,,0,,,汽车零部件,1.3312629867196677,1.3312629867196677,5,0,False,0.02,0,BUY,汽车零部件,ENTRY_TOP1,0,5,equal_capital,0.1,False,2458604.6484418
2023-07-06,汽车零部件,1.0,1.0,3205.575,3219.31775,180,3202.951627777778,,,False,,,,False,False,False,MAINLINE_DECLINE,False,0,1,1,False,119.23600000000002,106.7103,115.8262,0.011451741512987335,119.23600000000002,0.0,2458604.6484418,0,1.3765094317840736,1.3765094317840736,汽车零部件,1.3765094317840736,1.3765094317840736,7,0,False,0.02,0,HOLD,汽车零部件,NO_STRONGER_QUALIFIED_SECTOR,0,5,equal_capital,0.1,False,2531914.380802045
2023-07-07,汽车零部件,1.0,1.0,3196.609,3219.2602500000003,180,3203.9021999999995,,,False,,,,False,False,False,MAINLINE_DECLINE,False,0,2,2,False,116.53,108.2995,116.01679999999999,-0.02269448824180631,119.23600000000002,-0.02269448824180631,2458604.6484418,0,1.3750501498595802,1.3750501498595802,汽车零部件,1.3750501498595802,1.3750501498595802,7,0,False,0.02,0,HOLD,汽车零部件,NO_STRONGER_QUALIFIED_SECTOR,0,5,equal_capital,0.1,False,2480613.833546279
2023-07-10,汽车零部件,1.0,1.0,3203.696,3218.76575,180,3204.9429777777773,,,False,,,,False,False,False,MAINLINE_DECLINE,False,0,3,3,False,115.89200000000001,109.88199999999999,116.44959999999999,-0.005474984982407838,119.23600000000002,-0.028045221241906892,2458604.6484418,0,1.3757033308800837,1.3757033308800837,汽车零部件,1.3757033308800837,1.3757033308800837,7,0,False,0.02,0,HOLD,汽车零部件,NO_STRONGER_QUALIFIED_SECTOR,1,5,equal_capital,0.1,False,2455929.09895999
2023-07-11,汽车零部件,1.0,1.0,3221.367,3218.2637999999997,180,3205.7728666666667,,,False,,,,False,False,True,NO_MAINLINE_ROTATION,False,0,4,0,False,121.242,111.65259999999998,117.48239999999998,0.04616366962344243,121.242,0.0,2458604.6484418,0,1.4125830129325412,1.4125830129325412,汽车零部件,1.4125830129325412,1.4125830129325412,6,0,False,0.02,0,HOLD,汽车零部件,NO_STRONGER_QUALIFIED_SECTOR,0,5,equal_capital,0.1,False,2585949.735059392
2023-07-12,汽车零部件,1.0,1.0,3196.134,3216.6288,180,3206.3905999999997,,,False,,,,False,False,False,BROAD_DECLINE_OR_NO_LEADER,False,0,5,1,False,116.53600000000002,112.8134,117.92819999999999,-0.03881493211923248,121.242,-0.03881493211923248,2458604.6484418,0,1.2487783969138448,1.2487783969138448,,,,0,0,False,0.02,0,HOLD,汽车零部件,NO_STRONGER_QUALIFIED_SECTOR,1,5,equal_capital,0.1,False,2498135.6319788727
2023-07-13,汽车零部件,1.0,1.0,3236.48,3216.76915,180,3207.2546166666666,,,False,,,,False,False,True,NO_MAINLINE_ROTATION,False,0,6,0,False,116.356,113.7807,117.90920000000001,-0.0015445870803874051,121.242,-0.04029956615694241,2458604.6484418,0,1.199422739923719,1.199422739923719,光伏,1.1095554918267851,1.1095554918267851,2,0,False,0.02,0,HOLD,汽车零部件,NO_STRONGER_QUALIFIED_SECTOR,2,5,equal_capital,0.1,False,2484105.9005806306
2023-07-14,汽车零部件,1.0,1.0,3237.701,3217.20475,180,3208.328633333333,,,False,,,,False,False,True,NO_MAINLINE_ROTATION,False,0,7,0,False,114.602,114.54249999999999,117.55320000000002,-0.015074426759255966,121.242,-0.054766500057735756,2458604.6484418,0,1.153332125676791,1.153332125676791,煤炭,1.124563897144334,1.124563897144334,1,0,False,0.02,0,HOLD,汽车零部件,NO_STRONGER_QUALIFIED_SECTOR,3,5,equal_capital,0.1,False,2434288.441388592
2023-07-17,汽车零部件,1.0,1.0,3209.63,3215.0375,180,3209.298522222222,,,False,,,,False,False,False,MAINLINE_DECLINE,False,0,8,1,False,112.43999999999998,114.9702,117.26399999999998,-0.018865290309069804,121.242,-0.07259860444400468,2458604.6484418,0,1.0823402575900505,1.0823402575900505,消费电子,1.1341421781034164,1.1341421781034164,1,0,False,0.02,0,SELL,,DOUBLE_MA20_BREAK,4,5,equal_capital,0.1,False,2395246.979477293
2023-07-18,现金,0.0,0.0,3197.82,3211.2617999999998,180,3210.18125,,,False,,,,False,False,False,MAINLINE_DECLINE,False,0,9,2,False,,,,,,,,1,,,消费电子,1.1013267388415986,1.1013267388415986,1,0,False,0.02,0,CASH,,ENTRY_GATE_CLOSED_OR_NO_CANDIDATE,0,5,equal_capital,0.1,False,2382268.363386392
2023-07-19,现金,0.0,0.0,3198.836,3208.4133,180,3211.4105888888894,,,False,,,,False,False,False,MAINLINE_DECLINE,False,0,10,3,False,,,,,,,,1,,,有色金属,1.1062816226292271,1.1062816226292271,1,0,False,0.02,0,CASH,,ENTRY_GATE_CLOSED_OR_NO_CANDIDATE,0,5,equal_capital,0.1,False,2382268.363386392
2023-07-20,现金,0.0,0.0,3169.522,3204.87115,180,3212.484138888889,,,False,,,,False,False,False,MAINLINE_DECLINE,False,0,11,4,False,,,,,,,,1,,,有色金属,1.12528780312771,1.12528780312771,1,0,False,0.02,0,CASH,,ENTRY_GATE_CLOSED_OR_NO_CANDIDATE,0,5,equal_capital,0.1,False,2382268.363386392
2023-07-21,现金,0.0,0.0,3167.745,3203.36335,180,3213.4188111111116,,,False,,,,False,False,False,MAINLINE_DECLINE,False,0,12,5,False,,,,,,,,1,,,有色金属,1.152949037235012,1.152949037235012,2,0,False,0.02,0,CASH,,ENTRY_GATE_CLOSED_OR_NO_CANDIDATE,0,5,equal_capital,0.1,False,2382268.363386392
2023-07-24,现金,0.0,0.0,3164.161,3204.04045,180,3214.4258,,,False,,,,False,False,False,MAINLINE_DECLINE,False,0,13,6,False,,,,,,,,1,,,有色金属,1.1497095689391623,1.1497095689391623,2,0,False,0.02,0,CASH,,ENTRY_GATE_CLOSED_OR_NO_CANDIDATE,0,5,equal_capital,0.1,False,2382268.363386392
2023-07-25,现金,0.0,0.0,3231.521,3206.14435,180,3216.1791055555555,,,False,,,,False,False,True,NO_MAINLINE_ROTATION,False,0,14,0,False,,,,,,,,1,,,有色金属,1.1398128278493087,1.1398128278493087,2,0,False,0.02,0,BUY,有色金属,ENTRY_TOP1,0,5,equal_capital,0.1,False,2382268.363386392
2023-07-26,有色金属,1.0,1.0,3223.028,3207.82695,180,3218.0099111111113,,,False,,,,False,False,True,NO_MAINLINE_ROTATION,False,0,15,0,False,76.85,72.3253,74.6702,0.004759040870224496,76.85,0.0,2382268.363386392,1,1.1503802167534878,1.1503802167534878,有色金属,1.1503802167534878,1.1503802167534878,3,0,False,0.02,0,HOLD,有色金属,NO_STRONGER_QUALIFIED_SECTOR,0,5,equal_capital,0.1,False,2390789.1796794813
2023-07-27,有色金属,1.0,1.0,3216.671,3209.5414499999997,180,3219.38475,,,False,,,,False,False,True,MAINLINE_RISE,True,1,0,0,False,76.26599999999999,72.834,75.0274,-0.007599219258295431,76.85,-0.007599219258295431,2382268.363386392,1,1.1539369363916963,1.1539369363916963,有色金属,1.1539369363916963,1.1539369363916963,3,0,False,0.02,0,HOLD,有色金属,NO_STRONGER_QUALIFIED_SECTOR,0,5,equal_capital,0.1,False,2371708.4790178714
2023-07-28,有色金属,1.0,1.0,3275.926,3213.23465,180,3220.89895,,,False,,,,False,False,True,MAINLINE_RISE,True,2,0,0,False,77.362,73.3349,75.4092,0.014370754989116996,77.362,0.0,2382268.363386392,1,1.14875861249703,1.14875861249703,证券,1.1840559726265256,1.1840559726265256,7,0,False,0.02,1,HOLD,有色金属,SWITCH_CONFIRM_1_OF_2,0,5,equal_capital,0.1,False,2396998.8428778513
2023-07-31,有色金属,1.0,1.0,3291.04,3215.5878999999995,180,3222.528027777778,,,False,,,,False,False,True,MAINLINE_RISE,True,3,0,0,False,78.268,73.798,75.9574,0.011711176029575388,78.268,0.0,2382268.363386392,1,1.1342202127351244,1.1342202127351244,证券,1.169604406609915,1.169604406609915,6,0,False,0.02,0,SWITCH,证券,STRONGER_RS20_MARGIN_2%,0,5,equal_capital,0.1,False,2438880.9274121434
2023-08-01,证券,1.0,1.0,3290.949,3217.8679,180,3223.7511,,,False,,,,False,False,True,MAINLINE_RISE,True,4,0,0,False,45.983999999999995,41.4556,42.887,-0.015627006893008555,45.983999999999995,0.0,2382268.363386392,1,1.1496000000000002,1.1496000000000002,有色金属,1.177782300267473,1.177782300267473,4,0,False,0.02,1,HOLD,证券,SWITCH_CONFIRM_1_OF_2,0,5,equal_capital,0.1,False,2454450.993317339
2023-08-02,证券,1.0,1.0,3261.69,3219.80505,180,3224.7726166666666,,,False,,,,False,False,True,MAINLINE_RISE,True,5,0,0,False,46.209999999999994,41.78099999999999,43.452999999999996,0.0049147529575503945,46.209999999999994,0.0,2382268.363386392,1,1.1639212130371264,1.1639212130371264,证券,1.1639212130371264,1.1639212130371264,5,0,False,0.02,0,HOLD,证券,NO_STRONGER_QUALIFIED_SECTOR,0,5,equal_capital,0.1,False,2456066.427875167
2023-08-03,证券,1.0,1.0,3280.463,3223.54945,180,3225.9724499999998,,,False,,,,False,False,True,MAINLINE_RISE,True,6,0,0,False,47.382,42.1729,44.1666,0.025362475654620242,47.382,0.0,2382268.363386392,1,1.1982095893182276,1.1982095893182276,证券,1.1982095893182276,1.1982095893182276,8,0,False,0.02,0,HOLD,证券,NO_STRONGER_QUALIFIED_SECTOR,0,5,equal_capital,0.1,False,2520516.8792776824
2023-08-04,证券,1.0,1.0,3288.084,3228.1232,180,3227.3053166666664,,,False,,,,False,False,True,MAINLINE_RISE,True,7,0,0,False,47.906,42.577099999999994,44.924,0.011059051960660149,47.906,0.0,2382268.363386392,1,1.2030033649741347,1.2030033649741347,证券,1.2030033649741347,1.2030033649741347,9,0,False,0.02,0,HOLD,证券,NO_STRONGER_QUALIFIED_SECTOR,0,5,equal_capital,0.1,False,2547750.9552632524
2023-08-07,证券,1.0,1.0,3268.831,3231.3799499999996,180,3228.5980888888885,,,False,,,,False,False,True,MAINLINE_RISE,True,8,0,0,False,47.90400000000001,42.97879999999999,45.6772,-4.174842399673473e-05,47.906,-4.174842399673473e-05,2382268.363386392,1,1.2015048908954105,1.2015048908954105,证券,1.2015048908954105,1.2015048908954105,7,0,False,0.02,0,HOLD,证券,NO_STRONGER_QUALIFIED_SECTOR,0,5,equal_capital,0.1,False,2536424.2744273143
2023-08-08,证券,1.0,1.0,3260.62,3233.3426,180,3229.5610166666665,,,False,,,,False,False,True,MAINLINE_RISE,True,9,0,0,False,48.314,43.3921,46.237,0.008558784235136674,48.314,0.0,2382268.363386392,1,1.2064023172193368,1.2064023172193368,证券,1.2064023172193368,1.2064023172193368,5,0,False,0.02,0,HOLD,证券,NO_STRONGER_QUALIFIED_SECTOR,0,5,equal_capital,0.1,False,2564897.090649293
2023-08-09,证券,1.0,1.0,3244.487,3235.7602500000003,180,3230.4559388888883,,,False,,,,False,False,True,MAINLINE_RISE,True,10,0,0,False,48.146,43.814099999999996,46.7446,-0.003477252970153555,48.314,-0.003477252970153555,2382268.363386392,1,1.2125623331486426,1.2125623331486426,证券,1.2125623331486426,1.2125623331486426,3,0,False,0.02,0,HOLD,证券,NO_STRONGER_QUALIFIED_SECTOR,0,5,equal_capital,0.1,False,2544717.7966699908
2023-08-10,证券,1.0,1.0,3254.56,3236.66425,180,3231.1252833333333,,,False,,,,False,False,True,MAINLINE_RISE,True,11,0,0,False,48.64,44.218199999999996,47.35699999999999,0.010260457774269982,48.64,0.0,2382268.363386392,1,1.1992701809753932,1.1992701809753932,证券,1.1992701809753932,1.1992701809753932,1,0,False,0.02,0,HOLD,证券,NO_STRONGER_QUALIFIED_SECTOR,0,5,equal_capital,0.1,False,2566598.9719118243
2023-08-11,证券,1.0,1.0,3189.248,3234.2416,180,3231.5101055555556,,,False,,,,False,False,False,MAINLINE_DECLINE,False,0,1,1,False,46.62,44.521699999999996,47.382,-0.041529605263157965,48.64,-0.041529605263157965,2382268.363386392,1,1.149691738594328,1.149691738594328,证券,1.149691738594328,1.149691738594328,1,0,False,0.02,0,HOLD,证券,NO_STRONGER_QUALIFIED_SECTOR,1,5,equal_capital,0.1,False,2466767.0191735765
2023-08-14,证券,1.0,1.0,3178.427,3232.68145,180,3231.8600611111115,,,False,,,,False,False,False,MAINLINE_DECLINE,False,0,2,2,False,46.040000000000006,44.8143,47.3146,-0.012441012441012256,48.64,-0.05345394736842091,2382268.363386392,1,1.145615606648751,1.145615606648751,证券,1.145615606648751,1.145615606648751,1,0,False,0.02,0,SELL,,MARKET_MA180_AND_SECTOR_MA10_BREAK,2,5,equal_capital,0.1,False,2440528.686945926
2023-08-15,现金,0.0,0.0,3176.176,3231.59925,180,3232.298577777778,,,False,,,,False,False,False,BROAD_DECLINE_OR_NO_LEADER,False,0,3,3,False,,,,,,,,0,,,,,,0,0,False,0.02,0,CASH,,ENTRY_GATE_CLOSED_OR_NO_CANDIDATE,0,5,equal_capital,0.1,False,2437338.8498824607
2023-08-16,现金,0.0,0.0,3150.128,3229.16385,180,3232.6601555555553,,,False,,,,False,False,False,BROAD_DECLINE_OR_NO_LEADER,False,0,4,4,False,,,,,,,,0,,,,,,0,0,False,0.02,0,CASH,,ENTRY_GATE_CLOSED_OR_NO_CANDIDATE,0,5,equal_capital,0.1,False,2437338.8498824607
2023-08-17,现金,0.0,0.0,3163.739,3228.8747,180,3233.0756888888886,,,False,,,,False,False,False,BROAD_DECLINE_OR_NO_LEADER,False,0,5,5,False,,,,,,,,0,,,,,,0,0,False,0.02,0,CASH,,ENTRY_GATE_CLOSED_OR_NO_CANDIDATE,0,5,equal_capital,0.1,False,2437338.8498824607
2023-08-18,现金,0.0,0.0,3131.953,3227.0851,180,3233.2703888888886,,,False,,,,False,False,False,BROAD_DECLINE_OR_NO_LEADER,False,0,6,6,False,,,,,,,,0,,,,,,0,0,False,0.02,0,CASH,,ENTRY_GATE_CLOSED_OR_NO_CANDIDATE,0,5,equal_capital,0.1,False,2437338.8498824607
2023-08-21,现金,0.0,0.0,3092.978,3223.52595,180,3233.2907666666665,,,False,,,,False,False,False,BROAD_DECLINE_OR_NO_LEADER,False,0,7,7,False,,,,,,,,0,,,,,,0,0,False,0.02,0,CASH,,ENTRY_GATE_CLOSED_OR_NO_CANDIDATE,0,5,equal_capital,0.1,False,2437338.8498824607
2023-08-22,现金,0.0,0.0,3120.334,3217.9666,180,3233.394327777778,,,False,,,,False,False,False,BROAD_DECLINE_OR_NO_LEADER,False,0,8,8,False,,,,,,,,0,,,,,,0,0,False,0.02,0,CASH,,ENTRY_GATE_CLOSED_OR_NO_CANDIDATE,0,5,equal_capital,0.1,False,2437338.8498824607
2023-08-23,现金,0.0,0.0,3078.402,3210.7353,180,3233.3935111111114,,,False,,,,False,False,False,BROAD_DECLINE_OR_NO_LEADER,False,0,9,9,False,,,,,,,,0,,,,,,0,0,False,0.02,0,CASH,,ENTRY_GATE_CLOSED_OR_NO_CANDIDATE,0,5,equal_capital,0.1,False,2437338.8498824607
2023-08-24,现金,0.0,0.0,3082.244,3204.01395,180,3233.018488888889,,,False,,,,False,False,False,BROAD_DECLINE_OR_NO_LEADER,False,0,10,10,False,,,,,,,,0,,,,,,0,0,False,0.02,0,CASH,,ENTRY_GATE_CLOSED_OR_NO_CANDIDATE,0,5,equal_capital,0.1,False,2437338.8498824607
2023-08-25,现金,0.0,0.0,3064.075,3193.4214,180,3232.5337111111116,,,False,,,,False,False,False,BROAD_DECLINE_OR_NO_LEADER,False,0,11,11,False,,,,,,,,0,,,,,,0,0,False,0.02,0,CASH,,ENTRY_GATE_CLOSED_OR_NO_CANDIDATE,0,5,equal_capital,0.1,False,2437338.8498824607
2023-08-28,现金,0.0,0.0,3098.636,3183.8012000000003,180,3232.162405555556,,,False,,,,False,False,False,BROAD_DECLINE_OR_NO_LEADER,False,0,12,12,False,,,,,,,,0,,,,,,0,0,False,0.02,0,CASH,,ENTRY_GATE_CLOSED_OR_NO_CANDIDATE,0,5,equal_capital,0.1,False,2437338.8498824607
2023-08-29,现金,0.0,0.0,3135.887,3176.0481,180,3232.0498666666663,,,False,,,,False,False,False,BROAD_DECLINE_OR_NO_LEADER,False,0,13,13,False,,,,,,,,0,,,,,,0,0,False,0.02,0,CASH,,ENTRY_GATE_CLOSED_OR_NO_CANDIDATE,0,5,equal_capital,0.1,False,2437338.8498824607
2023-08-30,现金,0.0,0.0,3137.138,3169.8205000000003,180,3231.635,,,False,,,,False,False,False,BROAD_DECLINE_OR_NO_LEADER,False,0,14,14,False,,,,,,,,0,,,,,,0,0,False,0.02,0,CASH,,ENTRY_GATE_CLOSED_OR_NO_CANDIDATE,0,5,equal_capital,0.1,False,2437338.8498824607
2023-08-31,现金,0.0,0.0,3119.876,3161.79115,180,3231.120238888889,,,False,,,,False,False,False,BROAD_DECLINE_OR_NO_LEADER,False,0,15,15,False,,,,,,,,0,,,,,,0,0,False,0.02,0,CASH,,ENTRY_GATE_CLOSED_OR_NO_CANDIDATE,0,5,equal_capital,0.1,False,2437338.8498824607
2023-09-01,现金,0.0,0.0,3133.247,3154.0493,180,3230.751505555556,,,False,,,,False,False,False,BROAD_DECLINE_OR_NO_LEADER,False,0,16,16,False,,,,,,,,0,,,,,,0,0,False,0.02,0,CASH,,ENTRY_GATE_CLOSED_OR_NO_CANDIDATE,0,5,equal_capital,0.1,False,2437338.8498824607
2023-09-04,现金,0.0,0.0,3177.06,3149.46075,180,3230.638783333333,,,False,,,,False,False,True,BROAD_DECLINE_OR_NO_LEADER,False,0,17,0,False,,,,,,,,0,,,,,,0,0,False,0.02,0,CASH,,ENTRY_GATE_CLOSED_OR_NO_CANDIDATE,0,5,equal_capital,0.1,False,2437338.8498824607
2023-09-05,现金,0.0,0.0,3154.369,3144.1482,180,3230.346666666667,,,False,,,,False,False,True,BROAD_DECLINE_OR_NO_LEADER,False,0,18,0,False,,,,,,,,0,,,,,,0,0,False,0.02,0,CASH,,ENTRY_GATE_CLOSED_OR_NO_CANDIDATE,0,5,equal_capital,0.1,False,2437338.8498824607
2023-09-06,现金,0.0,0.0,3158.077,3139.8277,180,3230.230194444444,,,False,,,,False,False,True,NO_MAINLINE_ROTATION,False,0,19,0,False,,,,,,,,0,,,商业航天,1.1245195413878821,1.1245195413878821,1,0,False,0.02,0,CASH,,RESEARCH_POLICY_BLOCK_ENTRY_TOP1,0,5,equal_capital,0.1,False,2437338.8498824607
2023-09-07,现金,0.0,0.0,3122.352,3133.2173000000003,180,3229.930338888889,,,False,,,,False,False,False,MAINLINE_DECLINE,False,0,20,1,False,,,,,,,,0,,,商业航天,1.11276241033628,1.11276241033628,1,0,False,0.02,0,CASH,,ENTRY_GATE_CLOSED_OR_NO_CANDIDATE,0,5,equal_capital,0.1,False,2437338.8498824607
2023-09-08,现金,0.0,0.0,3116.719,3129.59085,180,3229.598083333333,,,False,,,,False,False,False,MAINLINE_DECLINE,False,0,21,2,False,,,,,,,,0,,,商业航天,1.2365087393918957,1.2365087393918957,1,0,False,0.02,0,CASH,,ENTRY_GATE_CLOSED_OR_NO_CANDIDATE,0,5,equal_capital,0.1,False,2437338.8498824607
2023-09-11,现金,0.0,0.0,3142.779,3127.80845,180,3229.4543666666673,,,False,,,,False,False,True,NO_MAINLINE_ROTATION,False,0,22,0,False,,,,,,,,0,,,商业航天,1.2037909938822584,1.2037909938822584,1,0,False,0.02,0,CASH,,RESEARCH_POLICY_BLOCK_ENTRY_TOP1,0,5,equal_capital,0.1,False,2437338.8498824607
2023-09-12,现金,0.0,0.0,3137.059,3125.8525999999997,180,3229.2832611111107,,,False,,,,False,False,True,NO_MAINLINE_ROTATION,False,0,23,0,False,,,,,,,,0,,,商业航天,1.2139879987931748,1.2139879987931748,1,0,False,0.02,0,CASH,,RESEARCH_POLICY_BLOCK_ENTRY_TOP1,0,5,equal_capital,0.1,False,2437338.8498824607
2023-09-13,现金,0.0,0.0,3123.067,3124.49955,180,3229.3718833333332,,,False,,,,False,False,False,MAINLINE_DECLINE,False,0,24,1,False,,,,,,,,0,,,商业航天,1.216913059782053,1.216913059782053,1,0,False,0.02,0,CASH,,ENTRY_GATE_CLOSED_OR_NO_CANDIDATE,0,5,equal_capital,0.1,False,2437338.8498824607
2023-09-14,现金,0.0,0.0,3126.551,3122.64015,180,3229.665133333333,,,False,,,,False,False,True,NO_MAINLINE_ROTATION,False,0,25,0,False,,,,,,,,0,,,商业航天,1.1411650081557139,1.1411650081557139,1,0,False,0.02,0,CASH,,RESEARCH_POLICY_BLOCK_ENTRY_TOP1,0,5,equal_capital,0.1,False,2437338.8498824607
2023-09-15,现金,0.0,0.0,3117.743,3121.92965,180,3229.9392,,,False,,,,False,False,False,MAINLINE_DECLINE,False,0,26,1,False,,,,,,,,0,,,商业航天,1.1554754594402172,1.1554754594402172,3,0,False,0.02,0,CASH,,ENTRY_GATE_CLOSED_OR_NO_CANDIDATE,0,5,equal_capital,0.1,False,2437338.8498824607
2023-09-18,现金,0.0,0.0,3125.932,3123.57735,180,3230.3364277777778,,,False,,,,False,False,True,NO_MAINLINE_ROTATION,False,0,27,0,False,,,,,,,,0,,,商业航天,1.1487895862972883,1.1487895862972883,4,0,False,0.02,0,CASH,,RESEARCH_POLICY_BLOCK_ENTRY_TOP1,0,5,equal_capital,0.1,False,2437338.8498824607
2023-09-19,现金,0.0,0.0,3124.957,3123.8085,180,3230.775822222222,,,False,,,,False,False,True,NO_MAINLINE_ROTATION,False,0,28,0,False,,,,,,,,0,,,煤炭,1.1314109483423285,1.1314109483423285,2,0,False,0.02,0,CASH,,RESEARCH_POLICY_BLOCK_ENTRY_TOP1,0,5,equal_capital,0.1,False,2437338.8498824607
2023-09-20,现金,0.0,0.0,3108.568,3125.3168,180,3231.014738888889,,,False,,,,False,False,False,MAINLINE_DECLINE,False,0,29,1,False,,,,,,,,0,,,医药生物,1.117218366536363,1.117218366536363,2,0,False,0.02,0,CASH,,ENTRY_GATE_CLOSED_OR_NO_CANDIDATE,0,5,equal_capital,0.1,False,2437338.8498824607
2023-09-21,现金,0.0,0.0,3084.701,3125.43965,180,3230.9543666666673,,,False,,,,False,False,False,MAINLINE_DECLINE,False,0,30,2,False,,,,,,,,0,,,煤炭,1.113367489520261,1.113367489520261,1,0,False,0.02,0,CASH,,ENTRY_GATE_CLOSED_OR_NO_CANDIDATE,0,5,equal_capital,0.1,False,2437338.8498824607
2023-09-22,现金,0.0,0.0,3132.432,3128.8574999999996,180,3231.2045444444443,,,False,,,,False,False,True,MAINLINE_RISE,True,1,0,0,False,,,,,,,,0,,,存储,1.1330968537939543,1.1330968537939543,2,0,False,0.02,0,CASH,,RESEARCH_POLICY_BLOCK_ENTRY_TOP1,0,5,equal_capital,0.1,False,2437338.8498824607
2023-09-25,现金,0.0,0.0,3115.607,3129.70605,180,3231.43735,,,False,,,,False,False,False,MAINLINE_DECLINE,False,0,1,1,False,,,,,,,,0,,,存储,1.1029852039391983,1.1029852039391983,1,0,False,0.02,0,CASH,,ENTRY_GATE_CLOSED_OR_NO_CANDIDATE,0,5,equal_capital,0.1,False,2437338.8498824607
2023-09-26,现金,0.0,0.0,3102.273,3128.0253500000003,180,3231.509655555555,,,False,,,,False,False,False,BROAD_DECLINE_OR_NO_LEADER,False,0,2,2,False,,,,,,,,0,,,,,,0,0,False,0.02,0,CASH,,ENTRY_GATE_CLOSED_OR_NO_CANDIDATE,0,5,equal_capital,0.1,False,2437338.8498824607
2023-09-27,现金,0.0,0.0,3107.316,3126.53425,180,3231.4585666666667,,,False,,,,False,False,False,BROAD_DECLINE_OR_NO_LEADER,False,0,3,3,False,,,,,,,,0,,,,,,0,0,False,0.02,0,CASH,,ENTRY_GATE_CLOSED_OR_NO_CANDIDATE,0,5,equal_capital,0.1,False,2437338.8498824607
2023-09-28,现金,0.0,0.0,3110.475,3126.0642,180,3231.386116666667,,,False,,,,False,False,False,BROAD_DECLINE_OR_NO_LEADER,False,0,4,4,False,,,,,,,,0,,,,,,0,0,False,0.02,0,CASH,,ENTRY_GATE_CLOSED_OR_NO_CANDIDATE,0,5,equal_capital,0.1,False,2437338.8498824607
2023-10-09,现金,0.0,0.0,3096.922,3124.24795,180,3231.062261111111,,,False,,,,False,False,False,BROAD_DECLINE_OR_NO_LEADER,False,0,5,5,False,,,,,,,,0,,,,,,0,0,False,0.02,0,CASH,,ENTRY_GATE_CLOSED_OR_NO_CANDIDATE,0,5,equal_capital,0.1,False,2437338.8498824607
2023-10-10,现金,0.0,0.0,3075.236,3119.15675,180,3230.604477777778,,,False,,,,False,False,False,BROAD_DECLINE_OR_NO_LEADER,False,0,6,6,False,,,,,,,,0,,,,,,0,0,False,0.02,0,CASH,,ENTRY_GATE_CLOSED_OR_NO_CANDIDATE,0,5,equal_capital,0.1,False,2437338.8498824607
2023-10-11,现金,0.0,0.0,3078.956,3115.3861,180,3230.064872222222,,,False,,,,False,False,False,MAINLINE_DECLINE,False,0,7,7,False,,,,,,,,0,,,光学光电子,1.1031870556508947,1.1031870556508947,1,0,False,0.02,0,CASH,,ENTRY_GATE_CLOSED_OR_NO_CANDIDATE,0,5,equal_capital,0.1,False,2437338.8498824607
2023-10-12,现金,0.0,0.0,3107.901,3112.8773,180,3229.7226166666665,,,False,,,,False,False,False,MAINLINE_DECLINE,False,0,8,8,False,,,,,,,,0,,,光学光电子,1.1140250855188139,1.1140250855188139,2,0,False,0.02,0,CASH,,ENTRY_GATE_CLOSED_OR_NO_CANDIDATE,0,5,equal_capital,0.1,False,2437338.8498824607
2023-10-13,现金,0.0,0.0,3088.099,3111.1646499999997,180,3229.312955555555,,,False,,,,False,False,False,MAINLINE_DECLINE,False,0,9,9,False,,,,,,,,0,,,光学光电子,1.166539088350042,1.166539088350042,2,0,False,0.02,0,CASH,,ENTRY_GATE_CLOSED_OR_NO_CANDIDATE,0,5,equal_capital,0.1,False,2437338.8498824607
2023-10-16,现金,0.0,0.0,3073.813,3109.01935,180,3228.814966666667,,,False,,,,False,False,False,MAINLINE_DECLINE,False,0,10,10,False,,,,,,,,0,,,光学光电子,1.1474343266026272,1.1474343266026272,1,0,False,0.02,0,CASH,,ENTRY_GATE_CLOSED_OR_NO_CANDIDATE,0,5,equal_capital,0.1,False,2437338.8498824607
2023-10-17,现金,0.0,0.0,3083.496,3106.0552,180,3228.1938,,,False,,,,False,False,False,MAINLINE_DECLINE,False,0,11,11,False,,,,,,,,0,,,光学光电子,1.1252641690682035,1.1252641690682035,1,0,False,0.02,0,CASH,,ENTRY_GATE_CLOSED_OR_NO_CANDIDATE,0,5,equal_capital,0.1,False,2437338.8498824607
2023-10-18,现金,0.0,0.0,3058.71,3102.13775,180,3227.2555666666667,,,False,,,,False,False,False,MAINLINE_DECLINE,False,0,12,12,False,,,,,,,,0,,,光学光电子,1.121950630695878,1.121950630695878,1,0,False,0.02,0,CASH,,ENTRY_GATE_CLOSED_OR_NO_CANDIDATE,0,5,equal_capital,0.1,False,2437338.8498824607
2023-10-19,现金,0.0,0.0,3005.393,3096.25405,180,3226.0397222222223,,,False,,,,False,False,False,MAINLINE_DECLINE,False,0,13,13,False,,,,,,,,0,,,光学光电子,1.1250769117176542,1.1250769117176542,1,0,False,0.02,0,CASH,,ENTRY_GATE_CLOSED_OR_NO_CANDIDATE,0,5,equal_capital,0.1,False,2437338.8498824607
2023-10-20,现金,0.0,0.0,2983.059,3089.07945,180,3224.6989055555555,,,False,,,,False,False,False,BROAD_DECLINE_OR_NO_LEADER,False,0,14,14,False,,,,,,,,0,,,,,,0,0,False,0.02,0,CASH,,ENTRY_GATE_CLOSED_OR_NO_CANDIDATE,0,5,equal_capital,0.1,False,2437338.8498824607
2023-10-23,现金,0.0,0.0,2939.291,3080.1568500000003,180,3223.0267499999995,,,False,,,,False,False,False,BROAD_DECLINE_OR_NO_LEADER,False,0,15,15,False,,,,,,,,0,,,,,,0,0,False,0.02,0,CASH,,ENTRY_GATE_CLOSED_OR_NO_CANDIDATE,0,5,equal_capital,0.1,False,2437338.8498824607
2023-10-24,现金,0.0,0.0,2962.244,3071.97245,180,3221.3458055555557,,,False,,,,False,False,False,BROAD_DECLINE_OR_NO_LEADER,False,0,16,16,False,,,,,,,,0,,,,,,0,0,False,0.02,0,CASH,,ENTRY_GATE_CLOSED_OR_NO_CANDIDATE,0,5,equal_capital,0.1,False,2437338.8498824607
2023-10-25,现金,0.0,0.0,2974.114,3064.4303000000004,180,3219.7057833333333,,,False,,,,False,False,False,MAINLINE_DECLINE,False,0,17,17,False,,,,,,,,0,,,风电设备,1.1007687886190545,1.1007687886190545,1,0,False,0.02,0,CASH,,ENTRY_GATE_CLOSED_OR_NO_CANDIDATE,0,5,equal_capital,0.1,False,2437338.8498824607
2023-10-26,现金,0.0,0.0,2988.299,3058.41685,180,3218.220394444444,,,False,,,,False,False,False,MAINLINE_DECLINE,False,0,18,18,False,,,,,,,,0,,,风电设备,1.1065404287735336,1.1065404287735336,1,0,False,0.02,0,CASH,,ENTRY_GATE_CLOSED_OR_NO_CANDIDATE,0,5,equal_capital,0.1,False,2437338.8498824607
2023-10-27,现金,0.0,0.0,3017.784,3055.0710000000004,180,3216.7363,,,False,,,,False,False,False,MAINLINE_DECLINE,False,0,19,19,False,,,,,,,,0,,,风电设备,1.131643709825528,1.131643709825528,2,0,False,0.02,0,CASH,,ENTRY_GATE_CLOSED_OR_NO_CANDIDATE,0,5,equal_capital,0.1,False,2437338.8498824607
2023-10-30,现金,0.0,0.0,3021.553,3049.52705,180,3215.2689777777778,,,False,,,,False,False,False,MAINLINE_DECLINE,False,0,20,20,False,,,,,,,,0,,,消费电子,1.123141081123613,1.123141081123613,4,0,False,0.02,0,CASH,,ENTRY_GATE_CLOSED_OR_NO_CANDIDATE,0,5,equal_capital,0.1,False,2437338.8498824607
2023-10-31,现金,0.0,0.0,3018.771,3044.68525,180,3213.909894444444,,,False,,,,False,False,False,MAINLINE_DECLINE,False,0,21,21,False,,,,,,,,0,,,光学光电子,1.1478884620644216,1.1478884620644216,4,0,False,0.02,0,CASH,,ENTRY_GATE_CLOSED_OR_NO_CANDIDATE,0,5,equal_capital,0.1,False,2437338.8498824607
2023-11-01,现金,0.0,0.0,3023.077,3040.72545,180,3212.712,,,False,,,,False,False,False,MAINLINE_DECLINE,False,0,22,22,False,,,,,,,,0,,,光学光电子,1.1511589862331062,1.1511589862331062,3,0,False,0.02,0,CASH,,ENTRY_GATE_CLOSED_OR_NO_CANDIDATE,0,5,equal_capital,0.1,False,2437338.8498824607
2023-11-02,现金,0.0,0.0,3009.406,3035.8299500000003,180,3211.3859555555555,,,False,,,,False,False,False,BROAD_DECLINE_OR_NO_LEADER,False,0,23,23,False,,,,,,,,0,,,,,,0,0,False,0.02,0,CASH,,ENTRY_GATE_CLOSED_OR_NO_CANDIDATE,0,5,equal_capital,0.1,False,2437338.8498824607
2023-11-03,现金,0.0,0.0,3030.798,3031.8460999999998,180,3210.2675777777786,,,False,,,,False,False,False,MAINLINE_DECLINE,False,0,24,24,False,,,,,,,,0,,,光学光电子,1.1441840108928225,1.1441840108928225,1,0,False,0.02,0,CASH,,ENTRY_GATE_CLOSED_OR_NO_CANDIDATE,0,5,equal_capital,0.1,False,2437338.8498824607
2023-11-06,现金,0.0,0.0,3058.411,3029.92055,180,3209.0899555555557,,,False,,,,False,False,True,NO_MAINLINE_ROTATION,False,0,25,0,False,,,,,,,,0,,,光学光电子,1.1464700932696528,1.1464700932696528,1,0,False,0.02,0,CASH,,RESEARCH_POLICY_BLOCK_ENTRY_TOP1,0,5,equal_capital,0.1,False,2437338.8498824607
2023-11-07,现金,0.0,0.0,3057.27,3029.02225,180,3207.9599388888887,,,False,,,,False,False,True,NO_MAINLINE_ROTATION,False,0,26,0,False,,,,,,,,0,,,光学光电子,1.1260187578979095,1.1260187578979095,1,0,False,0.02,0,CASH,,RESEARCH_POLICY_BLOCK_ENTRY_TOP1,0,5,equal_capital,0.1,False,2437338.8498824607
2023-11-08,现金,0.0,0.0,3052.373,3027.6931,180,3206.6722333333337,,,False,,,,False,False,True,NO_MAINLINE_ROTATION,False,0,27,0,False,,,,,,,,0,,,传媒,1.1033016915996838,1.1033016915996838,1,0,False,0.02,0,CASH,,RESEARCH_POLICY_BLOCK_ENTRY_TOP1,0,5,equal_capital,0.1,False,2437338.8498824607
2023-11-09,现金,0.0,0.0,3053.279,3024.9620000000004,180,3205.3388777777777,,,False,,,,False,False,True,BROAD_DECLINE_OR_NO_LEADER,False,0,28,0,False,,,,,,,,0,,,,,,0,0,False,0.02,0,CASH,,ENTRY_GATE_CLOSED_OR_NO_CANDIDATE,0,5,equal_capital,0.1,False,2437338.8498824607
2023-11-10,现金,0.0,0.0,3038.97,3022.50555,180,3203.997088888889,,,False,,,,False,False,True,BROAD_DECLINE_OR_NO_LEADER,False,0,29,0,False,,,,,,,,0,,,,,,0,0,False,0.02,0,CASH,,ENTRY_GATE_CLOSED_OR_NO_CANDIDATE,0,5,equal_capital,0.1,False,2437338.8498824607
2023-11-13,现金,0.0,0.0,3046.533,3021.14155,180,3202.872105555555,,,False,,,,False,False,True,BROAD_DECLINE_OR_NO_LEADER,False,0,30,0,False,,,,,,,,0,,,,,,0,0,False,0.02,0,CASH,,ENTRY_GATE_CLOSED_OR_NO_CANDIDATE,0,5,equal_capital,0.1,False,2437338.8498824607
2023-11-14,现金,0.0,0.0,3056.07,3019.77025,180,3201.939027777778,,,False,,,,False,False,True,BROAD_DECLINE_OR_NO_LEADER,False,0,31,0,False,,,,,,,,0,,,,,,0,0,False,0.02,0,CASH,,ENTRY_GATE_CLOSED_OR_NO_CANDIDATE,0,5,equal_capital,0.1,False,2437338.8498824607
2023-11-15,现金,0.0,0.0,3072.835,3020.4764999999998,180,3200.7306777777776,,,False,,,,False,False,True,NO_MAINLINE_ROTATION,False,0,32,0,False,,,,,,,,0,,,智能驾驶,1.1361776013890608,1.1361776013890608,2,0,False,0.02,0,CASH,,RESEARCH_POLICY_BLOCK_ENTRY_TOP1,0,5,equal_capital,0.1,False,2437338.8498824607
2023-11-16,现金,0.0,0.0,3050.926,3022.75315,180,3199.3106888888888,,,False,,,,False,False,True,NO_MAINLINE_ROTATION,False,0,33,0,False,,,,,,,,0,,,智能驾驶,1.1469903438317843,1.1469903438317843,1,0,False,0.02,0,CASH,,RESEARCH_POLICY_BLOCK_ENTRY_TOP1,0,5,equal_capital,0.1,False,2437338.8498824607
2023-11-17,现金,0.0,0.0,3054.366,3026.3185000000003,180,3197.995233333333,,,False,,,,False,False,True,MAINLINE_RISE,True,1,0,0,False,,,,,,,,0,,,智能驾驶,1.2162449222971714,1.2162449222971714,8,0,False,0.02,0,CASH,,RESEARCH_POLICY_BLOCK_ENTRY_TOP1,0,5,equal_capital,0.1,False,2437338.8498824607
2023-11-20,现金,0.0,0.0,3068.319,3032.7699,180,3196.7776888888893,,,False,,,,False,False,True,MAINLINE_RISE,True,2,0,0,False,,,,,,,,0,,,智能驾驶,1.224487475842207,1.224487475842207,12,0,False,0.02,0,CASH,,RESEARCH_POLICY_BLOCK_ENTRY_TOP1,0,5,equal_capital,0.1,False,2437338.8498824607
2023-11-21,现金,0.0,0.0,3067.933,3038.05435,180,3195.670872222222,,,False,,,,False,False,True,MAINLINE_RISE,True,3,0,0,False,,,,,,,,0,,,智能驾驶,1.1936264395843492,1.1936264395843492,7,0,False,0.02,0,CASH,,RESEARCH_POLICY_BLOCK_ENTRY_TOP1,0,5,equal_capital,0.1,False,2437338.8498824607
2023-11-22,现金,0.0,0.0,3043.611,3041.5292,180,3194.4796333333334,,,False,,,,False,False,True,MAINLINE_RISE,True,4,0,0,False,,,,,,,,0,,,智能驾驶,1.153644438699193,1.153644438699193,5,0,False,0.02,0,CASH,,RESEARCH_POLICY_BLOCK_ENTRY_TOP1,0,5,equal_capital,0.1,False,2437338.8498824607
2023-11-23,现金,0.0,0.0,3061.856,3045.20705,180,3193.269916666667,,,False,,,,False,False,True,MAINLINE_RISE,True,5,0,0,False,,,,,,,,0,,,智能驾驶,1.1737489057484682,1.1737489057484682,5,0,False,0.02,0,CASH,,RESEARCH_POLICY_BLOCK_ENTRY_TOP1,0,5,equal_capital,0.1,False,2437338.8498824607
2023-11-24,现金,0.0,0.0,3040.972,3046.36645,180,3191.7622722222222,,,False,,,,False,False,False,MAINLINE_DECLINE,False,0,1,1,False,,,,,,,,0,,,智能驾驶,1.1433472009342383,1.1433472009342383,2,0,False,0.02,0,CASH,,ENTRY_GATE_CLOSED_OR_NO_CANDIDATE,0,5,equal_capital,0.1,False,2437338.8498824607
2023-11-27,现金,0.0,0.0,3031.7,3046.8738,180,3190.2125277777777,,,False,,,,False,False,False,BROAD_DECLINE_OR_NO_LEADER,False,0,2,2,False,,,,,,,,0,,,,,,0,0,False,0.02,0,CASH,,ENTRY_GATE_CLOSED_OR_NO_CANDIDATE,0,5,equal_capital,0.1,False,2437338.8498824607
2023-11-28,现金,0.0,0.0,3038.555,3047.863,180,3188.602316666667,,,False,,,,False,False,False,BROAD_DECLINE_OR_NO_LEADER,False,0,3,3,False,,,,,,,,0,,,,,,0,0,False,0.02,0,CASH,,ENTRY_GATE_CLOSED_OR_NO_CANDIDATE,0,5,equal_capital,0.1,False,2437338.8498824607
2023-11-29,现金,0.0,0.0,3021.687,3047.7935,180,3186.9337666666665,,,False,,,,False,False,False,MAINLINE_DECLINE,False,0,4,4,False,,,,,,,,0,,,机器人,1.1048259066878343,1.1048259066878343,1,0,False,0.02,0,CASH,,ENTRY_GATE_CLOSED_OR_NO_CANDIDATE,0,5,equal_capital,0.1,False,2437338.8498824607
2023-11-30,现金,0.0,0.0,3029.673,3048.80685,180,3185.5147333333334,,,False,,,,False,False,False,MAINLINE_DECLINE,False,0,5,5,False,,,,,,,,0,,,机器人,1.1195600708168645,1.1195600708168645,1,0,False,0.02,0,CASH,,ENTRY_GATE_CLOSED_OR_NO_CANDIDATE,0,5,equal_capital,0.1,False,2437338.8498824607
2023-12-01,现金,0.0,0.0,3031.636,3048.84875,180,3184.116888888889,,,False,,,,False,False,False,BROAD_DECLINE_OR_NO_LEADER,False,0,6,6,False,,,,,,,,0,,,,,,0,0,False,0.02,0,CASH,,ENTRY_GATE_CLOSED_OR_NO_CANDIDATE,0,5,equal_capital,0.1,False,2437338.8498824607
2023-12-04,现金,0.0,0.0,3022.914,3047.0739000000003,180,3182.7103333333334,,,False,,,,False,False,False,BROAD_DECLINE_OR_NO_LEADER,False,0,7,7,False,,,,,,,,0,,,,,,0,0,False,0.02,0,CASH,,ENTRY_GATE_CLOSED_OR_NO_CANDIDATE,0,5,equal_capital,0.1,False,2437338.8498824607
2023-12-05,现金,0.0,0.0,2972.296,3042.8252,180,3181.2782166666666,,,False,,,,False,False,False,BROAD_DECLINE_OR_NO_LEADER,False,0,8,8,False,,,,,,,,0,,,,,,0,0,False,0.02,0,CASH,,ENTRY_GATE_CLOSED_OR_NO_CANDIDATE,0,5,equal_capital,0.1,False,2437338.8498824607
2023-12-06,现金,0.0,0.0,2968.933,3038.6531999999997,180,3179.612866666667,,,False,,,,False,False,False,BROAD_DECLINE_OR_NO_LEADER,False,0,9,9,False,,,,,,,,0,,,,,,0,0,False,0.02,0,CASH,,ENTRY_GATE_CLOSED_OR_NO_CANDIDATE,0,5,equal_capital,0.1,False,2437338.8498824607
2023-12-07,现金,0.0,0.0,2966.206,3034.29955,180,3178.0622777777776,,,False,,,,False,False,False,BROAD_DECLINE_OR_NO_LEADER,False,0,10,10,False,,,,,,,,0,,,,,,0,0,False,0.02,0,CASH,,ENTRY_GATE_CLOSED_OR_NO_CANDIDATE,0,5,equal_capital,0.1,False,2437338.8498824607
2023-12-08,现金,0.0,0.0,2969.559,3030.829,180,3176.4302999999995,,,False,,,,False,False,False,MAINLINE_DECLINE,False,0,11,11,False,,,,,,,,0,,,CPO,1.2060327598347074,1.2060327598347074,1,0,False,0.02,0,CASH,,ENTRY_GATE_CLOSED_OR_NO_CANDIDATE,0,5,equal_capital,0.1,False,2437338.8498824607
2023-12-11,现金,0.0,0.0,2991.439,3028.0742999999998,180,3175.122233333333,,,False,,,,False,False,False,MAINLINE_DECLINE,False,0,12,12,False,,,,,,,,0,,,CPO,1.2066576884560931,1.2066576884560931,1,0,False,0.02,0,CASH,,ENTRY_GATE_CLOSED_OR_NO_CANDIDATE,0,5,equal_capital,0.1,False,2437338.8498824607
2023-12-12,现金,0.0,0.0,3003.438,3025.4427,180,3173.749411111111,,,False,,,,False,False,False,MAINLINE_DECLINE,False,0,13,13,False,,,,,,,,0,,,CPO,1.158635970749242,1.158635970749242,1,0,False,0.02,0,CASH,,ENTRY_GATE_CLOSED_OR_NO_CANDIDATE,0,5,equal_capital,0.1,False,2437338.8498824607
2023-12-13,现金,0.0,0.0,2968.761,3020.239,180,3172.2708055555554,,,False,,,,False,False,False,MAINLINE_DECLINE,False,0,14,14,False,,,,,,,,0,,,CPO,1.1638634668599745,1.1638634668599745,1,0,False,0.02,0,CASH,,ENTRY_GATE_CLOSED_OR_NO_CANDIDATE,0,5,equal_capital,0.1,False,2437338.8498824607
2023-12-14,现金,0.0,0.0,2958.986,3015.6420000000003,180,3170.622666666667,,,False,,,,False,False,False,MAINLINE_DECLINE,False,0,15,15,False,,,,,,,,0,,,CPO,1.1982985327719258,1.1982985327719258,1,0,False,0.02,0,CASH,,ENTRY_GATE_CLOSED_OR_NO_CANDIDATE,0,5,equal_capital,0.1,False,2437338.8498824607
2023-12-15,现金,0.0,0.0,2942.557,3010.0515499999997,180,3168.827161111111,,,False,,,,False,False,False,BROAD_DECLINE_OR_NO_LEADER,False,0,16,16,False,,,,,,,,0,,,,,,0,0,False,0.02,0,CASH,,ENTRY_GATE_CLOSED_OR_NO_CANDIDATE,0,5,equal_capital,0.1,False,2437338.8498824607
2023-12-18,现金,0.0,0.0,2930.804,3003.1758,180,3166.8502444444443,,,False,,,,False,False,False,MAINLINE_DECLINE,False,0,17,17,False,,,,,,,,0,,,CPO,1.1062731227385452,1.1062731227385452,1,0,False,0.02,0,CASH,,ENTRY_GATE_CLOSED_OR_NO_CANDIDATE,0,5,equal_capital,0.1,False,2437338.8498824607
2023-12-19,现金,0.0,0.0,2932.391,2996.3987,180,3164.998783333333,,,False,,,,False,False,False,MAINLINE_DECLINE,False,0,18,18,False,,,,,,,,0,,,CPO,1.109503358810838,1.109503358810838,1,0,False,0.02,0,CASH,,ENTRY_GATE_CLOSED_OR_NO_CANDIDATE,0,5,equal_capital,0.1,False,2437338.8498824607
2023-12-20,现金,0.0,0.0,2902.11,2989.32365,180,3163.0582999999997,,,False,,,,False,False,False,BROAD_DECLINE_OR_NO_LEADER,False,0,19,19,False,,,,,,,,0,,,,,,0,0,False,0.02,0,CASH,,ENTRY_GATE_CLOSED_OR_NO_CANDIDATE,0,5,equal_capital,0.1,False,2437338.8498824607
2023-12-21,现金,0.0,0.0,2918.715,2982.1666,180,3161.2435166666664,,,False,,,,False,False,False,BROAD_DECLINE_OR_NO_LEADER,False,0,20,20,False,,,,,,,,0,,,,,,0,0,False,0.02,0,CASH,,ENTRY_GATE_CLOSED_OR_NO_CANDIDATE,0,5,equal_capital,0.1,False,2437338.8498824607
2023-12-22,现金,0.0,0.0,2914.775,2975.85675,180,3159.4363944444444,,,False,,,,False,False,False,BROAD_DECLINE_OR_NO_LEADER,False,0,21,21,False,,,,,,,,0,,,,,,0,0,False,0.02,0,CASH,,ENTRY_GATE_CLOSED_OR_NO_CANDIDATE,0,5,equal_capital,0.1,False,2437338.8498824607
2023-12-25,现金,0.0,0.0,2918.813,2970.2124000000003,180,3157.533972222222,,,False,,,,False,False,False,BROAD_DECLINE_OR_NO_LEADER,False,0,22,22,False,,,,,,,,0,,,,,,0,0,False,0.02,0,CASH,,ENTRY_GATE_CLOSED_OR_NO_CANDIDATE,0,5,equal_capital,0.1,False,2437338.8498824607
2023-12-26,现金,0.0,0.0,2898.879,2963.2286,180,3155.4563000000003,,,False,,,,False,False,False,BROAD_DECLINE_OR_NO_LEADER,False,0,23,23,False,,,,,,,,0,,,,,,0,0,False,0.02,0,CASH,,ENTRY_GATE_CLOSED_OR_NO_CANDIDATE,0,5,equal_capital,0.1,False,2437338.8498824607
2023-12-27,现金,0.0,0.0,2914.614,2957.87495,180,3153.3352888888885,,,False,,,,False,False,False,MAINLINE_DECLINE,False,0,24,24,False,,,,,,,,0,,,电力,1.1003706766009234,1.1003706766009234,1,0,False,0.02,0,CASH,,ENTRY_GATE_CLOSED_OR_NO_CANDIDATE,0,5,equal_capital,0.1,False,2437338.8498824607
2023-12-28,现金,0.0,0.0,2954.704,2954.1265,180,3151.3472111111114,,,False,,,,False,False,True,BROAD_DECLINE_OR_NO_LEADER,False,0,25,0,False,,,,,,,,0,,,,,,0,0,False,0.02,0,CASH,,ENTRY_GATE_CLOSED_OR_NO_CANDIDATE,0,5,equal_capital,0.1,False,2437338.8498824607
2023-12-29,现金,0.0,0.0,2974.935,2951.29145,180,3149.471138888889,,,False,,,,False,False,True,NO_MAINLINE_ROTATION,False,0,26,0,False,,,,,,,,0,,,消费电子,1.1042140394630677,1.1042140394630677,1,0,False,0.02,0,CASH,,RESEARCH_POLICY_BLOCK_ENTRY_TOP1,0,5,equal_capital,0.1,False,2437338.8498824607
2024-01-02,现金,0.0,0.0,2962.276,2948.2595499999998,180,3147.441305555556,,,False,,,,False,False,True,NO_MAINLINE_ROTATION,False,0,27,0,False,,,,,,,,0,,,消费电子,1.1063903710137735,1.1063903710137735,1,0,False,0.02,0,CASH,,RESEARCH_POLICY_BLOCK_ENTRY_TOP1,0,5,equal_capital,0.1,False,2437338.8498824607
2024-01-03,现金,0.0,0.0,2967.247,2948.0071,180,3145.5073555555555,,,False,,,,False,False,True,BROAD_DECLINE_OR_NO_LEADER,False,0,28,0,False,,,,,,,,0,,,,,,0,0,False,0.02,0,CASH,,ENTRY_GATE_CLOSED_OR_NO_CANDIDATE,0,5,equal_capital,0.1,False,2437338.8498824607
2024-01-04,现金,0.0,0.0,2954.349,2947.2779,180,3143.511677777778,,,False,,,,False,False,True,BROAD_DECLINE_OR_NO_LEADER,False,0,29,0,False,,,,,,,,0,,,,,,0,0,False,0.02,0,CASH,,ENTRY_GATE_CLOSED_OR_NO_CANDIDATE,0,5,equal_capital,0.1,False,2437338.8498824607
2024-01-05,现金,0.0,0.0,2929.183,2945.42675,180,3141.3005722222224,,,False,,,,False,False,False,BROAD_DECLINE_OR_NO_LEADER,False,0,30,1,False,,,,,,,,0,,,,,,0,0,False,0.02,0,CASH,,ENTRY_GATE_CLOSED_OR_NO_CANDIDATE,0,5,equal_capital,0.1,False,2437338.8498824607
2024-01-08,现金,0.0,0.0,2887.538,2941.3257000000003,180,3138.9070944444443,,,False,,,,False,False,False,BROAD_DECLINE_OR_NO_LEADER,False,0,31,2,False,,,,,,,,0,,,,,,0,0,False,0.02,0,CASH,,ENTRY_GATE_CLOSED_OR_NO_CANDIDATE,0,5,equal_capital,0.1,False,2437338.8498824607
2024-01-09,现金,0.0,0.0,2893.251,2936.4163,180,3136.4354166666667,,,False,,,,False,False,False,BROAD_DECLINE_OR_NO_LEADER,False,0,32,3,False,,,,,,,,0,,,,,,0,0,False,0.02,0,CASH,,ENTRY_GATE_CLOSED_OR_NO_CANDIDATE,0,5,equal_capital,0.1,False,2437338.8498824607
2024-01-10,现金,0.0,0.0,2877.702,2930.1295,180,3133.613705555556,,,False,,,,False,False,False,BROAD_DECLINE_OR_NO_LEADER,False,0,33,4,False,,,,,,,,0,,,,,,0,0,False,0.02,0,CASH,,ENTRY_GATE_CLOSED_OR_NO_CANDIDATE,0,5,equal_capital,0.1,False,2437338.8498824607
2024-01-11,现金,0.0,0.0,2886.65,2926.02395,180,3130.7988111111117,,,False,,,,False,False,False,BROAD_DECLINE_OR_NO_LEADER,False,0,34,5,False,,,,,,,,0,,,,,,0,0,False,0.02,0,CASH,,ENTRY_GATE_CLOSED_OR_NO_CANDIDATE,0,5,equal_capital,0.1,False,2437338.8498824607
2024-01-12,现金,0.0,0.0,2881.977,2922.1735,180,3128.0868611111114,,,False,,,,False,False,False,MAINLINE_DECLINE,False,0,35,6,False,,,,,,,,0,,,光伏,1.123747102549756,1.123747102549756,2,0,False,0.02,0,CASH,,ENTRY_GATE_CLOSED_OR_NO_CANDIDATE,0,5,equal_capital,0.1,False,2437338.8498824607
2024-01-15,现金,0.0,0.0,2886.291,2919.3602,180,3125.4160833333335,,,False,,,,False,False,False,MAINLINE_DECLINE,False,0,36,7,False,,,,,,,,0,,,光伏,1.1000514464363451,1.1000514464363451,1,0,False,0.02,0,CASH,,ENTRY_GATE_CLOSED_OR_NO_CANDIDATE,0,5,equal_capital,0.1,False,2437338.8498824607
2024-01-16,现金,0.0,0.0,2893.989,2917.5194500000002,180,3123.153477777778,,,False,,,,False,False,False,MAINLINE_DECLINE,False,0,37,8,False,,,,,,,,0,,,光伏,1.1408387096774193,1.1408387096774193,2,0,False,0.02,0,CASH,,ENTRY_GATE_CLOSED_OR_NO_CANDIDATE,0,5,equal_capital,0.1,False,2437338.8498824607
2024-01-17,现金,0.0,0.0,2833.615,2912.5806500000003,180,3120.6990444444446,,,False,,,,False,False,False,BROAD_DECLINE_OR_NO_LEADER,False,0,38,9,False,,,,,,,,0,,,,,,0,0,False,0.02,0,CASH,,ENTRY_GATE_CLOSED_OR_NO_CANDIDATE,0,5,equal_capital,0.1,False,2437338.8498824607
2024-01-18,现金,0.0,0.0,2845.784,2909.7643500000004,180,3118.3707777777777,,,False,,,,False,False,False,MAINLINE_DECLINE,False,0,39,10,False,,,,,,,,0,,,光伏,1.1465607921606467,1.1465607921606467,2,0,False,0.02,0,CASH,,ENTRY_GATE_CLOSED_OR_NO_CANDIDATE,0,5,equal_capital,0.1,False,2437338.8498824607
2024-01-19,现金,0.0,0.0,2832.279,2905.44255,180,3115.9717666666666,,,False,,,,False,False,False,BROAD_DECLINE_OR_NO_LEADER,False,0,40,11,False,,,,,,,,0,,,,,,0,0,False,0.02,0,CASH,,ENTRY_GATE_CLOSED_OR_NO_CANDIDATE,0,5,equal_capital,0.1,False,2437338.8498824607
2024-01-22,现金,0.0,0.0,2756.34,2897.5208,180,3113.0298555555555,,,False,,,,False,False,False,BROAD_DECLINE_OR_NO_LEADER,False,0,41,12,False,,,,,,,,0,,,,,,0,0,False,0.02,0,CASH,,ENTRY_GATE_CLOSED_OR_NO_CANDIDATE,0,5,equal_capital,0.1,False,2437338.8498824607
2024-01-23,现金,0.0,0.0,2770.976,2890.1289500000003,180,3109.9615277777775,,,False,,,,False,False,False,BROAD_DECLINE_OR_NO_LEADER,False,0,42,13,False,,,,,,,,0,,,,,,0,0,False,0.02,0,CASH,,ENTRY_GATE_CLOSED_OR_NO_CANDIDATE,0,5,equal_capital,0.1,False,2437338.8498824607
2024-01-24,现金,0.0,0.0,2820.772,2886.2236000000003,180,3107.0188222222223,,,False,,,,False,False,False,BROAD_DECLINE_OR_NO_LEADER,False,0,43,14,False,,,,,,,,0,,,,,,0,0,False,0.02,0,CASH,,ENTRY_GATE_CLOSED_OR_NO_CANDIDATE,0,5,equal_capital,0.1,False,2437338.8498824607
2024-01-25,现金,0.0,0.0,2906.109,2885.79835,180,3104.638855555556,,,False,,,,False,False,True,NO_MAINLINE_ROTATION,False,0,44,0,False,,,,,,,,0,,,CPO,1.11953012024326,1.11953012024326,2,0,False,0.02,0,CASH,,RESEARCH_POLICY_BLOCK_ENTRY_TOP1,0,5,equal_capital,0.1,False,2437338.8498824607
2024-01-26,现金,0.0,0.0,2910.223,2883.5743,180,3101.9456277777776,,,False,,,,False,False,True,NO_MAINLINE_ROTATION,False,0,45,0,False,,,,,,,,0,,,银行,1.102015732546706,1.102015732546706,1,0,False,0.02,0,CASH,,RESEARCH_POLICY_BLOCK_ENTRY_TOP1,0,5,equal_capital,0.1,False,2437338.8498824607
2024-01-29,现金,0.0,0.0,2883.356,2878.99535,180,3099.310544444444,,,False,,,,False,False,True,NO_MAINLINE_ROTATION,False,0,46,0,False,,,,,,,,0,,,建筑装饰,1.1228577787669707,1.1228577787669707,3,0,False,0.02,0,CASH,,RESEARCH_POLICY_BLOCK_ENTRY_TOP1,0,5,equal_capital,0.1,False,2437338.8498824607
2024-01-30,现金,0.0,0.0,2830.527,2872.4079,180,3096.5959666666668,,,False,,,,False,False,False,MAINLINE_DECLINE,False,0,47,1,False,,,,,,,,0,,,建筑装饰,1.1295092986780193,1.1295092986780193,2,0,False,0.02,0,CASH,,ENTRY_GATE_CLOSED_OR_NO_CANDIDATE,0,5,equal_capital,0.1,False,2437338.8498824607
2024-01-31,现金,0.0,0.0,2788.548,2863.47295,180,3093.7015055555557,,,False,,,,False,False,False,BROAD_DECLINE_OR_NO_LEADER,False,0,48,2,False,,,,,,,,0,,,,,,0,0,False,0.02,0,CASH,,ENTRY_GATE_CLOSED_OR_NO_CANDIDATE,0,5,equal_capital,0.1,False,2437338.8498824607
2024-02-01,现金,0.0,0.0,2770.74,2854.2925000000005,180,3090.9147166666667,,,False,,,,False,False,False,BROAD_DECLINE_OR_NO_LEADER,False,0,49,3,False,,,,,,,,0,,,,,,0,0,False,0.02,0,CASH,,ENTRY_GATE_CLOSED_OR_NO_CANDIDATE,0,5,equal_capital,0.1,False,2437338.8498824607
2024-02-02,现金,0.0,0.0,2730.152,2844.34095,180,3087.6892444444447,,,False,,,,False,False,False,BROAD_DECLINE_OR_NO_LEADER,False,0,50,4,False,,,,,,,,0,,,,,,0,0,False,0.02,0,CASH,,ENTRY_GATE_CLOSED_OR_NO_CANDIDATE,0,5,equal_capital,0.1,False,2437338.8498824607
2024-02-05,现金,0.0,0.0,2702.185,2835.0733,180,3084.4181222222223,,,False,,,,False,False,False,BROAD_DECLINE_OR_NO_LEADER,False,0,51,5,False,,,,,,,,0,,,,,,0,0,False,0.02,0,CASH,,ENTRY_GATE_CLOSED_OR_NO_CANDIDATE,0,5,equal_capital,0.1,False,2437338.8498824607
2024-02-06,现金,0.0,0.0,2789.486,2829.88505,180,3081.669533333333,,,False,,,,False,False,False,MAINLINE_DECLINE,False,0,52,6,False,,,,,,,,0,,,CPO,1.2212961612457371,1.2212961612457371,2,0,False,0.02,0,CASH,,ENTRY_GATE_CLOSED_OR_NO_CANDIDATE,0,5,equal_capital,0.1,False,2437338.8498824607
2024-02-07,现金,0.0,0.0,2829.696,2827.48475,180,3079.0716222222222,,,False,,,,False,False,True,NO_MAINLINE_ROTATION,False,0,53,0,False,,,,,,,,0,,,CPO,1.2483321978084365,1.2483321978084365,1,0,False,0.02,0,CASH,,RESEARCH_POLICY_BLOCK_ENTRY_TOP1,0,5,equal_capital,0.1,False,2437338.8498824607
2024-02-08,现金,0.0,0.0,2865.903,2826.4474,180,3076.7514055555557,,,False,,,,False,False,True,NO_MAINLINE_ROTATION,False,0,54,0,False,,,,,,,,0,,,CPO,1.2174835546644325,1.2174835546644325,1,0,False,0.02,0,CASH,,RESEARCH_POLICY_BLOCK_ENTRY_TOP1,0,5,equal_capital,0.1,False,2437338.8498824607
2024-02-19,现金,0.0,0.0,2910.544,2827.87575,180,3074.6073722222227,,,False,,,,False,False,True,NO_MAINLINE_ROTATION,False,0,55,0,False,,,,,,,,0,,,CPO,1.496333645363515,1.496333645363515,3,0,False,0.02,0,CASH,,RESEARCH_POLICY_BLOCK_ENTRY_TOP1,0,5,equal_capital,0.1,False,2437338.8498824607
2024-02-20,现金,0.0,0.0,2922.73,2829.6976999999997,180,3072.8101055555558,,,False,,,,False,False,True,NO_MAINLINE_ROTATION,False,0,56,0,False,,,,,,,,0,,,CPO,1.4597591229747897,1.4597591229747897,5,0,False,0.02,0,CASH,,RESEARCH_POLICY_BLOCK_ENTRY_TOP1,0,5,equal_capital,0.1,False,2437338.8498824607
2024-02-21,现金,0.0,0.0,2950.956,2832.54605,180,3071.4001444444443,,,False,,,,False,False,True,MAINLINE_RISE,True,1,0,0,False,,,,,,,,0,,,CPO,1.3893387079959694,1.3893387079959694,8,0,False,0.02,0,CASH,,RESEARCH_POLICY_BLOCK_ENTRY_TOP1,0,5,equal_capital,0.1,False,2437338.8498824607
2024-02-22,现金,0.0,0.0,2988.358,2840.2832,180,3070.21735,,,False,,,,False,False,True,MAINLINE_RISE,True,2,0,0,False,,,,,,,,0,,,CPO,1.4116806250390304,1.4116806250390304,12,0,False,0.02,0,CASH,,RESEARCH_POLICY_BLOCK_ENTRY_TOP1,0,5,equal_capital,0.1,False,2437338.8498824607
2024-02-23,现金,0.0,0.0,3004.881,2848.23805,180,3069.063888888889,,,False,,,,False,False,True,MAINLINE_RISE,True,3,0,0,False,,,,,,,,0,,,CPO,1.2577726849712265,1.2577726849712265,10,0,False,0.02,0,CASH,,RESEARCH_POLICY_BLOCK_ENTRY_TOP1,0,5,equal_capital,0.1,False,2437338.8498824607
2024-02-26,现金,0.0,0.0,2977.022,2855.4752,180,3067.705966666666,,,False,,,,False,False,True,MAINLINE_RISE,True,4,0,0,False,,,,,,,,0,,,CPO,1.2700269569197904,1.2700269569197904,10,0,False,0.02,0,CASH,,RESEARCH_POLICY_BLOCK_ENTRY_TOP1,0,5,equal_capital,0.1,False,2437338.8498824607
2024-02-27,现金,0.0,0.0,3015.481,2868.4322500000003,180,3066.546344444444,,,False,,,,False,False,True,MAINLINE_RISE,True,5,0,0,False,,,,,,,,0,,,CPO,1.35604000350908,1.35604000350908,28,0,False,0.02,0,CASH,,RESEARCH_POLICY_BLOCK_ENTRY_TOP1,0,5,equal_capital,0.1,False,2437338.8498824607
2024-02-28,现金,0.0,0.0,2957.852,2877.77605,180,3065.1757222222222,,,False,,,,False,False,True,MAINLINE_RISE,True,6,0,0,False,,,,,,,,0,,,CPO,1.2056661903642207,1.2056661903642207,13,0,False,0.02,0,CASH,,RESEARCH_POLICY_BLOCK_ENTRY_TOP1,0,5,equal_capital,0.1,False,2437338.8498824607
2024-02-29,现金,0.0,0.0,3015.171,2887.496,180,3064.1231444444443,,,False,,,,False,False,True,MAINLINE_RISE,True,7,0,0,False,,,,,,,,0,,,CPO,1.2795361271588697,1.2795361271588697,18,0,False,0.02,0,CASH,,RESEARCH_POLICY_BLOCK_ENTRY_TOP1,0,5,equal_capital,0.1,False,2437338.8498824607
2024-03-01,现金,0.0,0.0,3027.02,2893.54155,180,3062.995094444445,,,False,,,,False,False,True,MAINLINE_RISE,True,8,0,0,False,,,,,,,,0,,,CPO,1.2961868530478633,1.2961868530478633,13,0,False,0.02,0,CASH,,RESEARCH_POLICY_BLOCK_ENTRY_TOP1,0,5,equal_capital,0.1,False,2437338.8498824607
2024-03-04,现金,0.0,0.0,3039.306,2899.9957,180,3061.9221222222227,,,False,,,,False,False,True,MAINLINE_RISE,True,9,0,0,False,,,,,,,,0,,,CPO,1.4043026161081718,1.4043026161081718,19,0,False,0.02,0,CASH,,RESEARCH_POLICY_BLOCK_ENTRY_TOP1,0,5,equal_capital,0.1,False,2437338.8498824607
2024-03-05,现金,0.0,0.0,3047.793,2908.2175500000003,180,3061.102416666666,,,False,,,,False,False,True,MAINLINE_RISE,True,10,0,0,False,,,,,,,,0,,,CPO,1.5665187553399664,1.5665187553399664,23,0,False,0.02,0,CASH,,RESEARCH_POLICY_BLOCK_ENTRY_TOP1,0,5,equal_capital,0.1,False,2437338.8498824607
2024-03-06,现金,0.0,0.0,3039.931,2918.68775,180,3060.225594444444,,,False,,,,False,False,True,MAINLINE_RISE,True,11,0,0,False,,,,,,,,0,,,CPO,1.598330555634022,1.598330555634022,30,0,False,0.02,0,CASH,,RESEARCH_POLICY_BLOCK_ENTRY_TOP1,0,5,equal_capital,0.1,False,2437338.8498824607
2024-03-07,现金,0.0,0.0,3027.401,2930.6304,180,3059.1912333333335,,,False,,,,False,False,True,MAINLINE_RISE,True,12,0,0,False,,,,,,,,0,,,CPO,1.554056915389176,1.554056915389176,31,0,False,0.02,0,CASH,,RESEARCH_POLICY_BLOCK_ENTRY_TOP1,0,5,equal_capital,0.1,False,2437338.8498824607
2024-03-08,现金,0.0,0.0,3046.019,2944.3943499999996,180,3058.161305555556,,,False,,,,False,False,True,MAINLINE_RISE,True,13,0,0,False,,,,,,,,0,,,CPO,1.5097482819859471,1.5097482819859471,34,0,False,0.02,0,CASH,,RESEARCH_POLICY_BLOCK_ENTRY_TOP1,0,5,equal_capital,0.1,False,2437338.8498824607
2024-03-11,现金,0.0,0.0,3068.455,2961.3095000000003,180,3057.270311111111,,,False,,,,False,False,True,MAINLINE_RISE,True,14,0,0,False,,,,,,,,0,,,液冷,1.5894034174398592,1.5894034174398592,34,0,False,0.02,0,CASH,,RESEARCH_POLICY_BLOCK_ENTRY_TOP1,0,5,equal_capital,0.1,False,2437338.8498824607
2024-03-12,现金,0.0,0.0,3055.935,2978.997,180,3056.282877777778,,,False,,,,False,False,True,MAINLINE_RISE,True,15,0,0,False,,,,,,,,0,,,液冷,1.7152975807193445,1.7152975807193445,29,0,False,0.02,0,CASH,,RESEARCH_POLICY_BLOCK_ENTRY_TOP1,0,5,equal_capital,0.1,False,2437338.8498824607
2024-03-13,现金,0.0,0.0,3043.835,2991.71445,180,3055.2542444444443,,,False,,,,False,False,True,MAINLINE_RISE,True,16,0,0,False,,,,,,,,0,,,液冷,1.6515627072189556,1.6515627072189556,22,0,False,0.02,0,CASH,,RESEARCH_POLICY_BLOCK_ENTRY_TOP1,0,5,equal_capital,0.1,False,2437338.8498824607
2024-03-14,现金,0.0,0.0,3038.234,3002.14135,180,3054.061238888889,,,False,,,,False,False,True,MAINLINE_RISE,True,17,0,0,False,,,,,,,,0,,,液冷,1.6122957266451103,1.6122957266451103,22,0,False,0.02,0,CASH,,RESEARCH_POLICY_BLOCK_ENTRY_TOP1,0,5,equal_capital,0.1,False,2437338.8498824607
2024-03-15,现金,0.0,0.0,3054.636,3011.578,180,3052.8462499999996,,,False,,,,False,False,True,MAINLINE_RISE,True,18,0,0,False,,,,,,,,0,,,液冷,1.4964485833793704,1.4964485833793704,19,0,False,0.02,0,BUY,液冷,ENTRY_TOP1,0,5,equal_capital,0.1,False,2437338.8498824607
2024-03-18,液冷,1.0,1.0,3084.926,3020.2971000000002,180,3051.8969166666666,,,False,,,,False,False,True,MAINLINE_RISE,True,19,0,0,False,78.672,67.4174,73.626,0.037259710465943785,78.672,0.0,2437338.8498824607,0,1.487239593179326,1.487239593179326,液冷,1.487239593179326,1.487239593179326,20,0,False,0.02,0,HOLD,液冷,NO_STRONGER_QUALIFIED_SECTOR,0,5,equal_capital,0.1,False,2483198.6787874023
2024-03-19,液冷,1.0,1.0,3062.756,3027.2984,180,3050.9102000000003,,,False,,,,False,False,True,MAINLINE_RISE,True,20,0,0,False,75.23,68.4491,74.1392,-0.04375127110026433,78.672,-0.04375127110026433,2437338.8498824607,0,1.3779397758077518,1.3779397758077518,液冷,1.3779397758077518,1.3779397758077518,22,0,False,0.02,0,HOLD,液冷,NO_STRONGER_QUALIFIED_SECTOR,0,5,equal_capital,0.1,False,2415828.8596889614
2024-03-20,液冷,1.0,1.0,3079.686,3033.7349000000004,180,3050.25345,,,False,,,,False,False,True,MAINLINE_RISE,True,21,0,0,False,75.486,69.5181,74.6092,0.003402897780140801,78.672,-0.040497254423428886,2437338.8498824607,0,1.395150260599564,1.395150260599564,液冷,1.395150260599564,1.395150260599564,20,0,False,0.02,0,HOLD,液冷,NO_STRONGER_QUALIFIED_SECTOR,0,5,equal_capital,0.1,False,2437027.8166279956
2024-03-21,液冷,1.0,1.0,3077.113,3038.17265,180,3049.845083333333,,,False,,,,False,False,True,MAINLINE_RISE,True,22,0,0,False,73.966,70.3048,75.0712,-0.020136184193095596,78.672,-0.05981797844213954,2437338.8498824607,0,1.2701950817419974,1.2701950817419974,液冷,1.2701950817419974,1.2701950817419974,19,0,False,0.02,0,HOLD,液冷,NO_STRONGER_QUALIFIED_SECTOR,1,5,equal_capital,0.1,False,2406227.2855084226
2024-03-22,液冷,1.0,1.0,3048.034,3040.3303,180,3049.059477777778,,,False,,,,False,False,True,MAINLINE_RISE,True,23,0,0,False,74.362,71.0116,75.2384,0.005353811210556225,78.672,-0.05478442139515971,2437338.8498824607,0,1.234715903430412,1.234715903430412,传媒,1.2858291134153204,1.2858291134153204,15,0,False,0.02,1,HOLD,液冷,SWITCH_CONFIRM_1_OF_2,2,5,equal_capital,0.1,False,2413122.291029543
2024-03-25,液冷,1.0,1.0,3026.306,3042.7945,180,3048.153533333333,,,False,,,,False,False,False,MAINLINE_DECLINE,False,0,1,1,False,72.574,71.58219999999999,74.9242,-0.02404453887738356,78.672,-0.07751169412243242,2437338.8498824607,0,1.1865864425623753,1.1865864425623753,CPO,1.2100170204245095,1.2100170204245095,11,0,False,0.02,1,SELL,,MARKET_MA180_AND_SECTOR_MA10_BREAK,3,5,equal_capital,0.1,False,2386029.0556434663
2024-03-26,现金,0.0,0.0,3031.481,3043.5945,180,3047.3152,,,False,,,,False,False,False,MAINLINE_DECLINE,False,0,2,2,False,,,,,,,,1,,,黄金概念,1.1433725326950426,1.1433725326950426,6,0,False,0.02,1,CASH,,ENTRY_GATE_CLOSED_OR_NO_CANDIDATE,0,5,equal_capital,0.1,False,2366167.3058163235
2024-03-27,现金,0.0,0.0,2993.139,3045.3588499999996,180,3046.1545166666665,,,False,,,,False,False,False,MAINLINE_DECLINE,False,0,3,3,False,,,,,,,,1,,,黄金概念,1.1666216263849885,1.1666216263849885,4,0,False,0.02,1,CASH,,ENTRY_GATE_CLOSED_OR_NO_CANDIDATE,0,5,equal_capital,0.1,False,2366167.3058163235
2024-03-28,现金,0.0,0.0,3010.664,3045.1335000000004,180,3044.8583444444444,,,False,,,,False,False,False,MAINLINE_DECLINE,False,0,4,4,False,,,,,,,,1,,,黄金概念,1.1817715258823804,1.1817715258823804,3,0,False,0.02,1,CASH,,ENTRY_GATE_CLOSED_OR_NO_CANDIDATE,0,5,equal_capital,0.1,False,2366167.3058163235
2024-03-29,现金,0.0,0.0,3041.167,3045.8408499999996,180,3043.7239999999997,,,False,,,,False,False,False,MAINLINE_DECLINE,False,0,5,5,False,,,,,,,,1,,,低空经济,1.2345418350726909,1.2345418350726909,4,0,False,0.02,1,CASH,,ENTRY_GATE_CLOSED_OR_NO_CANDIDATE,0,5,equal_capital,0.1,False,2366167.3058163235
2024-04-01,现金,0.0,0.0,3077.379,3047.7445,180,3042.9152888888893,,,False,,,,False,False,True,MAINLINE_RISE,True,1,0,0,False,,,,,,,,1,,,低空经济,1.2745801898272087,1.2745801898272087,6,0,False,0.02,1,CASH,,ENTRY_GATE_CLOSED_OR_NO_CANDIDATE,0,5,equal_capital,0.1,False,2366167.3058163235
2024-04-02,现金,0.0,0.0,3074.959,3049.1027999999997,180,3042.189644444444,,,False,,,,False,False,True,MAINLINE_RISE,True,2,0,0,False,,,,,,,,1,,,低空经济,1.2960401695781594,1.2960401695781594,4,0,False,0.02,1,BUY,低空经济,ENTRY_TOP1,0,5,equal_capital,0.1,False,2366167.3058163235
2024-04-03,低空经济,1.0,1.0,3069.296,3050.57105,180,3041.4823500000007,,,False,,,,False,False,True,MAINLINE_RISE,True,3,0,0,False,84.5,74.79990000000001,78.4548,-0.019835285929706625,84.5,0.0,2366167.3058163235,1,1.2401303237547332,1.2401303237547332,低空经济,1.2401303237547332,1.2401303237547332,6,0,False,0.02,0,HOLD,低空经济,NO_STRONGER_QUALIFIED_SECTOR,0,5,equal_capital,0.1,False,2375399.1056441716
2024-04-08,低空经济,1.0,1.0,3047.053,3051.5536500000003,180,3040.6121111111115,,,False,,,,False,False,False,MAINLINE_DECLINE,False,0,1,1,False,80.30199999999999,75.4477,78.82679999999999,-0.04968047337278114,84.5,-0.04968047337278114,2366167.3058163235,1,1.1923796513527158,1.1923796513527158,黄金概念,1.2130790744978388,1.2130790744978388,4,0,False,0.02,0,HOLD,低空经济,NO_STRONGER_QUALIFIED_SECTOR,0,5,equal_capital,0.1,False,2293292.358804275
2024-04-09,低空经济,1.0,1.0,3048.537,3051.67955,180,3039.6519444444443,,,False,,,,False,False,False,MAINLINE_DECLINE,False,0,2,2,False,83.848,76.258,79.5778,0.044158302408408234,84.5,-0.0077159763313610075,2366167.3058163235,1,1.2395848733035688,1.2395848733035688,低空经济,1.2395848733035688,1.2395848733035688,3,0,False,0.02,0,HOLD,低空经济,NO_STRONGER_QUALIFIED_SECTOR,0,5,equal_capital,0.1,False,2346241.114814569
2024-04-10,低空经济,1.0,1.0,3027.335,3049.62355,180,3038.7141722222223,,,False,,,,False,False,False,MAINLINE_DECLINE,False,0,3,3,False,88.59400000000001,77.235,81.1354,0.05660242343287858,88.59400000000001,0.0,2366167.3058163235,1,1.2829669533987895,1.2829669533987895,低空经济,1.2829669533987895,1.2829669533987895,4,0,False,0.02,0,HOLD,低空经济,NO_STRONGER_QUALIFIED_SECTOR,0,5,equal_capital,0.1,False,2399326.541908115
2024-04-11,低空经济,1.0,1.0,3034.246,3048.5391,180,3037.59065,,,False,,,,False,False,False,MAINLINE_DECLINE,False,0,4,4,False,83.14599999999999,77.76219999999999,82.08919999999999,-0.06149400636611979,88.59400000000001,-0.06149400636611979,2366167.3058163235,1,1.145230158948789,1.145230158948789,黄金概念,1.2363710760449889,1.2363710760449889,4,0,False,0.02,1,HOLD,低空经济,SWITCH_CONFIRM_1_OF_2,0,5,equal_capital,0.1,False,2339155.4404798495
2024-04-12,低空经济,1.0,1.0,3019.474,3047.32105,180,3036.3782777777774,,,False,,,,False,False,False,MAINLINE_DECLINE,False,0,5,5,False,83.69000000000001,78.36789999999999,83.3228,0.006542708007601483,88.59400000000001,-0.05535363568638951,2366167.3058163235,1,1.169246674863083,1.169246674863083,黄金概念,1.3080621184805643,1.3080621184805643,5,0,False,0.02,0,HOLD,低空经济,RESEARCH_POLICY_BLOCK_STRONGER_RS20_MARGIN_2%,0,5,equal_capital,0.1,False,2329491.9283871623
2024-04-15,低空经济,1.0,1.0,3057.378,3048.2782500000003,180,3035.5324333333333,,,False,,,,False,False,True,NO_MAINLINE_ROTATION,False,0,6,0,False,81.13200000000002,78.9126,83.70779999999999,-0.030565181025211996,88.59400000000001,-0.0842269228164434,2366167.3058163235,1,1.1551012272559016,1.1551012272559016,黄金概念,1.2517991614343227,1.2517991614343227,5,0,False,0.02,1,HOLD,低空经济,SWITCH_CONFIRM_1_OF_2,1,5,equal_capital,0.1,False,2291052.9041123586
2024-04-16,低空经济,1.0,1.0,3007.068,3045.8998500000002,180,3034.4727000000003,,,False,,,,False,False,False,MAINLINE_DECLINE,False,0,7,1,False,77.068,79.2092,83.2286,-0.05009120938717182,88.59400000000001,-0.13009910377677958,2366167.3058163235,1,1.0833895636527215,1.0833895636527215,黄金概念,1.1715013760065232,1.1715013760065232,2,0,False,0.02,1,SELL,,DOUBLE_MA20_BREAK,2,5,equal_capital,0.1,False,2184168.100653254
2024-04-17,现金,0.0,0.0,3071.381,3045.2226,180,3033.7646166666664,,,False,,,,False,False,True,NO_MAINLINE_ROTATION,False,0,8,0,False,,,,,,,,2,,,黄金概念,1.1939419307415877,1.1939419307415877,2,0,False,0.02,1,CASH,,ENTRY_GATE_CLOSED_OR_NO_CANDIDATE,0,5,equal_capital,0.1,False,2218591.418625105
2024-04-18,现金,0.0,0.0,3074.225,3045.79605,180,3033.2351888888884,,,False,,,,False,False,True,NO_MAINLINE_ROTATION,False,0,9,0,False,,,,,,,,2,,,黄金概念,1.1933508222156437,1.1933508222156437,3,0,False,0.02,1,CASH,,ENTRY_GATE_CLOSED_OR_NO_CANDIDATE,0,5,equal_capital,0.1,False,2218591.418625105
2024-04-19,现金,0.0,0.0,3065.261,3045.0748,180,3032.665833333333,,,False,,,,False,False,True,NO_MAINLINE_ROTATION,False,0,10,0,False,,,,,,,,2,,,低空经济,1.246856898806823,1.246856898806823,3,0,False,0.02,1,CASH,,ENTRY_GATE_CLOSED_OR_NO_CANDIDATE,0,5,equal_capital,0.1,False,2218591.418625105
2024-04-22,现金,0.0,0.0,3044.595,3043.4489000000003,180,3032.0015777777776,,,False,,,,False,False,True,NO_MAINLINE_ROTATION,False,0,11,0,False,,,,,,,,2,,,低空经济,1.2732757044736362,1.2732757044736362,2,0,False,0.02,1,CASH,,ENTRY_GATE_CLOSED_OR_NO_CANDIDATE,0,5,equal_capital,0.1,False,2218591.418625105
2024-04-23,现金,0.0,0.0,3021.978,3042.1461,180,3030.83745,,,False,,,,False,False,False,MAINLINE_DECLINE,False,0,12,1,False,,,,,,,,2,,,低空经济,1.3116927349419687,1.3116927349419687,1,0,False,0.02,1,CASH,,ENTRY_GATE_CLOSED_OR_NO_CANDIDATE,0,5,equal_capital,0.1,False,2218591.418625105
2024-04-24,现金,0.0,0.0,3044.822,3043.0719,180,3029.847416666667,,,False,,,,False,False,True,NO_MAINLINE_ROTATION,False,0,13,0,False,,,,,,,,2,,,低空经济,1.390424278944918,1.390424278944918,1,0,False,0.02,1,BUY,低空经济,ENTRY_TOP1,0,5,equal_capital,0.1,False,2218591.418625105
2024-04-25,低空经济,1.0,1.0,3052.9,3044.1428499999997,180,3028.9375777777777,,,False,,,,False,False,True,NO_MAINLINE_ROTATION,False,0,14,0,False,99.114,86.27310000000001,90.45700000000001,-0.023757461142958403,99.114,0.0,2218591.418625105,2,1.346511248777307,1.346511248777307,低空经济,1.346511248777307,1.346511248777307,1,0,False,0.02,0,HOLD,低空经济,NO_STRONGER_QUALIFIED_SECTOR,0,5,equal_capital,0.1,False,2175160.2005297043
2024-04-26,低空经济,1.0,1.0,3088.636,3048.9177,180,3027.897077777778,,,False,,,,False,False,True,MAINLINE_RISE,True,1,0,0,False,105.532,87.982,92.6412,0.06475371794095675,105.532,0.0,2218591.418625105,2,1.4789920677186983,1.4789920677186983,低空经济,1.4789920677186983,1.4789920677186983,1,0,False,0.02,0,HOLD,低空经济,NO_STRONGER_QUALIFIED_SECTOR,0,5,equal_capital,0.1,False,2225440.599659087
2024-04-29,低空经济,1.0,1.0,3113.043,3054.03665,180,3026.9082055555555,,,False,,,,False,False,True,MAINLINE_RISE,True,2,0,0,False,109.35,89.5854,95.463,0.03617859985596783,109.35,0.0,2218591.418625105,2,1.4149478533164255,1.4149478533164255,低空经济,1.4149478533164255,1.4149478533164255,4,0,False,0.02,0,HOLD,低空经济,NO_STRONGER_QUALIFIED_SECTOR,0,5,equal_capital,0.1,False,2294064.731702897
2024-04-30,低空经济,1.0,1.0,3104.825,3057.2195500000003,180,3025.8741833333333,,,False,,,,False,False,True,MAINLINE_RISE,True,3,0,0,False,102.34400000000001,90.6096,97.9906,-0.06406950160036562,109.35,-0.06406950160036562,2218591.418625105,2,1.2502321035914978,1.2502321035914978,低空经济,1.2502321035914978,1.2502321035914978,3,0,False,0.02,0,HOLD,低空经济,NO_STRONGER_QUALIFIED_SECTOR,0,5,equal_capital,0.1,False,2267861.5986364423
2024-05-06,低空经济,1.0,1.0,3140.72,3060.3866000000003,180,3025.202127777778,,,False,,,,False,False,True,MAINLINE_RISE,True,4,0,0,False,101.412,91.4904,99.7698,-0.009106542640506587,109.35,-0.07259259259259254,2218591.418625105,2,1.2102248317342117,1.2102248317342117,低空经济,1.2102248317342117,1.2102248317342117,3,0,False,0.02,0,HOLD,低空经济,NO_STRONGER_QUALIFIED_SECTOR,0,5,equal_capital,0.1,False,2279900.174561007
2024-05-07,低空经济,1.0,1.0,3147.738,3064.02555,180,3024.464766666667,,,False,,,,False,False,True,MAINLINE_RISE,True,5,0,0,False,109.16399999999999,92.6381,101.95060000000001,0.0764406579103063,109.35,-0.0017009602194788531,2218591.418625105,2,1.2662568147546687,1.2662568147546687,低空经济,1.2662568147546687,1.2662568147546687,4,0,False,0.02,0,HOLD,低空经济,NO_STRONGER_QUALIFIED_SECTOR,0,5,equal_capital,0.1,False,2392072.4970299476
2024-05-08,低空经济,1.0,1.0,3128.48,3066.98475,180,3023.5780777777777,,,False,,,,False,False,True,MAINLINE_RISE,True,6,0,0,False,109.5,93.8881,103.5584,0.003077937781686302,109.5,0.0,2218591.418625105,2,1.2958579881656804,1.2958579881656804,低空经济,1.2958579881656804,1.2958579881656804,5,0,False,0.02,0,HOLD,低空经济,NO_STRONGER_QUALIFIED_SECTOR,0,5,equal_capital,0.1,False,2386881.567399037
2024-05-09,低空经济,1.0,1.0,3154.32,3072.3481,180,3022.941905555556,,,False,,,,False,False,True,MAINLINE_RISE,True,7,0,0,False,107.63,95.2545,104.57039999999999,-0.0170776255707763,109.5,-0.0170776255707763,2218591.418625105,2,1.3403153097058604,1.3403153097058604,低空经济,1.3403153097058604,1.3403153097058604,9,0,False,0.02,0,HOLD,低空经济,NO_STRONGER_QUALIFIED_SECTOR,0,5,equal_capital,0.1,False,2389630.119530454
2024-05-10,低空经济,1.0,1.0,3154.547,3077.6486,180,3022.352611111111,,,False,,,,False,False,True,MAINLINE_RISE,True,8,0,0,False,102.734,96.1988,104.8306,-0.045489175880330746,109.5,-0.06178995433789958,2218591.418625105,2,1.2252409121267054,1.2252409121267054,低空经济,1.2252409121267054,1.2252409121267054,9,0,False,0.02,0,HOLD,低空经济,NO_STRONGER_QUALIFIED_SECTOR,1,5,equal_capital,0.1,False,2322330.2986622322
2024-05-13,低空经济,1.0,1.0,3148.021,3083.6829000000002,180,3021.816688888889,,,False,,,,False,False,True,MAINLINE_RISE,True,9,0,0,False,102.88199999999999,96.91319999999999,104.9662,0.0014406136235325384,109.5,-0.060438356164383644,2218591.418625105,2,1.161275029911732,1.161275029911732,电子布,1.1890711585746263,1.1890711585746263,11,0,False,0.02,1,HOLD,低空经济,SWITCH_CONFIRM_1_OF_2,2,5,equal_capital,0.1,False,2299601.8932008836
2024-05-14,低空经济,1.0,1.0,3145.774,3089.2593,180,3021.212322222222,,,False,,,,False,False,True,MAINLINE_RISE,True,10,0,0,False,101.03599999999999,97.8077,105.1584,-0.017942886024766236,109.5,-0.0772968036529682,2218591.418625105,2,1.2151636879705578,1.2151636879705578,航运港口,1.1810400726235246,1.1810400726235246,11,0,False,0.02,0,HOLD,低空经济,NO_STRONGER_QUALIFIED_SECTOR,3,5,equal_capital,0.1,False,2271785.2368588774
2024-05-15,低空经济,1.0,1.0,3119.902,3094.2807000000003,180,3020.8270666666667,,,False,,,,False,False,True,MAINLINE_RISE,True,11,0,0,False,101.35400000000001,98.6909,104.7406,0.0031473930084329194,109.5,-0.07439269406392679,2218591.418625105,2,1.2110646433265624,1.2110646433265624,电子布,1.1729046056270511,1.1729046056270511,8,0,False,0.02,0,HOLD,低空经济,NO_STRONGER_QUALIFIED_SECTOR,4,5,equal_capital,0.1,False,2280004.776396458
2024-05-16,低空经济,1.0,1.0,3122.401,3097.5318500000003,180,3020.5158111111105,,,False,,,,False,False,True,MAINLINE_RISE,True,12,0,0,False,102.874,99.77799999999999,104.093,0.014996941413264242,109.5,-0.06051141552511419,2218591.418625105,2,1.267983039984223,1.267983039984223,轻工制造,1.1816060236896568,1.1816060236896568,8,0,False,0.02,0,HOLD,低空经济,NO_STRONGER_QUALIFIED_SECTOR,5,5,equal_capital,0.1,False,2290583.9865704803
2024-05-17,低空经济,1.0,1.0,3154.026,3104.8797499999996,180,3020.3927555555556,,,False,,,,False,False,True,MAINLINE_RISE,True,13,0,0,False,110.67,101.4581,104.9256,0.07578202461263306,110.67,0.0,2218591.418625105,2,1.436004567395028,1.436004567395028,建材,1.204710556663889,1.204710556663889,11,0,False,0.02,0,HOLD,低空经济,NO_STRONGER_QUALIFIED_SECTOR,0,5,equal_capital,0.1,False,2388744.563457614
2024-05-20,低空经济,1.0,1.0,3171.145,3109.8679500000003,180,3020.5095166666674,,,False,,,,False,False,True,MAINLINE_RISE,True,14,0,0,False,113.888,102.97149999999999,106.1732,0.02907743742658364,113.888,0.0,2218591.418625105,2,1.3619708203779,1.3619708203779,轻工制造,1.1692493946731235,1.1692493946731235,10,0,False,0.02,0,HOLD,低空经济,NO_STRONGER_QUALIFIED_SECTOR,0,5,equal_capital,0.1,False,2364704.3389081927
2024-05-21,低空经济,1.0,1.0,3157.966,3114.055,180,3020.4774444444442,,,False,,,,False,False,True,MAINLINE_RISE,True,15,0,0,False,110.402,104.1238,106.297,-0.030609019387468406,113.888,-0.030609019387468406,2218591.418625105,2,1.2638170245890383,1.2638170245890383,低空经济,1.2638170245890383,1.2638170245890383,12,0,False,0.02,0,HOLD,低空经济,NO_STRONGER_QUALIFIED_SECTOR,0,5,equal_capital,0.1,False,2309869.1491961163
2024-05-22,低空经济,1.0,1.0,3158.54,3118.71895,180,3020.62515,,,False,,,,False,False,True,MAINLINE_RISE,True,16,0,0,False,108.43400000000001,104.8744,106.1904,-0.01782576402601388,113.888,-0.047889154256813615,2218591.418625105,2,1.1606902014514782,1.1606902014514782,消费电子,1.2083880564524907,1.2083880564524907,10,0,False,0.02,1,HOLD,低空经济,SWITCH_CONFIRM_1_OF_2,0,5,equal_capital,0.1,False,2277540.1544314553
2024-05-23,低空经济,1.0,1.0,3116.387,3122.3085499999997,180,3020.7552,,,False,,,,False,False,False,MAINLINE_DECLINE,False,0,1,1,False,106.65800000000002,105.3318,106.0932,-0.016378626630023763,113.888,-0.06348342230963744,2218591.418625105,2,1.0938160188698596,1.0938160188698596,房地产,1.193086323861148,1.193086323861148,9,0,False,0.02,1,HOLD,低空经济,SWITCH_CONFIRM_1_OF_2,0,5,equal_capital,0.1,False,2251889.3081704183
2024-05-24,低空经济,1.0,1.0,3088.871,3125.6531999999997,180,3020.5804055555554,,,False,,,,False,False,False,MAINLINE_DECLINE,False,0,2,2,False,100.47200000000001,105.34880000000001,105.867,-0.057998462375068005,113.888,-0.11779994380443937,2218591.418625105,2,1.0033955179163505,1.0033955179163505,房地产,1.165818938605619,1.165818938605619,8,0,False,0.02,1,SELL,,DOUBLE_MA20_BREAK,1,5,equal_capital,0.1,False,2188160.3982273103
2024-05-27,现金,0.0,0.0,3124.043,3129.61425,180,3020.833966666666,,,False,,,,False,False,False,MAINLINE_DECLINE,False,0,3,3,False,,,,,,,,3,,,房地产,1.1617306271059762,1.1617306271059762,6,0,False,0.02,1,CASH,,ENTRY_GATE_CLOSED_OR_NO_CANDIDATE,0,5,equal_capital,0.1,False,2194495.7851922023
2024-05-28,现金,0.0,0.0,3109.572,3132.44785,180,3020.985788888889,,,False,,,,False,False,False,MAINLINE_DECLINE,False,0,4,4,False,,,,,,,,3,,,航运港口,1.1744027726203738,1.1744027726203738,3,0,False,0.02,1,CASH,,ENTRY_GATE_CLOSED_OR_NO_CANDIDATE,0,5,equal_capital,0.1,False,2194495.7851922023
2024-05-29,现金,0.0,0.0,3111.018,3133.56695,180,3021.2465833333335,,,False,,,,False,False,False,MAINLINE_DECLINE,False,0,5,5,False,,,,,,,,3,,,航运港口,1.1849674837418709,1.1849674837418709,2,0,False,0.02,1,CASH,,ENTRY_GATE_CLOSED_OR_NO_CANDIDATE,0,5,equal_capital,0.1,False,2194495.7851922023
2024-05-30,现金,0.0,0.0,3091.678,3132.4986999999996,180,3021.207927777778,,,False,,,,False,False,False,MAINLINE_DECLINE,False,0,6,6,False,,,,,,,,3,,,航运港口,1.1720186374512027,1.1720186374512027,1,0,False,0.02,1,CASH,,ENTRY_GATE_CLOSED_OR_NO_CANDIDATE,0,5,equal_capital,0.1,False,2194495.7851922023
2024-05-31,现金,0.0,0.0,3086.813,3131.5981,180,3020.9352944444445,,,False,,,,False,False,False,MAINLINE_DECLINE,False,0,7,7,False,,,,,,,,3,,,航运港口,1.1332921556516369,1.1332921556516369,1,0,False,0.02,1,CASH,,ENTRY_GATE_CLOSED_OR_NO_CANDIDATE,0,5,equal_capital,0.1,False,2194495.7851922023
2024-06-03,现金,0.0,0.0,3078.489,3128.48655,180,3020.609466666667,,,False,,,,False,False,False,MAINLINE_DECLINE,False,0,8,8,False,,,,,,,,3,,,航运港口,1.1347432024169182,1.1347432024169182,1,0,False,0.02,1,CASH,,ENTRY_GATE_CLOSED_OR_NO_CANDIDATE,0,5,equal_capital,0.1,False,2194495.7851922023
2024-06-04,现金,0.0,0.0,3091.199,3125.6596,180,3020.45015,,,False,,,,False,False,False,MAINLINE_DECLINE,False,0,9,9,False,,,,,,,,3,,,航运港口,1.160570592538405,1.160570592538405,1,0,False,0.02,1,CASH,,ENTRY_GATE_CLOSED_OR_NO_CANDIDATE,0,5,equal_capital,0.1,False,2194495.7851922023
2024-06-05,现金,0.0,0.0,3065.403,3122.50575,180,3020.0732388888887,,,False,,,,False,False,False,MAINLINE_DECLINE,False,0,10,10,False,,,,,,,,3,,,航运港口,1.1323088005762998,1.1323088005762998,2,0,False,0.02,1,CASH,,ENTRY_GATE_CLOSED_OR_NO_CANDIDATE,0,5,equal_capital,0.1,False,2194495.7851922023
2024-06-06,现金,0.0,0.0,3048.794,3117.22945,180,3019.36065,,,False,,,,False,False,False,MAINLINE_DECLINE,False,0,11,11,False,,,,,,,,3,,,电力,1.1329371353797502,1.1329371353797502,1,0,False,0.02,1,CASH,,ENTRY_GATE_CLOSED_OR_NO_CANDIDATE,0,5,equal_capital,0.1,False,2194495.7851922023
2024-06-07,现金,0.0,0.0,3051.279,3112.06605,180,3018.7879277777774,,,False,,,,False,False,False,MAINLINE_DECLINE,False,0,12,12,False,,,,,,,,3,,,电力,1.136185881067259,1.136185881067259,2,0,False,0.02,1,CASH,,ENTRY_GATE_CLOSED_OR_NO_CANDIDATE,0,5,equal_capital,0.1,False,2194495.7851922023
2024-06-11,现金,0.0,0.0,3028.045,3106.06725,180,3018.065527777778,,,False,,,,False,False,False,MAINLINE_DECLINE,False,0,13,13,False,,,,,,,,3,,,半导体设备,1.1345039732191338,1.1345039732191338,2,0,False,0.02,1,CASH,,ENTRY_GATE_CLOSED_OR_NO_CANDIDATE,0,5,equal_capital,0.1,False,2194495.7851922023
2024-06-12,现金,0.0,0.0,3037.468,3100.6519500000004,180,3017.59395,,,False,,,,False,False,False,MAINLINE_DECLINE,False,0,14,14,False,,,,,,,,3,,,半导体设备,1.1300150729787326,1.1300150729787326,3,0,False,0.02,1,CASH,,ENTRY_GATE_CLOSED_OR_NO_CANDIDATE,0,5,equal_capital,0.1,False,2194495.7851922023
2024-06-13,现金,0.0,0.0,3028.919,3096.1027999999997,180,3017.1061722222225,,,False,,,,False,False,False,MAINLINE_DECLINE,False,0,15,15,False,,,,,,,,3,,,半导体设备,1.1432503233080213,1.1432503233080213,3,0,False,0.02,1,CASH,,ENTRY_GATE_CLOSED_OR_NO_CANDIDATE,0,5,equal_capital,0.1,False,2194495.7851922023
2024-06-14,现金,0.0,0.0,3032.633,3091.6144,180,3016.4942499999997,,,False,,,,False,False,False,MAINLINE_DECLINE,False,0,16,16,False,,,,,,,,3,,,CPO,1.1408999475988435,1.1408999475988435,6,0,False,0.02,1,CASH,,ENTRY_GATE_CLOSED_OR_NO_CANDIDATE,0,5,equal_capital,0.1,False,2194495.7851922023
2024-06-17,现金,0.0,0.0,3015.891,3084.7076500000003,180,3015.821094444444,,,False,,,,False,False,False,MAINLINE_DECLINE,False,0,17,17,False,,,,,,,,3,,,PCB,1.1515663848831426,1.1515663848831426,7,0,False,0.02,1,CASH,,ENTRY_GATE_CLOSED_OR_NO_CANDIDATE,0,5,equal_capital,0.1,False,2194495.7851922023
2024-06-18,现金,0.0,0.0,3030.246,3077.6627,180,3015.305422222222,,,False,,,,False,False,False,MAINLINE_DECLINE,False,0,18,18,False,,,,,,,,3,,,消费电子,1.1784376688633131,1.1784376688633131,6,0,False,0.02,1,CASH,,ENTRY_GATE_CLOSED_OR_NO_CANDIDATE,0,5,equal_capital,0.1,False,2194495.7851922023
2024-06-19,现金,0.0,0.0,3018.049,3070.66685,180,3014.702633333334,,,False,,,,False,False,False,MAINLINE_DECLINE,False,0,19,19,False,,,,,,,,3,,,消费电子,1.1685085255273016,1.1685085255273016,6,0,False,0.02,1,CASH,,ENTRY_GATE_CLOSED_OR_NO_CANDIDATE,0,5,equal_capital,0.1,False,2194495.7851922023
2024-06-20,现金,0.0,0.0,3005.437,3063.0117,180,3014.0787111111113,,,False,,,,False,False,False,MAINLINE_DECLINE,False,0,20,20,False,,,,,,,,3,,,CPO,1.1530701376671628,1.1530701376671628,6,0,False,0.02,1,CASH,,ENTRY_GATE_CLOSED_OR_NO_CANDIDATE,0,5,equal_capital,0.1,False,2194495.7851922023
2024-06-21,现金,0.0,0.0,2998.138,3057.09925,180,3013.368744444444,,,False,,,,False,False,False,MAINLINE_DECLINE,False,0,21,21,False,,,,,,,,3,,,CPO,1.1528518178737615,1.1528518178737615,6,0,False,0.02,1,CASH,,ENTRY_GATE_CLOSED_OR_NO_CANDIDATE,0,5,equal_capital,0.1,False,2194495.7851922023
2024-06-24,现金,0.0,0.0,2963.099,3050.8106500000004,180,3012.469533333334,,,False,,,,False,False,False,MAINLINE_DECLINE,False,0,22,22,False,,,,,,,,3,,,消费电子,1.1778159413840437,1.1778159413840437,6,0,False,0.02,1,CASH,,ENTRY_GATE_CLOSED_OR_NO_CANDIDATE,0,5,equal_capital,0.1,False,2194495.7851922023
2024-06-25,现金,0.0,0.0,2949.996,3042.1083,180,3011.588577777778,,,False,,,,False,False,False,MAINLINE_DECLINE,False,0,23,23,False,,,,,,,,3,,,消费电子,1.139166877862737,1.139166877862737,1,0,False,0.02,1,CASH,,ENTRY_GATE_CLOSED_OR_NO_CANDIDATE,0,5,equal_capital,0.1,False,2194495.7851922023
2024-06-26,现金,0.0,0.0,2972.525,3035.2559499999998,180,3010.9653777777776,,,False,,,,False,False,False,MAINLINE_DECLINE,False,0,24,24,False,,,,,,,,3,,,消费电子,1.205650755440119,1.205650755440119,2,0,False,0.02,1,CASH,,ENTRY_GATE_CLOSED_OR_NO_CANDIDATE,0,5,equal_capital,0.1,False,2194495.7851922023
2024-06-27,现金,0.0,0.0,2945.852,3026.9976500000002,180,3009.9288222222226,,,False,,,,False,False,False,MAINLINE_DECLINE,False,0,25,25,False,,,,,,,,3,,,消费电子,1.2192696476879323,1.2192696476879323,1,0,False,0.02,1,CASH,,ENTRY_GATE_CLOSED_OR_NO_CANDIDATE,0,5,equal_capital,0.1,False,2194495.7851922023
2024-06-28,现金,0.0,0.0,2967.403,3020.7839,180,3009.1054666666664,,,False,,,,False,False,False,MAINLINE_DECLINE,False,0,26,26,False,,,,,,,,3,,,消费电子,1.1998918945182018,1.1998918945182018,1,0,False,0.02,1,CASH,,ENTRY_GATE_CLOSED_OR_NO_CANDIDATE,0,5,equal_capital,0.1,False,2194495.7851922023
2024-07-01,现金,0.0,0.0,2994.73,3016.1797500000002,180,3008.5080055555563,,,False,,,,False,False,False,MAINLINE_DECLINE,False,0,27,27,False,,,,,,,,3,,,消费电子,1.20276946245248,1.20276946245248,1,0,False,0.02,1,CASH,,ENTRY_GATE_CLOSED_OR_NO_CANDIDATE,0,5,equal_capital,0.1,False,2194495.7851922023
2024-07-02,现金,0.0,0.0,2997.011,3012.10585,180,3007.8951999999995,,,False,,,,False,False,False,MAINLINE_DECLINE,False,0,28,28,False,,,,,,,,3,,,消费电子,1.179221637866266,1.179221637866266,1,0,False,0.02,1,CASH,,ENTRY_GATE_CLOSED_OR_NO_CANDIDATE,0,5,equal_capital,0.1,False,2194495.7851922023
2024-07-03,现金,0.0,0.0,2982.376,3006.6647,180,3007.183538888889,,,False,,,,False,False,False,MAINLINE_DECLINE,False,0,29,29,False,,,,,,,,3,,,消费电子,1.1695002421944611,1.1695002421944611,1,0,False,0.02,1,CASH,,ENTRY_GATE_CLOSED_OR_NO_CANDIDATE,0,5,equal_capital,0.1,False,2194495.7851922023
2024-07-04,现金,0.0,0.0,2957.567,3001.2729,180,3006.409344444444,,,False,,,,False,False,False,MAINLINE_DECLINE,False,0,30,30,False,,,,,,,,3,,,消费电子,1.1654569852393022,1.1654569852393022,2,0,False,0.02,1,CASH,,ENTRY_GATE_CLOSED_OR_NO_CANDIDATE,0,5,equal_capital,0.1,False,2194495.7851922023
2024-07-05,现金,0.0,0.0,2949.933,2996.3298499999996,180,3005.713216666667,,,False,,,,False,False,False,MAINLINE_DECLINE,False,0,31,31,False,,,,,,,,3,,,消费电子,1.154995198634278,1.154995198634278,2,0,False,0.02,1,CASH,,ENTRY_GATE_CLOSED_OR_NO_CANDIDATE,0,5,equal_capital,0.1,False,2194495.7851922023
2024-07-08,现金,0.0,0.0,2922.45,2989.8884000000003,180,3004.843738888889,,,False,,,,False,False,False,MAINLINE_DECLINE,False,0,32,32,False,,,,,,,,3,,,消费电子,1.2038472773301523,1.2038472773301523,2,0,False,0.02,1,CASH,,ENTRY_GATE_CLOSED_OR_NO_CANDIDATE,0,5,equal_capital,0.1,False,2194495.7851922023
2024-07-09,现金,0.0,0.0,2959.372,2986.45475,180,3004.0185777777774,,,False,,,,False,False,False,MAINLINE_DECLINE,False,0,33,33,False,,,,,,,,3,,,消费电子,1.2801732878606327,1.2801732878606327,3,0,False,0.02,1,CASH,,ENTRY_GATE_CLOSED_OR_NO_CANDIDATE,0,5,equal_capital,0.1,False,2194495.7851922023
2024-07-10,现金,0.0,0.0,2939.364,2981.5495499999997,180,3003.1922722222225,,,False,,,,False,False,False,MAINLINE_DECLINE,False,0,34,34,False,,,,,,,,3,,,CPO,1.2500478839548315,1.2500478839548315,3,0,False,0.02,1,CASH,,ENTRY_GATE_CLOSED_OR_NO_CANDIDATE,0,5,equal_capital,0.1,False,2194495.7851922023
2024-07-11,现金,0.0,0.0,2970.387,2978.62295,180,3002.617683333333,,,False,,,,False,False,False,MAINLINE_DECLINE,False,0,35,35,False,,,,,,,,3,,,消费电子,1.264048923309407,1.264048923309407,4,0,False,0.02,1,CASH,,ENTRY_GATE_CLOSED_OR_NO_CANDIDATE,0,5,equal_capital,0.1,False,2194495.7851922023
2024-07-12,现金,0.0,0.0,2971.295,2975.55605,180,3001.9943444444443,,,False,,,,False,False,False,MAINLINE_DECLINE,False,0,36,36,False,,,,,,,,3,,,消费电子,1.2103041367434735,1.2103041367434735,2,0,False,0.02,1,CASH,,ENTRY_GATE_CLOSED_OR_NO_CANDIDATE,0,5,equal_capital,0.1,False,2194495.7851922023
2024-07-15,现金,0.0,0.0,2974.011,2973.4620499999996,180,3001.523794444445,,,False,,,,False,False,True,NO_MAINLINE_ROTATION,False,0,37,0,False,,,,,,,,3,,,消费电子,1.1360618814941432,1.1360618814941432,1,0,False,0.02,1,CASH,,RESEARCH_POLICY_BLOCK_ENTRY_TOP1,0,5,equal_capital,0.1,False,2194495.7851922023
2024-07-16,现金,0.0,0.0,2976.304,2970.7649499999998,180,3001.362188888889,,,False,,,,False,False,True,NO_MAINLINE_ROTATION,False,0,38,0,False,,,,,,,,3,,,消费电子,1.1760588619737316,1.1760588619737316,3,0,False,0.02,1,CASH,,RESEARCH_POLICY_BLOCK_ENTRY_TOP1,0,5,equal_capital,0.1,False,2194495.7851922023
2024-07-17,现金,0.0,0.0,2962.855,2968.0052499999997,180,3001.2499444444443,,,False,,,,False,False,False,MAINLINE_DECLINE,False,0,39,1,False,,,,,,,,3,,,消费电子,1.1448408200705358,1.1448408200705358,4,0,False,0.02,1,CASH,,ENTRY_GATE_CLOSED_OR_NO_CANDIDATE,0,5,equal_capital,0.1,False,2194495.7851922023
2024-07-18,现金,0.0,0.0,2977.133,2966.59005,180,3001.460177777778,,,False,,,,False,False,True,NO_MAINLINE_ROTATION,False,0,40,0,False,,,,,,,,3,,,消费电子,1.14296321404936,1.14296321404936,4,0,False,0.02,1,CASH,,RESEARCH_POLICY_BLOCK_ENTRY_TOP1,0,5,equal_capital,0.1,False,2194495.7851922023
2024-07-19,现金,0.0,0.0,2982.309,2965.7986,180,3001.57165,,,False,,,,False,False,True,NO_MAINLINE_ROTATION,False,0,41,0,False,,,,,,,,3,,,被动元件,1.124273092849775,1.124273092849775,2,0,False,0.02,1,CASH,,RESEARCH_POLICY_BLOCK_ENTRY_TOP1,0,5,equal_capital,0.1,False,2194495.7851922023
2024-07-22,现金,0.0,0.0,2964.216,2965.85445,180,3001.5166611111117,,,False,,,,False,False,False,MAINLINE_DECLINE,False,0,42,1,False,,,,,,,,3,,,被动元件,1.1268624047097893,1.1268624047097893,2,0,False,0.02,1,CASH,,ENTRY_GATE_CLOSED_OR_NO_CANDIDATE,0,5,equal_capital,0.1,False,2194495.7851922023
2024-07-23,现金,0.0,0.0,2915.369,2964.1231,180,3001.1114944444444,,,False,,,,False,False,False,BROAD_DECLINE_OR_NO_LEADER,False,0,43,2,False,,,,,,,,3,,,,,,0,0,False,0.02,1,CASH,,ENTRY_GATE_CLOSED_OR_NO_CANDIDATE,0,5,equal_capital,0.1,False,2194495.7851922023
2024-07-24,现金,0.0,0.0,2901.952,2960.5944499999996,180,3000.467983333334,,,False,,,,False,False,False,BROAD_DECLINE_OR_NO_LEADER,False,0,44,3,False,,,,,,,,3,,,,,,0,0,False,0.02,1,CASH,,ENTRY_GATE_CLOSED_OR_NO_CANDIDATE,0,5,equal_capital,0.1,False,2194495.7851922023
2024-07-25,现金,0.0,0.0,2886.742,2957.63895,180,2999.7190333333333,,,False,,,,False,False,False,BROAD_DECLINE_OR_NO_LEADER,False,0,45,4,False,,,,,,,,3,,,,,,0,0,False,0.02,1,CASH,,ENTRY_GATE_CLOSED_OR_NO_CANDIDATE,0,5,equal_capital,0.1,False,2194495.7851922023
2024-07-26,现金,0.0,0.0,2890.897,2953.81365,180,2999.0086222222226,,,False,,,,False,False,False,BROAD_DECLINE_OR_NO_LEADER,False,0,46,5,False,,,,,,,,3,,,,,,0,0,False,0.02,1,CASH,,ENTRY_GATE_CLOSED_OR_NO_CANDIDATE,0,5,equal_capital,0.1,False,2194495.7851922023
2024-07-29,现金,0.0,0.0,2891.845,2948.6693999999998,180,2998.2795555555554,,,False,,,,False,False,False,BROAD_DECLINE_OR_NO_LEADER,False,0,47,6,False,,,,,,,,3,,,,,,0,0,False,0.02,1,CASH,,ENTRY_GATE_CLOSED_OR_NO_CANDIDATE,0,5,equal_capital,0.1,False,2194495.7851922023
2024-07-30,现金,0.0,0.0,2879.3,2942.7838500000003,180,2997.5567444444446,,,False,,,,False,False,False,BROAD_DECLINE_OR_NO_LEADER,False,0,48,7,False,,,,,,,,3,,,,,,0,0,False,0.02,1,CASH,,ENTRY_GATE_CLOSED_OR_NO_CANDIDATE,0,5,equal_capital,0.1,False,2194495.7851922023
2024-07-31,现金,0.0,0.0,2938.749,2940.6025,180,2997.0453611111107,,,False,,,,False,False,False,MAINLINE_DECLINE,False,0,49,8,False,,,,,,,,3,,,低空经济,1.1595744680851063,1.1595744680851063,2,0,False,0.02,1,CASH,,ENTRY_GATE_CLOSED_OR_NO_CANDIDATE,0,5,equal_capital,0.1,False,2194495.7851922023
2024-08-01,现金,0.0,0.0,2932.387,2939.3435,180,2996.3452277777774,,,False,,,,False,False,False,MAINLINE_DECLINE,False,0,50,9,False,,,,,,,,3,,,低空经济,1.2748928689155035,1.2748928689155035,4,0,False,0.02,1,CASH,,ENTRY_GATE_CLOSED_OR_NO_CANDIDATE,0,5,equal_capital,0.1,False,2194495.7851922023
2024-08-02,现金,0.0,0.0,2905.338,2937.11375,180,2995.501161111111,,,False,,,,False,False,False,MAINLINE_DECLINE,False,0,51,10,False,,,,,,,,3,,,低空经济,1.3753783831908835,1.3753783831908835,3,0,False,0.02,1,CASH,,ENTRY_GATE_CLOSED_OR_NO_CANDIDATE,0,5,equal_capital,0.1,False,2194495.7851922023
2024-08-05,现金,0.0,0.0,2860.698,2934.02615,180,2994.4363,,,False,,,,False,False,False,MAINLINE_DECLINE,False,0,52,11,False,,,,,,,,3,,,低空经济,1.3455508136111556,1.3455508136111556,1,0,False,0.02,1,CASH,,ENTRY_GATE_CLOSED_OR_NO_CANDIDATE,0,5,equal_capital,0.1,False,2194495.7851922023
2024-08-06,现金,0.0,0.0,2867.284,2929.4217500000004,180,2993.402994444444,,,False,,,,False,False,False,MAINLINE_DECLINE,False,0,53,12,False,,,,,,,,3,,,低空经济,1.1958543940874147,1.1958543940874147,7,0,False,0.02,1,CASH,,ENTRY_GATE_CLOSED_OR_NO_CANDIDATE,0,5,equal_capital,0.1,False,2194495.7851922023
2024-08-07,现金,0.0,0.0,2869.834,2925.9452499999998,180,2992.4633499999995,,,False,,,,False,False,False,MAINLINE_DECLINE,False,0,54,13,False,,,,,,,,3,,,低空经济,1.1756918346429792,1.1756918346429792,4,0,False,0.02,1,CASH,,ENTRY_GATE_CLOSED_OR_NO_CANDIDATE,0,5,equal_capital,0.1,False,2194495.7851922023
2024-08-08,现金,0.0,0.0,2869.901,2920.92095,180,2991.4820611111113,,,False,,,,False,False,False,MAINLINE_DECLINE,False,0,55,14,False,,,,,,,,3,,,低空经济,1.1052155625657203,1.1052155625657203,1,0,False,0.02,1,CASH,,ENTRY_GATE_CLOSED_OR_NO_CANDIDATE,0,5,equal_capital,0.1,False,2194495.7851922023
2024-08-09,现金,0.0,0.0,2862.194,2915.4659,180,2990.404972222222,,,False,,,,False,False,False,BROAD_DECLINE_OR_NO_LEADER,False,0,56,15,False,,,,,,,,3,,,,,,0,0,False,0.02,1,CASH,,ENTRY_GATE_CLOSED_OR_NO_CANDIDATE,0,5,equal_capital,0.1,False,2194495.7851922023
2024-08-12,现金,0.0,0.0,2858.205,2909.6756,180,2989.2125833333334,,,False,,,,False,False,False,BROAD_DECLINE_OR_NO_LEADER,False,0,57,16,False,,,,,,,,3,,,,,,0,0,False,0.02,1,CASH,,ENTRY_GATE_CLOSED_OR_NO_CANDIDATE,0,5,equal_capital,0.1,False,2194495.7851922023
2024-08-13,现金,0.0,0.0,2867.946,2904.2576999999997,180,2988.196027777778,,,False,,,,False,False,False,BROAD_DECLINE_OR_NO_LEADER,False,0,58,17,False,,,,,,,,3,,,,,,0,0,False,0.02,1,CASH,,ENTRY_GATE_CLOSED_OR_NO_CANDIDATE,0,5,equal_capital,0.1,False,2194495.7851922023
2024-08-14,现金,0.0,0.0,2850.654,2898.64765,180,2987.0642944444444,,,False,,,,False,False,False,MAINLINE_DECLINE,False,0,59,18,False,,,,,,,,3,,,游戏,1.1001153089601845,1.1001153089601845,1,0,False,0.02,1,CASH,,ENTRY_GATE_CLOSED_OR_NO_CANDIDATE,0,5,equal_capital,0.1,False,2194495.7851922023
2024-08-15,现金,0.0,0.0,2877.358,2893.6589,180,2986.0033999999996,,,False,,,,False,False,False,MAINLINE_DECLINE,False,0,60,19,False,,,,,,,,3,,,游戏,1.1191474966170498,1.1191474966170498,1,0,False,0.02,1,CASH,,ENTRY_GATE_CLOSED_OR_NO_CANDIDATE,0,5,equal_capital,0.1,False,2194495.7851922023
2024-08-16,现金,0.0,0.0,2879.43,2888.5149499999998,180,2984.956161111111,,,False,,,,False,False,False,BROAD_DECLINE_OR_NO_LEADER,False,0,61,20,False,,,,,,,,3,,,,,,0,0,False,0.02,1,CASH,,ENTRY_GATE_CLOSED_OR_NO_CANDIDATE,0,5,equal_capital,0.1,False,2194495.7851922023
2024-08-19,现金,0.0,0.0,2893.674,2884.98785,180,2984.123177777778,,,False,,,,False,False,True,BROAD_DECLINE_OR_NO_LEADER,False,0,62,0,False,,,,,,,,3,,,,,,0,0,False,0.02,1,CASH,,ENTRY_GATE_CLOSED_OR_NO_CANDIDATE,0,5,equal_capital,0.1,False,2194495.7851922023
2024-08-20,现金,0.0,0.0,2866.661,2882.55245,180,2983.038761111111,,,False,,,,False,False,False,BROAD_DECLINE_OR_NO_LEADER,False,0,63,1,False,,,,,,,,3,,,,,,0,0,False,0.02,1,CASH,,ENTRY_GATE_CLOSED_OR_NO_CANDIDATE,0,5,equal_capital,0.1,False,2194495.7851922023
2024-08-21,现金,0.0,0.0,2856.584,2880.2840499999998,180,2982.0143833333336,,,False,,,,False,False,False,BROAD_DECLINE_OR_NO_LEADER,False,0,64,2,False,,,,,,,,3,,,,,,0,0,False,0.02,1,CASH,,ENTRY_GATE_CLOSED_OR_NO_CANDIDATE,0,5,equal_capital,0.1,False,2194495.7851922023
2024-08-22,现金,0.0,0.0,2848.772,2878.38555,180,2980.9981166666666,,,False,,,,False,False,False,BROAD_DECLINE_OR_NO_LEADER,False,0,65,3,False,,,,,,,,3,,,,,,0,0,False,0.02,1,CASH,,ENTRY_GATE_CLOSED_OR_NO_CANDIDATE,0,5,equal_capital,0.1,False,2194495.7851922023
2024-08-23,现金,0.0,0.0,2854.368,2876.5591,180,2979.9748555555557,,,False,,,,False,False,False,BROAD_DECLINE_OR_NO_LEADER,False,0,66,4,False,,,,,,,,3,,,,,,0,0,False,0.02,1,CASH,,ENTRY_GATE_CLOSED_OR_NO_CANDIDATE,0,5,equal_capital,0.1,False,2194495.7851922023
2024-08-26,现金,0.0,0.0,2855.52,2874.7428499999996,180,2979.0517055555556,,,False,,,,False,False,False,BROAD_DECLINE_OR_NO_LEADER,False,0,67,5,False,,,,,,,,3,,,,,,0,0,False,0.02,1,CASH,,ENTRY_GATE_CLOSED_OR_NO_CANDIDATE,0,5,equal_capital,0.1,False,2194495.7851922023
2024-08-27,现金,0.0,0.0,2848.731,2873.2144,180,2978.0464722222223,,,False,,,,False,False,False,BROAD_DECLINE_OR_NO_LEADER,False,0,68,6,False,,,,,,,,3,,,,,,0,0,False,0.02,1,CASH,,ENTRY_GATE_CLOSED_OR_NO_CANDIDATE,0,5,equal_capital,0.1,False,2194495.7851922023
2024-08-28,现金,0.0,0.0,2837.429,2868.1484,180,2976.9675444444442,,,False,,,,False,False,False,BROAD_DECLINE_OR_NO_LEADER,False,0,69,7,False,,,,,,,,3,,,,,,0,0,False,0.02,1,CASH,,ENTRY_GATE_CLOSED_OR_NO_CANDIDATE,0,5,equal_capital,0.1,False,2194495.7851922023
2024-08-29,现金,0.0,0.0,2823.106,2862.68435,180,2975.8575,,,False,,,,False,False,False,BROAD_DECLINE_OR_NO_LEADER,False,0,70,8,False,,,,,,,,3,,,,,,0,0,False,0.02,1,CASH,,ENTRY_GATE_CLOSED_OR_NO_CANDIDATE,0,5,equal_capital,0.1,False,2194495.7851922023
2024-08-30,现金,0.0,0.0,2842.214,2859.52815,180,2975.1348222222223,,,False,,,,False,False,False,BROAD_DECLINE_OR_NO_LEADER,False,0,71,9,False,,,,,,,,3,,,,,,0,0,False,0.02,1,CASH,,ENTRY_GATE_CLOSED_OR_NO_CANDIDATE,0,5,equal_capital,0.1,False,2194495.7851922023
2024-09-02,现金,0.0,0.0,2811.035,2857.0449999999996,180,2974.257611111111,,,False,,,,False,False,False,BROAD_DECLINE_OR_NO_LEADER,False,0,72,10,False,,,,,,,,3,,,,,,0,0,False,0.02,1,CASH,,ENTRY_GATE_CLOSED_OR_NO_CANDIDATE,0,5,equal_capital,0.1,False,2194495.7851922023
2024-09-03,现金,0.0,0.0,2802.979,2853.82975,180,2973.3507944444445,,,False,,,,False,False,False,BROAD_DECLINE_OR_NO_LEADER,False,0,73,11,False,,,,,,,,3,,,,,,0,0,False,0.02,1,CASH,,ENTRY_GATE_CLOSED_OR_NO_CANDIDATE,0,5,equal_capital,0.1,False,2194495.7851922023
2024-09-04,现金,0.0,0.0,2784.278,2849.55195,180,2972.321455555556,,,False,,,,False,False,False,MAINLINE_DECLINE,False,0,74,12,False,,,,,,,,3,,,保险,1.1046075704438265,1.1046075704438265,1,0,False,0.02,1,CASH,,ENTRY_GATE_CLOSED_OR_NO_CANDIDATE,0,5,equal_capital,0.1,False,2194495.7851922023
2024-09-05,现金,0.0,0.0,2788.314,2845.4726,180,2971.1929833333334,,,False,,,,False,False,False,MAINLINE_DECLINE,False,0,75,13,False,,,,,,,,3,,,保险,1.1381660719297542,1.1381660719297542,1,0,False,0.02,1,CASH,,ENTRY_GATE_CLOSED_OR_NO_CANDIDATE,0,5,equal_capital,0.1,False,2194495.7851922023
2024-09-06,现金,0.0,0.0,2765.807,2840.6532500000003,180,2969.8728111111113,,,False,,,,False,False,False,MAINLINE_DECLINE,False,0,76,14,False,,,,,,,,3,,,保险,1.1701690821256039,1.1701690821256039,1,0,False,0.02,1,CASH,,ENTRY_GATE_CLOSED_OR_NO_CANDIDATE,0,5,equal_capital,0.1,False,2194495.7851922023
2024-09-09,现金,0.0,0.0,2736.488,2834.5674,180,2968.5824055555554,,,False,,,,False,False,False,MAINLINE_DECLINE,False,0,77,15,False,,,,,,,,3,,,保险,1.1861309451772963,1.1861309451772963,1,0,False,0.02,1,CASH,,ENTRY_GATE_CLOSED_OR_NO_CANDIDATE,0,5,equal_capital,0.1,False,2194495.7851922023
2024-09-10,现金,0.0,0.0,2744.192,2828.3797000000004,180,2967.3891055555555,,,False,,,,False,False,False,MAINLINE_DECLINE,False,0,78,16,False,,,,,,,,3,,,保险,1.1478494623655913,1.1478494623655913,1,0,False,0.02,1,CASH,,ENTRY_GATE_CLOSED_OR_NO_CANDIDATE,0,5,equal_capital,0.1,False,2194495.7851922023
2024-09-11,现金,0.0,0.0,2721.795,2821.93675,180,2966.16265,,,False,,,,False,False,False,MAINLINE_DECLINE,False,0,79,17,False,,,,,,,,3,,,保险,1.179758491175639,1.179758491175639,1,0,False,0.02,1,CASH,,ENTRY_GATE_CLOSED_OR_NO_CANDIDATE,0,5,equal_capital,0.1,False,2194495.7851922023
2024-09-12,现金,0.0,0.0,2717.123,2813.925,180,2964.9755333333333,,,False,,,,False,False,False,MAINLINE_DECLINE,False,0,80,18,False,,,,,,,,3,,,保险,1.1818289974619287,1.1818289974619287,1,0,False,0.02,1,CASH,,ENTRY_GATE_CLOSED_OR_NO_CANDIDATE,0,5,equal_capital,0.1,False,2194495.7851922023
2024-09-13,现金,0.0,0.0,2704.09,2805.1580000000004,180,2963.7071944444447,,,False,,,,False,False,False,MAINLINE_DECLINE,False,0,81,19,False,,,,,,,,3,,,保险,1.2174171084909393,1.2174171084909393,1,0,False,0.02,1,CASH,,ENTRY_GATE_CLOSED_OR_NO_CANDIDATE,0,5,equal_capital,0.1,False,2194495.7851922023
2024-09-18,现金,0.0,0.0,2717.281,2796.33835,180,2962.680366666667,,,False,,,,False,False,False,MAINLINE_DECLINE,False,0,82,20,False,,,,,,,,3,,,保险,1.181553058288292,1.181553058288292,1,0,False,0.02,1,CASH,,ENTRY_GATE_CLOSED_OR_NO_CANDIDATE,0,5,equal_capital,0.1,False,2194495.7851922023
2024-09-19,现金,0.0,0.0,2736.022,2789.8064000000004,180,2961.665405555556,,,False,,,,False,False,False,MAINLINE_DECLINE,False,0,83,21,False,,,,,,,,3,,,保险,1.174826545411783,1.174826545411783,1,0,False,0.02,1,CASH,,ENTRY_GATE_CLOSED_OR_NO_CANDIDATE,0,5,equal_capital,0.1,False,2194495.7851922023
2024-09-20,现金,0.0,0.0,2736.814,2783.8179,180,2960.6767333333337,,,False,,,,False,False,False,MAINLINE_DECLINE,False,0,84,22,False,,,,,,,,3,,,保险,1.1589656801007557,1.1589656801007557,2,0,False,0.02,1,CASH,,ENTRY_GATE_CLOSED_OR_NO_CANDIDATE,0,5,equal_capital,0.1,False,2194495.7851922023
2024-09-23,现金,0.0,0.0,2748.918,2778.8252,180,2959.7328722222223,,,False,,,,False,False,False,MAINLINE_DECLINE,False,0,85,23,False,,,,,,,,3,,,保险,1.1531153511202594,1.1531153511202594,3,0,False,0.02,1,CASH,,ENTRY_GATE_CLOSED_OR_NO_CANDIDATE,0,5,equal_capital,0.1,False,2194495.7851922023
2024-09-24,现金,0.0,0.0,2863.126,2779.2631,180,2959.5342444444445,,,False,,,,False,False,True,NO_MAINLINE_ROTATION,False,0,86,0,False,,,,,,,,3,,,保险,1.1919366616703178,1.1919366616703178,8,0,False,0.02,1,CASH,,RESEARCH_POLICY_BLOCK_ENTRY_TOP1,0,5,equal_capital,0.1,False,2194495.7851922023
2024-09-25,现金,0.0,0.0,2896.306,2781.3024,180,2959.4325333333336,,,False,,,,False,False,True,NO_MAINLINE_ROTATION,False,0,87,0,False,,,,,,,,3,,,保险,1.2286194900026763,1.2286194900026763,8,0,False,0.02,1,CASH,,RESEARCH_POLICY_BLOCK_ENTRY_TOP1,0,5,equal_capital,0.1,False,2194495.7851922023
2024-09-26,现金,0.0,0.0,3000.953,2788.9135,180,2959.6894722222223,,,False,,,,False,False,True,NO_MAINLINE_ROTATION,False,0,88,0,False,,,,,,,,3,,,保险,1.293308293729879,1.293308293729879,21,0,False,0.02,1,CASH,,RESEARCH_POLICY_BLOCK_ENTRY_TOP1,0,5,equal_capital,0.1,False,2194495.7851922023
2024-09-27,现金,0.0,0.0,3087.529,2801.4184999999998,180,2960.314994444444,,,False,,,,False,False,True,MAINLINE_RISE,True,1,0,0,False,,,,,,,,3,,,保险,1.3531449688197705,1.3531449688197705,36,0,False,0.02,1,CASH,,RESEARCH_POLICY_BLOCK_ENTRY_TOP1,0,5,equal_capital,0.1,False,2194495.7851922023
2024-09-30,现金,0.0,0.0,3336.497,2827.08805,180,2962.3940000000002,,,False,,,,False,False,True,MAINLINE_RISE,True,2,0,0,False,,,,,,,,3,,,保险,1.5034571162212553,1.5034571162212553,54,0,False,0.02,1,CASH,,RESEARCH_POLICY_BLOCK_ENTRY_TOP1,0,5,equal_capital,0.1,False,2194495.7851922023
2024-10-08,现金,0.0,0.0,3489.775,2859.4661,180,2965.296933333333,,,False,,,,False,False,True,MAINLINE_RISE,True,3,0,0,False,,,,,,,,3,,,机器人,1.6767164029713093,1.6767164029713093,55,0,False,0.02,1,CASH,,RESEARCH_POLICY_BLOCK_ENTRY_TOP1,0,5,equal_capital,0.1,False,2194495.7851922023
2024-10-09,现金,0.0,0.0,3258.858,2881.85725,180,2966.98865,,,False,,,,False,False,True,MAINLINE_RISE,True,4,0,0,False,,,,,,,,3,,,智能驾驶,1.641664145234493,1.641664145234493,49,0,False,0.02,1,CASH,,RESEARCH_POLICY_BLOCK_ENTRY_TOP1,0,5,equal_capital,0.1,False,2194495.7851922023
2024-10-10,现金,0.0,0.0,3301.926,2906.8046,180,2969.059444444444,,,False,,,,False,False,True,MAINLINE_RISE,True,5,0,0,False,,,,,,,,3,,,大数据,1.5722969401538733,1.5722969401538733,51,0,False,0.02,1,CASH,,RESEARCH_POLICY_BLOCK_ENTRY_TOP1,0,5,equal_capital,0.1,False,2194495.7851922023
2024-10-11,现金,0.0,0.0,3217.738,2928.4775999999997,180,2970.8938888888883,,,False,,,,False,False,True,MAINLINE_RISE,True,6,0,0,False,,,,,,,,3,,,CPO,1.5171153864717979,1.5171153864717979,51,0,False,0.02,1,CASH,,RESEARCH_POLICY_BLOCK_ENTRY_TOP1,0,5,equal_capital,0.1,False,2194495.7851922023
2024-10-14,现金,0.0,0.0,3284.323,2953.27805,180,2973.0665111111116,,,False,,,,False,False,True,MAINLINE_RISE,True,7,0,0,False,,,,,,,,3,,,大数据,1.5761683069126056,1.5761683069126056,53,0,False,0.02,1,CASH,,RESEARCH_POLICY_BLOCK_ENTRY_TOP1,0,5,equal_capital,0.1,False,2194495.7851922023
2024-10-15,现金,0.0,0.0,3201.292,2975.0523000000003,180,2974.864233333333,,,False,,,,False,False,True,MAINLINE_RISE,True,8,0,0,False,,,,,,,,3,,,大数据,1.6319492261174147,1.6319492261174147,45,0,False,0.02,1,CASH,,RESEARCH_POLICY_BLOCK_ENTRY_TOP1,0,5,equal_capital,0.1,False,2194495.7851922023
2024-10-16,现金,0.0,0.0,3202.948,2998.3753,180,2976.6214444444445,,,False,,,,False,False,True,MAINLINE_RISE,True,9,0,0,False,,,,,,,,3,,,大数据,1.6733057038075076,1.6733057038075076,23,0,False,0.02,1,BUY,大数据,ENTRY_TOP1,0,5,equal_capital,0.1,False,2194495.7851922023
2024-10-17,大数据,1.0,1.0,3169.384,3019.6349,180,2978.21815,,,False,,,,False,False,True,MAINLINE_RISE,True,10,0,0,False,109.114,86.8998,103.2586,-0.02786835587391534,109.114,0.0,2194495.7851922023,3,1.6005691486240687,1.6005691486240687,大数据,1.6005691486240687,1.6005691486240687,4,0,False,0.02,0,HOLD,大数据,NO_STRONGER_QUALIFIED_SECTOR,0,5,equal_capital,0.1,False,2229809.348450175
2024-10-18,大数据,1.0,1.0,3261.563,3046.6233,180,2980.3029944444443,,,False,,,,False,False,True,MAINLINE_RISE,True,11,0,0,False,111.30199999999999,89.0977,106.26379999999999,0.020052422237293088,111.30199999999999,0.0,2194495.7851922023,3,1.6527381800902827,1.6527381800902827,大数据,1.6527381800902827,1.6527381800902827,8,0,False,0.02,0,HOLD,大数据,NO_STRONGER_QUALIFIED_SECTOR,0,5,equal_capital,0.1,False,2271932.873924932
2024-10-21,大数据,1.0,1.0,3268.11,3074.17265,180,2982.381444444444,,,False,,,,False,False,True,MAINLINE_RISE,True,12,0,0,False,116.822,91.50460000000001,108.532,0.04959479614023121,116.822,0.0,2194495.7851922023,3,1.7008619183507077,1.7008619183507077,大数据,1.7008619183507077,1.7008619183507077,8,0,False,0.02,0,HOLD,大数据,NO_STRONGER_QUALIFIED_SECTOR,0,5,equal_capital,0.1,False,2377134.3188029006
2024-10-22,大数据,1.0,1.0,3285.867,3103.2614999999996,180,2984.8939555555557,,,False,,,,False,False,True,MAINLINE_RISE,True,13,0,0,False,109.602,93.61510000000001,108.6348,-0.061803427436612934,116.822,-0.061803427436612934,2194495.7851922023,3,1.62633547008547,1.62633547008547,大数据,1.62633547008547,1.62633547008547,29,0,False,0.02,0,HOLD,大数据,NO_STRONGER_QUALIFIED_SECTOR,0,5,equal_capital,0.1,False,2254849.1198692783
2024-10-23,大数据,1.0,1.0,3302.803,3132.5376,180,2987.43295,,,False,,,,False,False,True,MAINLINE_RISE,True,14,0,0,False,108.452,95.7397,108.95419999999999,-0.010492509260779936,116.822,-0.07164746366266628,2194495.7851922023,3,1.6442086112795635,1.6442086112795635,大数据,1.6442086112795635,1.6442086112795635,35,0,False,0.02,0,HOLD,大数据,NO_STRONGER_QUALIFIED_SECTOR,1,5,equal_capital,0.1,False,2240265.6070129783
2024-10-24,大数据,1.0,1.0,3280.263,3159.7496499999997,180,2989.9217500000004,,,False,,,,False,False,True,MAINLINE_RISE,True,15,0,0,False,109.112,97.7235,109.1568,0.006085641574152589,116.822,-0.06599784287206178,2194495.7851922023,3,1.571403882712138,1.571403882712138,低空经济,1.6507626887215696,1.6507626887215696,47,0,False,0.02,1,HOLD,大数据,SWITCH_CONFIRM_1_OF_2,2,5,equal_capital,0.1,False,2252829.6253956235
2024-10-25,大数据,1.0,1.0,3299.7,3187.89395,180,2992.940416666667,,,False,,,,False,False,True,MAINLINE_RISE,True,16,0,0,False,111.556,99.7354,110.421,0.02239900285944718,116.822,-0.04507712588382329,2194495.7851922023,3,1.5642053899436323,1.5642053899436323,低空经济,1.8199752652996088,1.8199752652996088,42,0,False,0.02,0,SWITCH,低空经济,STRONGER_RS20_MARGIN_2%,0,5,equal_capital,0.1,False,2296713.917887208
2024-10-28,低空经济,1.0,1.0,3322.198,3216.55795,180,2996.002761111111,,,False,,,,False,False,True,MAINLINE_RISE,True,17,0,0,False,198.112,135.0369,152.3704,0.08567608150023553,198.112,0.0,2194495.7851922023,3,2.013251493841714,2.013251493841714,低空经济,2.013251493841714,2.013251493841714,40,0,False,0.02,0,HOLD,低空经济,NO_STRONGER_QUALIFIED_SECTOR,0,5,equal_capital,0.1,False,2346375.7432549084
2024-10-29,低空经济,1.0,1.0,3286.407,3237.7219999999998,180,2998.5896222222223,,,False,,,,False,False,True,MAINLINE_RISE,True,18,0,0,False,207.446,140.1944,160.9534,0.047114763366176815,207.446,0.0,2194495.7851922023,3,1.9890120426478484,1.9890120426478484,低空经济,1.9890120426478484,1.9890120426478484,36,0,False,0.02,0,HOLD,低空经济,NO_STRONGER_QUALIFIED_SECTOR,0,5,equal_capital,0.1,False,2362035.3078065263
2024-10-30,低空经济,1.0,1.0,3266.238,3256.2186,180,3000.5903388888887,,,False,,,,False,False,True,MAINLINE_RISE,True,19,0,0,False,225.42400000000006,146.26889999999997,171.4142,0.08666351725268284,225.42400000000006,0.0,2194495.7851922023,3,2.1689148882944953,2.1689148882944953,低空经济,2.1689148882944953,2.1689148882944953,26,0,False,0.02,0,HOLD,低空经济,NO_STRONGER_QUALIFIED_SECTOR,0,5,equal_capital,0.1,False,2495660.5395318614
2024-10-31,低空经济,1.0,1.0,3279.824,3270.1621499999997,180,3002.6436777777776,,,False,,,,False,False,True,MAINLINE_RISE,True,20,0,0,False,235.57799999999997,152.7097,182.301,0.04504400596209779,235.57799999999997,0.0,2194495.7851922023,3,2.2065716266087185,2.2065716266087185,低空经济,2.2065716266087185,2.2065716266087185,21,0,False,0.02,0,HOLD,低空经济,NO_STRONGER_QUALIFIED_SECTOR,0,5,equal_capital,0.1,False,2593364.4171213554
2024-11-01,低空经济,1.0,1.0,3272.014,3279.3864000000003,180,3004.802888888889,,,False,,,,False,False,False,MAINLINE_DECLINE,False,0,1,1,False,216.23600000000002,157.81810000000002,190.2454,-0.08210444099194303,235.57799999999997,-0.08210444099194303,2194495.7851922023,3,1.8956762632815518,1.8956762632815518,低空经济,1.8956762632815518,1.8956762632815518,12,0,False,0.02,0,HOLD,低空经济,NO_STRONGER_QUALIFIED_SECTOR,0,5,equal_capital,0.1,False,2510357.4946610914
2024-11-04,低空经济,1.0,1.0,3310.207,3278.0719,180,3007.4677777777783,,,False,,,,False,False,True,MAINLINE_RISE,True,1,0,0,False,201.952,161.721,195.71620000000001,-0.06605745574279964,235.57799999999997,-0.14273828625763008,2194495.7851922023,3,1.6300385813679434,1.6300385813679434,低空经济,1.6300385813679434,1.6300385813679434,7,0,False,0.02,0,HOLD,低空经济,NO_STRONGER_QUALIFIED_SECTOR,0,5,equal_capital,0.1,False,2562608.4252093914
2024-11-05,低空经济,1.0,1.0,3386.987,3272.9325,180,3010.7924388888887,,,False,,,,False,False,True,MAINLINE_RISE,True,2,0,0,False,209.95,165.4477,200.9296,0.03960347013151644,235.57799999999997,-0.10878774758254162,2194495.7851922023,3,1.5504076327760383,1.5504076327760383,低空经济,1.5504076327760383,1.5504076327760383,4,0,False,0.02,0,HOLD,低空经济,NO_STRONGER_QUALIFIED_SECTOR,0,5,equal_capital,0.1,False,2654662.7897652667
2024-11-06,低空经济,1.0,1.0,3383.806,3279.1799,180,3014.198361111111,,,False,,,,False,False,True,MAINLINE_RISE,True,3,0,0,False,210.852,169.64960000000002,205.72840000000002,0.004296261014527403,235.57799999999997,-0.10495886712681135,2194495.7851922023,3,1.6626870850221585,1.6626870850221585,低空经济,1.6626870850221585,1.6626870850221585,12,0,False,0.02,0,HOLD,低空经济,NO_STRONGER_QUALIFIED_SECTOR,0,5,equal_capital,0.1,False,2655855.463808609
2024-11-07,低空经济,1.0,1.0,3470.661,3287.61665,180,3018.3123,,,False,,,,False,False,True,MAINLINE_RISE,True,4,0,0,False,193.008,173.0897,208.1036,-0.0846280803596835,235.57799999999997,-0.18070448004482575,2194495.7851922023,3,1.553934592531762,1.553934592531762,稀土永磁,1.2981484632399576,1.2981484632399576,17,0,False,0.02,0,HOLD,低空经济,NO_STRONGER_QUALIFIED_SECTOR,1,5,equal_capital,0.1,False,2528956.993686272
2024-11-08,低空经济,1.0,1.0,3452.297,3299.3446000000004,180,3022.479588888889,,,False,,,,False,False,True,MAINLINE_RISE,True,5,0,0,False,198.74200000000002,177.24020000000002,209.73000000000002,0.029708613114482363,235.57799999999997,-0.1563643464160489,2194495.7851922023,3,1.7172605675180592,1.7172605675180592,国产算力,1.4261053056918052,1.4261053056918052,28,0,False,0.02,0,HOLD,低空经济,NO_STRONGER_QUALIFIED_SECTOR,2,5,equal_capital,0.1,False,2594753.2051536357
2024-11-11,低空经济,1.0,1.0,3470.066,3308.6317499999996,180,3026.260588888889,,,False,,,,False,False,True,MAINLINE_RISE,True,6,0,0,False,205.07,181.3981,210.42579999999998,0.0318402753318372,235.57799999999997,-0.12950275492618146,2194495.7851922023,3,1.6821149681737646,1.6821149681737646,国产算力,1.4954729633796047,1.4954729633796047,25,0,False,0.02,0,HOLD,低空经济,NO_STRONGER_QUALIFIED_SECTOR,3,5,equal_capital,0.1,False,2654694.100745111
2024-11-12,低空经济,1.0,1.0,3421.97,3319.66565,180,3029.5510000000004,,,False,,,,False,False,True,MAINLINE_RISE,True,7,0,0,False,200.75600000000003,185.3551,209.75680000000003,-0.021036719169064022,235.57799999999997,-0.14781516100824332,2194495.7851922023,3,1.6507367451651103,1.6507367451651103,国产算力,1.484467109062578,1.484467109062578,26,0,False,0.02,0,HOLD,低空经济,NO_STRONGER_QUALIFIED_SECTOR,4,5,equal_capital,0.1,False,2577950.0060867732
2024-11-13,低空经济,1.0,1.0,3439.278,3331.48215,180,3032.736416666666,,,False,,,,False,False,True,MAINLINE_RISE,True,8,0,0,False,206.66199999999998,189.6474,207.88060000000002,0.02941879694753813,235.57799999999997,-0.12274490826817441,2194495.7851922023,3,1.7105515825718445,1.7105515825718445,国产算力,1.5436899702151872,1.5436899702151872,27,0,False,0.02,0,HOLD,低空经济,NO_STRONGER_QUALIFIED_SECTOR,5,5,equal_capital,0.1,False,2595509.489048654
2024-11-14,低空经济,1.0,1.0,3379.839,3342.0049,180,3035.343611111111,,,False,,,,False,False,True,MAINLINE_RISE,True,9,0,0,False,195.17000000000002,193.0704,203.83980000000003,-0.055607707270809215,235.57799999999997,-0.17152705261102463,2194495.7851922023,3,1.5402888485518111,1.5402888485518111,国产算力,1.3778140964585677,1.3778140964585677,21,0,False,0.02,0,HOLD,低空经济,NO_STRONGER_QUALIFIED_SECTOR,6,5,equal_capital,0.1,False,2497707.2193196565
2024-11-15,低空经济,1.0,1.0,3330.726,3345.46305,180,3037.610255555556,,,False,,,,False,False,False,MAINLINE_DECLINE,False,0,1,1,False,178.62,195.1618,200.0782,-0.08479786852487581,235.57799999999997,-0.24177979268013128,2194495.7851922023,3,1.3057781156792798,1.3057781156792798,国产算力,1.26169530117988,1.26169530117988,8,0,False,0.02,0,SELL,,DOUBLE_MA20_BREAK,7,5,equal_capital,0.1,False,2378334.29292466
2024-11-18,现金,0.0,0.0,3323.849,3348.25,180,3039.681883333333,,,False,,,,False,False,False,MAINLINE_DECLINE,False,0,2,2,False,,,,,,,,0,,,国产算力,1.210784463682992,1.210784463682992,2,0,False,0.02,0,CASH,,ENTRY_GATE_CLOSED_OR_NO_CANDIDATE,0,5,equal_capital,0.1,False,2379604.5376217975
2024-11-19,现金,0.0,0.0,3346.01,3351.25715,180,3041.668838888889,,,False,,,,False,False,False,BROAD_DECLINE_OR_NO_LEADER,False,0,3,3,False,,,,,,,,0,,,,,,0,0,False,0.02,0,CASH,,ENTRY_GATE_CLOSED_OR_NO_CANDIDATE,0,5,equal_capital,0.1,False,2379604.5376217975
2024-11-20,现金,0.0,0.0,3367.989,3354.51645,180,3043.686105555556,,,False,,,,False,False,True,BROAD_DECLINE_OR_NO_LEADER,False,0,4,0,False,,,,,,,,0,,,,,,0,0,False,0.02,0,CASH,,ENTRY_GATE_CLOSED_OR_NO_CANDIDATE,0,5,equal_capital,0.1,False,2379604.5376217975
2024-11-21,现金,0.0,0.0,3370.404,3359.0235000000002,180,3045.8715611111115,,,False,,,,False,False,True,BROAD_DECLINE_OR_NO_LEADER,False,0,5,0,False,,,,,,,,0,,,,,,0,0,False,0.02,0,CASH,,ENTRY_GATE_CLOSED_OR_NO_CANDIDATE,0,5,equal_capital,0.1,False,2379604.5376217975
2024-11-22,现金,0.0,0.0,3267.192,3357.3981,180,3047.269955555556,,,False,,,,False,False,False,BROAD_DECLINE_OR_NO_LEADER,False,0,6,1,False,,,,,,,,0,,,,,,0,0,False,0.02,0,CASH,,ENTRY_GATE_CLOSED_OR_NO_CANDIDATE,0,5,equal_capital,0.1,False,2379604.5376217975
2024-11-25,现金,0.0,0.0,3263.76,3354.4762,180,3048.9694444444444,,,False,,,,False,False,False,MAINLINE_DECLINE,False,0,7,2,False,,,,,,,,0,,,液冷,1.1291706276519278,1.1291706276519278,1,0,False,0.02,0,CASH,,ENTRY_GATE_CLOSED_OR_NO_CANDIDATE,0,5,equal_capital,0.1,False,2379604.5376217975
2024-11-26,现金,0.0,0.0,3259.757,3353.1436999999996,180,3050.3282555555556,,,False,,,,False,False,False,BROAD_DECLINE_OR_NO_LEADER,False,0,8,3,False,,,,,,,,0,,,,,,0,0,False,0.02,0,CASH,,ENTRY_GATE_CLOSED_OR_NO_CANDIDATE,0,5,equal_capital,0.1,False,2379604.5376217975
2024-11-27,现金,0.0,0.0,3309.779,3355.3207500000003,180,3051.899138888889,,,False,,,,False,False,False,MAINLINE_DECLINE,False,0,9,4,False,,,,,,,,0,,,液冷,1.1569947119016553,1.1569947119016553,2,0,False,0.02,0,CASH,,ENTRY_GATE_CLOSED_OR_NO_CANDIDATE,0,5,equal_capital,0.1,False,2379604.5376217975
2024-11-28,现金,0.0,0.0,3295.698,3356.11445,180,3053.323538888889,,,False,,,,False,False,False,MAINLINE_DECLINE,False,0,10,5,False,,,,,,,,0,,,液冷,1.1475712899200445,1.1475712899200445,1,0,False,0.02,0,CASH,,ENTRY_GATE_CLOSED_OR_NO_CANDIDATE,0,5,equal_capital,0.1,False,2379604.5376217975
2024-11-29,现金,0.0,0.0,3326.456,3358.83655,180,3054.871666666667,,,False,,,,False,False,False,MAINLINE_DECLINE,False,0,11,6,False,,,,,,,,0,,,液冷,1.2210217775732175,1.2210217775732175,2,0,False,0.02,0,CASH,,ENTRY_GATE_CLOSED_OR_NO_CANDIDATE,0,5,equal_capital,0.1,False,2379604.5376217975
2024-12-02,现金,0.0,0.0,3363.982,3361.5253,180,3056.67195,,,False,,,,False,False,True,MAINLINE_RISE,True,1,0,0,False,,,,,,,,0,,,液冷,1.1801816680429398,1.1801816680429398,3,0,False,0.02,0,BUY,液冷,ENTRY_TOP1,0,5,equal_capital,0.1,False,2379604.5376217975
2024-12-03,液冷,1.0,1.0,3378.806,3361.11625,180,3058.6242,,,False,,,,False,False,True,MAINLINE_RISE,True,2,0,0,False,98.558,96.5205,99.2182,-0.01485346447563074,98.558,0.0,2379604.5376217975,0,1.1064981138853962,1.1064981138853962,液冷,1.1064981138853962,1.1064981138853962,1,0,False,0.02,0,HOLD,液冷,NO_STRONGER_QUALIFIED_SECTOR,1,5,equal_capital,0.1,False,2392660.895833889
2024-12-04,液冷,1.0,1.0,3364.65,3360.15845,180,3060.394372222222,,,False,,,,False,False,True,MAINLINE_RISE,True,3,0,0,False,98.416,97.0244,99.23120000000002,-0.001440775989772658,98.558,-0.001440775989772658,2379604.5376217975,0,1.1140845389300187,1.1140845389300187,液冷,1.1140845389300187,1.1140845389300187,1,0,False,0.02,0,HOLD,液冷,NO_STRONGER_QUALIFIED_SECTOR,2,5,equal_capital,0.1,False,2359478.091175856
2024-12-05,液冷,1.0,1.0,3368.855,3355.06815,180,3062.063261111111,,,False,,,,False,False,True,BROAD_DECLINE_OR_NO_LEADER,False,0,1,0,False,98.81800000000001,97.381,99.09920000000001,0.004084701674524682,98.81800000000001,0.0,2379604.5376217975,0,1.0777872303296034,1.0777872303296034,,,,0,0,False,0.02,0,HOLD,液冷,NO_STRONGER_QUALIFIED_SECTOR,3,5,equal_capital,0.1,False,2392763.284337901
2024-12-06,液冷,1.0,1.0,3404.076,3352.6571000000004,180,3063.9973777777773,,,False,,,,False,False,True,NO_MAINLINE_ROTATION,False,0,2,0,False,98.17,97.5284,98.72380000000001,-0.0065575097654274606,98.81800000000001,-0.0065575097654274606,2379604.5376217975,0,1.0309592321102268,1.0309592321102268,AIGC,1.128990266560161,1.128990266560161,1,0,False,0.02,1,HOLD,液冷,SWITCH_CONFIRM_1_OF_2,4,5,equal_capital,0.1,False,2381259.8769954685
2024-12-09,液冷,1.0,1.0,3402.534,3349.2805,180,3065.9901500000005,,,False,,,,False,False,True,BROAD_DECLINE_OR_NO_LEADER,False,0,3,0,False,96.43799999999999,97.3255,98.6276,-0.017642864418865423,98.81800000000001,-0.024084680928575963,2379604.5376217975,0,0.9596202833943639,0.9596202833943639,,,,0,0,False,0.02,0,HOLD,液冷,NO_STRONGER_QUALIFIED_SECTOR,5,5,equal_capital,0.1,False,2384396.4576864233
2024-12-10,液冷,1.0,1.0,3422.661,3349.31505,180,3068.1258555555555,,,False,,,,False,False,True,NO_MAINLINE_ROTATION,False,0,4,0,False,94.86399999999999,97.1331,98.65200000000002,-0.016321367095957995,98.81800000000001,-0.040012953105709737,2379604.5376217975,0,0.961017910689683,0.961017910689683,AIGC,1.1645139803941442,1.1645139803941442,1,0,False,0.02,1,HOLD,液冷,SWITCH_CONFIRM_1_OF_2,6,5,equal_capital,0.1,False,2384968.130079242
2024-12-11,液冷,1.0,1.0,3432.49,3348.9756500000003,180,3070.2250444444444,,,False,,,,False,False,True,BROAD_DECLINE_OR_NO_LEADER,False,0,5,0,False,96.83,97.03729999999999,98.2268,0.020724405464665363,98.81800000000001,-0.020117792305045734,2379604.5376217975,0,0.9805966823972617,0.9805966823972617,,,,0,0,False,0.02,0,HOLD,液冷,NO_STRONGER_QUALIFIED_SECTOR,7,5,equal_capital,0.1,False,2491039.536094745
2024-12-12,液冷,1.0,1.0,3461.5,3353.0587,180,3072.3171222222227,,,False,,,,False,False,True,NO_MAINLINE_ROTATION,False,0,6,0,False,98.58200000000001,97.2686,98.15299999999999,0.0180935660435817,98.81800000000001,-0.0023882288651865258,2379604.5376217975,0,1.0492358125079826,1.0492358125079826,纺织服饰,1.1455000963576796,1.1455000963576796,2,0,False,0.02,1,HOLD,液冷,SWITCH_CONFIRM_1_OF_2,0,5,equal_capital,0.1,False,2498224.1564072752
2024-12-13,液冷,1.0,1.0,3391.878,3356.1163,180,3074.145577777778,,,False,,,,False,False,True,MAINLINE_RISE,True,1,0,0,False,98.814,97.6833,97.9534,0.0023533707979142005,98.81800000000001,-4.0478455342385367e-05,2379604.5376217975,0,1.0916261599646486,1.0916261599646486,商贸零售,1.1336355845520139,1.1336355845520139,2,0,False,0.02,1,HOLD,液冷,SWITCH_CONFIRM_1_OF_2,0,5,equal_capital,0.1,False,2553583.5493020066
2024-12-16,液冷,1.0,1.0,3386.331,3359.2404,180,3075.8491611111112,,,False,,,,False,False,True,MAINLINE_RISE,True,2,0,0,False,97.52000000000001,98.11580000000001,97.701,-0.013095310381119885,98.81800000000001,-0.013135258758525836,2379604.5376217975,0,1.0973331833014517,1.0973331833014517,商贸零售,1.157428366366698,1.157428366366698,4,0,False,0.02,0,SWITCH,商贸零售,STRONGER_RS20_MARGIN_2%,1,5,equal_capital,0.1,False,2489200.339716624
2024-12-17,商贸零售,1.0,1.0,3361.485,3360.01415,180,3077.4290055555557,,,False,,,,False,False,True,MAINLINE_RISE,True,3,0,0,False,80.082,75.9863,78.8586,-0.04502850056047136,80.082,0.0,2379604.5376217975,0,1.0979763079960512,1.0979763079960512,纺织服饰,1.155888008253998,1.155888008253998,2,0,False,0.02,1,HOLD,商贸零售,SWITCH_CONFIRM_1_OF_2,0,5,equal_capital,0.1,False,2325190.8780742176
2024-12-18,商贸零售,1.0,1.0,3382.208,3360.7251000000006,180,3079.285527777778,,,False,,,,False,False,True,MAINLINE_RISE,True,4,0,0,False,79.712,76.3071,79.38199999999999,-0.00462026422916495,80.082,-0.00462026422916495,2379604.5376217975,0,1.0875354726042348,1.0875354726042348,纺织服饰,1.1020676485780025,1.1020676485780025,1,0,False,0.02,0,HOLD,商贸零售,NO_STRONGER_QUALIFIED_SECTOR,0,5,equal_capital,0.1,False,2331354.0623611184
2024-12-19,商贸零售,1.0,1.0,3370.033,3360.70655,180,3081.195122222223,,,False,,,,False,False,True,MAINLINE_RISE,True,5,0,0,False,78.372,76.5731,79.74600000000001,-0.016810517864311536,80.082,-0.02135311305911436,2379604.5376217975,0,1.0728248371023381,1.0728248371023381,PCB,1.1230251449740318,1.1230251449740318,2,0,False,0.02,1,HOLD,商贸零售,SWITCH_CONFIRM_1_OF_2,1,5,equal_capital,0.1,False,2277039.5639598113
2024-12-20,商贸零售,1.0,1.0,3368.069,3365.7504,180,3083.0650555555553,,,False,,,,False,False,True,MAINLINE_RISE,True,6,0,0,False,78.06800000000001,76.9635,79.9354,-0.0038789363548203948,80.082,-0.02514922204740122,2379604.5376217975,0,1.1111300882436668,1.1111300882436668,存储,1.1977759527248357,1.1977759527248357,7,0,False,0.02,1,HOLD,商贸零售,SWITCH_CONFIRM_1_OF_2,2,5,equal_capital,0.1,False,2268968.6750926874
2024-12-23,商贸零售,1.0,1.0,3351.257,3370.12525,180,3085.0546000000004,,,False,,,,False,False,False,MAINLINE_DECLINE,False,0,1,1,False,76.306,77.21860000000001,80.0246,-0.02257006712097165,80.082,-0.04715166953872274,2379604.5376217975,0,1.0716532779057357,1.0716532779057357,存储,1.1753449721735154,1.1753449721735154,6,0,False,0.02,1,SELL,,DOUBLE_MA20_BREAK,3,5,equal_capital,0.1,False,2199683.120341314
2024-12-24,现金,0.0,0.0,3393.528,3376.8138,180,3087.1816222222224,,,False,,,,False,False,True,MAINLINE_RISE,True,1,0,0,False,,,,,,,,1,,,存储,1.1982757790300054,1.1982757790300054,7,0,False,0.02,1,CASH,,ENTRY_GATE_CLOSED_OR_NO_CANDIDATE,0,5,equal_capital,0.1,False,2197944.0518521904
2024-12-25,现金,0.0,0.0,3393.35,3380.9923500000004,180,3089.1381944444443,,,False,,,,False,False,True,MAINLINE_RISE,True,2,0,0,False,,,,,,,,1,,,存储,1.159918211917424,1.159918211917424,2,0,False,0.02,1,CASH,,ENTRY_GATE_CLOSED_OR_NO_CANDIDATE,0,5,equal_capital,0.1,False,2197944.0518521904
2024-12-26,现金,0.0,0.0,3398.077,3386.1112999999996,180,3090.9198499999998,,,False,,,,False,False,True,MAINLINE_RISE,True,3,0,0,False,,,,,,,,1,,,PCB,1.2451807685505674,1.2451807685505674,6,0,False,0.02,1,CASH,,ENTRY_GATE_CLOSED_OR_NO_CANDIDATE,0,5,equal_capital,0.1,False,2197944.0518521904
2024-12-27,现金,0.0,0.0,3400.142,3389.7956,180,3092.7264222222225,,,False,,,,False,False,True,MAINLINE_RISE,True,4,0,0,False,,,,,,,,1,,,PCB,1.2000491491061003,1.2000491491061003,5,0,False,0.02,1,CASH,,ENTRY_GATE_CLOSED_OR_NO_CANDIDATE,0,5,equal_capital,0.1,False,2197944.0518521904
2024-12-30,现金,0.0,0.0,3407.326,3391.9628,180,3094.6043666666665,,,False,,,,False,False,True,MAINLINE_RISE,True,5,0,0,False,,,,,,,,1,,,存储,1.1647387939522769,1.1647387939522769,4,0,False,0.02,1,CASH,,ENTRY_GATE_CLOSED_OR_NO_CANDIDATE,0,5,equal_capital,0.1,False,2197944.0518521904
2024-12-31,现金,0.0,0.0,3351.763,3390.61065,180,3096.2972000000004,,,False,,,,False,False,False,MAINLINE_DECLINE,False,0,1,1,False,,,,,,,,1,,,液冷,1.14578217902149,1.14578217902149,3,0,False,0.02,1,CASH,,ENTRY_GATE_CLOSED_OR_NO_CANDIDATE,0,5,equal_capital,0.1,False,2197944.0518521904
2025-01-02,现金,0.0,0.0,3262.561,3385.5062,180,3097.4862222222223,,,False,,,,False,False,False,MAINLINE_DECLINE,False,0,2,2,False,,,,,,,,1,,,液冷,1.1106527393919687,1.1106527393919687,1,0,False,0.02,1,CASH,,ENTRY_GATE_CLOSED_OR_NO_CANDIDATE,0,5,equal_capital,0.1,False,2197944.0518521904
2025-01-03,现金,0.0,0.0,3211.43,3377.6349500000006,180,3098.5089722222224,,,False,,,,False,False,False,BROAD_DECLINE_OR_NO_LEADER,False,0,3,3,False,,,,,,,,1,,,,,,0,0,False,0.02,1,CASH,,ENTRY_GATE_CLOSED_OR_NO_CANDIDATE,0,5,equal_capital,0.1,False,2197944.0518521904
2025-01-06,现金,0.0,0.0,3206.923,3367.7773,180,3099.4682888888888,,,False,,,,False,False,False,BROAD_DECLINE_OR_NO_LEADER,False,0,4,4,False,,,,,,,,1,,,,,,0,0,False,0.02,1,CASH,,ENTRY_GATE_CLOSED_OR_NO_CANDIDATE,0,5,equal_capital,0.1,False,2197944.0518521904
2025-01-07,现金,0.0,0.0,3229.644,3359.1328000000003,180,3100.6359,,,False,,,,False,False,False,BROAD_DECLINE_OR_NO_LEADER,False,0,5,5,False,,,,,,,,1,,,,,,0,0,False,0.02,1,CASH,,ENTRY_GATE_CLOSED_OR_NO_CANDIDATE,0,5,equal_capital,0.1,False,2197944.0518521904
2025-01-08,现金,0.0,0.0,3230.168,3349.50815,180,3101.5958444444445,,,False,,,,False,False,False,BROAD_DECLINE_OR_NO_LEADER,False,0,6,6,False,,,,,,,,1,,,,,,0,0,False,0.02,1,CASH,,ENTRY_GATE_CLOSED_OR_NO_CANDIDATE,0,5,equal_capital,0.1,False,2197944.0518521904
2025-01-09,现金,0.0,0.0,3211.393,3338.4532999999997,180,3102.730983333333,,,False,,,,False,False,False,BROAD_DECLINE_OR_NO_LEADER,False,0,7,7,False,,,,,,,,1,,,,,,0,0,False,0.02,1,CASH,,ENTRY_GATE_CLOSED_OR_NO_CANDIDATE,0,5,equal_capital,0.1,False,2197944.0518521904
2025-01-10,现金,0.0,0.0,3168.524,3323.8044999999997,180,3103.2706666666663,,,False,,,,False,False,False,MAINLINE_DECLINE,False,0,8,8,False,,,,,,,,1,,,PCB,1.1423444000326288,1.1423444000326288,1,0,False,0.02,1,CASH,,ENTRY_GATE_CLOSED_OR_NO_CANDIDATE,0,5,equal_capital,0.1,False,2197944.0518521904
2025-01-13,现金,0.0,0.0,3160.755,3312.2483500000003,180,3103.751388888889,,,False,,,,False,False,False,MAINLINE_DECLINE,False,0,9,9,False,,,,,,,,1,,,PCB,1.1136382316679387,1.1136382316679387,1,0,False,0.02,1,CASH,,ENTRY_GATE_CLOSED_OR_NO_CANDIDATE,0,5,equal_capital,0.1,False,2197944.0518521904
2025-01-14,现金,0.0,0.0,3240.94,3304.9788,180,3104.7273833333334,,,False,,,,False,False,False,MAINLINE_DECLINE,False,0,10,10,False,,,,,,,,1,,,液冷,1.1667145200984412,1.1667145200984412,2,0,False,0.02,1,CASH,,ENTRY_GATE_CLOSED_OR_NO_CANDIDATE,0,5,equal_capital,0.1,False,2197944.0518521904
2025-01-15,现金,0.0,0.0,3227.117,3298.2604,180,3105.7413944444443,,,False,,,,False,False,False,MAINLINE_DECLINE,False,0,11,11,False,,,,,,,,1,,,液冷,1.1911360906126653,1.1911360906126653,1,0,False,0.02,1,CASH,,ENTRY_GATE_CLOSED_OR_NO_CANDIDATE,0,5,equal_capital,0.1,False,2197944.0518521904
2025-01-16,现金,0.0,0.0,3236.032,3290.9516000000003,180,3106.9305833333333,,,False,,,,False,False,False,BROAD_DECLINE_OR_NO_LEADER,False,0,12,12,False,,,,,,,,1,,,,,,0,0,False,0.02,1,CASH,,ENTRY_GATE_CLOSED_OR_NO_CANDIDATE,0,5,equal_capital,0.1,False,2197944.0518521904
2025-01-17,现金,0.0,0.0,3241.821,3284.541,180,3108.025022222222,,,False,,,,False,False,False,BROAD_DECLINE_OR_NO_LEADER,False,0,13,13,False,,,,,,,,1,,,,,,0,0,False,0.02,1,CASH,,ENTRY_GATE_CLOSED_OR_NO_CANDIDATE,0,5,equal_capital,0.1,False,2197944.0518521904
2025-01-20,现金,0.0,0.0,3244.378,3278.35645,180,3109.088788888889,,,False,,,,False,False,False,MAINLINE_DECLINE,False,0,14,14,False,,,,,,,,1,,,PCB,1.128521772922559,1.128521772922559,1,0,False,0.02,1,CASH,,ENTRY_GATE_CLOSED_OR_NO_CANDIDATE,0,5,equal_capital,0.1,False,2197944.0518521904
2025-01-21,现金,0.0,0.0,3242.623,3272.9247499999997,180,3109.9442722222225,,,False,,,,False,False,False,MAINLINE_DECLINE,False,0,15,15,False,,,,,,,,1,,,PCB,1.1694162157406187,1.1694162157406187,4,0,False,0.02,1,CASH,,ENTRY_GATE_CLOSED_OR_NO_CANDIDATE,0,5,equal_capital,0.1,False,2197944.0518521904
2025-01-22,现金,0.0,0.0,3213.624,3263.92955,180,3110.503055555556,,,False,,,,False,False,False,MAINLINE_DECLINE,False,0,16,16,False,,,,,,,,1,,,PCB,1.2341324893783059,1.2341324893783059,3,0,False,0.02,1,CASH,,ENTRY_GATE_CLOSED_OR_NO_CANDIDATE,0,5,equal_capital,0.1,False,2197944.0518521904
2025-01-23,现金,0.0,0.0,3230.164,3255.77025,180,3111.199383333333,,,False,,,,False,False,False,MAINLINE_DECLINE,False,0,17,17,False,,,,,,,,1,,,PCB,1.2153150913002586,1.2153150913002586,2,0,False,0.02,1,CASH,,ENTRY_GATE_CLOSED_OR_NO_CANDIDATE,0,5,equal_capital,0.1,False,2197944.0518521904
2025-01-24,现金,0.0,0.0,3252.626,3248.4977,180,3111.8210833333337,,,False,,,,False,False,True,NO_MAINLINE_ROTATION,False,0,18,0,False,,,,,,,,1,,,PCB,1.1443730914772092,1.1443730914772092,1,0,False,0.02,1,BUY,PCB,ENTRY_TOP1,0,5,equal_capital,0.1,False,2197944.0518521904
2025-01-27,PCB,1.0,1.0,3250.601,3241.02065,180,3112.392544444444,,,False,,,,False,False,True,BROAD_DECLINE_OR_NO_LEADER,False,0,19,0,False,214.20999999999998,198.3313,209.16040000000004,-0.050504423680431176,214.20999999999998,0.0,2197944.0518521904,1,1.0966457108922245,1.0966457108922245,,,,0,0,False,0.02,0,HOLD,PCB,NO_STRONGER_QUALIFIED_SECTOR,0,5,equal_capital,0.1,False,2142623.3010690324
2025-02-05,PCB,1.0,1.0,3229.488,3232.12875,180,3112.9537,,,False,,,,False,False,False,MAINLINE_DECLINE,False,0,20,1,False,192.57799999999997,198.2855,208.77579999999998,-0.10098501470519583,214.20999999999998,-0.10098501470519583,2197944.0518521904,1,0.9952660030801987,0.9952660030801987,汽车零部件,1.1457205974747164,1.1457205974747164,4,0,False,0.02,0,SELL,,DOUBLE_MA20_BREAK,1,5,equal_capital,0.1,False,1957962.7584259114
2025-02-06,现金,0.0,0.0,3270.659,3228.07355,180,3113.600027777777,,,False,,,,False,False,True,NO_MAINLINE_ROTATION,False,0,21,0,False,,,,,,,,2,,,汽车零部件,1.272495597223661,1.272495597223661,10,0,False,0.02,0,CASH,,ENTRY_GATE_CLOSED_OR_NO_CANDIDATE,0,5,equal_capital,0.1,False,1974815.6501531205
2025-02-07,现金,0.0,0.0,3303.667,3230.12885,180,3114.4284722222224,,,False,,,,False,False,True,NO_MAINLINE_ROTATION,False,0,22,0,False,,,,,,,,2,,,汽车零部件,1.3359085753418793,1.3359085753418793,17,0,False,0.02,0,CASH,,ENTRY_GATE_CLOSED_OR_NO_CANDIDATE,0,5,equal_capital,0.1,False,1974815.6501531205
2025-02-10,现金,0.0,0.0,3322.17,3235.6658500000003,180,3115.3959666666665,,,False,,,,False,False,True,NO_MAINLINE_ROTATION,False,0,23,0,False,,,,,,,,2,,,传媒,1.3638647393826204,1.3638647393826204,19,0,False,0.02,0,CASH,,ENTRY_GATE_CLOSED_OR_NO_CANDIDATE,0,5,equal_capital,0.1,False,1974815.6501531205
2025-02-11,现金,0.0,0.0,3318.057,3241.22255,180,3116.3530944444447,,,False,,,,False,False,True,MAINLINE_RISE,True,1,0,0,False,,,,,,,,2,,,传媒,1.5005876853212234,1.5005876853212234,19,0,False,0.02,0,CASH,,ENTRY_GATE_CLOSED_OR_NO_CANDIDATE,0,5,equal_capital,0.1,False,1974815.6501531205
2025-02-12,现金,0.0,0.0,3346.385,3247.0596,180,3117.6113333333337,,,False,,,,False,False,True,MAINLINE_RISE,True,2,0,0,False,,,,,,,,2,,,传媒,1.629264833346466,1.629264833346466,19,0,False,0.02,0,CASH,,ENTRY_GATE_CLOSED_OR_NO_CANDIDATE,0,5,equal_capital,0.1,False,1974815.6501531205
2025-02-13,现金,0.0,0.0,3332.483,3252.1753500000004,180,3118.778455555556,,,False,,,,False,False,True,MAINLINE_RISE,True,3,0,0,False,,,,,,,,2,,,传媒,1.8362098495428316,1.8362098495428316,20,0,False,0.02,0,BUY,传媒,ENTRY_TOP1,0,5,equal_capital,0.1,False,1974815.6501531205
2025-02-14,传媒,1.0,1.0,3346.724,3258.9419,180,3119.8489999999997,,,False,,,,False,False,True,MAINLINE_RISE,True,4,0,0,False,314.882,184.96800000000002,214.80839999999998,0.12964583991045542,314.882,0.0,1974815.6501531205,2,2.0794172808199276,2.0794172808199276,传媒,2.0794172808199276,2.0794172808199276,17,0,False,0.02,0,SELL,,SECTOR_DAILY_GAIN_OVER_10%_PAUSE,0,5,equal_capital,0.1,False,2038153.2901775155
2025-02-17,现金,0.0,0.0,3355.83,3268.3072,180,3120.8750277777776,,,False,,,,False,False,True,MAINLINE_RISE,True,5,0,0,False,,,,,,,,0,,,传媒,1.9047509412497632,1.9047509412497632,22,0,False,0.02,0,BUY,传媒,ENTRY_TOP1,0,5,equal_capital,0.1,False,2113947.752031821
2025-02-18,传媒,1.0,1.0,3324.491,3276.494,180,3121.800166666667,,,False,,,,False,False,True,MAINLINE_RISE,True,6,0,0,False,265.874,197.48989999999998,237.20240000000004,-0.05479120894747691,265.874,0.0,2113947.752031821,0,1.7838385464890036,1.7838385464890036,传媒,1.7838385464890036,1.7838385464890036,18,0,False,0.02,0,HOLD,传媒,NO_STRONGER_QUALIFIED_SECTOR,0,5,equal_capital,0.1,False,2009485.6640880434
2025-02-19,传媒,1.0,1.0,3351.539,3282.0239500000002,180,3122.8723833333333,,,False,,,,False,False,True,MAINLINE_RISE,True,7,0,0,False,274.972,203.46110000000002,247.225,0.034219216621407034,274.972,0.0,2113947.752031821,0,1.767763005631702,1.767763005631702,传媒,1.767763005631702,1.767763005631702,15,0,False,0.02,0,HOLD,传媒,NO_STRONGER_QUALIFIED_SECTOR,0,5,equal_capital,0.1,False,2053155.9373591268
2025-02-20,传媒,1.0,1.0,3350.783,3288.2072500000004,180,3124.1745833333334,,,False,,,,False,False,True,MAINLINE_RISE,True,8,0,0,False,263.63199999999995,208.90859999999998,254.9018,-0.04124056267547249,274.972,-0.04124056267547249,2113947.752031821,0,1.7043482758174835,1.7043482758174835,传媒,1.7043482758174835,1.7043482758174835,17,0,False,0.02,0,HOLD,传媒,NO_STRONGER_QUALIFIED_SECTOR,0,5,equal_capital,0.1,False,2004523.3530775288
2025-02-21,传媒,1.0,1.0,3379.113,3295.3612999999996,180,3125.787038888889,,,False,,,,False,False,True,MAINLINE_RISE,True,9,0,0,False,270.774,214.68009999999998,263.03779999999995,0.02709079322692265,274.972,-0.015267009004553134,2113947.752031821,0,1.7430605623648163,1.7430605623648163,传媒,1.7430605623648163,1.7430605623648163,18,0,False,0.02,0,HOLD,传媒,NO_STRONGER_QUALIFIED_SECTOR,0,5,equal_capital,0.1,False,2053022.959121935
2025-02-24,传媒,1.0,1.0,3373.028,3301.92165,180,3127.170288888889,,,False,,,,False,False,True,MAINLINE_RISE,True,10,0,0,False,264.322,220.04790000000003,268.7308,-0.02382798939336861,274.972,-0.03873121626929277,2113947.752031821,0,1.6839442936686928,1.6839442936686928,网络安全,1.4990084985835692,1.4990084985835692,18,0,False,0.02,0,HOLD,传媒,NO_STRONGER_QUALIFIED_SECTOR,1,5,equal_capital,0.1,False,2028025.6249649965
2025-02-25,传媒,1.0,1.0,3346.04,3307.00475,180,3128.484,,,False,,,,False,False,True,MAINLINE_RISE,True,11,0,0,False,247.48200000000003,224.53650000000002,271.0092,-0.06371017168453619,274.972,-0.09997381551576145,2113947.752031821,0,1.5692219897279822,1.5692219897279822,网络安全,1.4577053106071278,1.4577053106071278,17,0,False,0.02,0,HOLD,传媒,NO_STRONGER_QUALIFIED_SECTOR,2,5,equal_capital,0.1,False,1953966.9708720366
2025-02-26,传媒,1.0,1.0,3380.214,3313.8843,180,3129.979533333333,,,False,,,,False,False,True,MAINLINE_RISE,True,12,0,0,False,247.94400000000002,229.0011,270.9912,0.0018668024341164102,274.972,-0.09829364444379773,2113947.752031821,0,1.562816730958324,1.562816730958324,网络安全,1.5060612581593855,1.5060612581593855,19,0,False,0.02,0,HOLD,传媒,NO_STRONGER_QUALIFIED_SECTOR,3,5,equal_capital,0.1,False,1955443.905711905
2025-02-27,传媒,1.0,1.0,3388.062,3322.6061999999997,180,3131.6261111111107,,,False,,,,False,False,True,MAINLINE_RISE,True,13,0,0,False,245.69400000000005,233.4306,267.6862,-0.009074629755105867,274.972,-0.1064762957682962,2113947.752031821,0,1.5638939810571346,1.5638939810571346,网络安全,1.4453012912482068,1.4453012912482068,17,0,False,0.02,0,HOLD,传媒,NO_STRONGER_QUALIFIED_SECTOR,4,5,equal_capital,0.1,False,1944226.9360664054
2025-02-28,传媒,1.0,1.0,3320.897,3327.14285,180,3132.9265777777778,,,False,,,,False,False,False,MAINLINE_DECLINE,False,0,1,1,False,238.442,237.42530000000002,260.04220000000004,-0.02951639030664177,274.972,-0.13284989017063542,2113947.752031821,0,1.5039104876756566,1.5039104876756566,网络安全,1.3540334964110987,1.3540334964110987,9,0,False,0.02,0,HOLD,传媒,NO_STRONGER_QUALIFIED_SECTOR,5,5,equal_capital,0.1,False,1875754.5496121051
2025-03-03,传媒,1.0,1.0,3316.925,3330.3578,180,3134.251222222222,,,False,,,,False,False,False,MAINLINE_DECLINE,False,0,2,2,False,242.43400000000003,241.50170000000003,256.15700000000004,0.016742016926548198,274.972,-0.11833204835401412,2113947.752031821,0,1.506680919294495,1.506680919294495,AI医疗,1.2243602633709212,1.2243602633709212,5,0,False,0.02,0,HOLD,传媒,NO_STRONGER_QUALIFIED_SECTOR,6,5,equal_capital,0.1,False,1904122.188874008
2025-03-04,传媒,1.0,1.0,3324.21,3334.03825,180,3135.5457277777773,,,False,,,,False,False,False,MAINLINE_DECLINE,False,0,3,3,False,238.63600000000002,245.31779999999998,253.4332,-0.01566611943869256,274.972,-0.13214436378976757,2113947.752031821,0,1.47021205810959,1.47021205810959,机器人,1.2050537144895364,1.2050537144895364,3,0,False,0.02,0,SELL,,DOUBLE_MA20_BREAK,7,5,equal_capital,0.1,False,1905065.4800198427
2025-03-05,现金,0.0,0.0,3341.965,3339.6621,180,3137.082183333334,,,False,,,,False,False,True,MAINLINE_RISE,True,1,0,0,False,,,,,,,,1,,,工程机械,1.2240336891051757,1.2240336891051757,1,0,False,0.02,0,CASH,,ENTRY_GATE_CLOSED_OR_NO_CANDIDATE,0,5,equal_capital,0.1,False,1906129.8062133475
2025-03-06,现金,0.0,0.0,3381.098,3345.18405,180,3138.928316666667,,,False,,,,False,False,True,MAINLINE_RISE,True,2,0,0,False,,,,,,,,1,,,工程机械,1.2207265926093855,1.2207265926093855,1,0,False,0.02,0,CASH,,ENTRY_GATE_CLOSED_OR_NO_CANDIDATE,0,5,equal_capital,0.1,False,1906129.8062133475
2025-03-07,现金,0.0,0.0,3372.546,3348.6279999999997,180,3140.7131333333336,,,False,,,,False,False,True,MAINLINE_RISE,True,3,0,0,False,,,,,,,,1,,,网络安全,1.2799472295514513,1.2799472295514513,3,0,False,0.02,0,CASH,,ENTRY_GATE_CLOSED_OR_NO_CANDIDATE,0,5,equal_capital,0.1,False,1906129.8062133475
2025-03-10,现金,0.0,0.0,3366.163,3350.82765,180,3142.5915666666665,,,False,,,,False,False,True,MAINLINE_RISE,True,4,0,0,False,,,,,,,,1,,,工程机械,1.2157207610672311,1.2157207610672311,3,0,False,0.02,0,CASH,,ENTRY_GATE_CLOSED_OR_NO_CANDIDATE,0,5,equal_capital,0.1,False,1906129.8062133475
2025-03-11,现金,0.0,0.0,3379.828,3353.9161999999997,180,3144.493566666667,,,False,,,,False,False,True,MAINLINE_RISE,True,5,0,0,False,,,,,,,,1,,,工程机械,1.2145626113017418,1.2145626113017418,7,0,False,0.02,0,CASH,,ENTRY_GATE_CLOSED_OR_NO_CANDIDATE,0,5,equal_capital,0.1,False,1906129.8062133475
2025-03-12,现金,0.0,0.0,3371.924,3355.19315,180,3146.39915,,,False,,,,False,False,True,MAINLINE_RISE,True,6,0,0,False,,,,,,,,1,,,工程机械,1.1852366633496303,1.1852366633496303,3,0,False,0.02,0,BUY,工程机械,ENTRY_TOP1,0,5,equal_capital,0.1,False,1906129.8062133475
2025-03-13,工程机械,1.0,1.0,3358.729,3356.5054499999997,180,3148.210794444444,,,False,,,,False,False,True,MAINLINE_RISE,True,7,0,0,False,432.012,411.1172,429.80820000000006,-0.014368825716958411,432.012,0.0,1906129.8062133475,1,1.1791171060029588,1.1791171060029588,工程机械,1.1791171060029588,1.1791171060029588,2,0,False,0.02,0,HOLD,工程机械,NO_STRONGER_QUALIFIED_SECTOR,0,5,equal_capital,0.1,False,1880464.29779842
2025-03-14,工程机械,1.0,1.0,3419.562,3360.14735,180,3150.4534111111116,,,False,,,,False,False,True,MAINLINE_RISE,True,8,0,0,False,438.9839999999999,414.1245,433.1526,0.01613844059887204,438.9839999999999,0.0,1906129.8062133475,1,1.158764432290319,1.158764432290319,液冷,1.2102698327966526,1.2102698327966526,3,0,False,0.02,1,HOLD,工程机械,SWITCH_CONFIRM_1_OF_2,0,5,equal_capital,0.1,False,1903990.4700723132
2025-03-17,工程机械,1.0,1.0,3426.129,3363.6623,180,3152.652761111111,,,False,,,,False,False,True,MAINLINE_RISE,True,9,0,0,False,435.686,416.9045,435.384,-0.007512802288921594,438.9839999999999,-0.007512802288921594,1906129.8062133475,1,1.1462826833927058,1.1462826833927058,工程机械,1.1462826833927058,1.1462826833927058,3,0,False,0.02,0,HOLD,工程机械,NO_STRONGER_QUALIFIED_SECTOR,0,5,equal_capital,0.1,False,1883451.1888203642
2025-03-18,工程机械,1.0,1.0,3429.759,3368.9257,180,3154.9400388888885,,,False,,,,False,False,True,MAINLINE_RISE,True,10,0,0,False,430.456,419.58820000000003,437.17740000000003,-0.012004057968353243,438.9839999999999,-0.01942667614309379,1906129.8062133475,1,1.1424537265580628,1.1424537265580628,液冷,1.1461406689174578,1.1461406689174578,5,0,False,0.02,0,HOLD,工程机械,NO_STRONGER_QUALIFIED_SECTOR,1,5,equal_capital,0.1,False,1875639.265879733
2025-03-19,工程机械,1.0,1.0,3426.429,3372.6701999999996,180,3157.278883333333,,,False,,,,False,False,True,MAINLINE_RISE,True,11,0,0,False,431.14399999999995,421.6318,437.33140000000003,0.0015983050532457632,438.9839999999999,-0.017859420844495433,1906129.8062133475,1,1.1047269596589042,1.1047269596589042,社会服务,1.1121681295317014,1.1121681295317014,3,0,False,0.02,0,HOLD,工程机械,NO_STRONGER_QUALIFIED_SECTOR,2,5,equal_capital,0.1,False,1878552.3557673227
2025-03-20,工程机械,1.0,1.0,3408.948,3375.57845,180,3159.5611611111117,,,False,,,,False,False,True,MAINLINE_RISE,True,12,0,0,False,428.828,423.3755,437.13719999999995,-0.005371755144452872,438.9839999999999,-0.02313523955314989,1906129.8062133475,1,1.0885230255308993,1.0885230255308993,社会服务,1.1022105434252587,1.1022105434252587,2,0,False,0.02,0,HOLD,工程机械,NO_STRONGER_QUALIFIED_SECTOR,3,5,equal_capital,0.1,False,1868860.1407857141
2025-03-21,工程机械,1.0,1.0,3364.831,3374.86435,180,3161.7930055555557,,,False,,,,False,False,False,MAINLINE_DECLINE,False,0,1,1,False,423.418,424.7326,435.4152,-0.012615780685962585,438.9839999999999,-0.03545915113079279,1906129.8062133475,1,1.0684926667272308,1.0684926667272308,风电设备,1.1221411192214108,1.1221411192214108,1,0,False,0.02,0,SELL,,DOUBLE_MA20_BREAK,4,5,equal_capital,0.1,False,1845743.190104763
2025-03-24,现金,0.0,0.0,3370.028,3374.7143499999997,180,3164.1265166666662,,,False,,,,False,False,False,MAINLINE_DECLINE,False,0,2,2,False,,,,,,,,2,,,风电设备,1.1298912822183313,1.1298912822183313,1,0,False,0.02,0,CASH,,ENTRY_GATE_CLOSED_OR_NO_CANDIDATE,0,5,equal_capital,0.1,False,1850458.3044321567
2025-03-25,现金,0.0,0.0,3369.976,3375.91115,180,3166.334577777778,,,False,,,,False,False,False,MAINLINE_DECLINE,False,0,3,3,False,,,,,,,,2,,,有色金属,1.1159292035398227,1.1159292035398227,2,0,False,0.02,0,CASH,,ENTRY_GATE_CLOSED_OR_NO_CANDIDATE,0,5,equal_capital,0.1,False,1850458.3044321567
2025-03-26,现金,0.0,0.0,3368.697,3375.3353,180,3168.683716666667,,,False,,,,False,False,False,MAINLINE_DECLINE,False,0,4,4,False,,,,,,,,2,,,社会服务,1.1113885979752411,1.1113885979752411,1,0,False,0.02,0,CASH,,ENTRY_GATE_CLOSED_OR_NO_CANDIDATE,0,5,equal_capital,0.1,False,1850458.3044321567
2025-03-27,现金,0.0,0.0,3373.749,3374.6196499999996,180,3170.9411944444446,,,False,,,,False,False,False,BROAD_DECLINE_OR_NO_LEADER,False,0,5,5,False,,,,,,,,2,,,,,,0,0,False,0.02,0,CASH,,ENTRY_GATE_CLOSED_OR_NO_CANDIDATE,0,5,equal_capital,0.1,False,1850458.3044321567
2025-03-28,现金,0.0,0.0,3351.307,3376.14015,180,3172.9221777777775,,,False,,,,False,False,False,BROAD_DECLINE_OR_NO_LEADER,False,0,6,6,False,,,,,,,,2,,,,,,0,0,False,0.02,0,CASH,,ENTRY_GATE_CLOSED_OR_NO_CANDIDATE,0,5,equal_capital,0.1,False,1850458.3044321567
2025-03-31,现金,0.0,0.0,3335.746,3377.0811999999996,180,3174.8040388888885,,,False,,,,False,False,False,MAINLINE_DECLINE,False,0,7,7,False,,,,,,,,2,,,家用电器,1.1052466490541364,1.1052466490541364,1,0,False,0.02,0,CASH,,ENTRY_GATE_CLOSED_OR_NO_CANDIDATE,0,5,equal_capital,0.1,False,1850458.3044321567
2025-04-01,现金,0.0,0.0,3348.435,3378.29245,180,3176.8376999999996,,,False,,,,False,False,False,BROAD_DECLINE_OR_NO_LEADER,False,0,8,8,False,,,,,,,,2,,,,,,0,0,False,0.02,0,CASH,,ENTRY_GATE_CLOSED_OR_NO_CANDIDATE,0,5,equal_capital,0.1,False,1850458.3044321567
2025-04-02,现金,0.0,0.0,3350.127,3378.70055,180,3179.018588888889,,,False,,,,False,False,False,BROAD_DECLINE_OR_NO_LEADER,False,0,9,9,False,,,,,,,,2,,,,,,0,0,False,0.02,0,CASH,,ENTRY_GATE_CLOSED_OR_NO_CANDIDATE,0,5,equal_capital,0.1,False,1850458.3044321567
2025-04-03,现金,0.0,0.0,3342.008,3376.74605,180,3181.1967833333333,,,False,,,,False,False,False,BROAD_DECLINE_OR_NO_LEADER,False,0,10,10,False,,,,,,,,2,,,,,,0,0,False,0.02,0,CASH,,ENTRY_GATE_CLOSED_OR_NO_CANDIDATE,0,5,equal_capital,0.1,False,1850458.3044321567
2025-04-07,现金,0.0,0.0,3096.576,3362.94755,180,3182.16415,,,False,,,,False,False,False,BROAD_DECLINE_OR_NO_LEADER,False,0,11,11,False,,,,,,,,2,,,,,,0,0,False,0.02,0,CASH,,ENTRY_GATE_CLOSED_OR_NO_CANDIDATE,0,5,equal_capital,0.1,False,1850458.3044321567
2025-04-08,现金,0.0,0.0,3145.549,3351.91685,180,3183.1984666666667,,,False,,,,False,False,False,MAINLINE_DECLINE,False,0,12,12,False,,,,,,,,2,,,农业种植,1.1879446055600644,1.1879446055600644,1,0,False,0.02,0,CASH,,ENTRY_GATE_CLOSED_OR_NO_CANDIDATE,0,5,equal_capital,0.1,False,1850458.3044321567
2025-04-09,现金,0.0,0.0,3186.81,3342.26595,180,3184.573166666666,,,False,,,,False,False,False,MAINLINE_DECLINE,False,0,13,13,False,,,,,,,,2,,,农业种植,1.200586262816879,1.200586262816879,1,0,False,0.02,0,CASH,,ENTRY_GATE_CLOSED_OR_NO_CANDIDATE,0,5,equal_capital,0.1,False,1850458.3044321567
2025-04-10,现金,0.0,0.0,3223.638,3334.8516499999996,180,3185.9801166666666,,,False,,,,False,False,False,MAINLINE_DECLINE,False,0,14,14,False,,,,,,,,2,,,农业种植,1.2056638614825608,1.2056638614825608,1,0,False,0.02,0,CASH,,ENTRY_GATE_CLOSED_OR_NO_CANDIDATE,0,5,equal_capital,0.1,False,1850458.3044321567
2025-04-11,现金,0.0,0.0,3238.227,3328.82655,180,3187.4630722222223,,,False,,,,False,False,False,MAINLINE_DECLINE,False,0,15,15,False,,,,,,,,2,,,黄金概念,1.1543749562854089,1.1543749562854089,2,0,False,0.02,0,CASH,,ENTRY_GATE_CLOSED_OR_NO_CANDIDATE,0,5,equal_capital,0.1,False,1850458.3044321567
2025-04-14,现金,0.0,0.0,3262.808,3320.98885,180,3189.0675,,,False,,,,False,False,False,MAINLINE_DECLINE,False,0,16,16,False,,,,,,,,2,,,黄金概念,1.1637184867840766,1.1637184867840766,2,0,False,0.02,0,CASH,,ENTRY_GATE_CLOSED_OR_NO_CANDIDATE,0,5,equal_capital,0.1,False,1850458.3044321567
2025-04-15,现金,0.0,0.0,3267.662,3313.0654999999997,180,3190.6861555555556,,,False,,,,False,False,False,MAINLINE_DECLINE,False,0,17,17,False,,,,,,,,2,,,黄金概念,1.1604416232848875,1.1604416232848875,1,0,False,0.02,0,CASH,,ENTRY_GATE_CLOSED_OR_NO_CANDIDATE,0,5,equal_capital,0.1,False,1850458.3044321567
2025-04-16,现金,0.0,0.0,3276.004,3305.3777500000006,180,3192.425872222222,,,False,,,,False,False,False,MAINLINE_DECLINE,False,0,18,18,False,,,,,,,,2,,,黄金概念,1.1400876181692414,1.1400876181692414,1,0,False,0.02,0,CASH,,ENTRY_GATE_CLOSED_OR_NO_CANDIDATE,0,5,equal_capital,0.1,False,1850458.3044321567
2025-04-17,现金,0.0,0.0,3280.341,3298.07335,180,3194.110361111111,,,False,,,,False,False,False,MAINLINE_DECLINE,False,0,19,19,False,,,,,,,,2,,,黄金概念,1.11278865655895,1.11278865655895,1,0,False,0.02,0,CASH,,ENTRY_GATE_CLOSED_OR_NO_CANDIDATE,0,5,equal_capital,0.1,False,1850458.3044321567
2025-04-18,现金,0.0,0.0,3276.73,3291.46245,180,3195.7460333333333,,,False,,,,False,False,False,MAINLINE_DECLINE,False,0,20,20,False,,,,,,,,2,,,黄金概念,1.107422682306258,1.107422682306258,1,0,False,0.02,0,CASH,,ENTRY_GATE_CLOSED_OR_NO_CANDIDATE,0,5,equal_capital,0.1,False,1850458.3044321567
2025-04-21,现金,0.0,0.0,3291.434,3287.7925999999998,180,3197.563911111111,,,False,,,,False,False,True,NO_MAINLINE_ROTATION,False,0,21,0,False,,,,,,,,2,,,黄金概念,1.2324704675808105,1.2324704675808105,1,0,False,0.02,0,BUY,黄金概念,ENTRY_TOP1,0,5,equal_capital,0.1,False,1850458.3044321567
2025-04-22,黄金概念,1.0,1.0,3299.757,3284.2790499999996,180,3199.6994,,,False,,,,False,False,True,NO_MAINLINE_ROTATION,False,0,22,0,False,259.622,225.75629999999995,240.20139999999998,0.00016950589032971308,259.622,0.0,1850458.3044321567,2,1.2297249931319332,1.2297249931319332,黄金概念,1.2297249931319332,1.2297249931319332,1,0,False,0.02,0,HOLD,黄金概念,NO_STRONGER_QUALIFIED_SECTOR,0,5,equal_capital,0.1,False,1844519.0954468963
2025-04-23,黄金概念,1.0,1.0,3296.355,3280.5980000000004,180,3201.890527777777,,,False,,,,False,False,True,NO_MAINLINE_ROTATION,False,0,23,0,False,241.12999999999997,227.1839,242.9424,-0.07122662948440439,259.622,-0.07122662948440439,1850458.3044321567,2,1.1343130521502691,1.1343130521502691,黄金概念,1.1343130521502691,1.1343130521502691,1,0,False,0.02,0,HOLD,黄金概念,NO_STRONGER_QUALIFIED_SECTOR,1,5,equal_capital,0.1,False,1729520.0991702187
2025-04-24,黄金概念,1.0,1.0,3297.288,3277.0275500000002,180,3204.171338888889,,,False,,,,False,False,True,NO_MAINLINE_ROTATION,False,0,24,0,False,239.914,228.63199999999998,244.43399999999997,-0.005042922904657132,259.622,-0.0759103619878132,1850458.3044321567,2,1.1372918957867193,1.1372918957867193,黄金概念,1.1372918957867193,1.1372918957867193,1,0,False,0.02,0,HOLD,黄金概念,NO_STRONGER_QUALIFIED_SECTOR,2,5,equal_capital,0.1,False,1716994.8342857163
2025-04-25,黄金概念,1.0,1.0,3295.06,3273.0931,180,3206.4166888888885,,,False,,,,False,False,True,NO_MAINLINE_ROTATION,False,0,25,0,False,235.964,229.9209,244.92419999999998,-0.016464233016830976,259.622,-0.0911247891164848,1850458.3044321567,2,1.1226437536277392,1.1226437536277392,黄金概念,1.1226437536277392,1.1226437536277392,1,0,False,0.02,0,HOLD,黄金概念,NO_STRONGER_QUALIFIED_SECTOR,3,5,equal_capital,0.1,False,1695703.9722887347
2025-04-28,黄金概念,1.0,1.0,3288.415,3269.9485,180,3208.6198555555557,,,False,,,,False,False,True,BROAD_DECLINE_OR_NO_LEADER,False,0,26,0,False,236.32800000000003,230.97359999999998,244.54460000000003,0.0015426081944704961,259.622,-0.08972275076842484,1850458.3044321567,2,1.0978009420552415,1.0978009420552415,,,,0,0,False,0.02,0,HOLD,黄金概念,NO_STRONGER_QUALIFIED_SECTOR,4,5,equal_capital,0.1,False,1689798.0574830617
2025-04-29,黄金概念,1.0,1.0,3286.655,3267.49395,180,3210.882938888889,,,False,,,,False,False,True,BROAD_DECLINE_OR_NO_LEADER,False,0,27,0,False,234.702,231.79250000000002,244.02939999999998,-0.006880268101960074,259.622,-0.09598570229025283,1850458.3044321567,2,1.0750169472893496,1.0750169472893496,,,,0,0,False,0.02,0,HOLD,黄金概念,NO_STRONGER_QUALIFIED_SECTOR,5,5,equal_capital,0.1,False,1686387.0287511784
2025-04-30,黄金概念,1.0,1.0,3279.031,3264.02375,180,3212.7733944444444,,,False,,,,False,False,True,BROAD_DECLINE_OR_NO_LEADER,False,0,28,0,False,232.974,232.66959999999995,242.60399999999998,-0.007362527801211827,259.622,-0.10264153268983378,1850458.3044321567,2,1.081427086041071,1.081427086041071,,,,0,0,False,0.02,0,HOLD,黄金概念,NO_STRONGER_QUALIFIED_SECTOR,6,5,equal_capital,0.1,False,1670290.507596714
2025-05-06,黄金概念,1.0,1.0,3316.114,3262.3231,180,3214.9052111111114,,,False,,,,False,False,True,BROAD_DECLINE_OR_NO_LEADER,False,0,29,0,False,238.234,234.04339999999996,241.9574,0.02257762668795671,259.622,-0.08238130820962786,1850458.3044321567,2,1.130367530532649,1.130367530532649,,,,0,0,False,0.02,0,HOLD,黄金概念,NO_STRONGER_QUALIFIED_SECTOR,7,5,equal_capital,0.1,False,1711141.0543574975
2025-05-07,黄金概念,1.0,1.0,3342.665,3262.35595,180,3217.3348055555557,,,False,,,,False,False,True,NO_MAINLINE_ROTATION,False,0,30,0,False,239.956,235.4825,241.8402,0.007228187412376075,259.622,-0.07574858833226783,1850458.3044321567,2,1.1362951878545655,1.1362951878545655,美容护理,1.1176640519099577,1.1176640519099577,1,0,False,0.02,0,HOLD,黄金概念,NO_STRONGER_QUALIFIED_SECTOR,8,5,equal_capital,0.1,False,1727560.525860691
2025-05-08,黄金概念,1.0,1.0,3351.996,3275.12695,180,3220.0642388888887,,,False,,,,False,False,True,MAINLINE_RISE,True,1,0,0,False,234.41400000000004,237.12189999999995,239.32379999999998,-0.023095900915167555,259.622,-0.0970950073568495,1850458.3044321567,2,1.1626179163401547,1.1626179163401547,CPO,1.3018526632736753,1.3018526632736753,18,0,False,0.02,1,HOLD,黄金概念,SWITCH_CONFIRM_1_OF_2,9,5,equal_capital,0.1,False,1691858.1074738123
2025-05-09,黄金概念,1.0,1.0,3341.999,3284.94945,180,3222.701544444444,,,False,,,,False,False,True,MAINLINE_RISE,True,2,0,0,False,233.32599999999996,238.44779999999997,236.6942,-0.004641361010861433,259.622,-0.10128571538621556,1850458.3044321567,2,1.1282252137248074,1.1282252137248074,CPO,1.3500569322330351,1.3500569322330351,17,0,False,0.02,0,SWITCH,CPO,STRONGER_RS20_MARGIN_2%,10,5,equal_capital,0.1,False,1683725.5483952342
2025-05-12,CPO,1.0,1.0,3369.245,3294.0712,180,3225.47605,,,False,,,,False,False,True,MAINLINE_RISE,True,3,0,0,False,474.0260000000001,400.15430000000003,424.70140000000004,0.03040170419963495,474.0260000000001,0.0,1850458.3044321567,2,1.3864706604971135,1.3864706604971135,CPO,1.3864706604971135,1.3864706604971135,14,0,False,0.02,0,HOLD,CPO,NO_STRONGER_QUALIFIED_SECTOR,0,5,equal_capital,0.1,False,1651336.2752147783
2025-05-13,CPO,1.0,1.0,3374.871,3301.6328500000004,180,3228.2814388888887,,,False,,,,False,False,True,MAINLINE_RISE,True,4,0,0,False,477.03000000000003,405.7099,432.51740000000007,0.006337205132207702,477.03000000000003,0.0,1850458.3044321567,2,1.3036527309397188,1.3036527309397188,CPO,1.3036527309397188,1.3036527309397188,11,0,False,0.02,0,HOLD,CPO,NO_STRONGER_QUALIFIED_SECTOR,0,5,equal_capital,0.1,False,1654531.7185710194
2025-05-14,CPO,1.0,1.0,3403.948,3309.9188999999997,180,3231.291183333333,,,False,,,,False,False,True,MAINLINE_RISE,True,5,0,0,False,484.78999999999996,411.45590000000004,439.58720000000005,0.016267320713581723,484.78999999999996,0.0,1850458.3044321567,2,1.3107037607808147,1.3107037607808147,CPO,1.3107037607808147,1.3107037607808147,8,0,False,0.02,0,HOLD,CPO,NO_STRONGER_QUALIFIED_SECTOR,0,5,equal_capital,0.1,False,1657580.9245925196
2025-05-15,CPO,1.0,1.0,3380.821,3315.81955,180,3234.1946055555554,,,False,,,,False,False,True,MAINLINE_RISE,True,6,0,0,False,468.46400000000006,415.9657,446.2580000000001,-0.0336764372202395,484.78999999999996,-0.0336764372202395,1850458.3044321567,2,1.238444700582656,1.238444700582656,CPO,1.238444700582656,1.238444700582656,6,0,False,0.02,0,HOLD,CPO,NO_STRONGER_QUALIFIED_SECTOR,0,5,equal_capital,0.1,False,1603195.985190731
2025-05-16,CPO,1.0,1.0,3367.462,3320.8095500000004,180,3236.9696944444445,,,False,,,,False,False,True,MAINLINE_RISE,True,7,0,0,False,479.8499999999999,421.2455,454.3482,0.024304962601181312,484.78999999999996,-0.010189979166237095,1850458.3044321567,2,1.28215062497662,1.28215062497662,CPO,1.28215062497662,1.28215062497662,5,0,False,0.02,0,HOLD,CPO,NO_STRONGER_QUALIFIED_SECTOR,0,5,equal_capital,0.1,False,1636348.3559425445
2025-05-19,CPO,1.0,1.0,3367.583,3325.3885,180,3239.8415222222225,,,False,,,,False,False,True,MAINLINE_RISE,True,8,0,0,False,468.67600000000004,426.5376,461.1564,-0.023286443680316515,484.78999999999996,-0.033239134470595344,1850458.3044321567,2,1.2917091562532732,1.2917091562532732,CPO,1.2917091562532732,1.2917091562532732,5,0,False,0.02,0,HOLD,CPO,NO_STRONGER_QUALIFIED_SECTOR,0,5,equal_capital,0.1,False,1600149.5122325493
2025-05-20,CPO,1.0,1.0,3380.478,3330.3953500000002,180,3242.6366333333335,,,False,,,,False,False,True,MAINLINE_RISE,True,9,0,0,False,474.40200000000004,432.1277,466.84700000000004,0.01221739538615152,484.78999999999996,-0.021427834732564488,1850458.3044321567,2,1.308334252619967,1.308334252619967,CPO,1.308334252619967,1.308334252619967,6,0,False,0.02,0,HOLD,CPO,NO_STRONGER_QUALIFIED_SECTOR,0,5,equal_capital,0.1,False,1614697.8338177982
2025-05-21,CPO,1.0,1.0,3387.574,3335.93755,180,3245.4596555555554,,,False,,,,False,False,True,MAINLINE_RISE,True,10,0,0,False,477.7660000000001,437.50100000000003,472.854,0.0070910324998629815,484.78999999999996,-0.014488747705191707,1850458.3044321567,2,1.2902133405347018,1.2902133405347018,CPO,1.2902133405347018,1.2902133405347018,5,0,False,0.02,0,HOLD,CPO,NO_STRONGER_QUALIFIED_SECTOR,0,5,equal_capital,0.1,False,1616248.37173111
2025-05-22,CPO,1.0,1.0,3380.189,3340.3752999999997,180,3248.1625166666668,,,False,,,,False,False,True,MAINLINE_RISE,True,11,0,0,False,474.93999999999994,442.10570000000007,473.99840000000006,-0.005915029533286487,484.78999999999996,-0.020318075867901575,1850458.3044321567,2,1.2405510309628414,1.2405510309628414,CPO,1.2405510309628414,1.2405510309628414,4,0,False,0.02,0,HOLD,CPO,NO_STRONGER_QUALIFIED_SECTOR,0,5,equal_capital,0.1,False,1602027.331404653
2025-05-23,CPO,1.0,1.0,3348.372,3342.80605,180,3250.838688888889,,,False,,,,False,False,True,MAINLINE_RISE,True,12,0,0,False,464.10999999999996,446.33939999999996,474.4054,-0.022802880363835376,484.78999999999996,-0.04265764557849794,1850458.3044321567,2,1.2231575285423628,1.2231575285423628,储能,1.1395037913733308,1.1395037913733308,1,0,False,0.02,0,HOLD,CPO,NO_STRONGER_QUALIFIED_SECTOR,1,5,equal_capital,0.1,False,1561838.340526515
2025-05-26,CPO,1.0,1.0,3346.839,3345.3302500000004,180,3253.562327777777,,,False,,,,False,False,True,MAINLINE_RISE,True,13,0,0,False,465.9200000000001,449.1481,473.5948,0.003899937514813656,484.78999999999996,-0.03892407021596955,1850458.3044321567,2,1.1370946879286195,1.1370946879286195,储能,1.100423786341861,1.100423786341861,1,0,False,0.02,0,HOLD,CPO,NO_STRONGER_QUALIFIED_SECTOR,2,5,equal_capital,0.1,False,1571990.1108474564
2025-05-27,CPO,1.0,1.0,3340.687,3347.5002,180,3256.295188888889,,,False,,,,False,False,False,MAINLINE_DECLINE,False,0,1,1,False,454.808,451.945,471.3726,-0.023849587912088133,484.78999999999996,-0.06184533509354562,1850458.3044321567,2,1.1402411813372777,1.1402411813372777,储能,1.1029834651329975,1.1029834651329975,1,0,False,0.02,0,HOLD,CPO,NO_STRONGER_QUALIFIED_SECTOR,3,5,equal_capital,0.1,False,1535641.1321924527
2025-05-28,CPO,1.0,1.0,3339.932,3349.7438,180,3258.9927666666667,,,False,,,,False,False,False,BROAD_DECLINE_OR_NO_LEADER,False,0,2,2,False,475.6700000000001,455.0239,470.4606,0.045869905542558875,484.78999999999996,-0.018812269229975587,1850458.3044321567,2,1.1487060846381965,1.1487060846381965,,,,0,0,False,0.02,0,HOLD,CPO,NO_STRONGER_QUALIFIED_SECTOR,0,5,equal_capital,0.1,False,1596697.0954816702
2025-05-29,CPO,1.0,1.0,3363.446,3353.4953499999997,180,3261.8145777777777,,,False,,,,False,False,True,BROAD_DECLINE_OR_NO_LEADER,False,0,3,0,False,491.63800000000003,459.51800000000003,472.77799999999996,0.03356949145415933,491.63800000000003,0.0,1850458.3044321567,2,1.223722856659266,1.223722856659266,,,,0,0,False,0.02,0,HOLD,CPO,NO_STRONGER_QUALIFIED_SECTOR,0,5,equal_capital,0.1,False,1639605.8524145605
2025-05-30,CPO,1.0,1.0,3347.487,3356.53695,180,3264.5854444444444,,,False,,,,False,False,False,MAINLINE_DECLINE,False,0,4,1,False,490.82399999999996,464.1118,473.8754,-0.0016556897554707017,491.63800000000003,-0.0016556897554707017,1850458.3044321567,2,1.2302956776321723,1.2302956776321723,CPO,1.2302956776321723,1.2302956776321723,2,0,False,0.02,0,HOLD,CPO,NO_STRONGER_QUALIFIED_SECTOR,0,5,equal_capital,0.1,False,1623272.9428451518
2025-06-03,CPO,1.0,1.0,3361.976,3360.6842000000006,180,3267.4995944444445,,,False,,,,False,False,True,MAINLINE_RISE,True,1,0,0,False,483.596,468.26189999999997,475.3674,-0.01472625625478774,491.63800000000003,-0.01635756389864096,1850458.3044321567,2,1.2071973119916923,1.2071973119916923,CPO,1.2071973119916923,1.2071973119916923,4,0,False,0.02,0,HOLD,CPO,NO_STRONGER_QUALIFIED_SECTOR,0,5,equal_capital,0.1,False,1603831.0684737277
2025-06-04,CPO,1.0,1.0,3376.203,3363.68865,180,3270.5723555555555,,,False,,,,False,False,True,MAINLINE_RISE,True,2,0,0,False,511.854,472.97980000000007,479.11260000000004,0.05843307223384797,511.854,0.0,1850458.3044321567,2,1.2260093509877938,1.2260093509877938,CPO,1.2260093509877938,1.2260093509877938,1,0,False,0.02,0,HOLD,CPO,NO_STRONGER_QUALIFIED_SECTOR,0,5,equal_capital,0.1,False,1684536.2347783323
2025-06-05,CPO,1.0,1.0,3384.099,3365.7603499999996,180,3273.5828277777778,,,False,,,,False,False,True,MAINLINE_RISE,True,3,0,0,False,536.178,478.9039000000001,484.95380000000006,0.04752136351381453,536.178,0.0,1850458.3044321567,2,1.2836560560790622,1.2836560560790622,CPO,1.2836560560790622,1.2836560560790622,2,0,False,0.02,0,HOLD,CPO,NO_STRONGER_QUALIFIED_SECTOR,0,5,equal_capital,0.1,False,1776504.7466898626
2025-06-06,CPO,1.0,1.0,3385.358,3367.4284500000003,180,3276.7735111111115,,,False,,,,False,False,True,MAINLINE_RISE,True,4,0,0,False,549.13,483.18559999999997,492.3728,0.02415615709708341,549.13,0.0,1850458.3044321567,2,1.1847567185045824,1.1847567185045824,CPO,1.1847567185045824,1.1847567185045824,2,0,False,0.02,0,HOLD,CPO,NO_STRONGER_QUALIFIED_SECTOR,0,5,equal_capital,0.1,False,1830650.6483475298
2025-06-09,CPO,1.0,1.0,3399.772,3370.3171,180,3280.089027777778,,,False,,,,False,False,True,MAINLINE_RISE,True,5,0,0,False,570.194,488.6933000000001,502.9812,0.03835885855808274,570.194,0.0,1850458.3044321567,2,1.2394443961394659,1.2394443961394659,CPO,1.2394443961394659,1.2394443961394659,2,0,False,0.02,0,HOLD,CPO,NO_STRONGER_QUALIFIED_SECTOR,0,5,equal_capital,0.1,False,1886200.0810757214
2025-06-10,CPO,1.0,1.0,3384.816,3371.09565,180,3283.42535,,,False,,,,False,False,True,MAINLINE_RISE,True,6,0,0,False,562.492,493.11659999999995,512.6384,-0.013507683349877397,570.194,-0.013507683349877397,1850458.3044321567,2,1.1866268938834574,1.1866268938834574,CPO,1.1866268938834574,1.1866268938834574,2,0,False,0.02,0,HOLD,CPO,NO_STRONGER_QUALIFIED_SECTOR,0,5,equal_capital,0.1,False,1859968.7010813807
2025-06-11,CPO,1.0,1.0,3402.316,3372.4679000000006,180,3286.8364722222227,,,False,,,,False,False,True,MAINLINE_RISE,True,7,0,0,False,557.932,497.1617,522.9508,-0.008106781963121201,570.194,-0.02150496146925418,1850458.3044321567,2,1.1695952036559545,1.1695952036559545,PCB,1.1875150259833929,1.1875150259833929,3,0,False,0.02,0,HOLD,CPO,NO_STRONGER_QUALIFIED_SECTOR,0,5,equal_capital,0.1,False,1845741.3302323725
2025-06-12,CPO,1.0,1.0,3402.658,3372.4034,180,3290.374533333333,,,False,,,,False,False,True,MAINLINE_RISE,True,8,0,0,False,589.3419999999999,502.3893,534.318,0.0562971831692749,589.3419999999999,0.0,1850458.3044321567,2,1.2156645145320653,1.2156645145320653,CPO,1.2156645145320653,1.2156645145320653,3,0,False,0.02,0,HOLD,CPO,NO_STRONGER_QUALIFIED_SECTOR,0,5,equal_capital,0.1,False,1945805.9039548156
2025-06-13,CPO,1.0,1.0,3376.996,3372.2121500000003,180,3293.932911111111,,,False,,,,False,False,True,MAINLINE_RISE,True,9,0,0,False,585.006,508.21639999999996,543.6548,-0.007357357866909053,589.3419999999999,-0.007357357866909053,1850458.3044321567,2,1.2487747190819356,1.2487747190819356,CPO,1.2487747190819356,1.2487747190819356,4,0,False,0.02,0,HOLD,CPO,NO_STRONGER_QUALIFIED_SECTOR,0,5,equal_capital,0.1,False,1927681.906067364
2025-06-16,CPO,1.0,1.0,3388.729,3373.2755000000006,180,3297.5136722222223,,,False,,,,False,False,True,MAINLINE_RISE,True,10,0,0,False,611.082,514.778,555.6806,0.044573901806135297,611.082,0.0,1850458.3044321567,2,1.273485464207565,1.273485464207565,CPO,1.273485464207565,1.273485464207565,5,0,False,0.02,0,HOLD,CPO,NO_STRONGER_QUALIFIED_SECTOR,0,5,equal_capital,0.1,False,1997567.602123118
2025-06-17,CPO,1.0,1.0,3387.405,3374.2666,180,3301.2115055555555,,,False,,,,False,False,True,MAINLINE_RISE,True,11,0,0,False,606.8140000000001,521.6849,568.0024,-0.006984332708212526,611.082,-0.006984332708212526,1850458.3044321567,2,1.2947409297681127,1.2947409297681127,CPO,1.2947409297681127,1.2947409297681127,5,0,False,0.02,0,HOLD,CPO,NO_STRONGER_QUALIFIED_SECTOR,0,5,equal_capital,0.1,False,1976629.0832855655
2025-06-18,CPO,1.0,1.0,3388.809,3374.68315,180,3304.9430944444443,,,False,,,,False,False,True,MAINLINE_RISE,True,12,0,0,False,633.36,529.6328,580.153,0.04374651870260071,633.36,0.0,1850458.3044321567,2,1.335070256870755,1.335070256870755,CPO,1.335070256870755,1.335070256870755,4,0,False,0.02,0,HOLD,CPO,NO_STRONGER_QUALIFIED_SECTOR,0,5,equal_capital,0.1,False,2055172.416997457
2025-06-19,CPO,1.0,1.0,3362.108,3373.40985,180,3308.5987499999997,,,False,,,,False,False,False,MAINLINE_DECLINE,False,0,1,1,False,638.6179999999999,537.6754,590.3969999999999,0.008301755715548698,638.6179999999999,0.0,1850458.3044321567,2,1.3366752761812264,1.3366752761812264,CPO,1.3366752761812264,1.3366752761812264,5,0,False,0.02,0,HOLD,CPO,NO_STRONGER_QUALIFIED_SECTOR,0,5,equal_capital,0.1,False,2060136.2516971994
2025-06-20,CPO,1.0,1.0,3359.895,3372.3951500000003,180,3312.1688277777776,,,False,,,,False,False,False,MAINLINE_DECLINE,False,0,2,2,False,628.062,545.3315,598.2901999999999,-0.01652944326655359,638.6179999999999,-0.01652944326655359,1850458.3044321567,2,1.3224028298311368,1.3224028298311368,CPO,1.3224028298311368,1.3224028298311368,3,0,False,0.02,0,HOLD,CPO,NO_STRONGER_QUALIFIED_SECTOR,0,5,equal_capital,0.1,False,2018381.7723176652
2025-06-23,CPO,1.0,1.0,3381.582,3374.05565,180,3315.755272222222,,,False,,,,False,False,True,MAINLINE_RISE,True,1,0,0,False,613.12,552.782,602.5827999999999,-0.023790644872639932,638.6179999999999,-0.03992684202449659,1850458.3044321567,2,1.3210661265648231,1.3210661265648231,CPO,1.3210661265648231,1.3210661265648231,4,0,False,0.02,0,HOLD,CPO,NO_STRONGER_QUALIFIED_SECTOR,0,5,equal_capital,0.1,False,1995986.2638481925
2025-06-24,CPO,1.0,1.0,3420.566,3377.7419999999997,180,3319.5538944444443,,,False,,,,False,False,True,MAINLINE_RISE,True,2,0,0,False,612.2,560.096,607.5536,-0.0015005219206679632,638.6179999999999,-0.041367452843483754,1850458.3044321567,2,1.3139594780219779,1.3139594780219779,CPO,1.3139594780219779,1.3139594780219779,4,0,False,0.02,0,HOLD,CPO,NO_STRONGER_QUALIFIED_SECTOR,0,5,equal_capital,0.1,False,2013466.8926910425
2025-06-25,CPO,1.0,1.0,3455.974,3383.5063500000006,180,3323.481983333333,,,False,,,,False,False,True,MAINLINE_RISE,True,3,0,0,False,623.9159999999999,568.5514000000001,614.152,0.019137536752694917,638.6179999999999,-0.023021587239946295,1850458.3044321567,2,1.3718228351304285,1.3718228351304285,CPO,1.3718228351304285,1.3718228351304285,8,0,False,0.02,0,HOLD,CPO,NO_STRONGER_QUALIFIED_SECTOR,0,5,equal_capital,0.1,False,2048322.1822803856
2025-06-26,CPO,1.0,1.0,3448.453,3388.9324,180,3326.7338,,,False,,,,False,False,True,MAINLINE_RISE,True,4,0,0,False,646.5899999999999,577.0974,619.8768,0.03634143057719297,646.5899999999999,0.0,1850458.3044321567,2,1.3593247419429433,1.3593247419429433,CPO,1.3593247419429433,1.3593247419429433,5,0,False,0.02,0,HOLD,CPO,NO_STRONGER_QUALIFIED_SECTOR,0,5,equal_capital,0.1,False,2096870.2027455
2025-06-27,CPO,1.0,1.0,3424.227,3391.97145,180,3329.6666944444446,,,False,,,,False,False,True,MAINLINE_RISE,True,5,0,0,False,677.1379999999999,586.3724,629.0899999999999,0.04724477644256786,677.1379999999999,0.0,1850458.3044321567,2,1.3773101346925987,1.3773101346925987,CPO,1.3773101346925987,1.3773101346925987,3,0,False,0.02,0,HOLD,CPO,NO_STRONGER_QUALIFIED_SECTOR,0,5,equal_capital,0.1,False,2165650.665135557
2025-06-30,CPO,1.0,1.0,3444.426,3396.8184,180,3332.1304333333333,,,False,,,,False,False,True,MAINLINE_RISE,True,6,0,0,False,705.9259999999999,597.1274999999999,638.5744,0.04251422900501822,705.9259999999999,0.0,1850458.3044321567,2,1.4382467035026811,1.4382467035026811,CPO,1.4382467035026811,1.4382467035026811,10,0,False,0.02,0,HOLD,CPO,NO_STRONGER_QUALIFIED_SECTOR,0,5,equal_capital,0.1,False,2239338.6380232256
2025-07-01,CPO,1.0,1.0,3457.747,3401.60695,180,3334.1872,,,False,,,,False,False,True,MAINLINE_RISE,True,7,0,0,False,703.262,608.1108,648.2192,-0.003773766655428501,705.9259999999999,-0.003773766655428501,1850458.3044321567,2,1.4542345263401681,1.4542345263401681,CPO,1.4542345263401681,1.4542345263401681,10,0,False,0.02,0,HOLD,CPO,NO_STRONGER_QUALIFIED_SECTOR,0,5,equal_capital,0.1,False,2228576.196886398
2025-07-02,CPO,1.0,1.0,3454.792,3405.5364,180,3334.844394444444,,,False,,,,False,False,True,MAINLINE_RISE,True,8,0,0,False,679.21,616.4786,652.8041999999999,-0.03420062508709398,705.9259999999999,-0.03784532656397399,1850458.3044321567,2,1.3269604223079239,1.3269604223079239,CPO,1.3269604223079239,1.3269604223079239,5,0,False,0.02,0,HOLD,CPO,NO_STRONGER_QUALIFIED_SECTOR,0,5,equal_capital,0.1,False,2139566.4854661324
2025-07-03,CPO,1.0,1.0,3461.151,3409.389,180,3334.6853722222227,,,False,,,,False,False,True,MAINLINE_RISE,True,9,0,0,False,702.476,624.7935,659.1899999999999,0.03425450155327514,705.9259999999999,-0.0048871978082687395,1850458.3044321567,2,1.3101544636296156,1.3101544636296156,CPO,1.3101544636296156,1.3101544636296156,7,0,False,0.02,0,HOLD,CPO,NO_STRONGER_QUALIFIED_SECTOR,0,5,equal_capital,0.1,False,2204886.872142922
2025-07-04,CPO,1.0,1.0,3472.319,3413.7370499999997,180,3335.8712666666665,,,False,,,,False,False,True,MAINLINE_RISE,True,10,0,0,False,689.4999999999999,631.812,665.3338,-0.01847180544246363,705.9259999999999,-0.0232687278836593,1850458.3044321567,2,1.2556225301841093,1.2556225301841093,PCB,1.297192401645667,1.297192401645667,9,0,False,0.02,1,HOLD,CPO,SWITCH_CONFIRM_1_OF_2,0,5,equal_capital,0.1,False,2155888.186301797
2025-07-07,CPO,1.0,1.0,3473.127,3417.4048000000003,180,3336.822383333334,,,False,,,,False,False,True,MAINLINE_RISE,True,11,0,0,False,674.1679999999999,637.0106999999999,671.4385999999998,-0.022236403190717957,705.9259999999999,-0.04498771825942105,1850458.3044321567,2,1.1823484638561612,1.1823484638561612,PCB,1.268079152508495,1.268079152508495,4,0,False,0.02,0,SWITCH,PCB,STRONGER_RS20_MARGIN_2%,0,5,equal_capital,0.1,False,2118283.4780559377
2025-07-08,PCB,1.0,1.0,3497.475,3423.0377500000004,180,3338.3764777777783,,,False,,,,False,False,True,MAINLINE_RISE,True,12,0,0,False,339.63800000000003,287.74699999999996,307.1004,0.07070395006462604,339.63800000000003,0.0,1850458.3044321567,2,1.3458045394027771,1.3458045394027771,PCB,1.3458045394027771,1.3458045394027771,7,0,False,0.02,0,HOLD,PCB,NO_STRONGER_QUALIFIED_SECTOR,0,5,equal_capital,0.1,False,2254616.448118555
2025-07-09,PCB,1.0,1.0,3493.05,3427.57445,180,3339.5360722222217,,,False,,,,False,False,True,MAINLINE_RISE,True,13,0,0,False,335.864,291.6977,312.38960000000003,-0.011111830831650349,339.63800000000003,-0.011111830831650349,1850458.3044321567,2,1.3076270196612807,1.3076270196612807,CPO,1.3126223267351578,1.3126223267351578,7,0,False,0.02,0,HOLD,PCB,NO_STRONGER_QUALIFIED_SECTOR,0,5,equal_capital,0.1,False,2226120.325394431
2025-07-10,PCB,1.0,1.0,3509.682,3432.92565,180,3341.24935,,,False,,,,False,False,True,MAINLINE_RISE,True,14,0,0,False,332.482,295.4148,316.5346,-0.01006955196150805,339.63800000000003,-0.021069491635211657,1850458.3044321567,2,1.2879910126288063,1.2879910126288063,PCB,1.2879910126288063,1.2879910126288063,6,0,False,0.02,0,HOLD,PCB,NO_STRONGER_QUALIFIED_SECTOR,0,5,equal_capital,0.1,False,2236921.2600815375
2025-07-11,PCB,1.0,1.0,3510.177,3439.5847000000003,180,3342.9561777777776,,,False,,,,False,False,True,MAINLINE_RISE,True,15,0,0,False,326.73400000000004,298.9024,319.2906,-0.01728815394517591,339.63800000000003,-0.037993392965451456,1850458.3044321567,2,1.2714275708026244,1.2714275708026244,PCB,1.2714275708026244,1.2714275708026244,9,0,False,0.02,0,HOLD,PCB,NO_STRONGER_QUALIFIED_SECTOR,0,5,equal_capital,0.1,False,2186198.261283623
2025-07-14,PCB,1.0,1.0,3519.65,3446.1307500000003,180,3344.9021000000002,,,False,,,,False,False,True,MAINLINE_RISE,True,16,0,0,False,331.01800000000003,302.0515,322.31419999999997,0.013111583122662473,339.63800000000003,-0.02537996337276749,1850458.3044321567,2,1.2349758987598685,1.2349758987598685,PCB,1.2349758987598685,1.2349758987598685,6,0,False,0.02,0,HOLD,PCB,NO_STRONGER_QUALIFIED_SECTOR,0,5,equal_capital,0.1,False,2239670.542088583
2025-07-15,PCB,1.0,1.0,3504.999,3452.01045,180,3346.2545222222225,,,False,,,,False,False,True,MAINLINE_RISE,True,17,0,0,False,364.98199999999997,307.0496,328.03159999999997,0.10260469219196522,364.98199999999997,0.0,1850458.3044321567,2,1.3771866274243454,1.3771866274243454,CPO,1.3955281189952768,1.3955281189952768,9,0,False,0.02,0,SELL,,SECTOR_DAILY_GAIN_OVER_10%_PAUSE,0,5,equal_capital,0.1,False,2442946.47922426
2025-07-16,现金,0.0,0.0,3503.777,3457.7588499999997,180,3347.5637833333335,,,False,,,,False,False,True,MAINLINE_RISE,True,18,0,0,False,,,,,,,,0,,,CPO,1.3587754199823165,1.3587754199823165,8,0,False,0.02,0,BUY,CPO,ENTRY_TOP1,0,5,equal_capital,0.1,False,2437546.4345276337
2025-07-17,CPO,1.0,1.0,3516.826,3465.4947500000003,180,3348.8468888888888,,,False,,,,False,False,True,MAINLINE_RISE,True,19,0,0,False,909.6659999999999,710.9811,762.7722000000001,0.057021080788385525,909.6659999999999,0.0,2437546.4345276337,0,1.4244290013748437,1.4244290013748437,CPO,1.4244290013748437,1.4244290013748437,14,0,False,0.02,0,HOLD,CPO,NO_STRONGER_QUALIFIED_SECTOR,0,5,equal_capital,0.1,False,2600627.141194455
2025-07-18,CPO,1.0,1.0,3534.483,3474.2241499999996,180,3350.134,,,False,,,,False,False,True,MAINLINE_RISE,True,20,0,0,False,907.2900000000002,724.9425,784.5512000000001,-0.0026119476818962095,909.6659999999999,-0.0026119476818962095,2437546.4345276337,0,1.4445866809327745,1.4445866809327745,CPO,1.4445866809327745,1.4445866809327745,18,0,False,0.02,0,HOLD,CPO,NO_STRONGER_QUALIFIED_SECTOR,0,5,equal_capital,0.1,False,2577589.6505161882
2025-07-21,CPO,1.0,1.0,3559.791,3483.1346,180,3351.686933333333,,,False,,,,False,False,True,MAINLINE_RISE,True,21,0,0,False,902.316,739.4023,807.3660000000001,-0.005482260357768887,909.6659999999999,-0.008079888662432033,2437546.4345276337,0,1.4716792797494782,1.4716792797494782,CPO,1.4716792797494782,1.4716792797494782,21,0,False,0.02,0,HOLD,CPO,NO_STRONGER_QUALIFIED_SECTOR,0,5,equal_capital,0.1,False,2557012.9978130804
2025-07-22,CPO,1.0,1.0,3581.861,3491.19935,180,3353.2544944444444,,,False,,,,False,False,True,MAINLINE_RISE,True,22,0,0,False,894.824,753.5335,824.0996000000001,-0.00830307785742479,909.6659999999999,-0.016315878575213327,2437546.4345276337,0,1.461653054557334,1.461653054557334,CPO,1.461653054557334,1.461653054557334,19,0,False,0.02,0,HOLD,CPO,NO_STRONGER_QUALIFIED_SECTOR,0,5,equal_capital,0.1,False,2536307.892940979
2025-07-23,CPO,1.0,1.0,3582.298,3497.515549999999,180,3354.6994944444446,,,False,,,,False,False,True,MAINLINE_RISE,True,23,0,0,False,891.818,766.9286,840.046,-0.0033593198215514652,909.6659999999999,-0.01962038814246103,2437546.4345276337,0,1.4293879304265318,1.4293879304265318,CPO,1.4293879304265318,1.4293879304265318,14,0,False,0.02,0,HOLD,CPO,NO_STRONGER_QUALIFIED_SECTOR,0,5,equal_capital,0.1,False,2526906.9430909837
2025-07-24,CPO,1.0,1.0,3605.727,3505.3792499999995,180,3356.473494444445,,,False,,,,False,False,True,MAINLINE_RISE,True,24,0,0,False,880.392,778.6187,854.6098,-0.012812031154338599,909.6659999999999,-0.03218104227265817,2437546.4345276337,0,1.3615923537326593,1.3615923537326593,稀土永磁,1.4318388231531822,1.4318388231531822,18,0,False,0.02,1,HOLD,CPO,SWITCH_CONFIRM_1_OF_2,0,5,equal_capital,0.1,False,2495578.51066499
2025-07-25,CPO,1.0,1.0,3593.655,3513.8506500000003,180,3358.292477777778,,,False,,,,False,False,True,MAINLINE_RISE,True,25,0,0,False,879.394,788.7315000000001,870.2783999999999,-0.0011335859480777755,909.6659999999999,-0.033278148243421124,2437546.4345276337,0,1.2986924378782465,1.2986924378782465,稀土永磁,1.4412467296098284,1.4412467296098284,13,0,False,0.02,0,SWITCH,稀土永磁,STRONGER_RS20_MARGIN_2%,0,5,equal_capital,0.1,False,2492877.405682527
2025-07-28,稀土永磁,1.0,1.0,3597.937,3521.5261999999993,180,3360.059772222222,,,False,,,,False,False,True,MAINLINE_RISE,True,26,0,0,False,235.55,186.1542,205.7554,0.032842234499693035,235.55,0.0,2437546.4345276337,0,1.4531870789428225,1.4531870789428225,稀土永磁,1.4531870789428225,1.4531870789428225,11,0,False,0.02,0,HOLD,稀土永磁,NO_STRONGER_QUALIFIED_SECTOR,0,5,equal_capital,0.1,False,2555558.940268487
2025-07-29,稀土永磁,1.0,1.0,3609.711,3529.1244000000006,180,3361.9358666666667,,,False,,,,False,False,True,MAINLINE_RISE,True,27,0,0,False,231.79000000000005,189.654,210.80180000000001,-0.015962640628316538,235.55,-0.015962640628316538,2437546.4345276337,0,1.4326242011446655,1.4326242011446655,稀土永磁,1.4326242011446655,1.4326242011446655,15,0,False,0.02,0,HOLD,稀土永磁,NO_STRONGER_QUALIFIED_SECTOR,0,5,equal_capital,0.1,False,2514508.6001426126
2025-07-30,稀土永磁,1.0,1.0,3615.717,3537.17065,180,3363.6331444444445,,,False,,,,False,False,True,MAINLINE_RISE,True,28,0,0,False,230.234,193.1746,215.69760000000002,-0.006712972949652896,235.55,-0.0225684568032265,2437546.4345276337,0,1.440565128705685,1.440565128705685,CPO,1.4547930684177206,1.4547930684177206,13,0,False,0.02,0,HOLD,稀土永磁,NO_STRONGER_QUALIFIED_SECTOR,0,5,equal_capital,0.1,False,2465735.250165874
2025-07-31,稀土永磁,1.0,1.0,3573.208,3542.7735000000002,180,3364.6677055555556,,,False,,,,False,False,True,MAINLINE_RISE,True,29,0,0,False,220.17799999999997,196.15879999999999,219.15440000000004,-0.04367730222295596,235.55,-0.06526002971768219,2437546.4345276337,0,1.3718768302864903,1.3718768302864903,CPO,1.4303463748227698,1.4303463748227698,14,0,False,0.02,1,HOLD,稀土永磁,SWITCH_CONFIRM_1_OF_2,0,5,equal_capital,0.1,False,2398607.1792684915
2025-08-01,稀土永磁,1.0,1.0,3559.952,3547.15515,180,3365.6462944444443,,,False,,,,False,False,True,MAINLINE_RISE,True,30,0,0,False,212.632,198.8686,220.436,-0.03427227061740934,235.55,-0.09729569093610702,2437546.4345276337,0,1.3420687217551566,1.3420687217551566,CPO,1.4255025380710662,1.4255025380710662,13,0,False,0.02,0,SWITCH,CPO,STRONGER_RS20_MARGIN_2%,1,5,equal_capital,0.1,False,2353873.6709527383
2025-08-04,CPO,1.0,1.0,3583.309,3552.6642499999994,180,3366.272116666666,,,False,,,,False,False,True,MAINLINE_RISE,True,31,0,0,False,976.1479999999999,873.7386,940.1111999999999,-0.006853301101656051,976.1479999999999,0.0,2437546.4345276337,0,1.4479298928457003,1.4479298928457003,CPO,1.4479298928457003,1.4479298928457003,13,0,False,0.02,0,HOLD,CPO,NO_STRONGER_QUALIFIED_SECTOR,0,5,equal_capital,0.1,False,2359622.9136292064
2025-08-05,CPO,1.0,1.0,3617.598,3558.6704000000004,180,3367.1904555555557,,,False,,,,False,False,True,MAINLINE_RISE,True,32,0,0,False,972.8300000000002,886.0057,947.9118000000001,-0.0033990747304709634,976.1479999999999,-0.0033990747304709634,2437546.4345276337,0,1.3372454253540953,1.3372454253540953,CPO,1.3372454253540953,1.3372454253540953,10,0,False,0.02,0,HOLD,CPO,NO_STRONGER_QUALIFIED_SECTOR,0,5,equal_capital,0.1,False,2366324.5529784877
2025-08-06,CPO,1.0,1.0,3633.995,3565.71765,180,3368.1011722222224,,,False,,,,False,False,True,MAINLINE_RISE,True,33,0,0,False,981.5059999999997,898.4633000000001,956.8806000000001,0.008918310496180748,981.5059999999997,0.0,2437546.4345276337,0,1.3402070583351762,1.3402070583351762,CPO,1.3402070583351762,1.3402070583351762,7,0,False,0.02,0,HOLD,CPO,NO_STRONGER_QUALIFIED_SECTOR,0,5,equal_capital,0.1,False,2375964.1706860466
2025-08-07,CPO,1.0,1.0,3639.667,3572.2169000000004,180,3369.3106,,,False,,,,False,False,True,MAINLINE_RISE,True,34,0,0,False,969.1900000000002,910.1851,965.7603999999999,-0.012548063893648709,981.5059999999997,-0.012548063893648709,2437546.4345276337,0,1.3190673341009373,1.3190673341009373,CPO,1.3190673341009373,1.3190673341009373,7,0,False,0.02,0,HOLD,CPO,NO_STRONGER_QUALIFIED_SECTOR,0,5,equal_capital,0.1,False,2344135.267543049
2025-08-08,CPO,1.0,1.0,3635.128,3578.4644500000004,180,3370.3986555555557,,,False,,,,False,False,True,MAINLINE_RISE,True,35,0,0,False,963.9459999999999,922.247,974.2155999999999,-0.005410703783572113,981.5059999999997,-0.01789087382043497,2437546.4345276337,0,1.3337973289350609,1.3337973289350609,液冷,1.399757420091324,1.399757420091324,3,0,False,0.02,1,HOLD,CPO,SWITCH_CONFIRM_1_OF_2,1,5,equal_capital,0.1,False,2329514.2692236947
2025-08-11,CPO,1.0,1.0,3647.547,3584.8593,180,3371.8859222222222,,,False,,,,False,False,True,MAINLINE_RISE,True,36,0,0,False,1003.9519999999999,935.9614000000001,983.7694000000001,0.04150232481902516,1003.9519999999999,0.0,2437546.4345276337,0,1.375910007894044,1.375910007894044,液冷,1.4406709176601054,1.4406709176601054,6,0,False,0.02,0,SWITCH,液冷,STRONGER_RS20_MARGIN_2%,0,5,equal_capital,0.1,False,2411637.461130445
2025-08-12,液冷,1.0,1.0,3665.918,3592.90525,180,3373.7481,,,False,,,,False,False,True,MAINLINE_RISE,True,37,0,0,False,179.42,133.9427,149.0636,0.07897142307322214,179.42,0.0,2437546.4345276337,0,1.472176181958416,1.472176181958416,液冷,1.472176181958416,1.472176181958416,7,0,False,0.02,0,HOLD,液冷,NO_STRONGER_QUALIFIED_SECTOR,0,5,equal_capital,0.1,False,2588321.664357251
2025-08-13,液冷,1.0,1.0,3683.465,3601.88965,180,3375.7459666666673,,,False,,,,False,False,True,MAINLINE_RISE,True,38,0,0,False,187.046,137.3459,154.9236,0.042503622784527906,187.046,0.0,2437546.4345276337,0,1.5720529155670606,1.5720529155670606,液冷,1.5720529155670606,1.5720529155670606,13,0,False,0.02,0,HOLD,液冷,NO_STRONGER_QUALIFIED_SECTOR,0,5,equal_capital,0.1,False,2698799.663777763
2025-08-14,液冷,1.0,1.0,3666.443,3609.3705,180,3377.52615,,,False,,,,False,False,True,MAINLINE_RISE,True,39,0,0,False,188.108,140.7539,159.8288,0.005677747719812221,188.108,0.0,2437546.4345276337,0,1.5682462400373494,1.5682462400373494,液冷,1.5682462400373494,1.5682462400373494,8,0,False,0.02,0,HOLD,液冷,NO_STRONGER_QUALIFIED_SECTOR,0,5,equal_capital,0.1,False,2658919.5354617746
2025-08-15,液冷,1.0,1.0,3696.771,3617.4849000000004,180,3379.3527166666663,,,False,,,,False,False,True,MAINLINE_RISE,True,40,0,0,False,203.982,144.8091,166.18900000000002,0.0843876921768345,203.982,0.0,2437546.4345276337,0,1.6600367844528718,1.6600367844528718,液冷,1.6600367844528718,1.6600367844528718,11,0,False,0.02,0,HOLD,液冷,NO_STRONGER_QUALIFIED_SECTOR,0,5,equal_capital,0.1,False,2839608.214340781
2025-08-18,液冷,1.0,1.0,3728.027,3625.8967000000002,180,3381.339511111111,,,False,,,,False,False,True,MAINLINE_RISE,True,41,0,0,False,225.79800000000006,150.1085,174.2818,0.10695061328940825,225.79800000000006,0.0,2437546.4345276337,0,1.8846340038394132,1.8846340038394132,液冷,1.8846340038394132,1.8846340038394132,12,0,False,0.02,0,SELL,,SECTOR_DAILY_GAIN_OVER_10%_PAUSE,0,5,equal_capital,0.1,False,3151223.7622855944
2025-08-19,现金,0.0,0.0,3727.288,3633.16805,180,3383.8956,,,False,,,,False,False,True,MAINLINE_RISE,True,42,0,0,False,,,,,,,,0,,,液冷,1.9001311565940704,1.9001311565940704,10,0,False,0.02,0,BUY,液冷,ENTRY_TOP1,0,5,equal_capital,0.1,False,3172577.9465357317
2025-08-20,液冷,1.0,1.0,3766.21,3642.3636500000002,180,3386.6869888888887,,,False,,,,False,False,True,MAINLINE_RISE,True,43,0,0,False,224.914,160.78310000000002,189.8092,0.021361427728077587,224.914,0.0,3172577.9465357317,0,1.9432693969241401,1.9432693969241401,液冷,1.9432693969241401,1.9432693969241401,19,0,False,0.02,0,HOLD,液冷,NO_STRONGER_QUALIFIED_SECTOR,0,5,equal_capital,0.1,False,3310707.6585999057
2025-08-21,液冷,1.0,1.0,3771.099,3650.63225,180,3389.527777777778,,,False,,,,False,False,True,MAINLINE_RISE,True,44,0,0,False,211.772,165.5123,196.449,-0.05843122260063849,224.914,-0.05843122260063849,3172577.9465357317,0,1.807113356316346,1.807113356316346,液冷,1.807113356316346,1.807113356316346,14,0,False,0.02,0,HOLD,液冷,NO_STRONGER_QUALIFIED_SECTOR,0,5,equal_capital,0.1,False,3148254.7266128166
2025-08-22,液冷,1.0,1.0,3825.759,3662.2374499999996,180,3392.394333333333,,,False,,,,False,False,True,MAINLINE_RISE,True,45,0,0,False,215.362,170.4437,202.29000000000002,0.01695219386887792,224.914,-0.04246956614528219,3172577.9465357317,0,1.8448952318947351,1.8448952318947351,液冷,1.8448952318947351,1.8448952318947351,20,0,False,0.02,0,HOLD,液冷,NO_STRONGER_QUALIFIED_SECTOR,0,5,equal_capital,0.1,False,3220060.9020169983
2025-08-25,液冷,1.0,1.0,3883.562,3676.5187000000005,180,3395.6602444444447,,,False,,,,False,False,True,MAINLINE_RISE,True,46,0,0,False,221.908,175.5466,207.852,0.030395334367251392,224.914,-0.01336510844144878,3172577.9465357317,0,1.8515477680433876,1.8515477680433876,液冷,1.8515477680433876,1.8515477680433876,22,0,False,0.02,0,HOLD,液冷,NO_STRONGER_QUALIFIED_SECTOR,0,5,equal_capital,0.1,False,3262100.037762599
2025-08-26,液冷,1.0,1.0,3868.382,3689.45225,180,3398.6709444444446,,,False,,,,False,False,True,MAINLINE_RISE,True,47,0,0,False,220.96400000000003,180.535,212.00639999999999,-0.004254015177460713,224.914,-0.017562268244751156,3172577.9465357317,0,1.8231954849995051,1.8231954849995051,液冷,1.8231954849995051,1.8231954849995051,28,0,False,0.02,0,HOLD,液冷,NO_STRONGER_QUALIFIED_SECTOR,0,5,equal_capital,0.1,False,3248304.699293731
2025-08-27,液冷,1.0,1.0,3800.35,3698.6839,180,3401.0952111111114,,,False,,,,False,False,True,MAINLINE_RISE,True,48,0,0,False,228.77800000000002,185.5516,216.17960000000002,0.03536322658894653,228.77800000000002,0.0,3172577.9465357317,0,1.781122027933918,1.781122027933918,液冷,1.781122027933918,1.781122027933918,21,0,False,0.02,0,HOLD,液冷,NO_STRONGER_QUALIFIED_SECTOR,0,5,equal_capital,0.1,False,3253060.6909953677
2025-08-28,液冷,1.0,1.0,3843.597,3712.2033500000007,180,3403.6773833333327,,,False,,,,False,False,True,MAINLINE_RISE,True,49,0,0,False,248.878,191.0427,222.2566,0.08785809824371205,248.878,0.0,3172577.9465357317,0,1.7897681509607641,1.7897681509607641,液冷,1.7897681509607641,1.7897681509607641,26,0,False,0.02,0,HOLD,液冷,NO_STRONGER_QUALIFIED_SECTOR,0,5,equal_capital,0.1,False,3472195.1079890053
2025-08-29,液冷,1.0,1.0,3857.927,3727.1021,180,3406.417811111111,,,False,,,,False,False,True,MAINLINE_RISE,True,50,0,0,False,250.09,196.52820000000003,226.8674,0.004869855913339105,250.09,0.0,3172577.9465357317,0,1.7815215842712637,1.7815215842712637,CPO,1.8274994811188299,1.8274994811188299,24,0,False,0.02,1,HOLD,液冷,SWITCH_CONFIRM_1_OF_2,0,5,equal_capital,0.1,False,3462788.901706514
2025-09-01,液冷,1.0,1.0,3875.53,3741.7131500000005,180,3409.2326722222224,,,False,,,,False,False,True,MAINLINE_RISE,True,51,0,0,False,251.21200000000005,201.8453,229.4088,0.004486384901435603,251.21200000000005,0.0,3172577.9465357317,0,1.7340512183336787,1.7340512183336787,CPO,2.039647676376943,2.039647676376943,24,0,False,0.02,0,SWITCH,CPO,STRONGER_RS20_MARGIN_2%,0,5,equal_capital,0.1,False,3492126.7634701426
2025-09-02,CPO,1.0,1.0,3858.133,3753.7398999999996,180,3411.7552111111117,,,False,,,,False,False,True,MAINLINE_RISE,True,52,0,0,False,1835.348,1332.1948,1571.1997999999999,-0.07817687411037078,1835.348,0.0,3172577.9465357317,0,1.8866071153233346,1.8866071153233346,CPO,1.8866071153233346,1.8866071153233346,20,0,False,0.02,0,HOLD,CPO,NO_STRONGER_QUALIFIED_SECTOR,0,5,equal_capital,0.1,False,3223357.1122722724
2025-09-03,CPO,1.0,1.0,3813.557,3762.718,180,3414.0386722222224,,,False,,,,False,False,True,MAINLINE_RISE,True,53,0,0,False,1929.6999999999996,1379.6045,1636.3438,0.05140823429671082,1929.6999999999996,0.0,3172577.9465357317,0,1.9660603195497532,1.9660603195497532,CPO,1.9660603195497532,1.9660603195497532,20,0,False,0.02,0,HOLD,CPO,NO_STRONGER_QUALIFIED_SECTOR,0,5,equal_capital,0.1,False,3323079.7630792353
2025-09-04,CPO,1.0,1.0,3765.876,3769.0284500000002,180,3415.945422222222,,,False,,,,False,False,False,MAINLINE_DECLINE,False,0,1,1,False,1646.5520000000001,1413.4726,1674.3372,-0.14673161631341636,1929.6999999999996,-0.14673161631341636,3172577.9465357317,0,1.6988949535178859,1.6988949535178859,CPO,1.6988949535178859,1.6988949535178859,11,0,False,0.02,0,HOLD,CPO,NO_STRONGER_QUALIFIED_SECTOR,1,5,equal_capital,0.1,False,2895620.2239392255
2025-09-05,CPO,1.0,1.0,3812.514,3777.89775,180,3418.0566666666664,,,False,,,,False,False,True,MAINLINE_RISE,True,1,0,0,False,1815.118,1456.0312,1722.6502,0.10237514515180801,1929.6999999999996,-0.05937814168005373,3172577.9465357317,0,1.8830079693260826,1.8830079693260826,CPO,1.8830079693260826,1.8830079693260826,10,0,False,0.02,0,SELL,,SECTOR_DAILY_GAIN_OVER_10%_PAUSE,0,5,equal_capital,0.1,False,3133342.109029375
2025-09-08,现金,0.0,0.0,3826.841,3786.8624499999996,180,3420.086338888889,,,False,,,,False,False,True,MAINLINE_RISE,True,2,0,0,False,,,,,,,,1,,,CPO,1.6485210448308287,1.6485210448308287,10,0,False,0.02,0,BUY,CPO,ENTRY_TOP1,0,5,equal_capital,0.1,False,3070739.4452823126
2025-09-09,CPO,1.0,1.0,3807.292,3793.9311500000003,180,3422.394194444444,,,False,,,,False,False,True,MAINLINE_RISE,True,3,0,0,False,1631.548,1517.4515999999999,1760.6678,-0.014191836310509243,1631.548,0.0,3070739.4452823126,1,1.5476293463248796,1.5476293463248796,储能,1.4601629679409835,1.4601629679409835,9,0,False,0.02,0,HOLD,CPO,NO_STRONGER_QUALIFIED_SECTOR,1,5,equal_capital,0.1,False,3045448.291865497
2025-09-10,CPO,1.0,1.0,3812.221,3800.368949999999,180,3424.76025,,,False,,,,False,False,True,MAINLINE_RISE,True,4,0,0,False,1728.3820000000003,1544.4743,1779.27,0.05935099672213151,1728.3820000000003,0.0,3070739.4452823126,1,1.4549551824689713,1.4549551824689713,储能,1.4036198585816908,1.4036198585816908,10,0,False,0.02,0,HOLD,CPO,NO_STRONGER_QUALIFIED_SECTOR,2,5,equal_capital,0.1,False,3190970.316783521
2025-09-11,CPO,1.0,1.0,3875.309,3810.81225,180,3427.614827777778,,,False,,,,False,False,True,MAINLINE_RISE,True,5,0,0,False,1961.536,1585.4411,1799.0438000000001,0.13489726229502486,1961.536,0.0,3070739.4452823126,1,1.7173314655927159,1.7173314655927159,储能,1.4602441413608624,1.4602441413608624,12,0,False,0.02,0,SELL,,SECTOR_DAILY_GAIN_OVER_10%_PAUSE,0,5,equal_capital,0.1,False,3565944.281154739
2025-09-12,现金,0.0,0.0,3870.598,3819.5036,180,3430.328105555556,,,False,,,,False,False,True,MAINLINE_RISE,True,6,0,0,False,,,,,,,,0,,,储能,1.4099258688045164,1.4099258688045164,16,0,False,0.02,0,BUY,储能,ENTRY_TOP1,0,5,equal_capital,0.1,False,3460269.840799691
2025-09-15,储能,1.0,1.0,3860.504,3826.12745,180,3433.052944444444,,,False,,,,False,False,True,MAINLINE_RISE,True,7,0,0,False,792.754,661.3873000000001,743.7104,0.02260754255522235,792.754,0.0,3460269.840799691,0,1.4270999099909991,1.4270999099909991,CPO,1.510181616226925,1.510181616226925,17,0,False,0.02,1,HOLD,储能,SWITCH_CONFIRM_1_OF_2,0,5,equal_capital,0.1,False,3438622.604398003
2025-09-16,储能,1.0,1.0,3861.865,3832.8563000000004,180,3435.7962555555555,,,False,,,,False,False,True,MAINLINE_RISE,True,8,0,0,False,798.422,673.46,761.693,0.0071497589416136265,798.422,0.0,3460269.840799691,0,1.4335150313842087,1.4335150313842087,储能,1.4335150313842087,1.4335150313842087,16,0,False,0.02,0,HOLD,储能,NO_STRONGER_QUALIFIED_SECTOR,0,5,equal_capital,0.1,False,3451932.284846051
2025-09-17,储能,1.0,1.0,3876.341,3838.3628500000004,180,3438.7133888888884,,,False,,,,False,False,True,MAINLINE_RISE,True,9,0,0,False,809.3219999999999,685.9588,774.371,0.013651928428825677,809.3219999999999,0.0,3460269.840799691,0,1.4469076385636077,1.4469076385636077,储能,1.4469076385636077,1.4469076385636077,16,0,False,0.02,0,HOLD,储能,NO_STRONGER_QUALIFIED_SECTOR,0,5,equal_capital,0.1,False,3489266.082772157
2025-09-18,储能,1.0,1.0,3831.656,3841.3907,180,3441.1474333333335,,,False,,,,False,False,False,MAINLINE_DECLINE,False,0,1,1,False,795.6299999999999,698.1841000000001,784.6338,-0.016917864582947195,809.3219999999999,-0.016917864582947195,3460269.840799691,0,1.443649704966577,1.443649704966577,储能,1.443649704966577,1.443649704966577,12,0,False,0.02,0,HOLD,储能,NO_STRONGER_QUALIFIED_SECTOR,0,5,equal_capital,0.1,False,3440012.366415893
2025-09-19,储能,1.0,1.0,3820.089,3841.1072,180,3443.5182055555556,,,False,,,,False,False,False,MAINLINE_DECLINE,False,0,2,2,False,789.992,709.2837000000001,784.0146000000001,-0.007086208413458417,809.3219999999999,-0.02388418948206017,3460269.840799691,0,1.3908309859154928,1.3908309859154928,CPO,1.3945816328675633,1.3945816328675633,12,0,False,0.02,0,HOLD,储能,NO_STRONGER_QUALIFIED_SECTOR,0,5,equal_capital,0.1,False,3428029.7068516184
2025-09-22,储能,1.0,1.0,3828.576,3838.3579,180,3445.9098666666664,,,False,,,,False,False,False,MAINLINE_DECLINE,False,0,3,3,False,788.778,719.4730999999999,783.8460000000001,-0.001536724422525726,809.3219999999999,-0.025384210487296666,3460269.840799691,0,1.34836151045317,1.34836151045317,储能,1.34836151045317,1.34836151045317,12,0,False,0.02,0,HOLD,储能,NO_STRONGER_QUALIFIED_SECTOR,0,5,equal_capital,0.1,False,3409029.678966425
2025-09-23,储能,1.0,1.0,3821.833,3836.0304499999997,180,3448.252594444444,,,False,,,,False,False,False,MAINLINE_DECLINE,False,0,4,4,False,808.45,731.1524000000001,788.21,0.024939843656897054,809.3219999999999,-0.00107744507130636,3460269.840799691,0,1.4063326282390272,1.4063326282390272,储能,1.4063326282390272,1.4063326282390272,13,0,False,0.02,0,HOLD,储能,NO_STRONGER_QUALIFIED_SECTOR,0,5,equal_capital,0.1,False,3459873.3237635638
2025-09-24,储能,1.0,1.0,3853.642,3838.69505,180,3450.7321277777774,,,False,,,,False,False,True,MAINLINE_RISE,True,1,0,0,False,846.646,744.6791000000001,798.0378,0.047245964499968984,846.646,0.0,3460269.840799691,0,1.4695857749881966,1.4695857749881966,储能,1.4695857749881966,1.4695857749881966,14,0,False,0.02,0,HOLD,储能,NO_STRONGER_QUALIFIED_SECTOR,0,5,equal_capital,0.1,False,3597246.8926888583
2025-09-25,储能,1.0,1.0,3853.302,3839.1803,180,3453.518455555555,,,False,,,,False,False,True,NO_MAINLINE_ROTATION,False,0,1,0,False,883.432,759.4640999999999,808.8653999999999,0.04344909206445213,883.432,0.0,3460269.840799691,0,1.5031204698740244,1.5031204698740244,储能,1.5031204698740244,1.5031204698740244,12,0,False,0.02,0,HOLD,储能,NO_STRONGER_QUALIFIED_SECTOR,0,5,equal_capital,0.1,False,3728202.4720369163
2025-09-26,储能,1.0,1.0,3828.106,3837.6892500000004,180,3456.660372222222,,,False,,,,False,False,False,MAINLINE_DECLINE,False,0,2,1,False,854.0799999999999,771.3246999999999,816.7506,-0.0332249680790373,883.432,-0.0332249680790373,3460269.840799691,0,1.3845425601587371,1.3845425601587371,储能,1.3845425601587371,1.3845425601587371,11,0,False,0.02,0,HOLD,储能,NO_STRONGER_QUALIFIED_SECTOR,0,5,equal_capital,0.1,False,3593012.1877283985
2025-09-29,储能,1.0,1.0,3862.532,3837.03935,180,3460.277605555556,,,False,,,,False,False,True,NO_MAINLINE_ROTATION,False,0,3,0,False,904.6160000000002,785.8236,827.9368000000001,0.05917010116148402,904.6160000000002,0.0,3460269.840799691,0,1.4717866451472248,1.4717866451472248,储能,1.4717866451472248,1.4717866451472248,10,0,False,0.02,0,HOLD,储能,NO_STRONGER_QUALIFIED_SECTOR,0,5,equal_capital,0.1,False,3787172.868771095
2025-09-30,储能,1.0,1.0,3882.777,3838.27155,180,3464.03235,,,False,,,,False,False,True,MAINLINE_RISE,True,1,0,0,False,931.884,801.4879999999999,841.283,0.03014317677334888,931.884,0.0,3460269.840799691,0,1.506450090204269,1.506450090204269,储能,1.506450090204269,1.506450090204269,15,0,False,0.02,0,HOLD,储能,NO_STRONGER_QUALIFIED_SECTOR,0,5,equal_capital,0.1,False,3894421.5518600484
2025-10-09,储能,1.0,1.0,3933.972,3844.2923,180,3467.945283333333,,,False,,,,False,False,True,MAINLINE_RISE,True,2,0,0,False,933.5319999999999,814.0375,853.7040000000001,0.0017684604521592817,933.5319999999999,0.0,3460269.840799691,0,1.3677282863179114,1.3677282863179114,存储,1.3953245420878793,1.3953245420878793,18,0,False,0.02,1,HOLD,储能,SWITCH_CONFIRM_1_OF_2,0,5,equal_capital,0.1,False,3971141.412025599
2025-10-10,储能,1.0,1.0,3897.028,3850.8498999999997,180,3471.6500611111114,,,False,,,,False,False,True,MAINLINE_RISE,True,3,0,0,False,849.628,821.8688,859.1038000000001,-0.0898780116803708,933.5319999999999,-0.0898780116803708,3460269.840799691,0,1.2260108917434582,1.2260108917434582,存储,1.461552570974382,1.461552570974382,16,0,False,0.02,0,SWITCH,存储,STRONGER_RS20_MARGIN_2%,1,5,equal_capital,0.1,False,3616714.326828287
2025-10-13,存储,1.0,1.0,3889.502,3854.6993,180,3475.4173333333333,,,False,,,,False,False,True,MAINLINE_RISE,True,4,0,0,False,422.91,368.43230000000005,398.5328,-0.017137518476169178,422.91,0.0,3460269.840799691,0,1.3749146591241588,1.3749146591241588,存储,1.3749146591241588,1.3749146591241588,11,0,False,0.02,0,HOLD,存储,NO_STRONGER_QUALIFIED_SECTOR,0,5,equal_capital,0.1,False,3637342.5152779818
2025-10-14,存储,1.0,1.0,3865.229,3856.6187,180,3479.287916666667,,,False,,,,False,False,True,MAINLINE_RISE,True,5,0,0,False,399.6,372.74379999999996,401.272,-0.055118110236220486,422.91,-0.055118110236220486,3460269.840799691,0,1.275169926923445,1.275169926923445,存储,1.275169926923445,1.275169926923445,9,0,False,0.02,0,HOLD,存储,NO_STRONGER_QUALIFIED_SECTOR,1,5,equal_capital,0.1,False,3481527.861056156
2025-10-15,存储,1.0,1.0,3912.21,3861.8646,180,3483.462666666667,,,False,,,,False,False,True,MAINLINE_RISE,True,6,0,0,False,409.09400000000005,378.1037,405.0336,0.02375875875875888,422.91,-0.03266888936180268,3460269.840799691,0,1.3550825449823782,1.3550825449823782,存储,1.3550825449823782,1.3550825449823782,10,0,False,0.02,0,HOLD,存储,NO_STRONGER_QUALIFIED_SECTOR,0,5,equal_capital,0.1,False,3533126.254353488
2025-10-16,存储,1.0,1.0,3916.228,3867.06495,180,3487.2142666666664,,,False,,,,False,False,True,MAINLINE_RISE,True,7,0,0,False,423.10200000000003,383.97020000000003,408.5702,0.03424151906407813,423.10200000000003,0.0,3460269.840799691,0,1.383717279541619,1.383717279541619,存储,1.383717279541619,1.383717279541619,9,0,False,0.02,0,HOLD,存储,NO_STRONGER_QUALIFIED_SECTOR,0,5,equal_capital,0.1,False,3697359.685067668
2025-10-17,存储,1.0,1.0,3839.755,3865.28725,180,3490.617811111111,,,False,,,,False,False,False,MAINLINE_DECLINE,False,0,1,1,False,401.82800000000003,387.53589999999997,410.5786,-0.050281019706831964,423.10200000000003,-0.050281019706831964,3460269.840799691,0,1.2157669569216434,1.2157669569216434,存储,1.2157669569216434,1.2157669569216434,6,0,False,0.02,0,HOLD,存储,NO_STRONGER_QUALIFIED_SECTOR,1,5,equal_capital,0.1,False,3478223.9505468374
2025-10-20,存储,1.0,1.0,3863.893,3864.952,180,3494.105927777778,,,False,,,,False,False,False,MAINLINE_DECLINE,False,0,2,2,False,409.642,390.16769999999997,414.523,0.019446131180504977,423.10200000000003,-0.03181265983143555,3460269.840799691,0,1.147437297972583,1.147437297972583,电网设备,1.1790345711049517,1.1790345711049517,3,0,False,0.02,1,HOLD,存储,SWITCH_CONFIRM_1_OF_2,2,5,equal_capital,0.1,False,3501309.636650157
2025-10-21,存储,1.0,1.0,3916.332,3867.7434000000003,180,3497.853211111111,,,False,,,,False,False,True,MAINLINE_RISE,True,1,0,0,False,427.20799999999997,393.66780000000006,418.8982,0.0428813451745671,427.20799999999997,0.0,3460269.840799691,0,1.195970952335627,1.195970952335627,电网设备,1.2307583777568232,1.2307583777568232,4,0,False,0.02,0,HOLD,存储,RESEARCH_POLICY_BLOCK_STRONGER_RS20_MARGIN_2%,0,5,equal_capital,0.1,False,3627588.522380133
2025-10-22,存储,1.0,1.0,3913.758,3870.33805,180,3501.571988888889,,,False,,,,False,False,True,MAINLINE_RISE,True,2,0,0,False,414.596,396.605,418.4366,-0.029521919065185975,427.20799999999997,-0.029521919065185975,3460269.840799691,0,1.1650798646628375,1.1650798646628375,电网设备,1.1998139526076224,1.1998139526076224,1,0,False,0.02,1,HOLD,存储,SWITCH_CONFIRM_1_OF_2,1,5,equal_capital,0.1,False,3541337.0994485267
2025-10-23,存储,1.0,1.0,3922.41,3872.6414999999993,180,3505.3485833333334,,,False,,,,False,False,True,MAINLINE_RISE,True,3,0,0,False,412.39,399.63520000000005,415.06540000000007,-0.005320842458682695,427.20799999999997,-0.034685680043444855,3460269.840799691,0,1.1722751900303026,1.1722751900303026,电网设备,1.1435889426124122,1.1435889426124122,1,0,False,0.02,0,HOLD,存储,NO_STRONGER_QUALIFIED_SECTOR,2,5,equal_capital,0.1,False,3576252.175073322
2025-10-24,存储,1.0,1.0,3950.312,3878.5743,180,3509.4412944444443,,,False,,,,False,False,True,MAINLINE_RISE,True,4,0,0,False,444.92599999999993,404.087,416.5296,0.07889619049928442,444.92599999999993,0.0,3460269.840799691,0,1.2501784259181206,1.2501784259181206,存储,1.2501784259181206,1.2501784259181206,3,0,False,0.02,0,HOLD,存储,NO_STRONGER_QUALIFIED_SECTOR,0,5,equal_capital,0.1,False,3929040.9226355646
2025-10-27,存储,1.0,1.0,3996.945,3887.4171,180,3513.701188888889,,,False,,,,False,False,True,MAINLINE_RISE,True,5,0,0,False,483.82199999999995,410.5768,422.6208,0.08742127904415575,483.82199999999995,0.0,3460269.840799691,0,1.3666284397191164,1.3666284397191164,存储,1.3666284397191164,1.3666284397191164,6,0,False,0.02,0,HOLD,存储,NO_STRONGER_QUALIFIED_SECTOR,0,5,equal_capital,0.1,False,4289621.624615189
2025-10-28,存储,1.0,1.0,3988.224,3895.3994999999995,180,3517.787844444444,,,False,,,,False,False,True,MAINLINE_RISE,True,6,0,0,False,482.6240000000001,416.09759999999994,430.9232,-0.0024761172497320683,483.82199999999995,-0.0024761172497320683,3460269.840799691,0,1.2966513347375663,1.2966513347375663,存储,1.2966513347375663,1.2966513347375663,5,0,False,0.02,0,HOLD,存储,NO_STRONGER_QUALIFIED_SECTOR,0,5,equal_capital,0.1,False,4207355.727459715
2025-10-29,存储,1.0,1.0,4016.331,3905.1243999999997,180,3522.0419,,,False,,,,False,False,True,MAINLINE_RISE,True,7,0,0,False,482.15,421.6312,438.22880000000004,-0.0009821310171066466,483.82199999999995,-0.0034558163952858045,3460269.840799691,0,1.2979234301896747,1.2979234301896747,光伏,1.3097591700629865,1.3097591700629865,7,0,False,0.02,0,HOLD,存储,NO_STRONGER_QUALIFIED_SECTOR,0,5,equal_capital,0.1,False,4314958.8132428415
2025-10-30,存储,1.0,1.0,3986.901,3911.78735,180,3526.2497500000004,,,False,,,,False,False,True,MAINLINE_RISE,True,8,0,0,False,472.71000000000004,425.8799,443.1896,-0.01957896920045621,483.82199999999995,-0.022967124272976203,3460269.840799691,0,1.2191542699156128,1.2191542699156128,光伏,1.245839224492436,1.245839224492436,8,0,False,0.02,1,HOLD,存储,SWITCH_CONFIRM_1_OF_2,0,5,equal_capital,0.1,False,4342238.890472608
2025-10-31,存储,1.0,1.0,3954.79,3916.86175,180,3530.050477777778,,,False,,,,False,False,True,MAINLINE_RISE,True,9,0,0,False,446.326,429.10900000000004,447.6394,-0.05581434706268118,483.82199999999995,-0.07749957629045379,3460269.840799691,0,1.1691762018525504,1.1691762018525504,光伏,1.1838681466532122,1.1838681466532122,3,0,False,0.02,0,HOLD,存储,NO_STRONGER_QUALIFIED_SECTOR,1,5,equal_capital,0.1,False,4096299.211884877
2025-11-03,存储,1.0,1.0,3976.521,3924.2825,180,3533.788555555556,,,False,,,,False,False,True,MAINLINE_RISE,True,10,0,0,False,463.12399999999997,433.7553,452.98760000000004,0.03763616728579544,483.82199999999995,-0.04278019602250416,3460269.840799691,0,1.2510170233226543,1.2510170233226543,光伏,1.2526027098200274,1.2526027098200274,7,0,False,0.02,0,HOLD,存储,NO_STRONGER_QUALIFIED_SECTOR,0,5,equal_capital,0.1,False,4246975.678975372
2025-11-04,存储,1.0,1.0,3960.186,3929.1652000000004,180,3537.333088888889,,,False,,,,False,False,True,MAINLINE_RISE,True,11,0,0,False,451.346,437.14979999999997,455.4013999999999,-0.025431633860477865,483.82199999999995,-0.06712385960125822,3460269.840799691,0,1.1770476925644662,1.1770476925644662,电网设备,1.257678830444247,1.257678830444247,4,0,False,0.02,1,HOLD,存储,SWITCH_CONFIRM_1_OF_2,1,5,equal_capital,0.1,False,4072726.550292903
2025-11-05,存储,1.0,1.0,3969.248,3933.4887500000004,180,3540.9508166666665,,,False,,,,False,False,True,MAINLINE_RISE,True,12,0,0,False,441.31000000000006,438.25470000000007,458.07280000000003,-0.02223571273479752,483.82199999999995,-0.08786702547631131,3460269.840799691,0,1.0527131856912495,1.0527131856912495,电网设备,1.2323741231488696,1.2323741231488696,3,0,False,0.02,0,SWITCH,电网设备,STRONGER_RS20_MARGIN_2%,2,5,equal_capital,0.1,False,4028905.2086520707
2025-11-06,电网设备,1.0,1.0,4007.76,3937.1781499999997,180,3544.625122222222,,,False,,,,False,False,True,MAINLINE_RISE,True,13,0,0,False,1241.0,1057.6868,1115.459,0.0465049601467975,1241.0,0.0,3460269.840799691,0,1.2394952527631455,1.2394952527631455,光伏,1.2466234204174356,1.2466234204174356,2,0,False,0.02,0,HOLD,电网设备,NO_STRONGER_QUALIFIED_SECTOR,0,5,equal_capital,0.1,False,4239478.341588744
2025-11-07,电网设备,1.0,1.0,3997.556,3942.20455,180,3548.319972222222,,,False,,,,False,False,True,MAINLINE_RISE,True,14,0,0,False,1244.876,1069.9319,1136.7892,0.0031232876712328217,1244.876,0.0,3460269.840799691,0,1.244908367617558,1.244908367617558,光伏,1.327209592071666,1.327209592071666,3,0,False,0.02,1,HOLD,电网设备,SWITCH_CONFIRM_1_OF_2,0,5,equal_capital,0.1,False,4248597.604140239
2025-11-10,电网设备,1.0,1.0,4018.597,3948.6593000000003,180,3552.0526,,,False,,,,False,False,True,MAINLINE_RISE,True,15,0,0,False,1244.826,1082.5674,1156.663,-4.016464290412802e-05,1244.876,-4.016464290412802e-05,3460269.840799691,0,1.2547181982752018,1.2547181982752018,光伏,1.3375023724590356,1.3375023724590356,4,0,False,0.02,0,HOLD,电网设备,RESEARCH_POLICY_BLOCK_STRONGER_RS20_MARGIN_2%,0,5,equal_capital,0.1,False,4237668.635253124
2025-11-11,电网设备,1.0,1.0,4002.758,3955.53575,180,3555.646644444444,,,False,,,,False,False,True,MAINLINE_RISE,True,16,0,0,False,1207.308,1094.4208,1172.562,-0.030139151977866763,1244.876,-0.030178106092494383,3460269.840799691,0,1.2443395448548813,1.2443395448548813,光伏,1.309107154008368,1.309107154008368,4,0,False,0.02,1,HOLD,电网设备,SWITCH_CONFIRM_1_OF_2,0,5,equal_capital,0.1,False,4175113.9920098577
2025-11-12,电网设备,1.0,1.0,4000.14,3959.9322499999994,180,3559.40025,,,False,,,,False,False,True,MAINLINE_RISE,True,17,0,0,False,1197.058,1104.7197,1180.1709999999998,-0.008489962793255756,1244.876,-0.03841185788785384,3460269.840799691,0,1.2078318601929205,1.2078318601929205,电网设备,1.2078318601929205,1.2078318601929205,3,0,False,0.02,0,HOLD,电网设备,NO_STRONGER_QUALIFIED_SECTOR,0,5,equal_capital,0.1,False,4067391.4531832794
2025-11-13,电网设备,1.0,1.0,4029.501,3965.5958999999993,180,3563.1667055555554,,,False,,,,False,False,True,MAINLINE_RISE,True,18,0,0,False,1242.268,1116.2286,1194.9114,0.03776759355018733,1244.876,-0.0020949877738826173,3460269.840799691,0,1.2274283907557626,1.2274283907557626,电网设备,1.2274283907557626,1.2274283907557626,4,0,False,0.02,0,HOLD,电网设备,NO_STRONGER_QUALIFIED_SECTOR,0,5,equal_capital,0.1,False,4160095.42511559
2025-11-14,电网设备,1.0,1.0,3990.492,3973.1327499999998,180,3566.7206444444446,,,False,,,,False,False,True,MAINLINE_RISE,True,19,0,0,False,1204.98,1128.4128999999998,1206.6984,-0.030016067386425482,1244.876,-0.03204817186611353,3460269.840799691,0,1.2534978893033764,1.2534978893033764,电网设备,1.2534978893033764,1.2534978893033764,2,0,False,0.02,0,HOLD,电网设备,NO_STRONGER_QUALIFIED_SECTOR,1,5,equal_capital,0.1,False,4030537.937216947
2025-11-17,电网设备,1.0,1.0,3972.035,3978.5398499999997,180,3570.0146555555552,,,False,,,,False,False,False,MAINLINE_DECLINE,False,0,1,1,False,1180.926,1137.3902,1211.2705999999998,-0.019962157048249884,1244.876,-0.051370578274462675,3460269.840799691,0,1.179298567976193,1.179298567976193,商贸零售,1.1406215130551218,1.1406215130551218,1,0,False,0.02,0,HOLD,电网设备,NO_STRONGER_QUALIFIED_SECTOR,2,5,equal_capital,0.1,False,3983195.681366468
2025-11-18,电网设备,1.0,1.0,3939.813,3979.7138999999997,180,3573.1634611111117,,,False,,,,False,False,False,MAINLINE_DECLINE,False,0,2,2,False,1162.3319999999999,1143.1672,1211.1426,-0.015745271083878243,1244.876,-0.066307005677674,3460269.840799691,0,1.1103753181147735,1.1103753181147735,商贸零售,1.1040015464913977,1.1040015464913977,1,0,False,0.02,0,HOLD,电网设备,NO_STRONGER_QUALIFIED_SECTOR,3,5,equal_capital,0.1,False,3918353.1770124556
2025-11-19,电网设备,1.0,1.0,3946.742,3981.3631,180,3576.5006944444444,,,False,,,,False,False,False,BROAD_DECLINE_OR_NO_LEADER,False,0,3,3,False,1158.9140000000002,1150.424,1208.4488000000001,-0.002940640023676222,1244.876,-0.06905266066660432,3460269.840799691,0,1.1431634933880992,1.1431634933880992,,,,0,0,False,0.02,0,HOLD,电网设备,NO_STRONGER_QUALIFIED_SECTOR,4,5,equal_capital,0.1,False,3908495.033393773
2025-11-20,电网设备,1.0,1.0,3931.051,3981.7951500000004,180,3579.5608999999995,,,False,,,,False,False,False,BROAD_DECLINE_OR_NO_LEADER,False,0,4,4,False,1155.69,1157.6884,1199.9178000000002,-0.002781914792642226,1244.876,-0.07164247684106684,3460269.840799691,0,1.1437922727785574,1.1437922727785574,,,,0,0,False,0.02,0,SELL,,DOUBLE_MA20_BREAK,5,5,equal_capital,0.1,False,3886681.4975203844
2025-11-21,现金,0.0,0.0,3834.891,3976.0241,180,3582.043283333334,,,False,,,,False,False,False,BROAD_DECLINE_OR_NO_LEADER,False,0,5,5,False,,,,,,,,0,,,,,,0,0,False,0.02,0,CASH,,ENTRY_GATE_CLOSED_OR_NO_CANDIDATE,0,5,equal_capital,0.1,False,3814959.790884256
2025-11-24,现金,0.0,0.0,3836.766,3968.01515,180,3584.9092222222225,,,False,,,,False,False,False,BROAD_DECLINE_OR_NO_LEADER,False,0,6,6,False,,,,,,,,0,,,,,,0,0,False,0.02,0,CASH,,ENTRY_GATE_CLOSED_OR_NO_CANDIDATE,0,5,equal_capital,0.1,False,3814959.790884256
2025-11-25,现金,0.0,0.0,3870.023,3962.1050999999998,180,3587.981988888889,,,False,,,,False,False,False,BROAD_DECLINE_OR_NO_LEADER,False,0,7,7,False,,,,,,,,0,,,,,,0,0,False,0.02,0,CASH,,ENTRY_GATE_CLOSED_OR_NO_CANDIDATE,0,5,equal_capital,0.1,False,3814959.790884256
2025-11-26,现金,0.0,0.0,3864.184,3954.49775,180,3590.981844444445,,,False,,,,False,False,False,BROAD_DECLINE_OR_NO_LEADER,False,0,8,8,False,,,,,,,,0,,,,,,0,0,False,0.02,0,CASH,,ENTRY_GATE_CLOSED_OR_NO_CANDIDATE,0,5,equal_capital,0.1,False,3814959.790884256
2025-11-27,现金,0.0,0.0,3875.259,3948.9156500000004,180,3593.9445888888886,,,False,,,,False,False,False,BROAD_DECLINE_OR_NO_LEADER,False,0,9,9,False,,,,,,,,0,,,,,,0,0,False,0.02,0,CASH,,ENTRY_GATE_CLOSED_OR_NO_CANDIDATE,0,5,equal_capital,0.1,False,3814959.790884256
2025-11-28,现金,0.0,0.0,3888.596,3945.6059499999997,180,3596.764022222222,,,False,,,,False,False,False,BROAD_DECLINE_OR_NO_LEADER,False,0,10,10,False,,,,,,,,0,,,,,,0,0,False,0.02,0,CASH,,ENTRY_GATE_CLOSED_OR_NO_CANDIDATE,0,5,equal_capital,0.1,False,3814959.790884256
2025-12-01,现金,0.0,0.0,3914.006,3942.4802000000004,180,3599.772133333333,,,False,,,,False,False,False,BROAD_DECLINE_OR_NO_LEADER,False,0,11,11,False,,,,,,,,0,,,,,,0,0,False,0.02,0,CASH,,ENTRY_GATE_CLOSED_OR_NO_CANDIDATE,0,5,equal_capital,0.1,False,3814959.790884256
2025-12-02,现金,0.0,0.0,3897.712,3939.3565000000003,180,3602.7251833333335,,,False,,,,False,False,False,BROAD_DECLINE_OR_NO_LEADER,False,0,12,12,False,,,,,,,,0,,,,,,0,0,False,0.02,0,CASH,,ENTRY_GATE_CLOSED_OR_NO_CANDIDATE,0,5,equal_capital,0.1,False,3814959.790884256
2025-12-03,现金,0.0,0.0,3878.0,3934.7941,180,3605.492805555555,,,False,,,,False,False,False,BROAD_DECLINE_OR_NO_LEADER,False,0,13,13,False,,,,,,,,0,,,,,,0,0,False,0.02,0,CASH,,ENTRY_GATE_CLOSED_OR_NO_CANDIDATE,0,5,equal_capital,0.1,False,3814959.790884256
2025-12-04,现金,0.0,0.0,3875.793,3928.19575,180,3608.292077777777,,,False,,,,False,False,False,BROAD_DECLINE_OR_NO_LEADER,False,0,14,14,False,,,,,,,,0,,,,,,0,0,False,0.02,0,CASH,,ENTRY_GATE_CLOSED_OR_NO_CANDIDATE,0,5,equal_capital,0.1,False,3814959.790884256
2025-12-05,现金,0.0,0.0,3902.808,3923.45835,180,3611.314738888889,,,False,,,,False,False,False,BROAD_DECLINE_OR_NO_LEADER,False,0,15,15,False,,,,,,,,0,,,,,,0,0,False,0.02,0,CASH,,ENTRY_GATE_CLOSED_OR_NO_CANDIDATE,0,5,equal_capital,0.1,False,3814959.790884256
2025-12-08,现金,0.0,0.0,3924.078,3918.7324,180,3614.1176055555557,,,False,,,,False,False,True,NO_MAINLINE_ROTATION,False,0,16,0,False,,,,,,,,0,,,CPO,1.2049977664026834,1.2049977664026834,2,0,False,0.02,0,BUY,CPO,ENTRY_TOP1,0,5,equal_capital,0.1,False,3814959.790884256
2025-12-09,CPO,1.0,1.0,3909.522,3914.0706000000005,180,3616.8031222222226,,,False,,,,False,False,False,MAINLINE_DECLINE,False,0,17,1,False,2372.412,1908.6466999999998,2048.7794,0.03960505374157752,2372.412,0.0,3814959.790884256,0,1.3116451875072563,1.3116451875072563,CPO,1.3116451875072563,1.3116451875072563,4,0,False,0.02,0,HOLD,CPO,NO_STRONGER_QUALIFIED_SECTOR,0,5,equal_capital,0.1,False,3912699.1679735137
2025-12-10,CPO,1.0,1.0,3900.496,3909.0883999999996,180,3619.4183277777784,,,False,,,,False,False,False,MAINLINE_DECLINE,False,0,18,2,False,2407.738,1936.9093,2099.2232,0.014890331021761849,2407.738,0.0,3814959.790884256,0,1.3067876770841136,1.3067876770841136,CPO,1.3067876770841136,1.3067876770841136,4,0,False,0.02,0,HOLD,CPO,NO_STRONGER_QUALIFIED_SECTOR,0,5,equal_capital,0.1,False,3945060.600119026
2025-12-11,CPO,1.0,1.0,3873.318,3901.2792500000005,180,3621.901044444445,,,False,,,,False,False,False,MAINLINE_DECLINE,False,0,19,3,False,2297.76,1960.7655,2138.9413999999997,-0.04567689673876463,2407.738,-0.04567689673876463,3814959.790884256,0,1.262064465384624,1.262064465384624,CPO,1.262064465384624,1.262064465384624,3,0,False,0.02,0,HOLD,CPO,NO_STRONGER_QUALIFIED_SECTOR,0,5,equal_capital,0.1,False,3780880.591209544
2025-12-12,CPO,1.0,1.0,3889.346,3896.2219500000006,180,3624.5699222222224,,,False,,,,False,False,False,MAINLINE_DECLINE,False,0,20,4,False,2312.5240000000003,1989.1389,2179.1824,0.006425388204164051,2407.738,-0.03954500032810859,3814959.790884256,0,1.3251861258320654,1.3251861258320654,CPO,1.3251861258320654,1.3251861258320654,3,0,False,0.02,0,HOLD,CPO,NO_STRONGER_QUALIFIED_SECTOR,0,5,equal_capital,0.1,False,3821072.514767887
2025-12-15,CPO,1.0,1.0,3867.921,3891.0162499999997,180,3627.3648666666663,,,False,,,,False,False,False,MAINLINE_DECLINE,False,0,21,5,False,2279.1719999999996,2014.8434000000002,2211.0188,-0.014422336806018343,2407.738,-0.053397005820400856,3814959.790884256,0,1.2912555903918344,1.2912555903918344,CPO,1.2912555903918344,1.2912555903918344,4,0,False,0.02,0,HOLD,CPO,NO_STRONGER_QUALIFIED_SECTOR,0,5,equal_capital,0.1,False,3711199.008615018
2025-12-16,CPO,1.0,1.0,3824.812,3885.2661999999996,180,3629.891444444445,,,False,,,,False,False,False,MAINLINE_DECLINE,False,0,22,6,False,2182.8320000000003,2035.4633000000001,2229.8566,-0.04226973655344979,2407.738,-0.0934096650050793,3814959.790884256,0,1.2329361049324632,1.2329361049324632,商业航天,1.3592116685679028,1.3592116685679028,3,0,False,0.02,1,HOLD,CPO,SWITCH_CONFIRM_1_OF_2,1,5,equal_capital,0.1,False,3553986.8588062963
2025-12-17,CPO,1.0,1.0,3870.278,3881.443,180,3632.6709,,,False,,,,False,False,False,MAINLINE_DECLINE,False,0,23,7,False,2369.428,2063.6805,2265.5094,0.08548344535905628,2407.738,-0.01591119964049248,3814959.790884256,0,1.3126414061617075,1.3126414061617075,商业航天,1.3342990492153863,1.3342990492153863,6,0,False,0.02,0,HOLD,CPO,NO_STRONGER_QUALIFIED_SECTOR,0,5,equal_capital,0.1,False,3848786.88373187
2025-12-18,CPO,1.0,1.0,3876.371,3878.7090000000003,180,3635.491311111111,,,False,,,,False,False,False,MAINLINE_DECLINE,False,0,24,8,False,2296.9199999999996,2086.8248,2289.4049999999997,-0.030601478500296375,2407.738,-0.04602577190707635,3814959.790884256,0,1.252386815075402,1.252386815075402,商业航天,1.3876771650706494,1.3876771650706494,4,0,False,0.02,1,HOLD,CPO,SWITCH_CONFIRM_1_OF_2,0,5,equal_capital,0.1,False,3778547.5039310763
2025-12-19,CPO,1.0,1.0,3890.448,3881.48685,180,3638.361861111111,,,False,,,,False,False,True,NO_MAINLINE_ROTATION,False,0,25,0,False,2308.732,2117.2023999999997,2310.955,0.0051425387040038295,2407.738,-0.04111992251648633,3814959.790884256,0,1.357135635264934,1.357135635264934,商业航天,1.485014761578147,1.485014761578147,6,0,False,0.02,0,SWITCH,商业航天,STRONGER_RS20_MARGIN_2%,1,5,equal_capital,0.1,False,3776189.8157023806
2025-12-22,商业航天,1.0,1.0,3917.364,3885.51675,180,3641.5066222222217,,,False,,,,False,False,True,NO_MAINLINE_ROTATION,False,0,26,0,False,411.776,331.01789999999994,366.8442,0.033636564451673845,411.776,0.0,3814959.790884256,0,1.454124261065478,1.454124261065478,商业航天,1.454124261065478,1.454124261065478,11,0,False,0.02,0,HOLD,商业航天,NO_STRONGER_QUALIFIED_SECTOR,0,5,equal_capital,0.1,False,3902849.190939891
2025-12-23,商业航天,1.0,1.0,3919.979,3888.01455,180,3644.7523611111114,,,False,,,,False,False,True,MAINLINE_RISE,True,1,0,0,False,387.26,336.12019999999995,372.81399999999996,-0.059537224121852694,411.776,-0.059537224121852694,3814959.790884256,0,1.3577874858877894,1.3577874858877894,CPO,1.4138049521824054,1.4138049521824054,9,0,False,0.02,1,HOLD,商业航天,SWITCH_CONFIRM_1_OF_2,0,5,equal_capital,0.1,False,3673634.9980548183
2025-12-24,商业航天,1.0,1.0,3940.947,3891.8527000000004,180,3648.0440944444445,,,False,,,,False,False,True,MAINLINE_RISE,True,2,0,0,False,416.66399999999993,343.0611,380.9664,0.07592831689304336,416.66399999999993,0.0,3814959.790884256,0,1.4996220928140047,1.4996220928140047,商业航天,1.4996220928140047,1.4996220928140047,10,0,False,0.02,0,HOLD,商业航天,NO_STRONGER_QUALIFIED_SECTOR,0,5,equal_capital,0.1,False,3875209.059813007
2025-12-25,商业航天,1.0,1.0,3959.621,3896.0708,180,3651.430172222222,,,False,,,,False,False,True,MAINLINE_RISE,True,3,0,0,False,453.59399999999994,351.82239999999996,391.776,0.0886325672484305,453.59399999999994,0.0,3814959.790884256,0,1.6294760892056552,1.6294760892056552,商业航天,1.6294760892056552,1.6294760892056552,8,0,False,0.02,0,HOLD,商业航天,NO_STRONGER_QUALIFIED_SECTOR,0,5,equal_capital,0.1,False,4104911.3403996406
2025-12-26,商业航天,1.0,1.0,3963.679,3899.8249500000006,180,3654.8839,,,False,,,,False,False,True,MAINLINE_RISE,True,4,0,0,False,487.4419999999999,361.8327,405.7856,0.07462179834830263,487.4419999999999,0.0,3814959.790884256,0,1.6970087314960518,1.6970087314960518,商业航天,1.6970087314960518,1.6970087314960518,11,0,False,0.02,0,HOLD,商业航天,NO_STRONGER_QUALIFIED_SECTOR,0,5,equal_capital,0.1,False,4363899.421708685
2025-12-29,商业航天,1.0,1.0,3965.28,3902.38865,180,3659.7100333333333,,,False,,,,False,False,True,MAINLINE_RISE,True,5,0,0,False,515.9239999999999,373.03499999999997,420.44759999999997,0.05843156724287191,515.9239999999999,0.0,3814959.790884256,0,1.7676015321469922,1.7676015321469922,商业航天,1.7676015321469922,1.7676015321469922,7,0,False,0.02,0,HOLD,商业航天,NO_STRONGER_QUALIFIED_SECTOR,0,5,equal_capital,0.1,False,4600384.105801271
2025-12-30,商业航天,1.0,1.0,3965.116,3905.7588499999997,180,3664.2631833333335,,,False,,,,False,False,True,MAINLINE_RISE,True,6,0,0,False,511.284,384.0284,433.6857999999999,-0.008993572696753493,515.9239999999999,-0.008993572696753493,3814959.790884256,0,1.7544815658714685,1.7544815658714685,商业航天,1.7544815658714685,1.7544815658714685,9,0,False,0.02,0,HOLD,商业航天,NO_STRONGER_QUALIFIED_SECTOR,0,5,equal_capital,0.1,False,4649023.373820274
2025-12-31,商业航天,1.0,1.0,3968.84,3910.3008499999996,180,3668.6077944444446,,,False,,,,False,False,True,MAINLINE_RISE,True,7,0,0,False,558.21,397.72659999999996,452.57019999999994,0.0917806933133054,558.21,0.0,3814959.790884256,0,1.963827107505471,1.963827107505471,商业航天,1.963827107505471,1.963827107505471,8,0,False,0.02,0,HOLD,商业航天,NO_STRONGER_QUALIFIED_SECTOR,0,5,equal_capital,0.1,False,5008717.585825197
2026-01-05,商业航天,1.0,1.0,4023.417,3917.6820500000003,180,3673.051011111111,,,False,,,,False,False,True,MAINLINE_RISE,True,8,0,0,False,580.566,411.4213,472.10960000000006,0.04004944375772568,580.566,0.0,3814959.790884256,0,1.8931170762247616,1.8931170762247616,商业航天,1.8931170762247616,1.8931170762247616,12,0,False,0.02,0,HOLD,商业航天,NO_STRONGER_QUALIFIED_SECTOR,0,5,equal_capital,0.1,False,5303707.957999716
2026-01-06,商业航天,1.0,1.0,4083.667,3926.725,180,3677.7479000000003,,,False,,,,False,False,True,MAINLINE_RISE,True,9,0,0,False,627.3,426.76719999999995,495.00199999999995,0.08049730779962982,627.3,0.0,3814959.790884256,0,1.9579751671442218,1.9579751671442218,商业航天,1.9579751671442218,1.9579751671442218,13,0,False,0.02,0,HOLD,商业航天,NO_STRONGER_QUALIFIED_SECTOR,0,5,equal_capital,0.1,False,5743312.435303692
2026-01-07,商业航天,1.0,1.0,4085.772,3934.8096999999993,180,3682.3199222222224,,,False,,,,False,False,True,MAINLINE_RISE,True,10,0,0,False,599.866,440.32759999999996,513.8109999999999,-0.04373346086402041,627.3,-0.04373346086402041,3814959.790884256,0,1.8251982303793,1.8251982303793,商业航天,1.8251982303793,1.8251982303793,12,0,False,0.02,0,HOLD,商业航天,NO_STRONGER_QUALIFIED_SECTOR,0,5,equal_capital,0.1,False,5625503.913934778
2026-01-08,商业航天,1.0,1.0,4082.979,3943.4825499999997,180,3686.849461111111,,,False,,,,False,False,True,MAINLINE_RISE,True,11,0,0,False,626.39,455.26900000000006,537.7239999999999,0.04421654169431166,627.3,-0.0014506615654391597,3814959.790884256,0,1.9122792021052502,1.9122792021052502,商业航天,1.9122792021052502,1.9122792021052502,13,0,False,0.02,0,HOLD,商业航天,NO_STRONGER_QUALIFIED_SECTOR,0,5,equal_capital,0.1,False,5845321.2162555065
2026-01-09,商业航天,1.0,1.0,4120.426,3954.4790499999995,180,3691.5406944444444,,,False,,,,False,False,True,MAINLINE_RISE,True,12,0,0,False,663.374,471.6807,562.395,0.05904308817190573,663.374,0.0,3814959.790884256,0,1.979393686220684,1.979393686220684,商业航天,1.979393686220684,1.979393686220684,16,0,False,0.02,0,HOLD,商业航天,NO_STRONGER_QUALIFIED_SECTOR,0,5,equal_capital,0.1,False,6187774.831632729
2026-01-12,商业航天,1.0,1.0,4165.287,3969.0775000000003,180,3696.4570611111108,,,False,,,,False,False,True,MAINLINE_RISE,True,13,0,0,False,734.858,491.1486999999999,590.5214,0.1077582178379013,734.858,0.0,3814959.790884256,0,2.126952978020133,2.126952978020133,商业航天,2.126952978020133,2.126952978020133,25,0,False,0.02,0,SELL,,SECTOR_DAILY_GAIN_OVER_10%_PAUSE,0,5,equal_capital,0.1,False,6900612.326536146
2026-01-13,现金,0.0,0.0,4138.759,3981.5481499999996,180,3701.2461111111115,,,False,,,,False,False,True,MAINLINE_RISE,True,14,0,0,False,,,,,,,,0,,,商业航天,2.086098587575501,2.086098587575501,19,0,False,0.02,0,BUY,商业航天,ENTRY_TOP1,0,5,equal_capital,0.1,False,7129717.42701881
2026-01-14,商业航天,1.0,1.0,4126.093,3994.4567500000003,180,3705.8831055555556,,,False,,,,False,False,True,MAINLINE_RISE,True,15,0,0,False,726.76,527.8841,635.3206,0.002983723388692905,726.76,0.0,7129717.42701881,0,1.9679180295907979,1.9679180295907979,商业航天,1.9679180295907979,1.9679180295907979,22,0,False,0.02,0,HOLD,商业航天,NO_STRONGER_QUALIFIED_SECTOR,0,5,equal_capital,0.1,False,7167751.978359723
2026-01-15,商业航天,1.0,1.0,4112.601,4008.8462,180,3710.3989055555558,,,False,,,,False,False,True,MAINLINE_RISE,True,16,0,0,False,654.324,541.6551999999999,649.6246,-0.09966976718586606,726.76,-0.09966976718586606,7129717.42701881,0,1.7268950810499815,1.7268950810499815,商业航天,1.7268950810499815,1.7268950810499815,24,0,False,0.02,0,HOLD,商业航天,NO_STRONGER_QUALIFIED_SECTOR,0,5,equal_capital,0.1,False,6456456.9816464735
2026-01-16,商业航天,1.0,1.0,4101.913,4020.42795,180,3714.874227777778,,,False,,,,False,False,True,MAINLINE_RISE,True,17,0,0,False,625.08,554.4408999999999,656.3116,-0.04469345461881258,726.76,-0.13990863558808952,7129717.42701881,0,1.692305193222982,1.692305193222982,商业航天,1.692305193222982,1.692305193222982,22,0,False,0.02,0,HOLD,商业航天,NO_STRONGER_QUALIFIED_SECTOR,1,5,equal_capital,0.1,False,6215994.442569588
2026-01-19,商业航天,1.0,1.0,4114.0,4032.3093999999996,180,3719.4115166666666,,,False,,,,False,False,True,MAINLINE_RISE,True,18,0,0,False,638.7700000000001,567.1207999999999,662.132,0.021901196646829213,726.76,-0.12107160548186457,7129717.42701881,0,1.6584019606825005,1.6584019606825005,商业航天,1.6584019606825005,1.6584019606825005,20,0,False,0.02,0,HOLD,商业航天,NO_STRONGER_QUALIFIED_SECTOR,2,5,equal_capital,0.1,False,6175407.83864219
2026-01-20,商业航天,1.0,1.0,4113.649,4043.4694500000005,180,3723.9592333333335,,,False,,,,False,False,True,MAINLINE_RISE,True,19,0,0,False,610.056,577.7048,660.4076,-0.04495201715797559,726.76,-0.1605812097528757,7129717.42701881,0,1.5313573106813663,1.5313573106813663,5G,1.5384959864807772,1.5384959864807772,16,0,False,0.02,0,HOLD,商业航天,NO_STRONGER_QUALIFIED_SECTOR,3,5,equal_capital,0.1,False,5886477.391011945
2026-01-21,商业航天,1.0,1.0,4116.94,4053.44825,180,3728.56215,,,False,,,,False,False,True,MAINLINE_RISE,True,20,0,0,False,605.0899999999999,587.3705,660.9300000000001,-0.00814023630617533,726.76,-0.16741427706533119,7129717.42701881,0,1.4694639804165368,1.4694639804165368,存储,1.4206187003576571,1.4206187003576571,13,0,False,0.02,0,HOLD,商业航天,NO_STRONGER_QUALIFIED_SECTOR,4,5,equal_capital,0.1,False,5804310.051804944
2026-01-22,商业航天,1.0,1.0,4122.576,4063.5780999999997,180,3733.2061555555556,,,False,,,,False,False,True,MAINLINE_RISE,True,21,0,0,False,630.7099999999999,599.5429999999999,661.362,0.042340808805301666,726.76,-0.1321619241565305,7129717.42701881,0,1.6286474203377574,1.6286474203377574,存储,1.3946817922111432,1.3946817922111432,13,0,False,0.02,0,HOLD,商业航天,NO_STRONGER_QUALIFIED_SECTOR,5,5,equal_capital,0.1,False,6072868.637080321
2026-01-23,商业航天,1.0,1.0,4136.164,4073.33895,180,3737.968005555556,,,False,,,,False,False,True,MAINLINE_RISE,True,22,0,0,False,691.238,613.2717,664.1484,0.09596803602289516,726.76,-0.04887720843194443,7129717.42701881,0,1.6589818174836324,1.6589818174836324,存储,1.3270248803020959,1.3270248803020959,11,0,False,0.02,0,HOLD,商业航天,NO_STRONGER_QUALIFIED_SECTOR,0,5,equal_capital,0.1,False,6602902.620482082
2026-01-26,商业航天,1.0,1.0,4132.605,4081.9881499999997,180,3742.5040666666664,,,False,,,,False,False,True,MAINLINE_RISE,True,23,0,0,False,623.7540000000001,621.7796999999999,653.038,-0.09762773458635077,726.76,-0.1417331718861795,7129717.42701881,0,1.3751372372650437,1.3751372372650437,黄金概念,1.4348196105377957,1.4348196105377957,12,0,False,0.02,1,HOLD,商业航天,SWITCH_CONFIRM_1_OF_2,1,5,equal_capital,0.1,False,5982735.528844805
2026-01-27,商业航天,1.0,1.0,4139.904,4090.7994,180,3746.9331722222223,,,False,,,,False,False,True,MAINLINE_RISE,True,24,0,0,False,623.536,628.5844,642.9318000000001,-0.0003494967567345686,726.76,-0.14203313335901813,7129717.42701881,0,1.279200397175459,1.279200397175459,黄金概念,1.3878252816792713,1.3878252816792713,14,0,False,0.02,0,SWITCH,黄金概念,STRONGER_RS20_MARGIN_2%,2,5,equal_capital,0.1,False,6033845.820154034
2026-01-28,黄金概念,1.0,1.0,4151.238,4100.097299999999,180,3751.3734055555556,,,False,,,,False,False,True,MAINLINE_RISE,True,25,0,0,False,492.044,378.4452,415.4044,0.09443799406565168,492.044,0.0,7129717.42701881,0,1.5550737645854142,1.5550737645854142,黄金概念,1.5550737645854142,1.5550737645854142,11,0,False,0.02,0,HOLD,黄金概念,NO_STRONGER_QUALIFIED_SECTOR,0,5,equal_capital,0.1,False,6419193.135854501
2026-01-29,黄金概念,1.0,1.0,4157.985,4109.74075,180,3755.906661111111,,,False,,,,False,False,True,MAINLINE_RISE,True,26,0,0,False,508.22599999999994,388.0032,428.5491999999999,0.032887302761541504,508.22599999999994,0.0,7129717.42701881,0,1.6029028656494233,1.6029028656494233,黄金概念,1.6029028656494233,1.6029028656494233,12,0,False,0.02,0,HOLD,黄金概念,NO_STRONGER_QUALIFIED_SECTOR,0,5,equal_capital,0.1,False,6681341.624493515
2026-01-30,黄金概念,1.0,1.0,4117.948,4117.196150000001,180,3760.066122222222,,,False,,,,False,False,True,MAINLINE_RISE,True,27,0,0,False,458.254,394.98609999999996,437.6456,-0.09832633513436917,508.22599999999994,-0.09832633513436917,7129717.42701881,0,1.4383545305025802,1.4383545305025802,黄金概念,1.4383545305025802,1.4383545305025802,12,0,False,0.02,0,HOLD,黄金概念,NO_STRONGER_QUALIFIED_SECTOR,0,5,equal_capital,0.1,False,6050994.3036525175
2026-02-02,黄金概念,1.0,1.0,4015.746,4116.8126,180,3763.6265388888887,,,False,,,,False,False,False,MAINLINE_DECLINE,False,0,1,1,False,413.044,399.1796,440.8918,-0.09865707664308443,508.22599999999994,-0.18728282299606858,7129717.42701881,0,1.254789260391161,1.254789260391161,黄金概念,1.254789260391161,1.254789260391161,5,0,False,0.02,0,HOLD,黄金概念,NO_STRONGER_QUALIFIED_SECTOR,1,5,equal_capital,0.1,False,5467061.328463673
2026-02-03,黄金概念,1.0,1.0,4067.738,4116.01615,180,3767.314261111111,,,False,,,,False,False,False,MAINLINE_DECLINE,False,0,2,2,False,411.75,402.9573,443.1465999999999,-0.0031328381479939216,508.22599999999994,-0.18982893437171644,7129717.42701881,0,1.2247320015705123,1.2247320015705123,光纤概念,1.263907974330278,1.263907974330278,6,0,False,0.02,1,HOLD,黄金概念,SWITCH_CONFIRM_1_OF_2,2,5,equal_capital,0.1,False,5492414.288229949
2026-02-04,黄金概念,1.0,1.0,4102.202,4116.8376499999995,180,3771.321933333333,,,False,,,,False,False,False,MAINLINE_DECLINE,False,0,3,3,False,402.72799999999995,406.3205,441.5727999999999,-0.021911353976927894,508.22599999999994,-0.20758087937256264,7129717.42701881,0,1.200510337920015,1.200510337920015,光纤概念,1.2615638458526763,1.2615638458526763,6,0,False,0.02,1,SELL,,DOUBLE_MA20_BREAK,3,5,equal_capital,0.1,False,5430635.231021061
2026-02-05,现金,0.0,0.0,4075.917,4116.484549999999,180,3775.2577944444442,,,False,,,,False,False,False,MAINLINE_DECLINE,False,0,4,4,False,,,,,,,,1,,,光纤概念,1.1950116891530294,1.1950116891530294,6,0,False,0.02,1,CASH,,ENTRY_GATE_CLOSED_OR_NO_CANDIDATE,0,5,equal_capital,0.1,False,5275760.059517781
2026-02-06,现金,0.0,0.0,4065.583,4113.7424,180,3779.135572222222,,,False,,,,False,False,False,MAINLINE_DECLINE,False,0,5,5,False,,,,,,,,1,,,光纤概念,1.2303596320044607,1.2303596320044607,3,0,False,0.02,1,CASH,,ENTRY_GATE_CLOSED_OR_NO_CANDIDATE,0,5,equal_capital,0.1,False,5275760.059517781
2026-02-09,现金,0.0,0.0,4123.09,4111.63255,180,3783.2611944444443,,,False,,,,False,False,True,NO_MAINLINE_ROTATION,False,0,6,0,False,,,,,,,,1,,,光纤概念,1.2647130813162906,1.2647130813162906,3,0,False,0.02,1,CASH,,ENTRY_GATE_CLOSED_OR_NO_CANDIDATE,0,5,equal_capital,0.1,False,5275760.059517781
2026-02-10,现金,0.0,0.0,4128.373,4111.11325,180,3787.3767444444447,,,False,,,,False,False,True,NO_MAINLINE_ROTATION,False,0,7,0,False,,,,,,,,1,,,光纤概念,1.3983027805206143,1.3983027805206143,5,0,False,0.02,1,CASH,,ENTRY_GATE_CLOSED_OR_NO_CANDIDATE,0,5,equal_capital,0.1,False,5275760.059517781
2026-02-11,现金,0.0,0.0,4131.985,4111.40785,180,3791.553388888889,,,False,,,,False,False,True,NO_MAINLINE_ROTATION,False,0,8,0,False,,,,,,,,1,,,光纤概念,1.332600652586454,1.332600652586454,7,0,False,0.02,1,CASH,,ENTRY_GATE_CLOSED_OR_NO_CANDIDATE,0,5,equal_capital,0.1,False,5275760.059517781
2026-02-12,现金,0.0,0.0,4134.018,4112.4787,180,3795.9180888888886,,,False,,,,False,False,True,NO_MAINLINE_ROTATION,False,0,9,0,False,,,,,,,,1,,,光纤概念,1.3663359590067865,1.3663359590067865,9,0,False,0.02,1,BUY,光纤概念,ENTRY_TOP1,0,5,equal_capital,0.1,False,5275760.059517781
2026-02-13,光纤概念,1.0,1.0,4082.073,4111.4866999999995,180,3800.002722222223,,,False,,,,False,False,False,MAINLINE_DECLINE,False,0,10,1,False,188.48399999999998,171.4144,184.1906,-0.06001456228368518,188.48399999999998,0.0,5275760.059517781,1,1.2730072537180368,1.2730072537180368,光纤概念,1.2730072537180368,1.2730072537180368,5,0,False,0.02,0,HOLD,光纤概念,NO_STRONGER_QUALIFIED_SECTOR,0,5,equal_capital,0.1,False,5012567.042227518
2026-02-24,光纤概念,1.0,1.0,4117.409,4111.65715,180,3804.3178444444447,,,False,,,,False,False,True,MAINLINE_RISE,True,1,0,0,False,201.954,173.9948,187.27299999999997,0.07146495193225966,201.954,0.0,5275760.059517781,1,1.3432615433732857,1.3432615433732857,光纤概念,1.3432615433732857,1.3432615433732857,5,0,False,0.02,0,HOLD,光纤概念,NO_STRONGER_QUALIFIED_SECTOR,0,5,equal_capital,0.1,False,5340784.082873224
2026-02-25,光纤概念,1.0,1.0,4147.231,4113.336249999999,180,3808.8028388888883,,,False,,,,False,False,True,MAINLINE_RISE,True,2,0,0,False,195.494,176.3057,188.9788,-0.03198748229794912,201.954,-0.03198748229794912,5275760.059517781,1,1.3096144055306946,1.3096144055306946,光纤概念,1.3096144055306946,1.3096144055306946,7,0,False,0.02,0,HOLD,光纤概念,NO_STRONGER_QUALIFIED_SECTOR,0,5,equal_capital,0.1,False,5179828.312319143
2026-02-26,光纤概念,1.0,1.0,4146.631,4114.8208,180,3813.1538666666665,,,False,,,,False,False,True,MAINLINE_RISE,True,3,0,0,False,211.498,179.2831,192.0842,0.08186440504567916,211.498,0.0,5275760.059517781,1,1.3918920697597894,1.3918920697597894,光纤概念,1.3918920697597894,1.3918920697597894,9,0,False,0.02,0,HOLD,光纤概念,NO_STRONGER_QUALIFIED_SECTOR,0,5,equal_capital,0.1,False,5532559.397616649
2026-02-27,光纤概念,1.0,1.0,4162.882,4116.8361,180,3817.683838888889,,,False,,,,False,False,True,MAINLINE_RISE,True,4,0,0,False,221.58799999999997,182.9126,197.27239999999998,0.047707306924888115,221.58799999999997,0.0,5275760.059517781,1,1.4871877474865434,1.4871877474865434,光纤概念,1.4871877474865434,1.4871877474865434,7,0,False,0.02,0,HOLD,光纤概念,NO_STRONGER_QUALIFIED_SECTOR,0,5,equal_capital,0.1,False,5686400.604593797
2026-03-02,光纤概念,1.0,1.0,4182.591,4119.157450000001,180,3822.242811111111,,,False,,,,False,False,True,MAINLINE_RISE,True,5,0,0,False,230.08,186.7526,202.6272,0.03832337491199911,230.08,0.0,5275760.059517781,1,1.501043841336117,1.501043841336117,光纤概念,1.501043841336117,1.501043841336117,9,0,False,0.02,0,HOLD,光纤概念,NO_STRONGER_QUALIFIED_SECTOR,0,5,equal_capital,0.1,False,5954424.04185514
2026-03-03,光纤概念,1.0,1.0,4122.676,4118.661,180,3826.3898833333333,,,False,,,,False,False,True,MAINLINE_RISE,True,6,0,0,False,222.96000000000004,189.8311,206.3218,-0.030945757997218215,230.08,-0.030945757997218215,5275760.059517781,1,1.3814982340913313,1.3814982340913313,航运港口,1.3955290611028313,1.3955290611028313,5,0,False,0.02,0,HOLD,光纤概念,NO_STRONGER_QUALIFIED_SECTOR,0,5,equal_capital,0.1,False,5884276.843821034
2026-03-04,光纤概念,1.0,1.0,4082.474,4115.7895,180,3830.2697444444443,,,False,,,,False,False,False,MAINLINE_DECLINE,False,0,1,1,False,226.5,192.9581,209.4294,0.015877287405812623,230.08,-0.015559805285118244,5275760.059517781,1,1.3814344962185898,1.3814344962185898,光纤概念,1.3814344962185898,1.3814344962185898,6,0,False,0.02,0,HOLD,光纤概念,NO_STRONGER_QUALIFIED_SECTOR,0,5,equal_capital,0.1,False,6013697.015097572
2026-03-05,光纤概念,1.0,1.0,4108.567,4113.655949999999,180,3834.2875722222216,,,False,,,,False,False,False,MAINLINE_DECLINE,False,0,2,2,False,231.478,196.0526,213.05540000000002,0.021977924944812433,231.478,0.0,5275760.059517781,1,1.3649432742882752,1.3649432742882752,光纤概念,1.3649432742882752,1.3649432742882752,5,0,False,0.02,0,HOLD,光纤概念,NO_STRONGER_QUALIFIED_SECTOR,0,5,equal_capital,0.1,False,5953399.728650496
2026-03-06,光纤概念,1.0,1.0,4124.194,4111.966399999999,180,3838.3121388888885,,,False,,,,False,False,True,NO_MAINLINE_ROTATION,False,0,3,0,False,223.32800000000003,199.0694,215.3364,-0.03520852953628417,231.478,-0.03520852953628417,5275760.059517781,1,1.3701776774320213,1.3701776774320213,光纤概念,1.3701776774320213,1.3701776774320213,6,0,False,0.02,0,HOLD,光纤概念,NO_STRONGER_QUALIFIED_SECTOR,0,5,equal_capital,0.1,False,5743199.323763456
2026-03-09,光纤概念,1.0,1.0,4096.602,4110.8991,180,3842.266505555556,,,False,,,,False,False,False,MAINLINE_DECLINE,False,0,4,1,False,215.294,201.10399999999998,218.0174,-0.03597399340879792,231.478,-0.06991593153561027,5275760.059517781,1,1.2330557496477703,1.2330557496477703,光纤概念,1.2330557496477703,1.2330557496477703,6,0,False,0.02,0,HOLD,光纤概念,NO_STRONGER_QUALIFIED_SECTOR,1,5,equal_capital,0.1,False,5558700.363104261
2026-03-10,光纤概念,1.0,1.0,4123.138,4116.2687,180,3846.271072222222,,,False,,,,False,False,True,NO_MAINLINE_ROTATION,False,0,5,0,False,233.686,204.2318,221.1906,0.08542736908599391,233.686,0.0,5275760.059517781,1,1.3655466604335884,1.3655466604335884,光纤概念,1.3655466604335884,1.3655466604335884,7,0,False,0.02,0,HOLD,光纤概念,NO_STRONGER_QUALIFIED_SECTOR,0,5,equal_capital,0.1,False,6002318.614879662
2026-03-11,光纤概念,1.0,1.0,4133.433,4119.55345,180,3850.3309333333336,,,False,,,,False,False,True,MAINLINE_RISE,True,1,0,0,False,240.36399999999998,207.32819999999998,225.67759999999998,0.028576808195612813,240.36399999999998,0.0,5275760.059517781,1,1.3470600103118204,1.3470600103118204,光纤概念,1.3470600103118204,1.3470600103118204,7,0,False,0.02,0,HOLD,光纤概念,NO_STRONGER_QUALIFIED_SECTOR,0,5,equal_capital,0.1,False,6108796.440141626
2026-03-12,光纤概念,1.0,1.0,4129.103,4120.898499999999,180,3854.509305555556,,,False,,,,False,False,True,MAINLINE_RISE,True,2,0,0,False,246.474,210.6297,229.1752,0.025419780000332848,246.474,0.0,5275760.059517781,1,1.3659307042628184,1.3659307042628184,光纤概念,1.3659307042628184,1.3659307042628184,5,0,False,0.02,0,HOLD,光纤概念,NO_STRONGER_QUALIFIED_SECTOR,0,5,equal_capital,0.1,False,6230307.584016241
2026-03-13,光纤概念,1.0,1.0,4095.449,4121.8751,180,3858.4355277777777,,,False,,,,False,False,False,MAINLINE_DECLINE,False,0,1,1,False,235.474,213.9181,230.56380000000004,-0.04462945381662975,246.474,-0.04462945381662975,5275760.059517781,1,1.387540805864259,1.387540805864259,光纤概念,1.387540805864259,1.387540805864259,5,0,False,0.02,0,HOLD,光纤概念,NO_STRONGER_QUALIFIED_SECTOR,0,5,equal_capital,0.1,False,5981245.787369148
2026-03-16,光纤概念,1.0,1.0,4084.786,4122.835249999999,180,3862.309866666667,,,False,,,,False,False,False,MAINLINE_DECLINE,False,0,2,2,False,223.63999999999996,216.2735,229.91980000000004,-0.050256079227430805,246.474,-0.09264263167717501,5275760.059517781,1,1.2668524686742344,1.2668524686742344,光纤概念,1.2668524686742344,1.2668524686742344,5,0,False,0.02,0,HOLD,光纤概念,NO_STRONGER_QUALIFIED_SECTOR,1,5,equal_capital,0.1,False,5713221.749742471
2026-03-17,光纤概念,1.0,1.0,4049.907,4119.1761,180,3865.9826333333335,,,False,,,,False,False,False,MAINLINE_DECLINE,False,0,3,3,False,207.17999999999998,217.3318,228.3418,-0.07360042926131272,246.474,-0.15942452347915004,5275760.059517781,1,1.113787134301719,1.113787134301719,煤炭,1.1763221805663622,1.1763221805663622,1,0,False,0.02,0,SELL,,DOUBLE_MA20_BREAK,2,5,equal_capital,0.1,False,5312215.851010039
2026-03-18,现金,0.0,0.0,4062.984,4115.90665,180,3869.876388888889,,,False,,,,False,False,False,MAINLINE_DECLINE,False,0,4,4,False,,,,,,,,0,,,煤炭,1.1676207977006618,1.1676207977006618,3,0,False,0.02,0,CASH,,ENTRY_GATE_CLOSED_OR_NO_CANDIDATE,0,5,equal_capital,0.1,False,5356973.992718083
2026-03-19,现金,0.0,0.0,4006.552,4109.635,180,3873.468927777778,,,False,,,,False,False,False,MAINLINE_DECLINE,False,0,5,5,False,,,,,,,,0,,,航运港口,1.2369409996242013,1.2369409996242013,5,0,False,0.02,0,CASH,,ENTRY_GATE_CLOSED_OR_NO_CANDIDATE,0,5,equal_capital,0.1,False,5356973.992718083
2026-03-20,现金,0.0,0.0,3957.053,4100.78675,180,3876.6659888888885,,,False,,,,False,False,False,MAINLINE_DECLINE,False,0,6,6,False,,,,,,,,0,,,航运港口,1.1583385664304298,1.1583385664304298,4,0,False,0.02,0,CASH,,ENTRY_GATE_CLOSED_OR_NO_CANDIDATE,0,5,equal_capital,0.1,False,5356973.992718083
2026-03-23,现金,0.0,0.0,3813.283,4087.3472500000003,180,3878.84775,,,False,,,,False,False,False,MAINLINE_DECLINE,False,0,7,7,False,,,,,,,,0,,,航运港口,1.2135332637373064,1.2135332637373064,3,0,False,0.02,0,CASH,,ENTRY_GATE_CLOSED_OR_NO_CANDIDATE,0,5,equal_capital,0.1,False,5356973.992718083
2026-03-24,现金,0.0,0.0,3881.28,4075.5408,180,3881.2105611111115,,,False,,,,False,False,False,MAINLINE_DECLINE,False,0,8,8,False,,,,,,,,0,,,航运港口,1.20388695729696,1.20388695729696,2,0,False,0.02,0,CASH,,ENTRY_GATE_CLOSED_OR_NO_CANDIDATE,0,5,equal_capital,0.1,False,5356973.992718083
2026-03-25,现金,0.0,0.0,3931.838,4064.7711500000005,180,3883.896033333333,,,False,,,,False,False,False,MAINLINE_DECLINE,False,0,9,9,False,,,,,,,,0,,,航运港口,1.1259158289316749,1.1259158289316749,3,0,False,0.02,0,CASH,,ENTRY_GATE_CLOSED_OR_NO_CANDIDATE,0,5,equal_capital,0.1,False,5356973.992718083
2026-03-26,现金,0.0,0.0,3889.084,4051.8937999999994,180,3886.4785722222223,,,False,,,,False,False,False,MAINLINE_DECLINE,False,0,10,10,False,,,,,,,,0,,,储能,1.1581277119100062,1.1581277119100062,1,0,False,0.02,0,CASH,,ENTRY_GATE_CLOSED_OR_NO_CANDIDATE,0,5,equal_capital,0.1,False,5356973.992718083
2026-03-27,现金,0.0,0.0,3913.724,4039.4358999999995,180,3889.0857833333334,,,False,,,,False,False,False,MAINLINE_DECLINE,False,0,11,11,False,,,,,,,,0,,,储能,1.16222669278416,1.16222669278416,1,0,False,0.02,0,CASH,,ENTRY_GATE_CLOSED_OR_NO_CANDIDATE,0,5,equal_capital,0.1,False,5356973.992718083
2026-03-30,现金,0.0,0.0,3923.287,4026.4706999999994,180,3891.6721166666666,,,False,,,,False,False,False,BROAD_DECLINE_OR_NO_LEADER,False,0,12,12,False,,,,,,,,0,,,,,,0,0,False,0.02,0,CASH,,ENTRY_GATE_CLOSED_OR_NO_CANDIDATE,0,5,equal_capital,0.1,False,5356973.992718083
2026-03-31,现金,0.0,0.0,3891.861,4014.92995,180,3894.100277777778,,,False,,,,False,False,False,BROAD_DECLINE_OR_NO_LEADER,False,0,13,13,False,,,,,,,,0,,,,,,0,0,False,0.02,0,CASH,,ENTRY_GATE_CLOSED_OR_NO_CANDIDATE,0,5,equal_capital,0.1,False,5356973.992718083
2026-04-01,现金,0.0,0.0,3948.552,4008.2338499999996,180,3896.8080611111113,,,False,,,,False,False,False,BROAD_DECLINE_OR_NO_LEADER,False,0,14,14,False,,,,,,,,0,,,,,,0,0,False,0.02,0,CASH,,ENTRY_GATE_CLOSED_OR_NO_CANDIDATE,0,5,equal_capital,0.1,False,5356973.992718083
2026-04-02,现金,0.0,0.0,3919.285,3998.7697500000004,180,3899.2912055555557,,,False,,,,False,False,False,BROAD_DECLINE_OR_NO_LEADER,False,0,15,15,False,,,,,,,,0,,,,,,0,0,False,0.02,0,CASH,,ENTRY_GATE_CLOSED_OR_NO_CANDIDATE,0,5,equal_capital,0.1,False,5356973.992718083
2026-04-03,现金,0.0,0.0,3880.097,3986.5649000000003,180,3901.55215,,,False,,,,False,False,False,MAINLINE_DECLINE,False,0,16,16,False,,,,,,,,0,,,光纤概念,1.1565410517266084,1.1565410517266084,1,0,False,0.02,0,CASH,,ENTRY_GATE_CLOSED_OR_NO_CANDIDATE,0,5,equal_capital,0.1,False,5356973.992718083
2026-04-07,现金,0.0,0.0,3890.165,3976.24305,180,3903.7337611111107,,,False,,,,False,False,False,MAINLINE_DECLINE,False,0,17,17,False,,,,,,,,0,,,光纤概念,1.2120170557470247,1.2120170557470247,1,0,False,0.02,0,CASH,,ENTRY_GATE_CLOSED_OR_NO_CANDIDATE,0,5,equal_capital,0.1,False,5356973.992718083
2026-04-08,现金,0.0,0.0,3994.998,3969.8360500000003,180,3906.5223611111114,,,False,,,,False,False,True,NO_MAINLINE_ROTATION,False,0,18,0,False,,,,,,,,0,,,CPO,1.1758901255309937,1.1758901255309937,1,0,False,0.02,0,BUY,CPO,ENTRY_TOP1,0,5,equal_capital,0.1,False,5356973.992718083
2026-04-09,CPO,1.0,1.0,3966.171,3961.4729499999994,180,3909.058411111111,,,False,,,,False,False,True,NO_MAINLINE_ROTATION,False,0,19,0,False,2891.25,2588.5051,2664.5958,0.002183746685384458,2891.25,0.0,5356973.992718083,0,1.1844977360883735,1.1844977360883735,CPO,1.1844977360883735,1.1844977360883735,1,0,False,0.02,0,HOLD,CPO,NO_STRONGER_QUALIFIED_SECTOR,0,5,equal_capital,0.1,False,5557724.627505038
2026-04-10,CPO,1.0,1.0,3986.225,3954.3290500000003,180,3911.703122222222,,,False,,,,False,False,True,NO_MAINLINE_ROTATION,False,0,20,0,False,3047.76,2621.4468,2704.7118,0.05413229571984446,3047.76,0.0,5356973.992718083,0,1.2757866924299874,1.2757866924299874,CPO,1.2757866924299874,1.2757866924299874,1,0,False,0.02,0,HOLD,CPO,NO_STRONGER_QUALIFIED_SECTOR,0,5,equal_capital,0.1,False,5735753.929464526
2026-04-13,CPO,1.0,1.0,3988.558,3948.9845,180,3914.3081666666667,,,False,,,,False,False,True,NO_MAINLINE_ROTATION,False,0,21,0,False,3017.736,2651.8913999999995,2747.792,-0.009851169383416125,3047.76,-0.009851169383416125,5356973.992718083,0,1.252773529543632,1.252773529543632,CPO,1.252773529543632,1.252773529543632,3,0,False,0.02,0,HOLD,CPO,NO_STRONGER_QUALIFIED_SECTOR,0,5,equal_capital,0.1,False,5781019.359832699
2026-04-14,CPO,1.0,1.0,4026.626,3946.0765,180,3917.2060944444447,,,False,,,,False,False,True,NO_MAINLINE_ROTATION,False,0,22,0,False,3070.568,2682.8952,2794.6174,0.01750716431125854,3070.568,0.0,5356973.992718083,0,1.253041430047517,1.253041430047517,CPO,1.253041430047517,1.253041430047517,5,0,False,0.02,0,HOLD,CPO,NO_STRONGER_QUALIFIED_SECTOR,0,5,equal_capital,0.1,False,5829519.895784411
2026-04-15,CPO,1.0,1.0,4027.21,3944.9416499999998,180,3920.1140555555558,,,False,,,,False,False,True,NO_MAINLINE_ROTATION,False,0,23,0,False,2994.1639999999998,2717.606,2843.5212,-0.02488269271353072,3070.568,-0.02488269271353072,5356973.992718083,0,1.3018398676839646,1.3018398676839646,CPO,1.3018398676839646,1.3018398676839646,3,0,False,0.02,0,HOLD,CPO,NO_STRONGER_QUALIFIED_SECTOR,0,5,equal_capital,0.1,False,5740073.417923652
2026-04-16,CPO,1.0,1.0,4055.547,3944.5698,180,3923.1069500000003,,,False,,,,False,False,True,NO_MAINLINE_ROTATION,False,0,24,0,False,3182.004,2751.7846,2896.0646,0.06273537454862188,3182.004,0.0,5356973.992718083,0,1.2736004021722422,1.2736004021722422,CPO,1.2736004021722422,1.2736004021722422,4,0,False,0.02,0,HOLD,CPO,NO_STRONGER_QUALIFIED_SECTOR,0,5,equal_capital,0.1,False,6008407.683067376
2026-04-17,CPO,1.0,1.0,4051.425,3946.81345,180,3925.97885,,,False,,,,False,False,True,NO_MAINLINE_ROTATION,False,0,25,0,False,3418.988,2796.4336,2980.4686,0.07447633629624595,3418.988,0.0,5356973.992718083,0,1.3535143198279658,1.3535143198279658,CPO,1.3535143198279658,1.3535143198279658,6,0,False,0.02,0,HOLD,CPO,NO_STRONGER_QUALIFIED_SECTOR,0,5,equal_capital,0.1,False,6501872.396261452
2026-04-20,CPO,1.0,1.0,4082.127,3953.0671500000003,180,3928.880716666667,,,False,,,,False,False,True,MAINLINE_RISE,True,1,0,0,False,3398.936,2832.9252,3055.1498,-0.005864893354407652,3418.988,-0.005864893354407652,5356973.992718083,0,1.2734370785102418,1.2734370785102418,CPO,1.2734370785102418,1.2734370785102418,10,0,False,0.02,0,HOLD,CPO,NO_STRONGER_QUALIFIED_SECTOR,0,5,equal_capital,0.1,False,6573548.655967909
2026-04-21,CPO,1.0,1.0,4085.077,3966.6568500000003,180,3931.676361111111,,,False,,,,False,False,True,MAINLINE_RISE,True,2,0,0,False,3370.154,2872.4990000000003,3127.6510000000003,-0.008467944086031687,3418.988,-0.014283173851443731,5356973.992718083,0,1.3069309157638138,1.3069309157638138,光纤概念,1.4453750363164592,1.4453750363164592,12,0,False,0.02,1,HOLD,CPO,SWITCH_CONFIRM_1_OF_2,0,5,equal_capital,0.1,False,6621811.737489975
2026-04-22,CPO,1.0,1.0,4106.258,3977.9057499999994,180,3934.5872500000005,,,False,,,,False,False,True,MAINLINE_RISE,True,3,0,0,False,3555.1980000000003,2920.0936,3194.6758,0.05490668972397117,3555.1980000000003,0.0,5356973.992718083,0,1.3656473729941854,1.3656473729941854,光纤概念,1.468649287743855,1.468649287743855,12,0,False,0.02,0,SWITCH,光纤概念,STRONGER_RS20_MARGIN_2%,0,5,equal_capital,0.1,False,6951773.441933548
2026-04-23,光纤概念,1.0,1.0,4093.25,3985.9763499999995,180,3937.295711111111,,,False,,,,False,False,True,MAINLINE_RISE,True,4,0,0,False,319.116,261.901,276.1538,0.03589583779677841,319.116,0.0,5356973.992718083,0,1.4091744091567453,1.4091744091567453,光纤概念,1.4091744091567453,1.4091744091567453,9,0,False,0.02,0,HOLD,光纤概念,NO_STRONGER_QUALIFIED_SECTOR,0,5,equal_capital,0.1,False,7057035.443813066
2026-04-24,光纤概念,1.0,1.0,4079.9,3995.5171500000006,180,3939.9970722222224,,,False,,,,False,False,True,MAINLINE_RISE,True,5,0,0,False,314.34400000000005,266.4816,281.1032,-0.01495380989984818,319.116,-0.01495380989984818,5356973.992718083,0,1.4113104538189394,1.4113104538189394,光纤概念,1.4113104538189394,1.4113104538189394,10,0,False,0.02,0,HOLD,光纤概念,NO_STRONGER_QUALIFIED_SECTOR,0,5,equal_capital,0.1,False,6827321.350636524
2026-04-27,光纤概念,1.0,1.0,4086.344,4004.14815,180,3942.7104444444444,,,False,,,,False,False,True,MAINLINE_RISE,True,6,0,0,False,327.572,271.5776,287.71540000000005,0.042081286743185675,327.572,0.0,5356973.992718083,0,1.4516689415560244,1.4516689415560244,光纤概念,1.4516689415560244,1.4516689415560244,11,0,False,0.02,0,HOLD,光纤概念,NO_STRONGER_QUALIFIED_SECTOR,0,5,equal_capital,0.1,False,7140826.6423667995
2026-04-28,光纤概念,1.0,1.0,4078.637,4011.9156500000004,180,3945.3155888888887,,,False,,,,False,False,True,MAINLINE_RISE,True,7,0,0,False,320.20799999999997,275.4538,293.962,-0.022480553893495236,327.572,-0.022480553893495236,5356973.992718083,0,1.3194442155230668,1.3194442155230668,电子布,1.3643678311423038,1.3643678311423038,11,0,False,0.02,1,HOLD,光纤概念,SWITCH_CONFIRM_1_OF_2,0,5,equal_capital,0.1,False,6992240.994876039
2026-04-29,光纤概念,1.0,1.0,4107.514,4022.6983,180,3948.0477944444447,,,False,,,,False,False,True,MAINLINE_RISE,True,8,0,0,False,314.48,279.12780000000004,300.27419999999995,-0.017888372557837262,327.572,-0.0399667859279792,5356973.992718083,0,1.3048962655601664,1.3048962655601664,电子布,1.4348826014868694,1.4348826014868694,12,0,False,0.02,0,SWITCH,电子布,STRONGER_RS20_MARGIN_2%,0,5,equal_capital,0.1,False,6905087.684715447
2026-04-30,电子布,1.0,1.0,4112.159,4030.87865,180,3951.0419666666667,,,False,,,,False,False,True,MAINLINE_RISE,True,9,0,0,False,418.242,373.1391,404.9252,-0.025640189354405596,418.242,0.0,5356973.992718083,0,1.3520113270491485,1.3520113270491485,电子布,1.3520113270491485,1.3520113270491485,8,0,False,0.02,0,HOLD,电子布,NO_STRONGER_QUALIFIED_SECTOR,0,5,equal_capital,0.1,False,6773372.462401813
2026-05-06,电子布,1.0,1.0,4160.174,4042.9231,180,3954.3765333333336,,,False,,,,False,False,True,MAINLINE_RISE,True,10,0,0,False,446.11800000000005,380.5756,410.7524,0.06665040813691592,446.11800000000005,0.0,5356973.992718083,0,1.5001210539766232,1.5001210539766232,电子布,1.5001210539766232,1.5001210539766232,12,0,False,0.02,0,HOLD,电子布,NO_STRONGER_QUALIFIED_SECTOR,0,5,equal_capital,0.1,False,7129839.251045152
2026-05-07,电子布,1.0,1.0,4180.092,4057.92285,180,3957.6919944444444,,,False,,,,False,False,True,MAINLINE_RISE,True,11,0,0,False,455.922,388.3294,418.08360000000005,0.021976248436512247,455.922,0.0,5356973.992718083,0,1.5154663847948786,1.5154663847948786,电子布,1.5154663847948786,1.5154663847948786,17,0,False,0.02,0,HOLD,电子布,NO_STRONGER_QUALIFIED_SECTOR,0,5,equal_capital,0.1,False,7294880.475883164
2026-05-08,电子布,1.0,1.0,4179.952,4072.4122,180,3960.816183333334,,,False,,,,False,False,True,MAINLINE_RISE,True,12,0,0,False,455.09,395.53350000000006,424.41060000000004,-0.0018248735529323712,455.922,-0.0018248735529323712,5356973.992718083,0,1.4632742566107624,1.4632742566107624,电子布,1.4632742566107624,1.4632742566107624,21,0,False,0.02,0,HOLD,电子布,NO_STRONGER_QUALIFIED_SECTOR,0,5,equal_capital,0.1,False,7203147.829749586
2026-05-11,电子布,1.0,1.0,4225.021,4083.91335,180,3964.0996611111113,,,False,,,,False,False,True,MAINLINE_RISE,True,13,0,0,False,460.78000000000003,402.1103,430.04440000000005,0.012503021380386503,460.78000000000003,0.0,5356973.992718083,0,1.3995091786031029,1.3995091786031029,5G,1.4911726249531854,1.4911726249531854,17,0,False,0.02,1,HOLD,电子布,SWITCH_CONFIRM_1_OF_2,0,5,equal_capital,0.1,False,7334490.677556267
2026-05-12,电子布,1.0,1.0,4214.489,4096.329250000001,180,3967.293116666667,,,False,,,,False,False,True,MAINLINE_RISE,True,14,0,0,False,468.476,408.9566,436.12660000000005,0.01670211380702291,468.476,0.0,5356973.992718083,0,1.412987483034233,1.412987483034233,光纤概念,1.4353775318302673,1.4353775318302673,16,0,False,0.02,0,HOLD,电子布,NO_STRONGER_QUALIFIED_SECTOR,0,5,equal_capital,0.1,False,7420025.138113421
2026-05-13,电子布,1.0,1.0,4242.572,4109.1466,180,3970.6678055555553,,,False,,,,False,False,True,MAINLINE_RISE,True,15,0,0,False,494.25199999999995,416.43819999999994,445.65919999999994,0.055020961586079054,494.25199999999995,0.0,5356973.992718083,0,1.4341941848993092,1.4341941848993092,光纤概念,1.5013705871247875,1.5013705871247875,16,0,False,0.02,1,HOLD,电子布,SWITCH_CONFIRM_1_OF_2,0,5,equal_capital,0.1,False,7625913.556265419
2026-05-14,电子布,1.0,1.0,4177.918,4118.6146,180,3973.614311111111,,,False,,,,False,False,True,MAINLINE_RISE,True,16,0,0,False,491.9040000000001,422.6611,453.683,-0.004750613047594832,494.25199999999995,-0.004750613047594832,5356973.992718083,0,1.3387109942685458,1.3387109942685458,光纤概念,1.5168712947026204,1.5168712947026204,12,0,False,0.02,0,SWITCH,光纤概念,STRONGER_RS20_MARGIN_2%,0,5,equal_capital,0.1,False,7598744.417501846
2026-05-15,光纤概念,1.0,1.0,4135.389,4124.052750000001,180,3976.2224833333335,,,False,,,,False,False,True,MAINLINE_RISE,True,17,0,0,False,374.96799999999996,330.4437,366.92539999999997,-0.054510244940568,374.96799999999996,0.0,5356973.992718083,0,1.4548191602455165,1.4548191602455165,光纤概念,1.4548191602455165,1.4548191602455165,9,0,False,0.02,0,HOLD,光纤概念,NO_STRONGER_QUALIFIED_SECTOR,0,5,equal_capital,0.1,False,7209018.95342013
2026-05-18,光纤概念,1.0,1.0,4131.528,4129.26865,180,3978.7117222222223,,,False,,,,False,False,True,MAINLINE_RISE,True,18,0,0,False,393.86800000000005,337.5692,374.86420000000004,0.050404301167033205,393.86800000000005,0.0,5356973.992718083,0,1.5669602718035631,1.5669602718035631,光纤概念,1.5669602718035631,1.5669602718035631,11,0,False,0.02,0,HOLD,光纤概念,NO_STRONGER_QUALIFIED_SECTOR,0,5,equal_capital,0.1,False,7553764.429073382
2026-05-19,光纤概念,1.0,1.0,4169.538,4134.968199999999,180,3981.5066944444443,,,False,,,,False,False,True,MAINLINE_RISE,True,19,0,0,False,415.26800000000003,345.5452,384.9612,0.05433292372063736,415.26800000000003,0.0,5356973.992718083,0,1.6237389930713046,1.6237389930713046,光纤概念,1.6237389930713046,1.6237389930713046,9,0,False,0.02,0,HOLD,光纤概念,NO_STRONGER_QUALIFIED_SECTOR,0,5,equal_capital,0.1,False,7753113.4624145655
2026-05-20,光纤概念,1.0,1.0,4162.185,4140.506200000001,180,3984.0923277777783,,,False,,,,False,False,True,MAINLINE_RISE,True,20,0,0,False,421.706,353.2668,393.53239999999994,0.01550324128032976,421.706,0.0,5356973.992718083,0,1.5778040512732252,1.5778040512732252,光纤概念,1.5778040512732252,1.5778040512732252,9,0,False,0.02,0,HOLD,光纤概念,NO_STRONGER_QUALIFIED_SECTOR,0,5,equal_capital,0.1,False,7939897.071405208
2026-05-21,光纤概念,1.0,1.0,4077.277,4140.2637,180,3986.032605555556,,,False,,,,False,False,False,MAINLINE_DECLINE,False,0,1,1,False,388.082,358.3011,396.15880000000004,-0.07973327389223772,421.706,-0.07973327389223772,5356973.992718083,0,1.3503389052039694,1.3503389052039694,半导体设备,1.4415176678339707,1.4415176678339707,8,0,False,0.02,1,HOLD,光纤概念,SWITCH_CONFIRM_1_OF_2,1,5,equal_capital,0.1,False,7265150.105376477
2026-05-22,光纤概念,1.0,1.0,4112.9,4141.65485,180,3988.174894444445,,,False,,,,False,False,False,MAINLINE_DECLINE,False,0,2,2,False,398.734,363.8105,397.9192,0.0274478074221427,421.706,-0.05447397001702614,5356973.992718083,0,1.3818732541778433,1.3818732541778433,被动元件,1.5103923431382125,1.5103923431382125,12,0,False,0.02,1,HOLD,光纤概念,SWITCH_CONFIRM_1_OF_2,0,5,equal_capital,0.1,False,7488480.592915536
2026-05-25,光纤概念,1.0,1.0,4152.569,4143.9704,180,3990.3213333333333,,,False,,,,False,False,True,MAINLINE_RISE,True,1,0,0,False,403.29799999999994,368.5725,398.856,0.011446227309434232,421.706,-0.043651264150854074,5356973.992718083,0,1.3091625602970864,1.3091625602970864,被动元件,1.57013069672953,1.57013069672953,10,0,False,0.02,0,SWITCH,被动元件,STRONGER_RS20_MARGIN_2%,0,5,equal_capital,0.1,False,7562109.065090222
2026-05-26,被动元件,1.0,1.0,4145.373,4146.57655,180,3992.400633333333,,,False,,,,False,False,False,MAINLINE_DECLINE,False,0,1,1,False,361.5879999999999,279.637,305.5754,0.003948179450586231,361.5879999999999,0.0,5356973.992718083,0,1.581874338311853,1.581874338311853,被动元件,1.581874338311853,1.581874338311853,10,0,False,0.02,0,HOLD,被动元件,NO_STRONGER_QUALIFIED_SECTOR,0,5,equal_capital,0.1,False,7498816.682470995
2026-05-27,被动元件,1.0,1.0,4093.727,4147.2679,180,3993.8893444444448,,,False,,,,False,False,False,MAINLINE_DECLINE,False,0,2,2,False,381.59600000000006,287.0052,315.7266,0.05533369470225824,381.59600000000006,0.0,5356973.992718083,0,1.6291369240752758,1.6291369240752758,被动元件,1.6291369240752758,1.6291369240752758,10,0,False,0.02,0,HOLD,被动元件,NO_STRONGER_QUALIFIED_SECTOR,0,5,equal_capital,0.1,False,7859247.016117837
2026-05-28,被动元件,1.0,1.0,4098.636,4147.8825,180,3995.0842,,,False,,,,False,False,False,MAINLINE_DECLINE,False,0,3,3,False,409.916,295.5659,329.7224,0.07421461440895594,409.916,0.0,5356973.992718083,0,1.7172709068210568,1.7172709068210568,被动元件,1.7172709068210568,1.7172709068210568,10,0,False,0.02,0,HOLD,被动元件,NO_STRONGER_QUALIFIED_SECTOR,0,5,equal_capital,0.1,False,8374010.076650689
2026-05-29,被动元件,1.0,1.0,4068.569,4147.3791,180,3996.19635,,,False,,,,False,False,False,MAINLINE_DECLINE,False,0,4,4,False,424.366,304.3839,346.03959999999995,0.03525112462065394,424.366,0.0,5356973.992718083,0,1.7111118279396467,1.7111118279396467,被动元件,1.7111118279396467,1.7111118279396467,8,0,False,0.02,0,HOLD,被动元件,NO_STRONGER_QUALIFIED_SECTOR,0,5,equal_capital,0.1,False,8505001.729144096
2026-06-01,被动元件,1.0,1.0,4057.74,4144.8904,180,3997.6262944444443,,,False,,,,False,False,False,MAINLINE_DECLINE,False,0,5,5,False,428.552,313.3163,361.474,0.00986412672080239,428.552,0.0,5356973.992718083,0,1.714866508739356,1.714866508739356,被动元件,1.714866508739356,1.714866508739356,6,0,False,0.02,0,HOLD,被动元件,NO_STRONGER_QUALIFIED_SECTOR,0,5,equal_capital,0.1,False,8688575.099266361
2026-06-02,被动元件,1.0,1.0,4075.102,4143.03755,180,3998.9124333333334,,,False,,,,False,False,False,MAINLINE_DECLINE,False,0,6,6,False,461.418,323.84399999999994,377.7776,0.07669080998338584,461.418,0.0,5356973.992718083,0,1.8393153262325406,1.8393153262325406,被动元件,1.8393153262325406,1.8393153262325406,7,0,False,0.02,0,HOLD,被动元件,NO_STRONGER_QUALIFIED_SECTOR,0,5,equal_capital,0.1,False,9334060.507079283
2026-06-03,被动元件,1.0,1.0,4083.974,4139.2275500000005,180,4000.16825,,,False,,,,False,False,False,MAINLINE_DECLINE,False,0,7,7,False,468.50200000000007,334.7291,394.20799999999997,0.015352673714506215,468.50200000000007,0.0,5356973.992718083,0,1.8680303030303032,1.8680303030303032,被动元件,1.8680303030303032,1.8680303030303032,4,0,False,0.02,0,HOLD,被动元件,NO_STRONGER_QUALIFIED_SECTOR,0,5,equal_capital,0.1,False,9700206.495481497
2026-06-04,被动元件,1.0,1.0,4057.781,4133.112,180,4001.180755555555,,,False,,,,False,False,False,MAINLINE_DECLINE,False,0,8,8,False,489.12600000000003,346.3549,412.5464,0.044021156793354166,489.12600000000003,0.0,5356973.992718083,0,1.9061065430030006,1.9061065430030006,被动元件,1.9061065430030006,1.9061065430030006,4,0,False,0.02,0,HOLD,被动元件,NO_STRONGER_QUALIFIED_SECTOR,0,5,equal_capital,0.1,False,10115369.386921816
2026-06-05,被动元件,1.0,1.0,4027.736,4125.5012,180,4002.1229944444444,,,False,,,,False,False,False,MAINLINE_DECLINE,False,0,9,9,False,480.838,357.4205,426.6068,-0.016944509185772172,489.12600000000003,-0.016944509185772172,5356973.992718083,0,1.8527546373003094,1.8527546373003094,被动元件,1.8527546373003094,1.8527546373003094,2,0,False,0.02,0,HOLD,被动元件,NO_STRONGER_QUALIFIED_SECTOR,0,5,equal_capital,0.1,False,10305254.387235548
2026-06-08,被动元件,1.0,1.0,3959.338,4112.21705,180,4002.9328888888886,,,False,,,,False,False,False,MAINLINE_DECLINE,False,0,10,10,False,453.044,366.446,435.89459999999997,-0.05780325182285939,489.12600000000003,-0.07376831327715161,5356973.992718083,0,1.6623393778390954,1.6623393778390954,被动元件,1.6623393778390954,1.6623393778390954,3,0,False,0.02,0,HOLD,被动元件,NO_STRONGER_QUALIFIED_SECTOR,0,5,equal_capital,0.1,False,9853748.441430714
2026-06-09,被动元件,1.0,1.0,4010.031,4101.99415,180,4004.289305555556,,,False,,,,False,False,False,MAINLINE_DECLINE,False,0,11,11,False,499.8299999999999,377.6471,449.7188,0.10327032252937896,499.8299999999999,0.0,5356973.992718083,0,1.8122389488339716,1.8122389488339716,被动元件,1.8122389488339716,1.8122389488339716,3,0,False,0.02,0,SELL,,SECTOR_DAILY_GAIN_OVER_10%_PAUSE,0,5,equal_capital,0.1,False,10691039.64931984
2026-06-10,现金,0.0,0.0,3993.226,4089.5268499999997,180,4005.293261111111,,,False,,,,False,False,False,MAINLINE_DECLINE,False,0,12,12,False,,,,,,,,0,,,被动元件,1.7077019751217493,1.7077019751217493,3,0,False,0.02,0,CASH,,ENTRY_GATE_CLOSED_OR_NO_CANDIDATE,0,5,equal_capital,0.1,False,10441918.53504368
2026-06-11,现金,0.0,0.0,3987.015,4079.9816999999994,180,4006.1831166666666,,,False,,,,False,False,False,MAINLINE_DECLINE,False,0,13,13,False,,,,,,,,0,,,被动元件,1.8240392950014446,1.8240392950014446,2,0,False,0.02,0,CASH,,ENTRY_GATE_CLOSED_OR_NO_CANDIDATE,0,5,equal_capital,0.1,False,10441918.53504368
2026-06-12,现金,0.0,0.0,4031.513,4074.7879000000003,180,4007.428788888889,,,False,,,,False,False,False,MAINLINE_DECLINE,False,0,14,14,False,,,,,,,,0,,,被动元件,1.7811894607073668,1.7811894607073668,3,0,False,0.02,0,CASH,,ENTRY_GATE_CLOSED_OR_NO_CANDIDATE,0,5,equal_capital,0.1,False,10441918.53504368
2026-06-15,现金,0.0,0.0,4096.472,4073.0351,180,4009.007961111111,,,False,,,,False,False,True,NO_MAINLINE_ROTATION,False,0,15,0,False,,,,,,,,0,,,被动元件,1.8944961489088576,1.8944961489088576,5,0,False,0.02,0,BUY,被动元件,ENTRY_TOP1,0,5,equal_capital,0.1,False,10441918.53504368
2026-06-16,被动元件,1.0,1.0,4091.892,4069.1528000000008,180,4010.2111999999997,,,False,,,,False,False,True,NO_MAINLINE_ROTATION,False,0,16,0,False,545.124,433.4838,489.18999999999994,0.04935262932976059,545.124,0.0,10441918.53504368,0,1.8269332600491988,1.8269332600491988,被动元件,1.8269332600491988,1.8269332600491988,5,0,False,0.02,0,HOLD,被动元件,NO_STRONGER_QUALIFIED_SECTOR,0,5,equal_capital,0.1,False,10655723.402513351
2026-06-17,被动元件,1.0,1.0,4108.076,4066.44735,180,4011.530522222222,,,False,,,,False,False,True,NO_MAINLINE_ROTATION,False,0,17,0,False,570.544,446.80109999999996,499.3941999999999,0.04663159207813261,570.544,0.0,10441918.53504368,0,1.8755678867053696,1.8755678867053696,被动元件,1.8755678867053696,1.8755678867053696,5,0,False,0.02,0,HOLD,被动元件,NO_STRONGER_QUALIFIED_SECTOR,0,5,equal_capital,0.1,False,11108774.512269642
2026-06-18,被动元件,1.0,1.0,4090.481,4067.1075500000006,180,4012.8081722222223,,,False,,,,False,False,True,NO_MAINLINE_ROTATION,False,0,18,0,False,586.6899999999999,460.84849999999994,509.15060000000005,0.028299307327743328,586.6899999999999,0.0,10441918.53504368,0,1.9189054824001937,1.9189054824001937,被动元件,1.9189054824001937,1.9189054824001937,6,0,False,0.02,0,HOLD,被动元件,NO_STRONGER_QUALIFIED_SECTOR,0,5,equal_capital,0.1,False,11710440.512141602
2026-06-22,被动元件,1.0,1.0,4163.097,4069.6174,180,4014.481683333334,,,False,,,,False,False,True,NO_MAINLINE_ROTATION,False,0,19,0,False,586.754,473.17449999999997,519.7421999999999,0.00010908657042052461,586.754,0.0,10441918.53504368,0,1.7245601556575767,1.7245601556575767,被动元件,1.7245601556575767,1.7245601556575767,8,0,False,0.02,0,HOLD,被动元件,NO_STRONGER_QUALIFIED_SECTOR,0,5,equal_capital,0.1,False,12018057.438965658
2026-06-23,被动元件,1.0,1.0,4106.252,4067.301549999999,180,4015.758966666667,,,False,,,,False,False,True,NO_MAINLINE_ROTATION,False,0,20,0,False,557.442,483.0383,530.182,-0.049956199702089865,586.754,-0.049956199702089865,10441918.53504368,0,1.5477363215850466,1.5477363215850466,被动元件,1.5477363215850466,1.5477363215850466,6,0,False,0.02,0,HOLD,被动元件,NO_STRONGER_QUALIFIED_SECTOR,0,5,equal_capital,0.1,False,11498092.111035656
2026-06-24,被动元件,1.0,1.0,4110.813,4065.57355,180,4017.3098388888884,,,False,,,,False,False,True,NO_MAINLINE_ROTATION,False,0,21,0,False,569.068,493.4123000000001,537.1058,0.020855981429457993,586.754,-0.030142103845904766,10441918.53504368,0,1.573802227950043,1.573802227950043,被动元件,1.573802227950043,1.573802227950043,5,0,False,0.02,0,HOLD,被动元件,NO_STRONGER_QUALIFIED_SECTOR,0,5,equal_capital,0.1,False,11713068.85692229
2026-06-25,被动元件,1.0,1.0,4120.281,4066.9012500000003,180,4018.977572222222,,,False,,,,False,False,True,MAINLINE_RISE,True,1,0,0,False,618.2,505.2425,551.0957999999999,0.08633766087708339,618.2,0.0,10441918.53504368,0,1.620037945890418,1.620037945890418,被动元件,1.620037945890418,1.620037945890418,8,0,False,0.02,0,HOLD,被动元件,NO_STRONGER_QUALIFIED_SECTOR,0,5,equal_capital,0.1,False,12402802.707327563
2026-06-26,被动元件,1.0,1.0,4027.265,4063.3327000000004,180,4020.0814,,,False,,,,False,False,False,MAINLINE_DECLINE,False,0,1,1,False,611.942,515.3438,563.0486,-0.010122937560660072,618.2,-0.010122937560660072,10441918.53504368,0,1.4928473150596708,1.4928473150596708,存储,1.4931977003249544,1.4931977003249544,5,0,False,0.02,0,HOLD,被动元件,NO_STRONGER_QUALIFIED_SECTOR,0,5,equal_capital,0.1,False,12468943.889898695
2026-06-29,被动元件,1.0,1.0,4073.902,4063.5993500000004,180,4021.4817833333336,,,False,,,,False,False,True,NO_MAINLINE_ROTATION,False,0,2,0,False,629.534,525.6022,579.4784,0.028747822506054455,629.534,0.0,10441918.53504368,0,1.4834694579678862,1.4834694579678862,存储,1.6574679828525916,1.6574679828525916,5,0,False,0.02,1,HOLD,被动元件,SWITCH_CONFIRM_1_OF_2,0,5,equal_capital,0.1,False,12690859.14259104
2026-06-30,被动元件,1.0,1.0,4094.397,4065.4322,180,4022.8193111111113,,,False,,,,False,False,True,NO_MAINLINE_ROTATION,False,0,3,0,False,599.496,534.1494,587.4793999999999,-0.047714658779351105,629.534,-0.047714658779351105,10441918.53504368,0,1.3988874162295357,1.3988874162295357,存储,1.69192111738814,1.69192111738814,8,0,False,0.02,0,SWITCH,存储,STRONGER_RS20_MARGIN_2%,0,5,equal_capital,0.1,False,12478380.409998892
2026-07-01,存储,1.0,1.0,4112.445,4067.29935,180,4024.258994444445,,,False,,,,False,False,True,MAINLINE_RISE,True,1,0,0,False,1402.4879999999998,1101.8019,1288.2412,-0.042350001024233475,1402.4879999999998,0.0,10441918.53504368,0,1.5996185974789108,1.5996185974789108,存储,1.5996185974789108,1.5996185974789108,7,0,False,0.02,0,HOLD,存储,NO_STRONGER_QUALIFIED_SECTOR,0,5,equal_capital,0.1,False,12564013.490094535
2026-07-02,存储,1.0,1.0,4028.904,4064.54585,180,4025.3745388888888,,,False,,,,False,False,False,MAINLINE_DECLINE,False,0,1,1,False,1263.37,1119.7024000000001,1308.8110000000001,-0.09919371859153159,1402.4879999999998,-0.09919371859153159,10441918.53504368,0,1.3954338605637535,1.3954338605637535,存储,1.3954338605637535,1.3954338605637535,5,0,False,0.02,0,HOLD,存储,NO_STRONGER_QUALIFIED_SECTOR,1,5,equal_capital,0.1,False,11331751.355529197
2026-07-03,存储,1.0,1.0,4043.643,4063.83895,180,4026.3807111111114,,,False,,,,False,False,False,MAINLINE_DECLINE,False,0,2,2,False,1262.68,1134.4946999999997,1322.9479999999999,-0.0005461582909201956,1402.4879999999998,-0.09968570141063582,10441918.53504368,0,1.3059946174834562,1.3059946174834562,存储,1.3059946174834562,1.3059946174834562,4,0,False,0.02,0,HOLD,存储,NO_STRONGER_QUALIFIED_SECTOR,2,5,equal_capital,0.1,False,11647547.41970172
2026-07-06,存储,1.0,1.0,4041.238,4064.51405,180,4027.2610499999996,,,False,,,,False,False,False,MAINLINE_DECLINE,False,0,3,3,False,1244.196,1151.9876,1326.1528,-0.014638704976716266,1402.4879999999998,-0.11286513681400479,10441918.53504368,0,1.3911921443570552,1.3911921443570552,存储,1.3911921443570552,1.3911921443570552,5,0,False,0.02,0,HOLD,存储,NO_STRONGER_QUALIFIED_SECTOR,3,5,equal_capital,0.1,False,11770762.868613293
2026-07-07,存储,1.0,1.0,3990.235,4066.0589,180,4027.5736222222226,,,False,,,,False,False,False,MAINLINE_DECLINE,False,0,4,4,False,1178.8919999999998,1167.6767999999997,1329.2692,-0.05248690720754612,1402.4879999999998,-0.15942810205862723,10441918.53504368,0,1.3627107829311484,1.3627107829311484,半导体,1.3932463150491678,1.3932463150491678,5,0,False,0.02,1,HOLD,存储,SWITCH_CONFIRM_1_OF_2,4,5,equal_capital,0.1,False,11112968.843109043
2026-07-08,存储,1.0,1.0,3970.88,4064.10135,180,4027.983911111111,,,False,,,,False,False,False,MAINLINE_DECLINE,False,0,5,5,False,1130.97,1178.4428,1317.9271999999999,-0.0406500340998156,1402.4879999999998,-0.19359737837329083,10441918.53504368,0,1.2351553541200242,1.2351553541200242,国产算力,1.2053968922258869,1.2053968922258869,4,0,False,0.02,1,SELL,,MARKET_MA180_AND_SECTOR_MA10_BREAK,5,5,equal_capital,0.1,False,10498433.301024057
2026-07-09,现金,0.0,0.0,4036.588,4066.26945,180,4028.801055555556,,,False,,,,False,False,False,MAINLINE_DECLINE,False,0,6,6,False,,,,,,,,0,,,国产算力,1.2816029997656435,1.2816029997656435,4,0,False,0.02,1,CASH,,ENTRY_GATE_CLOSED_OR_NO_CANDIDATE,0,5,equal_capital,0.1,False,10864009.014545824
2026-07-10,现金,0.0,0.0,3996.162,4066.7268000000004,180,4029.5284611111106,,,False,,,,False,False,False,MAINLINE_DECLINE,False,0,7,7,False,,,,,,,,0,,,国产算力,1.3625841076578018,1.3625841076578018,4,0,False,0.02,1,CASH,,ENTRY_GATE_CLOSED_OR_NO_CANDIDATE,0,5,equal_capital,0.1,False,10864009.014545824
2026-07-13,现金,0.0,0.0,3913.794,4060.8408499999996,180,4029.5372611111115,,,False,,,,False,False,False,MAINLINE_DECLINE,False,0,8,8,False,,,,,,,,0,,,国产算力,1.3186316764039203,1.3186316764039203,3,0,False,0.02,1,CASH,,ENTRY_GATE_CLOSED_OR_NO_CANDIDATE,0,5,equal_capital,0.1,False,10864009.014545824
2026-07-14,现金,0.0,0.0,3967.126,4054.3735500000003,180,4029.820027777778,,,False,,,,False,False,False,MAINLINE_DECLINE,False,0,9,9,False,,,,,,,,0,,,国产算力,1.215144076437932,1.215144076437932,3,0,False,0.02,1,CASH,,ENTRY_GATE_CLOSED_OR_NO_CANDIDATE,0,5,equal_capital,0.1,False,10864009.014545824
2026-07-15,现金,0.0,0.0,3955.578,4047.5578499999997,180,4030.4634888888886,,,False,,,,False,False,False,MAINLINE_DECLINE,False,0,10,10,False,,,,,,,,0,,,医药生物,1.221486235735558,1.221486235735558,5,0,False,0.02,1,CASH,,ENTRY_GATE_CLOSED_OR_NO_CANDIDATE,0,5,equal_capital,0.1,False,10864009.014545824
2026-07-16,现金,0.0,0.0,3882.413,4036.2746999999995,180,4030.5663777777777,,,False,,,,False,False,False,MAINLINE_DECLINE,False,0,11,11,False,,,,,,,,0,,,医药生物,1.2069616627996158,1.2069616627996158,5,0,False,0.02,1,CASH,,ENTRY_GATE_CLOSED_OR_NO_CANDIDATE,0,5,equal_capital,0.1,False,10864009.014545824
2026-07-17,现金,0.0,0.0,3764.155,4019.9583999999995,180,4029.7209500000004,,,False,,,,False,False,False,MAINLINE_DECLINE,False,0,12,12,False,,,,,,,,0,,,农林牧渔,1.166180034078552,1.166180034078552,2,0,False,0.02,1,CASH,,ENTRY_GATE_CLOSED_OR_NO_CANDIDATE,0,5,equal_capital,0.1,False,10864009.014545824
2026-07-20,现金,0.0,0.0,3796.281,4001.6176,180,4029.0683,,,False,,,,False,False,False,MAINLINE_DECLINE,False,0,13,13,False,,,,,,,,0,,,农林牧渔,1.1764421322424872,1.1764421322424872,2,0,False,0.02,1,CASH,,ENTRY_GATE_CLOSED_OR_NO_CANDIDATE,0,5,equal_capital,0.1,False,10864009.014545824
2026-07-21,现金,0.0,0.0,3864.367,3989.5233500000004,180,4028.7458388888886,,,False,,,,False,False,False,MAINLINE_DECLINE,False,0,14,14,False,,,,,,,,0,,,农林牧渔,1.166731107960648,1.166731107960648,2,0,False,0.02,1,CASH,,ENTRY_GATE_CLOSED_OR_NO_CANDIDATE,0,5,equal_capital,0.1,False,10864009.014545824
2026-07-22,现金,0.0,0.0,3867.034,3977.3343999999997,180,4028.2831833333335,,,False,,,,False,False,False,MAINLINE_DECLINE,False,0,15,15,False,,,,,,,,0,,,农林牧渔,1.1906866226512705,1.1906866226512705,8,0,False,0.02,1,CASH,,ENTRY_GATE_CLOSED_OR_NO_CANDIDATE,0,5,equal_capital,0.1,False,10864009.014545824
2026-07-23,现金,0.0,0.0,3876.777,3965.1591999999996,180,4027.615583333333,,,False,,,,False,False,False,MAINLINE_DECLINE,False,0,16,16,False,,,,,,,,0,,,农林牧渔,1.1874510418298603,1.1874510418298603,8,0,False,0.02,1,CASH,,ENTRY_GATE_CLOSED_OR_NO_CANDIDATE,0,5,equal_capital,0.1,False,10864009.014545824
2026-07-24,现金,0.0,0.0,3814.198,3954.50585,180,4026.6487722222228,,,False,,,,False,False,False,MAINLINE_DECLINE,False,0,17,17,False,,,,,,,,0,,,国产算力,1.1515404729831944,1.1515404729831944,8,0,False,0.02,1,CASH,,ENTRY_GATE_CLOSED_OR_NO_CANDIDATE,0,5,equal_capital,0.1,False,10864009.014545824
2026-07-27,现金,0.0,0.0,3858.245,3943.7229999999995,180,4025.770516666667,,,False,,,,False,False,False,MAINLINE_DECLINE,False,0,18,18,False,,,,,,,,0,,,国产算力,1.1424576023287505,1.1424576023287505,6,0,False,0.02,1,CASH,,ENTRY_GATE_CLOSED_OR_NO_CANDIDATE,0,5,equal_capital,0.1,False,10864009.014545824
2026-07-28,现金,0.0,0.0,3813.315,3929.6688999999997,180,4024.80615,,,False,,,,False,False,False,MAINLINE_DECLINE,False,0,19,19,False,,,,,,,,0,,,黄金概念,1.1506080702578652,1.1506080702578652,7,0,False,0.02,1,CASH,,ENTRY_GATE_CLOSED_OR_NO_CANDIDATE,0,5,equal_capital,0.1,False,10864009.014545824
2026-07-29,现金,0.0,0.0,3828.469,3915.4701,180,4024.104366666667,,,False,,,,False,False,False,MAINLINE_DECLINE,False,0,20,20,False,,,,,,,,0,,,黄金概念,1.1823292080330026,1.1823292080330026,8,0,False,0.02,1,CASH,,ENTRY_GATE_CLOSED_OR_NO_CANDIDATE,0,5,equal_capital,0.1,False,10864009.014545824
2026-07-30,现金,0.0,0.0,3804.693,3904.2595499999998,180,4023.1497666666664,,,False,,,,False,False,False,MAINLINE_DECLINE,False,0,21,21,False,,,,,,,,0,,,黄金概念,1.1503562903984528,1.1503562903984528,9,0,False,0.02,1,CASH,,ENTRY_GATE_CLOSED_OR_NO_CANDIDATE,0,5,equal_capital,0.1,False,10864009.014545824
2026-07-31,现金,0.0,0.0,3832.262,3893.6904999999997,180,4022.4390777777776,,,False,,,,False,False,False,MAINLINE_DECLINE,False,0,22,22,False,,,,,,,,0,,,食品饮料,1.131632320344638,1.131632320344638,5,0,False,0.02,1,CASH,,ENTRY_GATE_CLOSED_OR_NO_CANDIDATE,0,5,equal_capital,0.1,False,10864009.014545824
2026-08-03,现金,0.0,0.0,3809.663,3882.11175,180,4021.5524944444446,,,False,,,,False,False,False,MAINLINE_DECLINE,False,0,23,23,False,,,,,,,,0,,,信创,1.2130010647175622,1.2130010647175622,7,0,False,0.02,1,CASH,,ENTRY_GATE_CLOSED_OR_NO_CANDIDATE,0,5,equal_capital,0.1,False,10864009.014545824
2026-08-04,现金,0.0,0.0,3822.285,3873.71425,180,4020.522077777777,,,False,,,,False,False,False,MAINLINE_DECLINE,False,0,24,24,False,,,,,,,,0,,,网络安全,1.2670953074491138,1.2670953074491138,9,0,False,0.02,1,CASH,,ENTRY_GATE_CLOSED_OR_NO_CANDIDATE,0,5,equal_capital,0.1,False,10864009.014545824
2026-08-05,现金,0.0,0.0,3878.43,3869.0917499999996,180,4019.8602666666666,,,False,,,,False,False,True,NO_MAINLINE_ROTATION,False,0,25,0,False,,,,,,,,0,,,信创,1.1922805072413554,1.1922805072413554,6,0,False,0.02,1,CASH,,RESEARCH_POLICY_BLOCK_ENTRY_TOP1,0,5,equal_capital,0.1,False,10864009.014545824
2026-08-06,现金,0.0,0.0,3900.352,3862.27995,180,4019.2033500000002,,,False,,,,False,False,True,NO_MAINLINE_ROTATION,False,0,26,0,False,,,,,,,,0,,,黄金概念,1.2330571035989522,1.2330571035989522,7,0,False,0.02,1,CASH,,RESEARCH_POLICY_BLOCK_ENTRY_TOP1,0,5,equal_capital,0.1,False,10864009.014545824
2026-08-07,现金,0.0,0.0,3940.037,3859.4737,180,4018.8549,,,False,,,,False,False,True,NO_MAINLINE_ROTATION,False,0,27,0,False,,,,,,,,0,,,黄金概念,1.2362207352278605,1.2362207352278605,5,0,False,0.02,1,CASH,,RESEARCH_POLICY_BLOCK_ENTRY_TOP1,0,5,equal_capital,0.1,False,10864009.014545824
2026-08-10,现金,0.0,0.0,3966.594,3862.1137000000003,180,4018.6685333333335,,,False,,,,False,False,True,NO_MAINLINE_ROTATION,False,0,28,0,False,,,,,,,,0,,,黄金概念,1.3151406777757622,1.3151406777757622,12,0,False,0.02,1,CASH,,RESEARCH_POLICY_BLOCK_ENTRY_TOP1,0,5,equal_capital,0.1,False,10864009.014545824
2026-08-11,现金,0.0,0.0,3934.093,3860.4620499999996,180,4018.1384888888892,,,False,,,,False,False,True,NO_MAINLINE_ROTATION,False,0,29,0,False,,,,,,,,0,,,黄金概念,1.198634275545255,1.198634275545255,8,0,False,0.02,1,CASH,,RESEARCH_POLICY_BLOCK_ENTRY_TOP1,0,5,equal_capital,0.1,False,10864009.014545824
2026-08-12,现金,0.0,0.0,3946.675,3860.0169,180,4017.895061111111,,,False,,,,False,False,True,NO_MAINLINE_ROTATION,False,0,30,0,False,,,,,,,,0,,,黄金概念,1.252605551195389,1.252605551195389,3,0,False,0.02,1,CASH,,RESEARCH_POLICY_BLOCK_ENTRY_TOP1,0,5,equal_capital,0.1,False,10864009.014545824
2026-08-13,现金,0.0,0.0,3926.965,3862.2445,180,4017.6446722222227,,,False,,,,False,False,True,NO_MAINLINE_ROTATION,False,0,31,0,False,,,,,,,,0,,,黄金概念,1.2000118155425021,1.2000118155425021,3,0,False,0.02,1,CASH,,RESEARCH_POLICY_BLOCK_ENTRY_TOP1,0,5,equal_capital,0.1,False,10864009.014545824
2026-08-14,现金,0.0,0.0,3927.176,3870.39555,180,4017.5744666666665,,,False,,,,False,False,True,MAINLINE_RISE,True,1,0,0,False,,,,,,,,0,,,被动元件,1.2888354412430392,1.2888354412430392,9,0,False,0.02,1,CASH,,RESEARCH_POLICY_BLOCK_ENTRY_TOP1,0,5,equal_capital,0.1,False,10864009.014545824
2026-08-17,现金,0.0,0.0,3982.654,3879.7142,180,4017.773977777778,,,False,,,,False,False,True,MAINLINE_RISE,True,2,0,0,False,,,,,,,,0,,,被动元件,1.4373734451836855,1.4373734451836855,12,0,False,0.02,1,CASH,,RESEARCH_POLICY_BLOCK_ENTRY_TOP1,0,5,equal_capital,0.1,False,10864009.014545824
2026-08-18,现金,0.0,0.0,3990.304,3886.01105,180,4018.103161111111,,,False,,,,False,False,True,MAINLINE_RISE,True,3,0,0,False,,,,,,,,0,,,被动元件,1.280708387443219,1.280708387443219,6,0,False,0.02,1,CASH,,RESEARCH_POLICY_BLOCK_ENTRY_TOP1,0,5,equal_capital,0.1,False,10864009.014545824
2026-08-19,现金,0.0,0.0,3894.422,3887.3804499999997,180,4018.4338888888888,,,False,,,,False,False,True,MAINLINE_RISE,True,4,0,0,False,,,,,,,,0,,,农业种植,1.1308677098954825,1.1308677098954825,2,0,False,0.02,1,CASH,,RESEARCH_POLICY_BLOCK_ENTRY_TOP1,0,5,equal_capital,0.1,False,10864009.014545824
2026-08-20,现金,0.0,0.0,3903.721,3888.72765,180,4018.8058611111114,,,False,,,,False,False,True,MAINLINE_RISE,True,5,0,0,False,,,,,,,,0,,,黄金概念,1.226795069804064,1.226795069804064,3,0,False,0.02,1,CASH,,RESEARCH_POLICY_BLOCK_ENTRY_TOP1,0,5,equal_capital,0.1,False,10864009.014545824
2026-08-21,现金,0.0,0.0,3905.203,3893.2778999999996,180,4019.0013055555555,,,False,,,,False,False,True,MAINLINE_RISE,True,6,0,0,False,,,,,,,,0,,,黄金概念,1.3411521846556038,1.3411521846556038,2,0,False,0.02,1,CASH,,RESEARCH_POLICY_BLOCK_ENTRY_TOP1,0,5,equal_capital,0.1,False,10864009.014545824
2026-08-24,现金,0.0,0.0,3882.008,3894.46605,180,4019.1003277777777,,,False,,,,False,False,False,MAINLINE_DECLINE,False,0,1,1,False,,,,,,,,0,,,黄金概念,1.3102657609716395,1.3102657609716395,3,0,False,0.02,1,CASH,,ENTRY_GATE_CLOSED_OR_NO_CANDIDATE,0,5,equal_capital,0.1,False,10864009.014545824
2026-08-25,现金,0.0,0.0,3889.445,3898.27255,180,4019.1791388888887,,,False,,,,False,False,False,MAINLINE_DECLINE,False,0,2,2,False,,,,,,,,0,,,黄金概念,1.2635005143427016,1.2635005143427016,3,0,False,0.02,1,CASH,,ENTRY_GATE_CLOSED_OR_NO_CANDIDATE,0,5,equal_capital,0.1,False,10864009.014545824
2026-08-26,现金,0.0,0.0,3912.524,3902.4753000000005,180,4019.312072222222,,,False,,,,False,False,True,MAINLINE_RISE,True,1,0,0,False,,,,,,,,0,,,黄金概念,1.2262873356082973,1.2262873356082973,4,0,False,0.02,1,CASH,,RESEARCH_POLICY_BLOCK_ENTRY_TOP1,0,5,equal_capital,0.1,False,10864009.014545824
2026-08-27,现金,0.0,0.0,3956.571,3910.0692000000004,180,4019.5485444444444,,,False,,,,False,False,True,MAINLINE_RISE,True,2,0,0,False,,,,,,,,0,,,液冷,1.3889512229951653,1.3889512229951653,3,0,False,0.02,1,CASH,,RESEARCH_POLICY_BLOCK_ENTRY_TOP1,0,5,equal_capital,0.1,False,10864009.014545824
2026-08-28,现金,0.0,0.0,3952.179,3916.06505,180,4019.8511388888887,,,False,,,,False,False,True,MAINLINE_RISE,True,3,0,0,False,,,,,,,,0,,,液冷,1.3324612577935488,1.3324612577935488,4,0,False,0.02,1,CASH,,RESEARCH_POLICY_BLOCK_ENTRY_TOP1,0,5,equal_capital,0.1,False,10864009.014545824
2026-08-31,现金,0.0,0.0,3986.298,3924.8968,180,4020.4527944444444,,,False,,,,False,False,True,MAINLINE_RISE,True,4,0,0,False,,,,,,,,0,,,液冷,1.4230280738475294,1.4230280738475294,4,0,False,0.02,1,CASH,,RESEARCH_POLICY_BLOCK_ENTRY_TOP1,0,5,equal_capital,0.1,False,10864009.014545824
2026-09-01,现金,0.0,0.0,3979.888,3932.7769499999995,180,4021.0311,,,False,,,,False,False,True,MAINLINE_RISE,True,5,0,0,False,,,,,,,,0,,,液冷,1.2953912009512483,1.2953912009512483,6,0,False,0.02,1,CASH,,RESEARCH_POLICY_BLOCK_ENTRY_TOP1,0,5,equal_capital,0.1,False,10864009.014545824
2026-09-02,现金,0.0,0.0,3941.386,3935.9247500000006,180,4021.2454222222223,,,False,,,,False,False,True,MAINLINE_RISE,True,6,0,0,False,,,,,,,,0,,,液冷,1.2333363390441838,1.2333363390441838,4,0,False,0.02,1,CASH,,RESEARCH_POLICY_BLOCK_ENTRY_TOP1,0,5,equal_capital,0.1,False,10864009.014545824
2026-09-03,现金,0.0,0.0,3942.088,3938.01155,180,4021.345477777778,,,False,,,,False,False,True,MAINLINE_RISE,True,7,0,0,False,,,,,,,,0,,,液冷,1.2678362049675542,1.2678362049675542,3,0,False,0.02,1,CASH,,RESEARCH_POLICY_BLOCK_ENTRY_TOP1,0,5,equal_capital,0.1,False,10864009.014545824
2026-09-04,现金,0.0,0.0,3930.116,3937.5155,180,4021.459888888889,,,False,,,,False,False,False,MAINLINE_DECLINE,False,0,1,1,False,,,,,,,,0,,,农业种植,1.1428902056279064,1.1428902056279064,4,0,False,0.02,1,CASH,,ENTRY_GATE_CLOSED_OR_NO_CANDIDATE,0,5,equal_capital,0.1,False,10864009.014545824
2026-09-07,现金,0.0,0.0,3932.699,3935.82075,180,4021.6387944444436,,,False,,,,False,False,False,MAINLINE_DECLINE,False,0,2,2,False,,,,,,,,0,,,液冷,1.1702342697211567,1.1702342697211567,2,0,False,0.02,1,CASH,,ENTRY_GATE_CLOSED_OR_NO_CANDIDATE,0,5,equal_capital,0.1,False,10864009.014545824
2026-09-08,现金,0.0,0.0,3940.551,3936.1436500000004,180,4022.012311111111,,,False,,,,False,False,True,MAINLINE_RISE,True,1,0,0,False,,,,,,,,0,,,农业种植,1.250406122168511,1.250406122168511,5,0,False,0.02,1,CASH,,RESEARCH_POLICY_BLOCK_ENTRY_TOP1,0,5,equal_capital,0.1,False,10864009.014545824
2026-09-09,现金,0.0,0.0,3951.5068,3936.3852400000005,180,4022.357648888889,,,False,,,,False,False,True,MAINLINE_RISE,True,2,0,0,False,,,,,,,,0,,,农业种植,1.2348291197325474,1.2348291197325474,3,0,False,0.02,1,CASH,,RESEARCH_POLICY_BLOCK_ENTRY_TOP1,0,5,equal_capital,0.1,False,10864009.014545824
2026-09-10,现金,0.0,0.0,3934.404,3936.7571900000003,180,4022.726998888889,,,False,,,,False,False,False,MAINLINE_DECLINE,False,0,1,1,False,,,,,,,,0,,,农业种植,1.194466706927663,1.194466706927663,3,0,False,0.02,1,CASH,,ENTRY_GATE_CLOSED_OR_NO_CANDIDATE,0,5,equal_capital,0.1,False,10864009.014545824
2026-09-11,现金,0.0,0.0,3888.111,3934.8039400000002,180,4023.0786599999997,,,False,,,,False,False,False,MAINLINE_DECLINE,False,0,2,2,False,,,,,,,,0,,,农业种植,1.185625469257385,1.185625469257385,3,0,False,0.02,1,CASH,,ENTRY_GATE_CLOSED_OR_NO_CANDIDATE,0,5,equal_capital,0.1,False,10864009.014545824
2026-09-14,现金,0.0,0.0,3885.333,3929.93789,180,4023.162298888889,,,False,,,,False,False,False,BROAD_DECLINE_OR_NO_LEADER,False,0,3,3,False,,,,,,,,0,,,,,,0,0,False,0.02,1,CASH,,ENTRY_GATE_CLOSED_OR_NO_CANDIDATE,0,5,equal_capital,0.1,False,10864009.014545824
2026-09-15,现金,0.0,0.0,3881.41,3924.4931899999997,180,4023.1902933333336,,,False,,,,False,False,False,MAINLINE_DECLINE,False,0,4,4,False,,,,,,,,0,,,航运港口,1.1030868736724433,1.1030868736724433,1,0,False,0.02,1,CASH,,ENTRY_GATE_CLOSED_OR_NO_CANDIDATE,0,5,equal_capital,0.1,False,10864009.014545824
