date,nav,cash,position,exposure,cost,stale_mark,delayed,daily_return,cumulative_return,drawdown,codes
2018-01-02,600000.0,600000.0,现金,0.0,0.0,False,False,0.0,0.0,0.0,
2018-01-03,609153.0350924234,0.0,电子布,1.0,479.6163069544365,False,False,0.015255058487372297,0.015255058487372297,0.0,600183 / 000920 / 002080 / 601636 / 600176
2018-01-04,606503.4518925989,0.0,电子布,1.0,0.0,False,False,-0.004349618317870729,0.01083908648766485,-0.004349618317870729,600183 / 000920 / 002080 / 601636 / 600176
2018-01-05,605904.8445511326,0.0,电子布,1.0,0.0,False,False,-0.000986980930773429,0.009841407585221118,-0.0053323062583082725,600183 / 000920 / 002080 / 601636 / 600176
2018-01-08,616970.7569950231,0.0,电子布,1.0,0.0,False,False,0.018263449357445394,0.028284594991705214,0.0,600183 / 000920 / 002080 / 601636 / 600176
2018-01-09,604975.2125752022,0.0,电子布,1.0,0.0,False,False,-0.019442646647055972,0.00829202095867032,-0.019442646647055972,600183 / 000920 / 002080 / 601636 / 600176
2018-01-10,601125.2808165383,0.0,电子布,1.0,0.0,False,False,-0.006363784298328401,0.0018754680275636648,-0.025682702135933932,600183 / 000920 / 002080 / 601636 / 600176
2018-01-11,589147.6507649415,0.0,电子布,1.0,0.0,False,False,-0.0199253474006732,-0.018087248725097593,-0.04509631277436066,600183 / 000920 / 002080 / 601636 / 600176
2018-01-12,584651.3056205887,0.0,电子布,1.0,0.0,False,False,-0.007631949543573269,-0.025581157299018775,-0.05238408953423879,600183 / 000920 / 002080 / 601636 / 600176
2018-01-15,566281.1103467306,0.0,电子布,1.0,0.0,False,False,-0.0314207718297298,-0.05619814942211576,-0.08215891283920518,600183 / 000920 / 002080 / 601636 / 600176
2018-01-16,578539.6062498344,0.0,电子布,1.0,0.0,False,False,0.021647368557990543,-0.03576732291694262,-0.06229006854776864,600183 / 000920 / 002080 / 601636 / 600176
2018-01-17,582613.0018748377,0.0,房地产,1.0,1217.8973808712276,False,False,0.007040824138916824,-0.028978330208603853,-0.05568781782709775,000002 / 600048 / 001979 / 600340 / 000069
2018-01-18,576358.651464124,0.0,房地产,1.0,0.0,False,False,-0.01073499971780123,-0.03940224755979338,-0.0658250088362401,000002 / 600048 / 001979 / 600340 / 000069
2018-01-19,572567.5771185869,0.0,房地产,1.0,0.0,False,False,-0.006577630674765911,-0.04572070480235524,-0.07196966691371798,000002 / 600048 / 001979 / 600340 / 000069
2018-01-22,577475.1003206531,0.0,房地产,1.0,0.0,False,False,0.00857108121064587,-0.037541499465578276,-0.06401544356289268,000002 / 600048 / 001979 / 600340 / 000069
2018-01-23,596031.9019725517,0.0,房地产,1.0,0.0,False,False,0.032134375389683,-0.006613496712413847,-0.033938164467396836,000002 / 600048 / 001979 / 600340 / 000069
2018-01-24,591377.8539247492,0.0,房地产,1.0,0.0,False,False,-0.007808387491340829,-0.014370243458751375,-0.041481549619831304,000002 / 600048 / 001979 / 600340 / 000069
2018-01-25,586557.0003740183,0.0,房地产,1.0,0.0,False,False,-0.008151900715822724,-0.022404999376636092,-0.0492952968616146,000002 / 600048 / 001979 / 600340 / 000069
2018-01-26,593103.5626682524,0.0,房地产,1.0,0.0,False,False,0.011160999340319222,-0.011494062219579382,-0.03868448229704868,000002 / 600048 / 001979 / 600340 / 000069
2018-01-29,585748.5475238324,0.0,房地产,1.0,0.0,False,False,-0.012400895235447962,-0.023752420793612616,-0.050605655320293486,000002 / 600048 / 001979 / 600340 / 000069
2018-01-30,567385.6505620893,0.0,房地产,1.0,0.0,False,False,-0.03134945368515152,-0.05435724906318451,-0.08036864935777466,000002 / 600048 / 001979 / 600340 / 000069
2018-01-31,586512.1069156433,0.0,房地产,1.0,0.0,False,False,0.03370979920730477,-0.022479821807261158,-0.04936806118288273,000002 / 600048 / 001979 / 600340 / 000069
2018-02-01,588322.0575379676,0.0,房地产,1.0,0.0,False,False,0.003085956114090127,-0.019463237436720737,-0.04643445273904068,000002 / 600048 / 001979 / 600340 / 000069
2018-02-02,599596.1741956469,0.0,房地产,1.0,0.0,False,False,0.0191631717920957,-0.0006730430072552362,-0.028161112341855032,000002 / 600048 / 001979 / 600340 / 000069
2018-02-05,589428.7501161554,589428.7501161554,现金,0.0,767.2548063993211,False,False,-0.0169571196699696,-0.017618749806407763,-0.04464070065980441,
2018-02-06,589428.7501161554,589428.7501161554,现金,0.0,0.0,False,False,0.0,-0.017618749806407763,-0.04464070065980441,
2018-02-07,589428.7501161554,589428.7501161554,现金,0.0,0.0,False,False,0.0,-0.017618749806407763,-0.04464070065980441,
2018-02-08,589428.7501161554,589428.7501161554,现金,0.0,0.0,False,False,0.0,-0.017618749806407763,-0.04464070065980441,
2018-02-09,589428.7501161554,589428.7501161554,现金,0.0,0.0,False,False,0.0,-0.017618749806407763,-0.04464070065980441,
2018-02-12,589428.7501161554,589428.7501161554,现金,0.0,0.0,False,False,0.0,-0.017618749806407763,-0.04464070065980441,
2018-02-13,589428.7501161554,589428.7501161554,现金,0.0,0.0,False,False,0.0,-0.017618749806407763,-0.04464070065980441,
2018-02-14,589428.7501161554,589428.7501161554,现金,0.0,0.0,False,False,0.0,-0.017618749806407763,-0.04464070065980441,
2018-02-22,589428.7501161554,589428.7501161554,现金,0.0,0.0,False,False,0.0,-0.017618749806407763,-0.04464070065980441,
2018-02-23,589428.7501161554,589428.7501161554,现金,0.0,0.0,False,False,0.0,-0.017618749806407763,-0.04464070065980441,
2018-02-26,589428.7501161554,589428.7501161554,现金,0.0,0.0,False,False,0.0,-0.017618749806407763,-0.04464070065980441,
2018-02-27,589428.7501161554,589428.7501161554,现金,0.0,0.0,False,False,0.0,-0.017618749806407763,-0.04464070065980441,
2018-02-28,589428.7501161554,589428.7501161554,现金,0.0,0.0,False,False,0.0,-0.017618749806407763,-0.04464070065980441,
2018-03-01,589428.7501161554,589428.7501161554,现金,0.0,0.0,False,False,0.0,-0.017618749806407763,-0.04464070065980441,
2018-03-02,589428.7501161554,589428.7501161554,现金,0.0,0.0,False,False,0.0,-0.017618749806407763,-0.04464070065980441,
2018-03-05,589428.7501161554,589428.7501161554,现金,0.0,0.0,False,False,0.0,-0.017618749806407763,-0.04464070065980441,
2018-03-06,589428.7501161554,589428.7501161554,现金,0.0,0.0,False,False,0.0,-0.017618749806407763,-0.04464070065980441,
2018-03-07,589428.7501161554,589428.7501161554,现金,0.0,0.0,False,False,0.0,-0.017618749806407763,-0.04464070065980441,
2018-03-08,589428.7501161554,589428.7501161554,现金,0.0,0.0,False,False,0.0,-0.017618749806407763,-0.04464070065980441,
2018-03-09,605278.4075397297,0.0,云计算,1.0,471.166067239133,False,False,0.02688986144712313,0.008797345899549613,-0.01895122146832595,600588 / 000977 / 603019 / 000938 / 300442
2018-03-12,615287.7384563393,0.0,云计算,1.0,0.0,False,False,0.016536738783222926,0.025479564093898954,-0.0027278740841477633,600588 / 000977 / 603019 / 000938 / 300442
2018-03-13,615163.0113225611,0.0,云计算,1.0,0.0,False,False,-0.00020271350456491088,0.02527168553760184,-0.0029300346117970832,600588 / 000977 / 603019 / 000938 / 300442
2018-03-14,581993.6859433077,0.0,云计算,1.0,0.0,False,False,-0.05391957053455054,-0.030010523427820512,-0.05669161893842811,600588 / 000977 / 603019 / 000938 / 300442
2018-03-15,579118.4940748533,579118.4940748533,现金,0.0,753.8340265318005,False,False,-0.004940245810045707,-0.03480250987524458,-0.06135179421554848,
2018-03-16,579118.4940748533,579118.4940748533,现金,0.0,0.0,False,False,0.0,-0.03480250987524458,-0.06135179421554848,
2018-03-19,579118.4940748533,579118.4940748533,现金,0.0,0.0,False,False,0.0,-0.03480250987524458,-0.06135179421554848,
2018-03-20,579118.4940748533,579118.4940748533,现金,0.0,0.0,False,False,0.0,-0.03480250987524458,-0.06135179421554848,
2018-03-21,566801.5169708835,0.0,CPO,1.0,462.92445569532634,False,False,-0.021268492078890144,-0.0553308050485275,-0.08131542614513954,300308 / 300502 / 300394 / 002281 / 603083
2018-03-22,563393.2635210939,563393.2635210939,现金,0.0,733.3646165789747,False,False,-0.006013133959139827,-0.061011227464843554,-0.08683959955392417,
2018-03-23,563393.2635210939,563393.2635210939,现金,0.0,0.0,False,False,0.0,-0.061011227464843554,-0.08683959955392417,
2018-03-26,563393.2635210939,563393.2635210939,现金,0.0,0.0,False,False,0.0,-0.061011227464843554,-0.08683959955392417,
2018-03-27,563393.2635210939,563393.2635210939,现金,0.0,0.0,False,False,0.0,-0.061011227464843554,-0.08683959955392417,
2018-03-28,563393.2635210939,563393.2635210939,现金,0.0,0.0,False,False,0.0,-0.061011227464843554,-0.08683959955392417,
2018-03-29,563393.2635210939,563393.2635210939,现金,0.0,0.0,False,False,0.0,-0.061011227464843554,-0.08683959955392417,
2018-03-30,563393.2635210939,563393.2635210939,现金,0.0,0.0,False,False,0.0,-0.061011227464843554,-0.08683959955392417,
2018-04-02,563393.2635210939,563393.2635210939,现金,0.0,0.0,False,False,0.0,-0.061011227464843554,-0.08683959955392417,
2018-04-03,563393.2635210939,563393.2635210939,现金,0.0,0.0,False,False,0.0,-0.061011227464843554,-0.08683959955392417,
2018-04-04,563393.2635210939,563393.2635210939,现金,0.0,0.0,False,False,0.0,-0.061011227464843554,-0.08683959955392417,
2018-04-09,563393.2635210939,563393.2635210939,现金,0.0,0.0,False,False,0.0,-0.061011227464843554,-0.08683959955392417,
2018-04-10,563393.2635210939,563393.2635210939,现金,0.0,0.0,False,False,0.0,-0.061011227464843554,-0.08683959955392417,
2018-04-11,563393.2635210939,563393.2635210939,现金,0.0,0.0,False,False,0.0,-0.061011227464843554,-0.08683959955392417,
2018-04-12,563393.2635210939,563393.2635210939,现金,0.0,0.0,False,False,0.0,-0.061011227464843554,-0.08683959955392417,
2018-04-13,563393.2635210939,563393.2635210939,现金,0.0,0.0,False,False,0.0,-0.061011227464843554,-0.08683959955392417,
2018-04-16,563393.2635210939,563393.2635210939,现金,0.0,0.0,False,False,0.0,-0.061011227464843554,-0.08683959955392417,
2018-04-17,563393.2635210939,563393.2635210939,现金,0.0,0.0,False,False,0.0,-0.061011227464843554,-0.08683959955392417,
2018-04-18,563393.2635210939,563393.2635210939,现金,0.0,0.0,False,False,0.0,-0.061011227464843554,-0.08683959955392417,
2018-04-19,563393.2635210939,563393.2635210939,现金,0.0,0.0,False,False,0.0,-0.061011227464843554,-0.08683959955392417,
2018-04-20,563393.2635210939,563393.2635210939,现金,0.0,0.0,False,False,0.0,-0.061011227464843554,-0.08683959955392417,
2018-04-23,563393.2635210939,563393.2635210939,现金,0.0,0.0,False,False,0.0,-0.061011227464843554,-0.08683959955392417,
2018-04-24,563393.2635210939,563393.2635210939,现金,0.0,0.0,False,False,0.0,-0.061011227464843554,-0.08683959955392417,
2018-04-25,563393.2635210939,563393.2635210939,现金,0.0,0.0,False,False,0.0,-0.061011227464843554,-0.08683959955392417,
2018-04-26,563393.2635210939,563393.2635210939,现金,0.0,0.0,False,False,0.0,-0.061011227464843554,-0.08683959955392417,
2018-04-27,563393.2635210939,563393.2635210939,现金,0.0,0.0,False,False,0.0,-0.061011227464843554,-0.08683959955392417,
2018-05-02,563393.2635210939,563393.2635210939,现金,0.0,0.0,False,False,0.0,-0.061011227464843554,-0.08683959955392417,
2018-05-03,563393.2635210939,563393.2635210939,现金,0.0,0.0,False,False,0.0,-0.061011227464843554,-0.08683959955392417,
2018-05-04,563393.2635210939,563393.2635210939,现金,0.0,0.0,False,False,0.0,-0.061011227464843554,-0.08683959955392417,
2018-05-07,563393.2635210939,563393.2635210939,现金,0.0,0.0,False,False,0.0,-0.061011227464843554,-0.08683959955392417,
2018-05-08,564799.2082695467,0.0,商贸零售,1.0,450.3543273549912,False,False,0.002495494425449829,-0.058667986217422086,-0.08456081286506945,601888 / 600827 / 600859 / 000785 / 002419
2018-05-09,565197.0143894637,0.0,商贸零售,1.0,0.0,False,False,0.0007043319361863531,-0.058004976017560494,-0.0839160398099339,601888 / 600827 / 600859 / 000785 / 002419
2018-05-10,572443.2302533926,0.0,商贸零售,1.0,0.0,False,False,0.012820690271615032,-0.045927949577678984,-0.07217121109354252,601888 / 600827 / 600859 / 000785 / 002419
2018-05-11,565628.6782430831,0.0,商贸零售,1.0,0.0,False,False,-0.011904328062877223,-0.057285536261528214,-0.08321638938286702,601888 / 600827 / 600859 / 000785 / 002419
2018-05-14,567615.9844344747,0.0,商贸零售,1.0,0.0,False,False,0.0035134466618003124,-0.05397335927587543,-0.079995319066551,601888 / 600827 / 600859 / 000785 / 002419
2018-05-15,576391.121080716,0.0,商贸零售,1.0,0.0,False,False,0.015459636245064745,-0.03934813153214001,-0.06577238135556307,601888 / 600827 / 600859 / 000785 / 002419
2018-05-16,567484.6395901075,0.0,商贸零售,1.0,0.0,False,False,-0.01545214900935521,-0.054192267349820855,-0.08020820572751197,601888 / 600827 / 600859 / 000785 / 002419
2018-05-17,562737.0410599707,0.0,商贸零售,1.0,0.0,False,False,-0.008366038829819122,-0.06210493156671548,-0.08790321959374459,601888 / 600827 / 600859 / 000785 / 002419
2018-05-18,562729.5243328044,562729.5243328044,现金,0.0,732.5006324548369,False,False,-1.335744160757546e-05,-0.062117459445326095,-0.0879154028732293,
2018-05-21,562729.5243328044,562729.5243328044,现金,0.0,0.0,False,False,0.0,-0.062117459445326095,-0.0879154028732293,
2018-05-22,562729.5243328044,562729.5243328044,现金,0.0,0.0,False,False,0.0,-0.062117459445326095,-0.0879154028732293,
2018-05-23,562729.5243328044,562729.5243328044,现金,0.0,0.0,False,False,0.0,-0.062117459445326095,-0.0879154028732293,
2018-05-24,555561.0095119618,0.0,消费电子,1.0,449.82376045787726,False,False,-0.01273882835513529,-0.07406498414673024,-0.09953429200139008,002475 / 002241 / 002600 / 300433 / 601231
2018-05-25,544683.5436961338,0.0,消费电子,1.0,0.0,False,False,-0.01957924625665053,-0.09219409383977706,-0.11716473184396392,002475 / 002241 / 002600 / 300433 / 601231
2018-05-28,543630.7921708229,543630.7921708229,现金,0.0,707.6399617723738,False,False,-0.0019327764488111798,-0.09394867971529519,-0.11887105505843587,
2018-05-29,543630.7921708229,543630.7921708229,现金,0.0,0.0,False,False,0.0,-0.09394867971529519,-0.11887105505843587,
2018-05-30,543630.7921708229,543630.7921708229,现金,0.0,0.0,False,False,0.0,-0.09394867971529519,-0.11887105505843587,
2018-05-31,543630.7921708229,543630.7921708229,现金,0.0,0.0,False,False,0.0,-0.09394867971529519,-0.11887105505843587,
2018-06-01,543630.7921708229,543630.7921708229,现金,0.0,0.0,False,False,0.0,-0.09394867971529519,-0.11887105505843587,
2018-06-04,543630.7921708229,543630.7921708229,现金,0.0,0.0,False,False,0.0,-0.09394867971529519,-0.11887105505843587,
2018-06-05,543630.7921708229,543630.7921708229,现金,0.0,0.0,False,False,0.0,-0.09394867971529519,-0.11887105505843587,
2018-06-06,543630.7921708229,543630.7921708229,现金,0.0,0.0,False,False,0.0,-0.09394867971529519,-0.11887105505843587,
2018-06-07,543630.7921708229,543630.7921708229,现金,0.0,0.0,False,False,0.0,-0.09394867971529519,-0.11887105505843587,
2018-06-08,543630.7921708229,543630.7921708229,现金,0.0,0.0,False,False,0.0,-0.09394867971529519,-0.11887105505843587,
2018-06-11,543630.7921708229,543630.7921708229,现金,0.0,0.0,False,False,0.0,-0.09394867971529519,-0.11887105505843587,
2018-06-12,543630.7921708229,543630.7921708229,现金,0.0,0.0,False,False,0.0,-0.09394867971529519,-0.11887105505843587,
2018-06-13,543630.7921708229,543630.7921708229,现金,0.0,0.0,False,False,0.0,-0.09394867971529519,-0.11887105505843587,
2018-06-14,543630.7921708229,543630.7921708229,现金,0.0,0.0,False,False,0.0,-0.09394867971529519,-0.11887105505843587,
2018-06-15,543630.7921708229,543630.7921708229,现金,0.0,0.0,False,False,0.0,-0.09394867971529519,-0.11887105505843587,
2018-06-19,543630.7921708229,543630.7921708229,现金,0.0,0.0,False,False,0.0,-0.09394867971529519,-0.11887105505843587,
2018-06-20,543630.7921708229,543630.7921708229,现金,0.0,0.0,False,False,0.0,-0.09394867971529519,-0.11887105505843587,
2018-06-21,543630.7921708229,543630.7921708229,现金,0.0,0.0,False,False,0.0,-0.09394867971529519,-0.11887105505843587,
2018-06-22,543630.7921708229,543630.7921708229,现金,0.0,0.0,False,False,0.0,-0.09394867971529519,-0.11887105505843587,
2018-06-25,543630.7921708229,543630.7921708229,现金,0.0,0.0,False,False,0.0,-0.09394867971529519,-0.11887105505843587,
2018-06-26,543630.7921708229,543630.7921708229,现金,0.0,0.0,False,False,0.0,-0.09394867971529519,-0.11887105505843587,
2018-06-27,543630.7921708229,543630.7921708229,现金,0.0,0.0,False,False,0.0,-0.09394867971529519,-0.11887105505843587,
2018-06-28,543630.7921708229,543630.7921708229,现金,0.0,0.0,False,False,0.0,-0.09394867971529519,-0.11887105505843587,
2018-06-29,543630.7921708229,543630.7921708229,现金,0.0,0.0,False,False,0.0,-0.09394867971529519,-0.11887105505843587,
2018-07-02,543630.7921708229,543630.7921708229,现金,0.0,0.0,False,False,0.0,-0.09394867971529519,-0.11887105505843587,
2018-07-03,543630.7921708229,543630.7921708229,现金,0.0,0.0,False,False,0.0,-0.09394867971529519,-0.11887105505843587,
2018-07-04,543630.7921708229,543630.7921708229,现金,0.0,0.0,False,False,0.0,-0.09394867971529519,-0.11887105505843587,
2018-07-05,543630.7921708229,543630.7921708229,现金,0.0,0.0,False,False,0.0,-0.09394867971529519,-0.11887105505843587,
2018-07-06,543630.7921708229,543630.7921708229,现金,0.0,0.0,False,False,0.0,-0.09394867971529519,-0.11887105505843587,
2018-07-09,543630.7921708229,543630.7921708229,现金,0.0,0.0,False,False,0.0,-0.09394867971529519,-0.11887105505843587,
2018-07-10,543630.7921708229,543630.7921708229,现金,0.0,0.0,False,False,0.0,-0.09394867971529519,-0.11887105505843587,
2018-07-11,543630.7921708229,543630.7921708229,现金,0.0,0.0,False,False,0.0,-0.09394867971529519,-0.11887105505843587,
2018-07-12,543630.7921708229,543630.7921708229,现金,0.0,0.0,False,False,0.0,-0.09394867971529519,-0.11887105505843587,
2018-07-13,543630.7921708229,543630.7921708229,现金,0.0,0.0,False,False,0.0,-0.09394867971529519,-0.11887105505843587,
2018-07-16,543630.7921708229,543630.7921708229,现金,0.0,0.0,False,False,0.0,-0.09394867971529519,-0.11887105505843587,
2018-07-17,543630.7921708229,543630.7921708229,现金,0.0,0.0,False,False,0.0,-0.09394867971529519,-0.11887105505843587,
2018-07-18,543630.7921708229,543630.7921708229,现金,0.0,0.0,False,False,0.0,-0.09394867971529519,-0.11887105505843587,
2018-07-19,543630.7921708229,543630.7921708229,现金,0.0,0.0,False,False,0.0,-0.09394867971529519,-0.11887105505843587,
2018-07-20,543630.7921708229,543630.7921708229,现金,0.0,0.0,False,False,0.0,-0.09394867971529519,-0.11887105505843587,
2018-07-23,559404.1604477777,0.0,被动元件,1.0,434.55698814614146,False,False,0.02901485439036433,-0.06765973258703717,-0.09330522702182098,000636 / 002138 / 603678 / 300408 / 300319
2018-07-24,537607.4454649624,0.0,被动元件,1.0,0.0,False,False,-0.03896416316490747,-0.10398759089172938,-0.12863383009691154,000636 / 002138 / 603678 / 300408 / 300319
2018-07-25,537660.2578178846,537660.2578178846,现金,0.0,699.8681637761589,False,False,9.823590310675812e-05,-0.1038995703035257,-0.12854823065427445,
2018-07-26,537660.2578178846,537660.2578178846,现金,0.0,0.0,False,False,0.0,-0.1038995703035257,-0.12854823065427445,
2018-07-27,537660.2578178846,537660.2578178846,现金,0.0,0.0,False,False,0.0,-0.1038995703035257,-0.12854823065427445,
2018-07-30,537660.2578178846,537660.2578178846,现金,0.0,0.0,False,False,0.0,-0.1038995703035257,-0.12854823065427445,
2018-07-31,532586.9106587545,0.0,建材,1.0,429.78437875130663,False,False,-0.009435972038774887,-0.11235514890207576,-0.1367712251829616,600585 / 000786 / 002271 / 000401 / 600801
2018-08-01,522398.9854492189,0.0,建材,1.0,0.0,False,False,-0.01912913180110687,-0.12933502425130183,-0.1532840421909447,600585 / 000786 / 002271 / 000401 / 600801
2018-08-02,519773.97384060855,519773.97384060855,现金,0.0,676.585727438461,False,False,-0.005024917126041251,-0.13371004359898575,-0.15753871970823186,
2018-08-03,519773.97384060855,519773.97384060855,现金,0.0,0.0,False,False,0.0,-0.13371004359898575,-0.15753871970823186,
2018-08-06,519773.97384060855,519773.97384060855,现金,0.0,0.0,False,False,0.0,-0.13371004359898575,-0.15753871970823186,
2018-08-07,519773.97384060855,519773.97384060855,现金,0.0,0.0,False,False,0.0,-0.13371004359898575,-0.15753871970823186,
2018-08-08,519773.97384060855,519773.97384060855,现金,0.0,0.0,False,False,0.0,-0.13371004359898575,-0.15753871970823186,
2018-08-09,519773.97384060855,519773.97384060855,现金,0.0,0.0,False,False,0.0,-0.13371004359898575,-0.15753871970823186,
2018-08-10,519773.97384060855,519773.97384060855,现金,0.0,0.0,False,False,0.0,-0.13371004359898575,-0.15753871970823186,
2018-08-13,519773.97384060855,519773.97384060855,现金,0.0,0.0,False,False,0.0,-0.13371004359898575,-0.15753871970823186,
2018-08-14,519773.97384060855,519773.97384060855,现金,0.0,0.0,False,False,0.0,-0.13371004359898575,-0.15753871970823186,
2018-08-15,519773.97384060855,519773.97384060855,现金,0.0,0.0,False,False,0.0,-0.13371004359898575,-0.15753871970823186,
2018-08-16,519773.97384060855,519773.97384060855,现金,0.0,0.0,False,False,0.0,-0.13371004359898575,-0.15753871970823186,
2018-08-17,519773.97384060855,519773.97384060855,现金,0.0,0.0,False,False,0.0,-0.13371004359898575,-0.15753871970823186,
2018-08-20,519773.97384060855,519773.97384060855,现金,0.0,0.0,False,False,0.0,-0.13371004359898575,-0.15753871970823186,
2018-08-21,519773.97384060855,519773.97384060855,现金,0.0,0.0,False,False,0.0,-0.13371004359898575,-0.15753871970823186,
2018-08-22,519773.97384060855,519773.97384060855,现金,0.0,0.0,False,False,0.0,-0.13371004359898575,-0.15753871970823186,
2018-08-23,519773.97384060855,519773.97384060855,现金,0.0,0.0,False,False,0.0,-0.13371004359898575,-0.15753871970823186,
2018-08-24,519773.97384060855,519773.97384060855,现金,0.0,0.0,False,False,0.0,-0.13371004359898575,-0.15753871970823186,
2018-08-27,519773.97384060855,519773.97384060855,现金,0.0,0.0,False,False,0.0,-0.13371004359898575,-0.15753871970823186,
2018-08-28,519773.97384060855,519773.97384060855,现金,0.0,0.0,False,False,0.0,-0.13371004359898575,-0.15753871970823186,
2018-08-29,519773.97384060855,519773.97384060855,现金,0.0,0.0,False,False,0.0,-0.13371004359898575,-0.15753871970823186,
2018-08-30,519773.97384060855,519773.97384060855,现金,0.0,0.0,False,False,0.0,-0.13371004359898575,-0.15753871970823186,
2018-08-31,519773.97384060855,519773.97384060855,现金,0.0,0.0,False,False,0.0,-0.13371004359898575,-0.15753871970823186,
2018-09-03,519773.97384060855,519773.97384060855,现金,0.0,0.0,False,False,0.0,-0.13371004359898575,-0.15753871970823186,
2018-09-04,519773.97384060855,519773.97384060855,现金,0.0,0.0,False,False,0.0,-0.13371004359898575,-0.15753871970823186,
2018-09-05,519773.97384060855,519773.97384060855,现金,0.0,0.0,False,False,0.0,-0.13371004359898575,-0.15753871970823186,
2018-09-06,519773.97384060855,519773.97384060855,现金,0.0,0.0,False,False,0.0,-0.13371004359898575,-0.15753871970823186,
2018-09-07,519773.97384060855,519773.97384060855,现金,0.0,0.0,False,False,0.0,-0.13371004359898575,-0.15753871970823186,
2018-09-10,519773.97384060855,519773.97384060855,现金,0.0,0.0,False,False,0.0,-0.13371004359898575,-0.15753871970823186,
2018-09-11,519773.97384060855,519773.97384060855,现金,0.0,0.0,False,False,0.0,-0.13371004359898575,-0.15753871970823186,
2018-09-12,519773.97384060855,519773.97384060855,现金,0.0,0.0,False,False,0.0,-0.13371004359898575,-0.15753871970823186,
2018-09-13,519773.97384060855,519773.97384060855,现金,0.0,0.0,False,False,0.0,-0.13371004359898575,-0.15753871970823186,
2018-09-14,519773.97384060855,519773.97384060855,现金,0.0,0.0,False,False,0.0,-0.13371004359898575,-0.15753871970823186,
2018-09-17,519773.97384060855,519773.97384060855,现金,0.0,0.0,False,False,0.0,-0.13371004359898575,-0.15753871970823186,
2018-09-18,519773.97384060855,519773.97384060855,现金,0.0,0.0,False,False,0.0,-0.13371004359898575,-0.15753871970823186,
2018-09-19,519773.97384060855,519773.97384060855,现金,0.0,0.0,False,False,0.0,-0.13371004359898575,-0.15753871970823186,
2018-09-20,519773.97384060855,519773.97384060855,现金,0.0,0.0,False,False,0.0,-0.13371004359898575,-0.15753871970823186,
2018-09-21,519773.97384060855,519773.97384060855,现金,0.0,0.0,False,False,0.0,-0.13371004359898575,-0.15753871970823186,
2018-09-25,519773.97384060855,519773.97384060855,现金,0.0,0.0,False,False,0.0,-0.13371004359898575,-0.15753871970823186,
2018-09-26,519773.97384060855,519773.97384060855,现金,0.0,0.0,False,False,0.0,-0.13371004359898575,-0.15753871970823186,
2018-09-27,519773.97384060855,519773.97384060855,现金,0.0,0.0,False,False,0.0,-0.13371004359898575,-0.15753871970823186,
2018-09-28,519773.97384060855,519773.97384060855,现金,0.0,0.0,False,False,0.0,-0.13371004359898575,-0.15753871970823186,
2018-10-08,519773.97384060855,519773.97384060855,现金,0.0,0.0,False,False,0.0,-0.13371004359898575,-0.15753871970823186,
2018-10-09,519773.97384060855,519773.97384060855,现金,0.0,0.0,False,False,0.0,-0.13371004359898575,-0.15753871970823186,
2018-10-10,519773.97384060855,519773.97384060855,现金,0.0,0.0,False,False,0.0,-0.13371004359898575,-0.15753871970823186,
2018-10-11,512214.9261495546,0.0,黄金概念,1.0,415.48678964077425,False,False,-0.014542951497167445,-0.14630845641740897,-0.16979059324575663,600547 / 601899 / 600489 / 000975 / 002237
2018-10-12,518790.1495990703,0.0,黄金概念,1.0,0.0,False,False,0.012836844679523951,-0.1353497506682162,-0.15913332403977254,600547 / 601899 / 600489 / 000975 / 002237
2018-10-15,521535.0926235433,0.0,黄金概念,1.0,0.0,False,False,0.0052910469225260215,-0.1307748456274278,-0.1546842590016786,600547 / 601899 / 600489 / 000975 / 002237
2018-10-16,503212.1033062482,0.0,黄金概念,1.0,0.0,False,False,-0.03513280232998828,-0.16131316115625305,-0.18438256983660017,600547 / 601899 / 600489 / 000975 / 002237
2018-10-17,491005.51232914993,0.0,黄金概念,1.0,0.0,False,False,-0.02425734774044075,-0.18165747945141675,-0.20416728546323837,600547 / 601899 / 600489 / 000975 / 002237
2018-10-18,485992.7721599677,485992.7721599677,现金,0.0,632.6130007088794,False,False,-0.010209132165143409,-0.19001204640005387,-0.21229204682728908,
2018-10-19,485992.7721599677,485992.7721599677,现金,0.0,0.0,False,False,0.0,-0.19001204640005387,-0.21229204682728908,
2018-10-22,485992.7721599677,485992.7721599677,现金,0.0,0.0,False,False,0.0,-0.19001204640005387,-0.21229204682728908,
2018-10-23,485992.7721599677,485992.7721599677,现金,0.0,0.0,False,False,0.0,-0.19001204640005387,-0.21229204682728908,
2018-10-24,485992.7721599677,485992.7721599677,现金,0.0,0.0,False,False,0.0,-0.19001204640005387,-0.21229204682728908,
2018-10-25,485992.7721599677,485992.7721599677,现金,0.0,0.0,False,False,0.0,-0.19001204640005387,-0.21229204682728908,
2018-10-26,485992.7721599677,485992.7721599677,现金,0.0,0.0,False,False,0.0,-0.19001204640005387,-0.21229204682728908,
2018-10-29,485992.7721599677,485992.7721599677,现金,0.0,0.0,False,False,0.0,-0.19001204640005387,-0.21229204682728908,
2018-10-30,485992.7721599677,485992.7721599677,现金,0.0,0.0,False,False,0.0,-0.19001204640005387,-0.21229204682728908,
2018-10-31,485992.7721599677,485992.7721599677,现金,0.0,0.0,False,False,0.0,-0.19001204640005387,-0.21229204682728908,
2018-11-01,485992.7721599677,485992.7721599677,现金,0.0,0.0,False,False,0.0,-0.19001204640005387,-0.21229204682728908,
2018-11-02,485992.7721599677,485992.7721599677,现金,0.0,0.0,False,False,0.0,-0.19001204640005387,-0.21229204682728908,
2018-11-05,485992.7721599677,485992.7721599677,现金,0.0,0.0,False,False,0.0,-0.19001204640005387,-0.21229204682728908,
2018-11-06,485992.7721599677,485992.7721599677,现金,0.0,0.0,False,False,0.0,-0.19001204640005387,-0.21229204682728908,
2018-11-07,485992.7721599677,485992.7721599677,现金,0.0,0.0,False,False,0.0,-0.19001204640005387,-0.21229204682728908,
2018-11-08,485992.7721599677,485992.7721599677,现金,0.0,0.0,False,False,0.0,-0.19001204640005387,-0.21229204682728908,
2018-11-09,485992.7721599677,485992.7721599677,现金,0.0,0.0,False,False,0.0,-0.19001204640005387,-0.21229204682728908,
2018-11-12,485992.7721599677,485992.7721599677,现金,0.0,0.0,False,False,0.0,-0.19001204640005387,-0.21229204682728908,
2018-11-13,485992.7721599677,485992.7721599677,现金,0.0,0.0,False,False,0.0,-0.19001204640005387,-0.21229204682728908,
2018-11-14,485992.7721599677,485992.7721599677,现金,0.0,0.0,False,False,0.0,-0.19001204640005387,-0.21229204682728908,
2018-11-15,485992.7721599677,485992.7721599677,现金,0.0,0.0,False,False,0.0,-0.19001204640005387,-0.21229204682728908,
2018-11-16,485992.7721599677,485992.7721599677,现金,0.0,0.0,False,False,0.0,-0.19001204640005387,-0.21229204682728908,
2018-11-19,485992.7721599677,485992.7721599677,现金,0.0,0.0,False,False,0.0,-0.19001204640005387,-0.21229204682728908,
2018-11-20,485992.7721599677,485992.7721599677,现金,0.0,0.0,False,False,0.0,-0.19001204640005387,-0.21229204682728908,
2018-11-21,485992.7721599677,485992.7721599677,现金,0.0,0.0,False,False,0.0,-0.19001204640005387,-0.21229204682728908,
2018-11-22,485992.7721599677,485992.7721599677,现金,0.0,0.0,False,False,0.0,-0.19001204640005387,-0.21229204682728908,
2018-11-23,458623.8088915251,0.0,大数据,1.0,388.48343098318765,False,False,-0.056315576766302056,-0.2356269851807915,-0.2566522745336135,002401 / 300166 / 300168 / 300290 / 002642
2018-11-26,461203.8474844546,461203.8474844546,现金,0.0,600.3454508158516,False,False,0.005625609798072695,-0.23132692085924234,-0.2524704902858548,
2018-11-27,461203.8474844546,461203.8474844546,现金,0.0,0.0,False,False,0.0,-0.23132692085924234,-0.2524704902858548,
2018-11-28,461203.8474844546,461203.8474844546,现金,0.0,0.0,False,False,0.0,-0.23132692085924234,-0.2524704902858548,
2018-11-29,461203.8474844546,461203.8474844546,现金,0.0,0.0,False,False,0.0,-0.23132692085924234,-0.2524704902858548,
2018-11-30,461203.8474844546,461203.8474844546,现金,0.0,0.0,False,False,0.0,-0.23132692085924234,-0.2524704902858548,
2018-12-03,461203.8474844546,461203.8474844546,现金,0.0,0.0,False,False,0.0,-0.23132692085924234,-0.2524704902858548,
2018-12-04,461203.8474844546,461203.8474844546,现金,0.0,0.0,False,False,0.0,-0.23132692085924234,-0.2524704902858548,
2018-12-05,461203.8474844546,461203.8474844546,现金,0.0,0.0,False,False,0.0,-0.23132692085924234,-0.2524704902858548,
2018-12-06,461203.8474844546,461203.8474844546,现金,0.0,0.0,False,False,0.0,-0.23132692085924234,-0.2524704902858548,
2018-12-07,461203.8474844546,461203.8474844546,现金,0.0,0.0,False,False,0.0,-0.23132692085924234,-0.2524704902858548,
2018-12-10,461203.8474844546,461203.8474844546,现金,0.0,0.0,False,False,0.0,-0.23132692085924234,-0.2524704902858548,
2018-12-11,461203.8474844546,461203.8474844546,现金,0.0,0.0,False,False,0.0,-0.23132692085924234,-0.2524704902858548,
2018-12-12,461203.8474844546,461203.8474844546,现金,0.0,0.0,False,False,0.0,-0.23132692085924234,-0.2524704902858548,
2018-12-13,461203.8474844546,461203.8474844546,现金,0.0,0.0,False,False,0.0,-0.23132692085924234,-0.2524704902858548,
2018-12-14,461203.8474844546,461203.8474844546,现金,0.0,0.0,False,False,0.0,-0.23132692085924234,-0.2524704902858548,
2018-12-17,461203.8474844546,461203.8474844546,现金,0.0,0.0,False,False,0.0,-0.23132692085924234,-0.2524704902858548,
2018-12-18,461203.8474844546,461203.8474844546,现金,0.0,0.0,False,False,0.0,-0.23132692085924234,-0.2524704902858548,
2018-12-19,461203.8474844546,461203.8474844546,现金,0.0,0.0,False,False,0.0,-0.23132692085924234,-0.2524704902858548,
2018-12-20,461203.8474844546,461203.8474844546,现金,0.0,0.0,False,False,0.0,-0.23132692085924234,-0.2524704902858548,
2018-12-21,461203.8474844546,461203.8474844546,现金,0.0,0.0,False,False,0.0,-0.23132692085924234,-0.2524704902858548,
2018-12-24,461203.8474844546,461203.8474844546,现金,0.0,0.0,False,False,0.0,-0.23132692085924234,-0.2524704902858548,
2018-12-25,461203.8474844546,461203.8474844546,现金,0.0,0.0,False,False,0.0,-0.23132692085924234,-0.2524704902858548,
2018-12-26,461203.8474844546,461203.8474844546,现金,0.0,0.0,False,False,0.0,-0.23132692085924234,-0.2524704902858548,
2018-12-27,461203.8474844546,461203.8474844546,现金,0.0,0.0,False,False,0.0,-0.23132692085924234,-0.2524704902858548,
2018-12-28,461203.8474844546,461203.8474844546,现金,0.0,0.0,False,False,0.0,-0.23132692085924234,-0.2524704902858548,
2019-01-02,461203.8474844546,461203.8474844546,现金,0.0,0.0,False,False,0.0,-0.23132692085924234,-0.2524704902858548,
2019-01-03,461203.8474844546,461203.8474844546,现金,0.0,0.0,False,False,0.0,-0.23132692085924234,-0.2524704902858548,
2019-01-04,461203.8474844546,461203.8474844546,现金,0.0,0.0,False,False,0.0,-0.23132692085924234,-0.2524704902858548,
2019-01-07,461203.8474844546,461203.8474844546,现金,0.0,0.0,False,False,0.0,-0.23132692085924234,-0.2524704902858548,
2019-01-08,461203.8474844546,461203.8474844546,现金,0.0,0.0,False,False,0.0,-0.23132692085924234,-0.2524704902858548,
2019-01-09,461203.8474844546,461203.8474844546,现金,0.0,0.0,False,False,0.0,-0.23132692085924234,-0.2524704902858548,
2019-01-10,461203.8474844546,461203.8474844546,现金,0.0,0.0,False,False,0.0,-0.23132692085924234,-0.2524704902858548,
2019-01-11,461203.8474844546,461203.8474844546,现金,0.0,0.0,False,False,0.0,-0.23132692085924234,-0.2524704902858548,
2019-01-14,461203.8474844546,461203.8474844546,现金,0.0,0.0,False,False,0.0,-0.23132692085924234,-0.2524704902858548,
2019-01-15,447942.62900261435,0.0,煤炭,1.0,368.6681434727855,False,False,-0.0287534862386144,-0.2534289516623094,-0.2739645697563786,601088 / 600188 / 601225 / 000723 / 600157
2019-01-16,466434.9463610015,0.0,煤炭,1.0,0.0,False,False,0.041282780787267326,-0.22260842273166415,-0.24399180824584188,601088 / 600188 / 601225 / 000723 / 600157
2019-01-17,482556.1967641639,0.0,煤炭,1.0,0.0,False,False,0.03456269846188831,-0.19573967205972687,-0.2178621250795254,601088 / 600188 / 601225 / 000723 / 600157
2019-01-18,487186.93940754805,0.0,煤炭,1.0,0.0,False,False,0.009596276401455661,-0.18802176765408662,-0.21035651384774134,601088 / 600188 / 601225 / 000723 / 600157
2019-01-21,489130.4732085749,0.0,煤炭,1.0,0.0,False,False,0.003989297831732408,-0.1847825446523751,-0.20720639080059255,601088 / 600188 / 601225 / 000723 / 600157
2019-01-22,482453.24312990275,0.0,煤炭,1.0,0.0,False,False,-0.013651224866181866,-0.19591126145016213,-0.21802899463224557,601088 / 600188 / 601225 / 000723 / 600157
2019-01-23,480927.9503318737,0.0,煤炭,1.0,0.0,False,False,-0.00316153496685756,-0.19845341611354383,-0.2205012233087844,601088 / 600188 / 601225 / 000723 / 600157
2019-01-24,474963.38016653655,0.0,煤炭,1.0,0.0,False,False,-0.012402211518838135,-0.2083943663891058,-0.23016873201598453,601088 / 600188 / 601225 / 000723 / 600157
2019-01-25,473142.79997683334,473142.79997683334,现金,0.0,615.8862921496778,False,False,-0.0038330959095517203,-0.2114286667052777,-0.23311956910033904,
2019-01-28,473142.79997683334,473142.79997683334,现金,0.0,0.0,False,False,0.0,-0.2114286667052777,-0.23311956910033904,
2019-01-29,473142.79997683334,473142.79997683334,现金,0.0,0.0,False,False,0.0,-0.2114286667052777,-0.23311956910033904,
2019-01-30,473142.79997683334,473142.79997683334,现金,0.0,0.0,False,False,0.0,-0.2114286667052777,-0.23311956910033904,
2019-01-31,475798.38261353486,0.0,建材,1.0,378.21167064495074,False,False,0.005612645139758232,-0.20700269564410856,-0.2288153413770745,600585 / 000786 / 002271 / 000401 / 600801
2019-02-01,484299.28272044566,0.0,建材,1.0,0.0,False,False,0.017866601521879577,-0.19283452879925722,-0.2150368923816719,600585 / 000786 / 002271 / 000401 / 600801
2019-02-11,495258.06070252997,0.0,建材,1.0,0.0,False,False,0.02262811111452767,-0.17456989882911667,-0.19727465996167948,600585 / 000786 / 002271 / 000401 / 600801
2019-02-12,494110.2051022846,0.0,建材,1.0,0.0,False,False,-0.0023176919091778547,-0.1764829914961923,-0.19913512998757832,600585 / 000786 / 002271 / 000401 / 600801
2019-02-13,503817.92330670526,0.0,建材,1.0,0.0,False,False,0.019646868460065692,-0.1603034611554912,-0.18340064323215666,600585 / 000786 / 002271 / 000401 / 600801
2019-02-14,502520.8594904343,0.0,建材,1.0,0.0,False,False,-0.0025744693792510986,-0.1624652341826095,-0.18550295327127153,600585 / 000786 / 002271 / 000401 / 600801
2019-02-15,488391.22065076703,0.0,建材,1.0,0.0,False,False,-0.02811751705987886,-0.1860146322487216,-0.20840458787788751,600585 / 000786 / 002271 / 000401 / 600801
2019-02-18,490123.6477590868,490123.6477590868,现金,0.0,637.9901292548441,False,False,0.003547211815174256,-0.18312725373485528,-0.20559663127917027,
2019-02-19,490123.6477590868,490123.6477590868,现金,0.0,0.0,False,False,0.0,-0.18312725373485528,-0.20559663127917027,
2019-02-20,490123.6477590868,490123.6477590868,现金,0.0,0.0,False,False,0.0,-0.18312725373485528,-0.20559663127917027,
2019-02-21,490123.6477590868,490123.6477590868,现金,0.0,0.0,False,False,0.0,-0.18312725373485528,-0.20559663127917027,
2019-02-22,492212.87926420465,0.0,农林牧渔,1.0,391.7854898154172,False,False,0.004262662115305238,-0.17964520122632555,-0.20221035813505317,002714 / 300498 / 002311 / 000876 / 002299
2019-02-25,491086.97861719236,0.0,农林牧渔,1.0,0.0,False,False,-0.0022874262223600006,-0.18152170230467934,-0.20403524308178222,002714 / 300498 / 002311 / 000876 / 002299
2019-02-26,477401.6954950129,0.0,光学光电子,1.0,1023.3561928952097,False,False,-0.027867330469063978,-0.20433050750831183,-0.22621665600455043,002456 / 300433 / 002273 / 600703 / 300296
2019-02-27,462502.5077659524,0.0,光学光电子,1.0,0.0,False,False,-0.031208912472779793,-0.22916248705674602,-0.2503655926601992,002456 / 300433 / 002273 / 600703 / 300296
2019-02-28,466256.8975178439,0.0,光学光电子,1.0,0.0,False,False,0.008117555448567293,-0.2229051708035934,-0.24428039379246458,002456 / 300433 / 002273 / 600703 / 300296
2019-03-01,464818.6036965417,0.0,光学光电子,1.0,0.0,False,False,-0.0030847668505477044,-0.22530232717243048,-0.24661161258200248,002456 / 300433 / 002273 / 600703 / 300296
2019-03-04,479431.9001918935,0.0,光学光电子,1.0,0.0,False,False,0.03143870830284623,-0.2009468330135108,-0.2229260548312164,002456 / 300433 / 002273 / 600703 / 300296
2019-03-05,502637.3890073061,0.0,光学光电子,1.0,0.0,False,False,0.04840205419398358,-0.16227101832115653,-0.18531407962442425,002456 / 300433 / 002273 / 600703 / 300296
2019-03-06,497989.25489067286,0.0,光学光电子,1.0,0.0,False,False,-0.009247489777497786,-0.1700179085155452,-0.19284787934496872,002456 / 300433 / 002273 / 600703 / 300296
2019-03-07,493649.42772418243,0.0,光学光电子,1.0,0.0,False,False,-0.008714700415460186,-0.17725095379302924,-0.19988196826618065,002456 / 300433 / 002273 / 600703 / 300296
2019-03-08,494332.752212103,0.0,光学光电子,1.0,0.0,False,False,0.0013842302847808519,-0.176112079646495,-0.1987744206552554,002456 / 300433 / 002273 / 600703 / 300296
2019-03-11,494017.9908549586,0.0,云计算,1.0,1060.3762225292614,False,False,-0.0006367398391788903,-0.17663668190840232,-0.19928459290179346,600588 / 000977 / 603019 / 000938 / 300442
2019-03-12,508759.9604490665,0.0,云计算,1.0,0.0,False,False,0.02984095694287392,-0.15206673258488923,-0.17539047891508008,600588 / 000977 / 603019 / 000938 / 300442
2019-03-13,472068.2831566018,0.0,云计算,1.0,0.0,False,False,-0.07211982102537717,-0.21321952807233024,-0.2348611699915466,600588 / 000977 / 603019 / 000938 / 300442
2019-03-14,457525.57613324176,0.0,云计算,1.0,0.0,False,False,-0.03080636327888131,-0.2374573731112637,-0.2584323147475651,600588 / 000977 / 603019 / 000938 / 300442
2019-03-15,461218.44816463673,0.0,云计算,1.0,0.0,False,False,0.008071400210246438,-0.23130258639227208,-0.25244682517690664,600588 / 000977 / 603019 / 000938 / 300442
2019-03-18,473436.587485595,0.0,云计算,1.0,0.0,False,False,0.026491003058483287,-0.21093902085734162,-0.23264339173628923,600588 / 000977 / 603019 / 000938 / 300442
2019-03-19,479266.64552232926,0.0,云计算,1.0,0.0,False,False,0.012314337739923076,-0.20122225746278455,-0.22319390329516808,600588 / 000977 / 603019 / 000938 / 300442
2019-03-20,473217.42231860064,0.0,云计算,1.0,0.0,False,False,-0.012621832251931253,-0.2113042961356656,-0.23299861954005396,600588 / 000977 / 603019 / 000938 / 300442
2019-03-21,482017.89914003003,0.0,云计算,1.0,0.0,False,False,0.018597110770584235,-0.19663683476661664,-0.21873460990644922,600588 / 000977 / 603019 / 000938 / 300442
2019-03-22,478592.34344513784,0.0,云计算,1.0,0.0,False,False,-0.007106698114330845,-0.20234609425810357,-0.2242868271810191,600588 / 000977 / 603019 / 000938 / 300442
2019-03-25,484735.75424370874,0.0,云计算,1.0,0.0,False,False,0.012836416801714101,-0.1921070762604854,-0.21432944957613453,600588 / 000977 / 603019 / 000938 / 300442
2019-03-26,461198.285461039,0.0,游戏,1.0,1016.5763769665841,False,False,-0.04855731927469065,-0.2313361908982684,-0.2524795053377882,002555 / 300002 / 002624 / 603444 / 002517
2019-03-27,456435.84698747995,0.0,游戏,1.0,0.0,False,False,-0.010326227619858241,-0.2392735883542001,-0.26019857211617914,002555 / 300002 / 002624 / 603444 / 002517
2019-03-28,457157.15133653337,457157.15133653337,现金,0.0,595.0778980048997,False,False,0.0015802973272456278,-0.23807141443911106,-0.2590294658970018,
2019-03-29,457157.15133653337,457157.15133653337,现金,0.0,0.0,False,False,0.0,-0.23807141443911106,-0.2590294658970018,
2019-04-01,457157.15133653337,457157.15133653337,现金,0.0,0.0,False,False,0.0,-0.23807141443911106,-0.2590294658970018,
2019-04-02,457157.15133653337,457157.15133653337,现金,0.0,0.0,False,False,0.0,-0.23807141443911106,-0.2590294658970018,
2019-04-03,471803.8733438812,0.0,煤炭,1.0,365.433374369731,False,False,0.032038702587342316,-0.21366021109353128,-0.23528973132889164,601088 / 600188 / 601225 / 000723 / 600157
2019-04-04,491559.3844705773,0.0,煤炭,1.0,0.0,False,False,0.041872295338908794,-0.18073435921570447,-0.20326955711039874,601088 / 600188 / 601225 / 000723 / 600157
2019-04-08,503037.2020240288,0.0,煤炭,1.0,0.0,False,False,0.023349808621420998,-0.16160466329328527,-0.1846660537460666,601088 / 600188 / 601225 / 000723 / 600157
2019-04-09,510100.2412439285,0.0,煤炭,1.0,0.0,False,False,0.014040789014173827,-0.1498329312601192,-0.17321812183062135,601088 / 600188 / 601225 / 000723 / 600157
2019-04-10,518362.591357867,0.0,煤炭,1.0,0.0,False,False,0.01619750285510535,-0.1360623477368883,-0.15982631999842345,601088 / 600188 / 601225 / 000723 / 600157
2019-04-11,509081.1086093886,0.0,煤炭,1.0,0.0,False,False,-0.01790538689176102,-0.15153148565101904,-0.17486995479512624,601088 / 600188 / 601225 / 000723 / 600157
2019-04-12,496719.40771208005,0.0,煤炭,1.0,0.0,False,False,-0.0242823799356372,-0.17213432047986654,-0.19490607604910049,601088 / 600188 / 601225 / 000723 / 600157
2019-04-15,499521.39360478485,0.0,煤炭,1.0,0.0,False,False,0.0056409833181492175,-0.16746434399202526,-0.19036455465455016,601088 / 600188 / 601225 / 000723 / 600157
2019-04-16,520709.80835177447,0.0,煤炭,1.0,0.0,False,False,0.04241743200242909,-0.13215031941370925,-0.15602189820485313,601088 / 600188 / 601225 / 000723 / 600157
2019-04-17,540754.8427241334,0.0,煤炭,1.0,0.0,False,False,0.038495595917058534,-0.09874192879311106,-0.12353245823530101,601088 / 600188 / 601225 / 000723 / 600157
2019-04-18,548160.1344194816,0.0,煤炭,1.0,0.0,False,False,0.013694360383428084,-0.08639977596753068,-0.11152979585399792,601088 / 600188 / 601225 / 000723 / 600157
2019-04-19,560216.456716129,0.0,煤炭,1.0,0.0,False,False,0.021994161084726294,-0.06630590547311843,-0.09198863906503096,601088 / 600188 / 601225 / 000723 / 600157
2019-04-22,534338.425330537,0.0,煤炭,1.0,0.0,False,False,-0.04619291539074655,-0.10943595778243831,-0.1339323310345366,601088 / 600188 / 601225 / 000723 / 600157
2019-04-23,524747.7596898844,0.0,煤炭,1.0,0.0,False,False,-0.017948672949582356,-0.12542040051685932,-0.1494770963770049,601088 / 600188 / 601225 / 000723 / 600157
2019-04-24,531261.0724506142,0.0,煤炭,1.0,0.0,False,False,0.012412273593276568,-0.1145648792489764,-0.13892017339988827,601088 / 600188 / 601225 / 000723 / 600157
2019-04-25,497884.0470627591,0.0,煤炭,1.0,0.0,False,False,-0.06282603247004848,-0.1701932548954015,-0.19301840254517055,601088 / 600188 / 601225 / 000723 / 600157
2019-04-26,492440.38178874494,0.0,煤炭,1.0,0.0,False,False,-0.010933600516282449,-0.17926603035209177,-0.2018416169557331,601088 / 600188 / 601225 / 000723 / 600157
2019-04-29,496718.2829750567,496718.2829750567,现金,0.0,646.5743144763929,False,False,0.008687145377421324,-0.17213619504157218,-0.19490789904801997,
2019-04-30,496718.2829750567,496718.2829750567,现金,0.0,0.0,False,False,0.0,-0.17213619504157218,-0.19490789904801997,
2019-05-06,496718.2829750567,496718.2829750567,现金,0.0,0.0,False,False,0.0,-0.17213619504157218,-0.19490789904801997,
2019-05-07,496718.2829750567,496718.2829750567,现金,0.0,0.0,False,False,0.0,-0.17213619504157218,-0.19490789904801997,
2019-05-08,496718.2829750567,496718.2829750567,现金,0.0,0.0,False,False,0.0,-0.17213619504157218,-0.19490789904801997,
2019-05-09,496718.2829750567,496718.2829750567,现金,0.0,0.0,False,False,0.0,-0.17213619504157218,-0.19490789904801997,
2019-05-10,496718.2829750567,496718.2829750567,现金,0.0,0.0,False,False,0.0,-0.17213619504157218,-0.19490789904801997,
2019-05-13,496718.2829750567,496718.2829750567,现金,0.0,0.0,False,False,0.0,-0.17213619504157218,-0.19490789904801997,
2019-05-14,496718.2829750567,496718.2829750567,现金,0.0,0.0,False,False,0.0,-0.17213619504157218,-0.19490789904801997,
2019-05-15,496718.2829750567,496718.2829750567,现金,0.0,0.0,False,False,0.0,-0.17213619504157218,-0.19490789904801997,
2019-05-16,496718.2829750567,496718.2829750567,现金,0.0,0.0,False,False,0.0,-0.17213619504157218,-0.19490789904801997,
2019-05-17,496718.2829750567,496718.2829750567,现金,0.0,0.0,False,False,0.0,-0.17213619504157218,-0.19490789904801997,
2019-05-20,496718.2829750567,496718.2829750567,现金,0.0,0.0,False,False,0.0,-0.17213619504157218,-0.19490789904801997,
2019-05-21,496718.2829750567,496718.2829750567,现金,0.0,0.0,False,False,0.0,-0.17213619504157218,-0.19490789904801997,
2019-05-22,496718.2829750567,496718.2829750567,现金,0.0,0.0,False,False,0.0,-0.17213619504157218,-0.19490789904801997,
2019-05-23,496718.2829750567,496718.2829750567,现金,0.0,0.0,False,False,0.0,-0.17213619504157218,-0.19490789904801997,
2019-05-24,496718.2829750567,496718.2829750567,现金,0.0,0.0,False,False,0.0,-0.17213619504157218,-0.19490789904801997,
2019-05-27,496718.2829750567,496718.2829750567,现金,0.0,0.0,False,False,0.0,-0.17213619504157218,-0.19490789904801997,
2019-05-28,496718.2829750567,496718.2829750567,现金,0.0,0.0,False,False,0.0,-0.17213619504157218,-0.19490789904801997,
2019-05-29,496718.2829750567,496718.2829750567,现金,0.0,0.0,False,False,0.0,-0.17213619504157218,-0.19490789904801997,
2019-05-30,496718.2829750567,496718.2829750567,现金,0.0,0.0,False,False,0.0,-0.17213619504157218,-0.19490789904801997,
2019-05-31,496718.2829750567,496718.2829750567,现金,0.0,0.0,False,False,0.0,-0.17213619504157218,-0.19490789904801997,
2019-06-03,496718.2829750567,496718.2829750567,现金,0.0,0.0,False,False,0.0,-0.17213619504157218,-0.19490789904801997,
2019-06-04,496718.2829750567,496718.2829750567,现金,0.0,0.0,False,False,0.0,-0.17213619504157218,-0.19490789904801997,
2019-06-05,496718.2829750567,496718.2829750567,现金,0.0,0.0,False,False,0.0,-0.17213619504157218,-0.19490789904801997,
2019-06-06,496718.2829750567,496718.2829750567,现金,0.0,0.0,False,False,0.0,-0.17213619504157218,-0.19490789904801997,
2019-06-10,496718.2829750567,496718.2829750567,现金,0.0,0.0,False,False,0.0,-0.17213619504157218,-0.19490789904801997,
2019-06-11,496718.2829750567,496718.2829750567,现金,0.0,0.0,False,False,0.0,-0.17213619504157218,-0.19490789904801997,
2019-06-12,496718.2829750567,496718.2829750567,现金,0.0,0.0,False,False,0.0,-0.17213619504157218,-0.19490789904801997,
2019-06-13,503682.3292230403,0.0,农业种植,1.0,397.05698079540906,False,False,0.014020112580259703,-0.1605294512949328,-0.18362041715519528,000998 / 002041 / 600598 / 601952 / 000713
2019-06-14,495216.4420162942,0.0,农业种植,1.0,0.0,False,False,-0.016807989313036287,-0.1746392633061763,-0.19734211645903188,000998 / 002041 / 600598 / 601952 / 000713
2019-06-17,485383.61586525827,0.0,农业种植,1.0,0.0,False,False,-0.01985561325670282,-0.19102730689123626,-0.213279380972065,000998 / 002041 / 600598 / 601952 / 000713
2019-06-18,471784.72162157483,0.0,农业种植,1.0,0.0,False,False,-0.02801679702237514,-0.21369213063070858,-0.2353207728686879,000998 / 002041 / 600598 / 601952 / 000713
2019-06-19,470234.3903980626,0.0,黄金概念,1.0,974.9735198117371,False,False,-0.0032860988337722885,-0.216276016003229,-0.237833584385174,600547 / 601899 / 600489 / 000975 / 002237
2019-06-20,489532.46339758695,0.0,黄金概念,1.0,0.0,False,False,0.04103926338349728,-0.18411256100402174,-0.2065548361127011,600547 / 601899 / 600489 / 000975 / 002237
2019-06-21,510555.66808804387,0.0,黄金概念,1.0,0.0,False,False,0.04294547606617538,-0.14907388651992692,-0.17247995581715658,600547 / 601899 / 600489 / 000975 / 002237
2019-06-24,525701.7828056857,0.0,黄金概念,1.0,0.0,False,False,0.02966594176568793,-0.12383036199052389,-0.14793079437648893,600547 / 601899 / 600489 / 000975 / 002237
2019-06-25,565396.9979406985,0.0,黄金概念,1.0,0.0,False,False,0.07550899851082549,-0.05767167009883578,-0.08359190199794286,600547 / 601899 / 600489 / 000975 / 002237
2019-06-26,544191.3137203035,544191.3137203035,现金,0.0,708.369588301186,False,False,-0.03750583094291415,-0.09301447713282751,-0.11796254919632554,
2019-06-27,560718.1510852551,0.0,黄金概念,1.0,435.00504693869186,False,False,0.03036953539733611,-0.06546974819124152,-0.09117548161236722,600547 / 601899 / 600489 / 000975 / 002237
2019-06-28,562777.792934654,0.0,黄金概念,1.0,0.0,False,False,0.0036732212884718063,-0.062037011775576634,-0.0878371680439406,600547 / 601899 / 600489 / 000975 / 002237
2019-07-01,557448.5108590919,0.0,黄金概念,1.0,0.0,False,False,-0.009469602643295771,-0.07091914856818016,-0.09647498760854778,600547 / 601899 / 600489 / 000975 / 002237
2019-07-02,561970.31890921,0.0,黄金概念,1.0,0.0,False,False,0.008111615623745294,-0.06338280181798328,-0.08914594000158871,600547 / 601899 / 600489 / 000975 / 002237
2019-07-03,577590.361630591,0.0,黄金概念,1.0,0.0,False,False,0.027795138276518916,-0.03734939728234832,-0.06382862545420409,600547 / 601899 / 600489 / 000975 / 002237
2019-07-04,560559.0960271778,0.0,黄金概念,1.0,0.0,False,False,-0.029486755207154713,-0.06573483995470375,-0.09143328160738162,600547 / 601899 / 600489 / 000975 / 002237
2019-07-05,577818.0416237504,0.0,黄金概念,1.0,0.0,False,False,0.030788806601999674,-0.03696993062708276,-0.06345959662977774,600547 / 601899 / 600489 / 000975 / 002237
2019-07-08,561196.2614163447,0.0,黄金概念,1.0,0.0,False,False,-0.028766461082966766,-0.06467289763942552,-0.09040054969595324,600547 / 601899 / 600489 / 000975 / 002237
2019-07-09,546301.7963921373,0.0,黄金概念,1.0,0.0,False,False,-0.026540563521604388,-0.08949700601310451,-0.1145418316859641,600547 / 601899 / 600489 / 000975 / 002237
2019-07-10,530558.1876439262,0.0,黄金概念,1.0,0.0,False,False,-0.028818519089968797,-0.1157363539267896,-0.14005942481289102,600547 / 601899 / 600489 / 000975 / 002237
2019-07-11,552784.0958788575,552784.0958788575,现金,0.0,719.5547458120705,False,False,0.041891556388246265,-0.07869317353523742,-0.10403517571689924,
2019-07-12,552784.0958788575,552784.0958788575,现金,0.0,0.0,False,False,0.0,-0.07869317353523742,-0.10403517571689924,
2019-07-15,552784.0958788575,552784.0958788575,现金,0.0,0.0,False,False,0.0,-0.07869317353523742,-0.10403517571689924,
2019-07-16,552784.0958788575,552784.0958788575,现金,0.0,0.0,False,False,0.0,-0.07869317353523742,-0.10403517571689924,
2019-07-17,552784.0958788575,552784.0958788575,现金,0.0,0.0,False,False,0.0,-0.07869317353523742,-0.10403517571689924,
2019-07-18,552784.0958788575,552784.0958788575,现金,0.0,0.0,False,False,0.0,-0.07869317353523742,-0.10403517571689924,
2019-07-19,552784.0958788575,552784.0958788575,现金,0.0,0.0,False,False,0.0,-0.07869317353523742,-0.10403517571689924,
2019-07-22,552784.0958788575,552784.0958788575,现金,0.0,0.0,False,False,0.0,-0.07869317353523742,-0.10403517571689924,
2019-07-23,552784.0958788575,552784.0958788575,现金,0.0,0.0,False,False,0.0,-0.07869317353523742,-0.10403517571689924,
2019-07-24,552784.0958788575,552784.0958788575,现金,0.0,0.0,False,False,0.0,-0.07869317353523742,-0.10403517571689924,
2019-07-25,552784.0958788575,552784.0958788575,现金,0.0,0.0,False,False,0.0,-0.07869317353523742,-0.10403517571689924,
2019-07-26,552784.0958788575,552784.0958788575,现金,0.0,0.0,False,False,0.0,-0.07869317353523742,-0.10403517571689924,
2019-07-29,552784.0958788575,552784.0958788575,现金,0.0,0.0,False,False,0.0,-0.07869317353523742,-0.10403517571689924,
2019-07-30,552784.0958788575,552784.0958788575,现金,0.0,0.0,False,False,0.0,-0.07869317353523742,-0.10403517571689924,
2019-07-31,560130.4511317902,0.0,PCB,1.0,441.8737776809413,False,False,0.013289737001664026,-0.06644924811368302,-0.09212803883943477,002463 / 600183 / 002916 / 002938 / 300476
2019-08-01,557831.4918732592,0.0,PCB,1.0,0.0,False,False,-0.004104328293321191,-0.07028084687790137,-0.09585424341633908,002463 / 600183 / 002916 / 002938 / 300476
2019-08-02,550002.1484435285,0.0,PCB,1.0,0.0,False,False,-0.014035319883857644,-0.08332975259411923,-0.1085442183316232,002463 / 600183 / 002916 / 002938 / 300476
2019-08-05,545002.0254667066,0.0,PCB,1.0,0.0,False,False,-0.00909109717293266,-0.0916632908888223,-0.11664852946814308,002463 / 600183 / 002916 / 002938 / 300476
2019-08-06,556681.2122300618,0.0,PCB,1.0,0.0,False,False,0.021429620841048935,-0.07219797961656371,-0.09771864238526251,002463 / 600183 / 002916 / 002938 / 300476
2019-08-07,548591.7017652765,0.0,PCB,1.0,0.0,False,False,-0.014531675018056966,-0.0856804970578725,-0.11083030184897114,002463 / 600183 / 002916 / 002938 / 300476
2019-08-08,546112.2350032852,546112.2350032852,现金,0.0,710.8700365517882,False,False,-0.004519694253509066,-0.08981294166119125,-0.11484907702409874,
2019-08-09,546112.2350032852,546112.2350032852,现金,0.0,0.0,False,False,0.0,-0.08981294166119125,-0.11484907702409874,
2019-08-12,546112.2350032852,546112.2350032852,现金,0.0,0.0,False,False,0.0,-0.08981294166119125,-0.11484907702409874,
2019-08-13,546112.2350032852,546112.2350032852,现金,0.0,0.0,False,False,0.0,-0.08981294166119125,-0.11484907702409874,
2019-08-14,546112.2350032852,546112.2350032852,现金,0.0,0.0,False,False,0.0,-0.08981294166119125,-0.11484907702409874,
2019-08-15,546112.2350032852,546112.2350032852,现金,0.0,0.0,False,False,0.0,-0.08981294166119125,-0.11484907702409874,
2019-08-16,546112.2350032852,546112.2350032852,现金,0.0,0.0,False,False,0.0,-0.08981294166119125,-0.11484907702409874,
2019-08-19,546112.2350032852,546112.2350032852,现金,0.0,0.0,False,False,0.0,-0.08981294166119125,-0.11484907702409874,
2019-08-20,546201.1787757243,0.0,PCB,1.0,436.54055555818167,False,False,0.00016286720336622373,-0.08966470204045962,-0.1147049149687166,002463 / 600183 / 002916 / 002938 / 300476
2019-08-21,562070.6827408732,0.0,PCB,1.0,0.0,False,False,0.02905432024280774,-0.0632155287652113,-0.08898326805883405,002463 / 600183 / 002916 / 002938 / 300476
2019-08-22,553301.4577565304,0.0,PCB,1.0,0.0,False,False,-0.015601640956579899,-0.07783090373911605,-0.10319662401601692,002463 / 600183 / 002916 / 002938 / 300476
2019-08-23,560178.8087401822,0.0,PCB,1.0,0.0,False,False,0.012429663589786033,-0.06636865209969633,-0.09204965974635171,002463 / 600183 / 002916 / 002938 / 300476
2019-08-26,564889.9508174883,0.0,PCB,1.0,0.0,False,False,0.008410068363530643,-0.058516748637519544,-0.08441373531412766,002463 / 600183 / 002916 / 002938 / 300476
2019-08-27,567685.0867468088,0.0,PCB,1.0,0.0,False,False,0.004948107016730541,-0.05385818875531856,-0.0798833164934134,002463 / 600183 / 002916 / 002938 / 300476
2019-08-28,558003.9975310537,0.0,PCB,1.0,0.0,False,False,-0.01705362610674488,-0.06999333744824376,-0.09557464238851288,002463 / 600183 / 002916 / 002938 / 300476
2019-08-29,576861.9763321497,0.0,PCB,1.0,0.0,False,False,0.03379541882232928,-0.03856337277975053,-0.06500920863449766,002463 / 600183 / 002916 / 002938 / 300476
2019-08-30,553667.7891973741,0.0,PCB,1.0,0.0,False,False,-0.040207515985454134,-0.07722035133770977,-0.10260286582457845,002463 / 600183 / 002916 / 002938 / 300476
2019-09-02,583143.709422613,0.0,PCB,1.0,0.0,False,False,0.05323755652820039,-0.028093817628978335,-0.054827635165669575,002463 / 600183 / 002916 / 002938 / 300476
2019-09-03,615577.8290508768,0.0,PCB,1.0,0.0,False,False,0.055619428117260616,0.02596304841812791,-0.0022576887613452445,002463 / 600183 / 002916 / 002938 / 300476
2019-09-04,616774.2738092717,0.0,PCB,1.0,0.0,False,False,0.0019436124920868547,0.027957123015452945,-0.00031846434133819823,002463 / 600183 / 002916 / 002938 / 300476
2019-09-05,625048.8919627644,0.0,PCB,1.0,0.0,False,False,0.013415958649487303,0.04174815327127401,0.0,002463 / 600183 / 002916 / 002938 / 300476
2019-09-06,618416.5518441423,0.0,PCB,1.0,0.0,False,False,-0.010610914128325932,0.030694253073570543,-0.010610914128325932,002463 / 600183 / 002916 / 002938 / 300476
2019-09-09,648216.679779065,0.0,PCB,1.0,0.0,False,False,0.048187791620482257,0.08036113296510816,0.0,002463 / 600183 / 002916 / 002938 / 300476
2019-09-10,637689.3648860125,0.0,PCB,1.0,0.0,False,False,-0.016240425804285863,0.06281560814335418,-0.016240425804285863,002463 / 600183 / 002916 / 002938 / 300476
2019-09-11,641332.4768514396,0.0,储能,1.0,1346.5093502756931,False,False,0.005712988432978294,0.06888746141906599,-0.010620218736074105,300750 / 300274 / 300763 / 300014 / 002074
2019-09-12,640016.5010121928,0.0,储能,1.0,0.0,False,False,-0.0020519401195888687,0.0666941683536546,-0.01265036680275966,300750 / 300274 / 300763 / 300014 / 002074
2019-09-16,634123.8719785624,0.0,储能,1.0,0.0,False,False,-0.009206995482633817,0.05687311996427069,-0.021740890415386738,300750 / 300274 / 300763 / 300014 / 002074
2019-09-17,618809.5231127164,0.0,储能,1.0,0.0,False,False,-0.02415040584746153,0.03134920518786055,-0.045366244935831634,300750 / 300274 / 300763 / 300014 / 002074
2019-09-18,616406.8909145402,0.0,PCB,1.0,1302.4921381166705,False,False,-0.0038826684277426526,0.027344818190900178,-0.04907277127667664,002463 / 600183 / 002916 / 002938 / 300476
2019-09-19,633970.2630063666,0.0,PCB,1.0,0.0,False,False,0.028493146898095567,0.05661710501061101,-0.021977862059263997,002463 / 600183 / 002916 / 002938 / 300476
2019-09-20,644085.6666473611,0.0,PCB,1.0,0.0,False,False,0.01595564371272884,0.07347611107893526,-0.006372889283120298,002463 / 600183 / 002916 / 002938 / 300476
2019-09-23,664480.2080581198,0.0,PCB,1.0,0.0,False,False,0.03166433048715045,0.1074670134301996,0.0,002463 / 600183 / 002916 / 002938 / 300476
2019-09-24,658083.3070996528,0.0,PCB,1.0,0.0,False,False,-0.0096269247464289,0.09680551183275465,-0.0096269247464289,002463 / 600183 / 002916 / 002938 / 300476
2019-09-25,627545.5224543593,0.0,光学光电子,1.0,1368.7564668247785,False,False,-0.04640413199338178,0.04590920409059884,-0.05558432765318699,002456 / 300433 / 002273 / 600703 / 300296
2019-09-26,610979.0413153998,0.0,光学光电子,1.0,0.0,False,False,-0.026398851630981657,0.01829840219233292,-0.0805158168654444,002456 / 300433 / 002273 / 600703 / 300296
2019-09-27,650132.856281848,0.0,光学光电子,1.0,0.0,False,False,0.06408372844042654,0.08355476046974664,-0.021591842168182107,002456 / 300433 / 002273 / 600703 / 300296
2019-09-30,609105.7753195962,0.0,光学光电子,1.0,0.0,False,False,-0.06310568765419489,0.015176292199327035,-0.08333496177463295,002456 / 300433 / 002273 / 600703 / 300296
2019-10-08,619661.2416120236,619661.2416120236,现金,0.0,806.6082047618211,False,False,0.017329447068350268,0.03276873602003927,-0.06744966351529924,
2019-10-09,619661.2416120236,619661.2416120236,现金,0.0,0.0,False,False,0.0,0.03276873602003927,-0.06744966351529924,
2019-10-10,619661.2416120236,619661.2416120236,现金,0.0,0.0,False,False,0.0,0.03276873602003927,-0.06744966351529924,
2019-10-11,619661.2416120236,619661.2416120236,现金,0.0,0.0,False,False,0.0,0.03276873602003927,-0.06744966351529924,
2019-10-14,619661.2416120236,619661.2416120236,现金,0.0,0.0,False,False,0.0,0.03276873602003927,-0.06744966351529924,
2019-10-15,605883.6172129264,0.0,消费电子,1.0,495.33272710793256,False,False,-0.022234123217478086,0.009806028688210677,-0.08818410260320064,002475 / 002241 / 002600 / 300433 / 601231
2019-10-16,602491.38391732,0.0,消费电子,1.0,0.0,False,False,-0.005598819970097035,0.004152306528866667,-0.09328919565859783,002475 / 002241 / 002600 / 300433 / 601231
2019-10-17,613486.0925763815,0.0,消费电子,1.0,0.0,False,False,0.018248740069235936,0.022476820960635857,-0.07674286587220358,002475 / 002241 / 002600 / 300433 / 601231
2019-10-18,600316.6676142254,0.0,消费电子,1.0,0.0,False,False,-0.021466541982802068,0.0005277793570424016,-0.0965620039028795,002475 / 002241 / 002600 / 300433 / 601231
2019-10-21,598816.7206335017,0.0,消费电子,1.0,0.0,False,False,-0.0024985929287701936,-0.0019721322774972627,-0.09881932769151003,002475 / 002241 / 002600 / 300433 / 601231
2019-10-22,609640.0776834759,0.0,消费电子,1.0,0.0,False,False,0.01807457386714928,0.016066796139126538,-0.08253087106222301,002475 / 002241 / 002600 / 300433 / 601231
2019-10-23,593027.9881277924,0.0,消费电子,1.0,0.0,False,False,-0.027249011611583218,-0.01162001978701277,-0.10753099800991772,002475 / 002241 / 002600 / 300433 / 601231
2019-10-24,596491.286868363,0.0,消费电子,1.0,0.0,False,False,0.0058400257827702085,-0.005847855219394904,-0.10231895602797236,002475 / 002241 / 002600 / 300433 / 601231
2019-10-25,617484.4629515791,0.0,消费电子,1.0,0.0,False,False,0.035194438787919724,0.029140771585965286,-0.07072557547482294,002475 / 002241 / 002600 / 300433 / 601231
2019-10-28,625139.8766539766,0.0,消费电子,1.0,0.0,False,False,0.012397743039241238,0.04189979442329439,-0.0592046699466211,002475 / 002241 / 002600 / 300433 / 601231
2019-10-29,635002.309395368,0.0,农林牧渔,1.0,1310.688873157058,False,False,0.015776361594751265,0.05833718232561336,-0.044362342633045615,002714 / 300498 / 002311 / 000876 / 002299
2019-10-30,637315.4459791387,0.0,农林牧渔,1.0,0.0,False,False,0.0036427215295851134,0.06219240996523112,-0.040881220764072856,002714 / 300498 / 002311 / 000876 / 002299
2019-10-31,622677.3318900187,0.0,农林牧渔,1.0,0.0,False,False,-0.022968396861354656,0.037795553150031136,-0.0629106415227415,002714 / 300498 / 002311 / 000876 / 002299
2019-11-01,609615.4003066138,0.0,农林牧渔,1.0,0.0,False,False,-0.020977046881982764,0.016025667177689717,-0.08256800892812621,002714 / 300498 / 002311 / 000876 / 002299
2019-11-04,613290.6324950748,0.0,农林牧渔,1.0,0.0,False,False,0.006028771888985318,0.022151054158457972,-0.07703702073029628,002714 / 300498 / 002311 / 000876 / 002299
2019-11-05,622781.3717263755,0.0,农林牧渔,1.0,0.0,False,False,0.015475108746874522,0.03796895287729263,-0.06275406825675833,002714 / 300498 / 002311 / 000876 / 002299
2019-11-06,608588.6126232652,0.0,农林牧渔,1.0,0.0,False,False,-0.022789312184735677,0.014314354372108706,-0.08411325838912853,002714 / 300498 / 002311 / 000876 / 002299
2019-11-07,615104.6618179558,0.0,农林牧渔,1.0,0.0,False,False,0.01070682076452889,0.025174436363259556,-0.07430702320609262,002714 / 300498 / 002311 / 000876 / 002299
2019-11-08,616668.3275804879,0.0,消费电子,1.0,1292.0943324575792,False,False,0.0025421133338685564,0.02778054596747981,-0.07195380674671636,002475 / 002241 / 002600 / 300433 / 601231
2019-11-11,611129.6605967274,0.0,消费电子,1.0,0.0,False,False,-0.00898159794502762,0.018549434327878922,-0.08028914452893077,002475 / 002241 / 002600 / 300433 / 601231
2019-11-12,600214.2618225293,0.0,消费电子,1.0,0.0,False,False,-0.017861019482412255,0.00035710303754865613,-0.09671611803668556,002475 / 002241 / 002600 / 300433 / 601231
2019-11-13,615509.933960908,0.0,消费电子,1.0,0.0,False,False,0.025483686595406674,0.025849889934846715,-0.07369711468205009,002475 / 002241 / 002600 / 300433 / 601231
2019-11-14,632917.3861869981,0.0,消费电子,1.0,0.0,False,False,0.028281350577187725,0.05486231031166344,-0.047500018041712666,002475 / 002241 / 002600 / 300433 / 601231
2019-11-15,613937.1447492642,0.0,消费电子,1.0,0.0,False,False,-0.029988497475286757,0.02322857458210703,-0.0760640613458794,002475 / 002241 / 002600 / 300433 / 601231
2019-11-18,614680.3255121028,0.0,消费电子,1.0,0.0,False,False,0.0012105160425537331,0.02446720918683809,-0.07494562206984667,002475 / 002241 / 002600 / 300433 / 601231
2019-11-19,626075.7174650389,0.0,消费电子,1.0,0.0,False,False,0.018538728961988937,0.04345952910839812,-0.05779628968229822,002475 / 002241 / 002600 / 300433 / 601231
2019-11-20,616488.9490864229,0.0,消费电子,1.0,0.0,False,False,-0.015312474372001672,0.027481581810704814,-0.07222375984974294,002475 / 002241 / 002600 / 300433 / 601231
2019-11-21,608618.1032754211,608618.1032754211,现金,0.0,792.2334377270926,False,False,-0.012767213139287747,0.014363505459035197,-0.08406887685330822,
2019-11-22,608618.1032754211,608618.1032754211,现金,0.0,0.0,False,False,0.0,0.014363505459035197,-0.08406887685330822,
2019-11-25,608618.1032754211,608618.1032754211,现金,0.0,0.0,False,False,0.0,0.014363505459035197,-0.08406887685330822,
2019-11-26,608618.1032754211,608618.1032754211,现金,0.0,0.0,False,False,0.0,0.014363505459035197,-0.08406887685330822,
2019-11-27,608618.1032754211,608618.1032754211,现金,0.0,0.0,False,False,0.0,0.014363505459035197,-0.08406887685330822,
2019-11-28,608618.1032754211,608618.1032754211,现金,0.0,0.0,False,False,0.0,0.014363505459035197,-0.08406887685330822,
2019-11-29,608618.1032754211,608618.1032754211,现金,0.0,0.0,False,False,0.0,0.014363505459035197,-0.08406887685330822,
2019-12-02,608618.1032754211,608618.1032754211,现金,0.0,0.0,False,False,0.0,0.014363505459035197,-0.08406887685330822,
2019-12-03,608618.1032754211,608618.1032754211,现金,0.0,0.0,False,False,0.0,0.014363505459035197,-0.08406887685330822,
2019-12-04,608618.1032754211,608618.1032754211,现金,0.0,0.0,False,False,0.0,0.014363505459035197,-0.08406887685330822,
2019-12-05,608618.1032754211,608618.1032754211,现金,0.0,0.0,False,False,0.0,0.014363505459035197,-0.08406887685330822,
2019-12-06,608618.1032754211,608618.1032754211,现金,0.0,0.0,False,False,0.0,0.014363505459035197,-0.08406887685330822,
2019-12-09,611585.0948636374,0.0,游戏,1.0,486.50527839761884,False,False,0.004874964402551862,0.019308491439395503,-0.0796037452327788,002555 / 300002 / 002624 / 603444 / 002517
2019-12-10,616753.2274771262,0.0,游戏,1.0,0.0,False,False,0.008450390071460312,0.027922045795210293,-0.07182603785968456,002555 / 300002 / 002624 / 603444 / 002517
2019-12-11,607638.5507642165,0.0,游戏,1.0,0.0,False,False,-0.014778482392696968,0.012730917940360742,-0.08554304041653493,002555 / 300002 / 002624 / 603444 / 002517
2019-12-12,600022.1430602067,0.0,游戏,1.0,0.0,False,False,-0.012534437939184073,3.690510034437544e-05,-0.09700524442448877,002555 / 300002 / 002624 / 603444 / 002517
2019-12-13,602749.6052187297,0.0,游戏,1.0,0.0,False,False,0.004545602508288393,0.004582675364549482,-0.09290058919857358,002555 / 300002 / 002624 / 603444 / 002517
2019-12-16,634558.9856399032,0.0,游戏,1.0,0.0,False,False,0.05277378889303508,0.057598309399838676,-0.0450295163879425,002555 / 300002 / 002624 / 603444 / 002517
2019-12-17,636079.6788025232,0.0,储能,1.0,1332.2579261314986,False,False,0.002396456747179254,0.060132798004205235,-0.042740970929133315,300750 / 300274 / 300763 / 300014 / 002074
2019-12-18,630669.7710129,0.0,储能,1.0,0.0,False,False,-0.008505078797372945,0.05111628502150012,-0.050882534400877755,300750 / 300274 / 300763 / 300014 / 002074
2019-12-19,631606.8222909344,0.0,储能,1.0,0.0,False,False,0.0014858033809506122,0.05267803715155739,-0.049472332461571344,300750 / 300274 / 300763 / 300014 / 002074
2019-12-20,628555.1221823632,0.0,储能,1.0,0.0,False,False,-0.004831645259153805,0.04759187030393863,-0.054064944960127925,300750 / 300274 / 300763 / 300014 / 002074
2019-12-23,617119.4985183597,0.0,储能,1.0,0.0,False,False,-0.01819350962298838,0.02853249753059961,-0.07127482348671788,300750 / 300274 / 300763 / 300014 / 002074
2019-12-24,646720.5570964186,0.0,储能,1.0,0.0,False,False,0.04796649376519113,0.07786759516069752,-0.0267271330979173,300750 / 300274 / 300763 / 300014 / 002074
2019-12-25,650052.1963332383,0.0,储能,1.0,0.0,False,False,0.0051515901269285624,0.08342032722206372,-0.02171323020597704,300750 / 300274 / 300763 / 300014 / 002074
2019-12-26,655650.8072748078,0.0,储能,1.0,0.0,False,False,0.00861255599650268,0.09275134545801311,-0.013287680620488351,300750 / 300274 / 300763 / 300014 / 002074
2019-12-27,645977.300797186,0.0,储能,1.0,0.0,False,False,-0.014754052569277643,0.07662883466197656,-0.027845686051367502,300750 / 300274 / 300763 / 300014 / 002074
2019-12-30,653875.613500333,0.0,传媒,1.0,1358.7475607683737,False,False,0.012226919883097986,0.08979268916722183,-0.015959233140709572,300413 / 002027 / 300251 / 300133 / 002555
2019-12-31,657537.6603460303,0.0,传媒,1.0,0.0,False,False,0.005600525191777006,0.09589610057671716,-0.010448088036178582,300413 / 002027 / 300251 / 300133 / 002555
2020-01-02,701538.3025792255,0.0,传媒,1.0,0.0,False,False,0.0669172959766895,0.16923050429870923,0.0,300413 / 002027 / 300251 / 300133 / 002555
2020-01-03,704064.7073188212,0.0,传媒,1.0,0.0,False,False,0.0036012356421699643,0.17344117886470212,0.0,300413 / 002027 / 300251 / 300133 / 002555
2020-01-06,717136.3522330299,0.0,传媒,1.0,0.0,False,False,0.018565970965917833,0.19522725372171656,0.0,300413 / 002027 / 300251 / 300133 / 002555
2020-01-07,736808.9097373771,0.0,传媒,1.0,0.0,False,False,0.02743210191909884,0.22801484956229512,0.0,300413 / 002027 / 300251 / 300133 / 002555
2020-01-08,704340.7495201636,0.0,农业种植,1.0,1525.0567045128632,False,False,-0.04406591694010076,0.17390124920027272,-0.04406591694010076,000998 / 002041 / 600598 / 601952 / 000713
2020-01-09,708123.6279587592,0.0,农业种植,1.0,0.0,False,False,0.0053708072991272005,0.18020604659793205,-0.03893177918931823,000998 / 002041 / 600598 / 601952 / 000713
2020-01-10,687580.511261673,0.0,农业种植,1.0,0.0,False,False,-0.02901063583530461,0.1459675187694549,-0.06681297935614106,000998 / 002041 / 600598 / 601952 / 000713
2020-01-13,694287.673797094,0.0,农业种植,1.0,0.0,False,False,0.009754730428751968,0.15714612299515673,-0.057709991530149995,000998 / 002041 / 600598 / 601952 / 000713
2020-01-14,711287.742778799,0.0,农业种植,1.0,0.0,False,False,0.02448562695738321,0.1854795712979984,-0.034637429897087735,000998 / 002041 / 600598 / 601952 / 000713
2020-01-15,674643.201027077,0.0,农业种植,1.0,0.0,False,False,-0.051518590224206795,0.1244053350451284,-0.08437154856400686,000998 / 002041 / 600598 / 601952 / 000713
2020-01-16,689928.5033048644,0.0,农业种植,1.0,0.0,False,False,0.022656868481764958,0.14988083884144077,-0.06362627516165953,000998 / 002041 / 600598 / 601952 / 000713
2020-01-17,681170.344469441,0.0,农业种植,1.0,0.0,False,False,-0.01269429918240872,0.13528390744906837,-0.0755128833713038,000998 / 002041 / 600598 / 601952 / 000713
2020-01-20,674206.3984909401,0.0,农业种植,1.0,0.0,False,False,-0.01022350141200734,0.12367733081823351,-0.0849643787135399,000998 / 002041 / 600598 / 601952 / 000713
2020-01-21,652212.5626663272,0.0,农业种植,1.0,0.0,False,False,-0.032621814141546523,0.08702093777721198,-0.11481450068404131,000998 / 002041 / 600598 / 601952 / 000713
2020-01-22,657563.7162856124,0.0,农业种植,1.0,0.0,False,False,0.00820461598808997,0.0959395271426875,-0.10755189358392836,000998 / 002041 / 600598 / 601952 / 000713
2020-01-23,629310.0437834164,0.0,农业种植,1.0,0.0,False,False,-0.042967201204155314,0.04885007297236066,-0.14589789093657513,000998 / 002041 / 600598 / 601952 / 000713
2020-02-03,566663.3246194596,566663.3246194596,现金,0.0,737.6212296037824,False,False,-0.0995482588952884,-0.0555611256342341,-0.23092226881263278,
2020-02-04,566663.3246194596,566663.3246194596,现金,0.0,0.0,False,False,0.0,-0.0555611256342341,-0.23092226881263278,
2020-02-05,566663.3246194596,566663.3246194596,现金,0.0,0.0,False,False,0.0,-0.0555611256342341,-0.23092226881263278,
2020-02-06,566663.3246194596,566663.3246194596,现金,0.0,0.0,False,False,0.0,-0.0555611256342341,-0.23092226881263278,
2020-02-07,566663.3246194596,566663.3246194596,现金,0.0,0.0,False,False,0.0,-0.0555611256342341,-0.23092226881263278,
2020-02-10,566663.3246194596,566663.3246194596,现金,0.0,0.0,False,False,0.0,-0.0555611256342341,-0.23092226881263278,
2020-02-11,566663.3246194596,566663.3246194596,现金,0.0,0.0,False,False,0.0,-0.0555611256342341,-0.23092226881263278,
2020-02-12,566663.3246194596,566663.3246194596,现金,0.0,0.0,False,False,0.0,-0.0555611256342341,-0.23092226881263278,
2020-02-13,566663.3246194596,566663.3246194596,现金,0.0,0.0,False,False,0.0,-0.0555611256342341,-0.23092226881263278,
2020-02-14,566663.3246194596,566663.3246194596,现金,0.0,0.0,False,False,0.0,-0.0555611256342341,-0.23092226881263278,
2020-02-17,566663.3246194596,566663.3246194596,现金,0.0,0.0,False,False,0.0,-0.0555611256342341,-0.23092226881263278,
2020-02-18,575835.7584146701,0.0,商业航天,1.0,452.9682850675137,False,False,0.01618674333894865,-0.04027373597554984,-0.21847340497020196,600118 / 601698 / 600879 / 002465 / 300045
2020-02-19,539632.1207002776,0.0,商业航天,1.0,0.0,False,False,-0.06287146497130447,-0.10061313216620393,-0.2676091269137608,600118 / 601698 / 600879 / 002465 / 300045
2020-02-20,552722.0338614509,0.0,商业航天,1.0,0.0,False,False,0.024257105274212654,-0.07879661023091522,-0.24984344440343542,600118 / 601698 / 600879 / 002465 / 300045
2020-02-21,576240.5840198969,0.0,商业航天,1.0,0.0,False,False,0.042550411812136035,-0.03959902663350512,-0.21792397403922814,600118 / 601698 / 600879 / 002465 / 300045
2020-02-24,576178.318463991,0.0,商业航天,1.0,0.0,False,False,-0.00010805479105879812,-0.039702802560014905,-0.2180084811008054,600118 / 601698 / 600879 / 002465 / 300045
2020-02-25,605826.5945753502,0.0,商业航天,1.0,0.0,False,False,0.051456771560577375,0.009710990958917032,-0.1777697221505008,600118 / 601698 / 600879 / 002465 / 300045
2020-02-26,560192.9241461674,0.0,商业航天,1.0,0.0,False,False,-0.07532464047929333,-0.06634512642305446,-0.2397039222207037,600118 / 601698 / 600879 / 002465 / 300045
2020-02-27,552362.2635151179,0.0,商业航天,1.0,0.0,False,False,-0.01397850685633839,-0.07939622747480346,-0.2503317261567888,600118 / 601698 / 600879 / 002465 / 300045
2020-02-28,502755.43317310925,0.0,云计算,1.0,1095.1732480430396,False,False,-0.08980850724001521,-0.1620742780448179,-0.3176583147558465,600588 / 000977 / 603019 / 000938 / 300442
2020-03-02,511171.65941725386,511171.65941725386,现金,0.0,665.3881618528387,False,False,0.016740199486311225,-0.1480472343045769,-0.3062357788270337,
2020-03-03,511171.65941725386,511171.65941725386,现金,0.0,0.0,False,False,0.0,-0.1480472343045769,-0.3062357788270337,
2020-03-04,511171.65941725386,511171.65941725386,现金,0.0,0.0,False,False,0.0,-0.1480472343045769,-0.3062357788270337,
2020-03-05,511171.65941725386,511171.65941725386,现金,0.0,0.0,False,False,0.0,-0.1480472343045769,-0.3062357788270337,
2020-03-06,511171.65941725386,511171.65941725386,现金,0.0,0.0,False,False,0.0,-0.1480472343045769,-0.3062357788270337,
2020-03-09,511171.65941725386,511171.65941725386,现金,0.0,0.0,False,False,0.0,-0.1480472343045769,-0.3062357788270337,
2020-03-10,511171.65941725386,511171.65941725386,现金,0.0,0.0,False,False,0.0,-0.1480472343045769,-0.3062357788270337,
2020-03-11,511171.65941725386,511171.65941725386,现金,0.0,0.0,False,False,0.0,-0.1480472343045769,-0.3062357788270337,
2020-03-12,511171.65941725386,511171.65941725386,现金,0.0,0.0,False,False,0.0,-0.1480472343045769,-0.3062357788270337,
2020-03-13,511171.65941725386,511171.65941725386,现金,0.0,0.0,False,False,0.0,-0.1480472343045769,-0.3062357788270337,
2020-03-16,511171.65941725386,511171.65941725386,现金,0.0,0.0,False,False,0.0,-0.1480472343045769,-0.3062357788270337,
2020-03-17,511171.65941725386,511171.65941725386,现金,0.0,0.0,False,False,0.0,-0.1480472343045769,-0.3062357788270337,
2020-03-18,511171.65941725386,511171.65941725386,现金,0.0,0.0,False,False,0.0,-0.1480472343045769,-0.3062357788270337,
2020-03-19,511171.65941725386,511171.65941725386,现金,0.0,0.0,False,False,0.0,-0.1480472343045769,-0.3062357788270337,
2020-03-20,511171.65941725386,511171.65941725386,现金,0.0,0.0,False,False,0.0,-0.1480472343045769,-0.3062357788270337,
2020-03-23,511171.65941725386,511171.65941725386,现金,0.0,0.0,False,False,0.0,-0.1480472343045769,-0.3062357788270337,
2020-03-24,511171.65941725386,511171.65941725386,现金,0.0,0.0,False,False,0.0,-0.1480472343045769,-0.3062357788270337,
2020-03-25,511171.65941725386,511171.65941725386,现金,0.0,0.0,False,False,0.0,-0.1480472343045769,-0.3062357788270337,
2020-03-26,511171.65941725386,511171.65941725386,现金,0.0,0.0,False,False,0.0,-0.1480472343045769,-0.3062357788270337,
2020-03-27,511171.65941725386,511171.65941725386,现金,0.0,0.0,False,False,0.0,-0.1480472343045769,-0.3062357788270337,
2020-03-30,511171.65941725386,511171.65941725386,现金,0.0,0.0,False,False,0.0,-0.1480472343045769,-0.3062357788270337,
2020-03-31,511171.65941725386,511171.65941725386,现金,0.0,0.0,False,False,0.0,-0.1480472343045769,-0.3062357788270337,
2020-04-01,511171.65941725386,511171.65941725386,现金,0.0,0.0,False,False,0.0,-0.1480472343045769,-0.3062357788270337,
2020-04-02,511171.65941725386,511171.65941725386,现金,0.0,0.0,False,False,0.0,-0.1480472343045769,-0.3062357788270337,
2020-04-03,511171.65941725386,511171.65941725386,现金,0.0,0.0,False,False,0.0,-0.1480472343045769,-0.3062357788270337,
2020-04-07,511171.65941725386,511171.65941725386,现金,0.0,0.0,False,False,0.0,-0.1480472343045769,-0.3062357788270337,
2020-04-08,489543.9276515279,0.0,农业种植,1.0,408.6104391824572,False,False,-0.04231011513897698,-0.18409345391412013,-0.3355890229041646,000998 / 002041 / 600598 / 601952 / 000713
2020-04-09,503900.6317019198,0.0,农业种植,1.0,0.0,False,False,0.02932669213009098,-0.16016561383013372,-0.3161040467310221,000998 / 002041 / 600598 / 601952 / 000713
2020-04-10,493450.7562083422,0.0,农业种植,1.0,0.0,False,False,-0.020737968631400983,-0.1775820729860963,-0.3302866595570563,000998 / 002041 / 600598 / 601952 / 000713
2020-04-13,488750.47280486673,488750.47280486673,现金,0.0,636.202678127893,False,False,-0.009525334279741116,-0.18541587865855547,-0.33666590299637733,
2020-04-14,488750.47280486673,488750.47280486673,现金,0.0,0.0,False,False,0.0,-0.18541587865855547,-0.33666590299637733,
2020-04-15,488750.47280486673,488750.47280486673,现金,0.0,0.0,False,False,0.0,-0.18541587865855547,-0.33666590299637733,
2020-04-16,488750.47280486673,488750.47280486673,现金,0.0,0.0,False,False,0.0,-0.18541587865855547,-0.33666590299637733,
2020-04-17,488750.47280486673,488750.47280486673,现金,0.0,0.0,False,False,0.0,-0.18541587865855547,-0.33666590299637733,
2020-04-20,488750.47280486673,488750.47280486673,现金,0.0,0.0,False,False,0.0,-0.18541587865855547,-0.33666590299637733,
2020-04-21,488750.47280486673,488750.47280486673,现金,0.0,0.0,False,False,0.0,-0.18541587865855547,-0.33666590299637733,
2020-04-22,488750.47280486673,488750.47280486673,现金,0.0,0.0,False,False,0.0,-0.18541587865855547,-0.33666590299637733,
2020-04-23,488750.47280486673,488750.47280486673,现金,0.0,0.0,False,False,0.0,-0.18541587865855547,-0.33666590299637733,
2020-04-24,488750.47280486673,488750.47280486673,现金,0.0,0.0,False,False,0.0,-0.18541587865855547,-0.33666590299637733,
2020-04-27,488750.47280486673,488750.47280486673,现金,0.0,0.0,False,False,0.0,-0.18541587865855547,-0.33666590299637733,
2020-04-28,488750.47280486673,488750.47280486673,现金,0.0,0.0,False,False,0.0,-0.18541587865855547,-0.33666590299637733,
2020-04-29,488750.47280486673,488750.47280486673,现金,0.0,0.0,False,False,0.0,-0.18541587865855547,-0.33666590299637733,
2020-04-30,488750.47280486673,488750.47280486673,现金,0.0,0.0,False,False,0.0,-0.18541587865855547,-0.33666590299637733,
2020-05-06,488750.47280486673,488750.47280486673,现金,0.0,0.0,False,False,0.0,-0.18541587865855547,-0.33666590299637733,
2020-05-07,488750.47280486673,488750.47280486673,现金,0.0,0.0,False,False,0.0,-0.18541587865855547,-0.33666590299637733,
2020-05-08,488750.47280486673,488750.47280486673,现金,0.0,0.0,False,False,0.0,-0.18541587865855547,-0.33666590299637733,
2020-05-11,488750.47280486673,488750.47280486673,现金,0.0,0.0,False,False,0.0,-0.18541587865855547,-0.33666590299637733,
2020-05-12,488750.47280486673,488750.47280486673,现金,0.0,0.0,False,False,0.0,-0.18541587865855547,-0.33666590299637733,
2020-05-13,488750.47280486673,488750.47280486673,现金,0.0,0.0,False,False,0.0,-0.18541587865855547,-0.33666590299637733,
2020-05-14,488750.47280486673,488750.47280486673,现金,0.0,0.0,False,False,0.0,-0.18541587865855547,-0.33666590299637733,
2020-05-15,488750.47280486673,488750.47280486673,现金,0.0,0.0,False,False,0.0,-0.18541587865855547,-0.33666590299637733,
2020-05-18,488750.47280486673,488750.47280486673,现金,0.0,0.0,False,False,0.0,-0.18541587865855547,-0.33666590299637733,
2020-05-19,488750.47280486673,488750.47280486673,现金,0.0,0.0,False,False,0.0,-0.18541587865855547,-0.33666590299637733,
2020-05-20,488750.47280486673,488750.47280486673,现金,0.0,0.0,False,False,0.0,-0.18541587865855547,-0.33666590299637733,
2020-05-21,488750.47280486673,488750.47280486673,现金,0.0,0.0,False,False,0.0,-0.18541587865855547,-0.33666590299637733,
2020-05-22,476927.6506731479,0.0,社会服务,1.0,390.68782798150824,False,False,-0.02418989400433602,-0.20512058221142027,-0.3527118844923569,300144 / 600754 / 600258 / 002707 / 300662
2020-05-25,469356.5360070928,0.0,社会服务,1.0,0.0,False,False,-0.015874765607255092,-0.2177391066548453,-0.3629874316064027,300144 / 600754 / 600258 / 002707 / 300662
2020-05-26,483585.2522252572,0.0,社会服务,1.0,0.0,False,False,0.030315368225636963,-0.19402457962457131,-0.34367616103119203,300144 / 600754 / 600258 / 002707 / 300662
2020-05-27,486200.9266315833,0.0,社会服务,1.0,0.0,False,False,0.005408920959210084,-0.18966512228069443,-0.34012615726256445,300144 / 600754 / 600258 / 002707 / 300662
2020-05-28,487966.1224552965,0.0,社会服务,1.0,0.0,False,False,0.003630589180367405,-0.18672312924117251,-0.33773042642871454,300144 / 600754 / 600258 / 002707 / 300662
2020-05-29,508740.01318212436,0.0,社会服务,1.0,0.0,False,False,0.04257240363798198,-0.1520999780297927,-0.30953601882548354,300144 / 600754 / 600258 / 002707 / 300662
2020-06-01,524353.684689159,0.0,社会服务,1.0,0.0,False,False,0.030690865869528405,-0.1260771921847349,-0.2883450813915158,300144 / 600754 / 600258 / 002707 / 300662
2020-06-02,496731.5622417084,0.0,社会服务,1.0,0.0,False,False,-0.052678417743598493,-0.17211406293048603,-0.3258339364832602,300144 / 600754 / 600258 / 002707 / 300662
2020-06-03,492800.5090333712,0.0,商贸零售,1.0,1040.429303385757,False,False,-0.007913838191792477,-0.17866581827771466,-0.3311691776243293,601888 / 600827 / 600859 / 000785 / 002419
2020-06-04,489579.73570132104,0.0,商贸零售,1.0,0.0,False,False,-0.006535653419611376,-0.18403377383113162,-0.33554042407573037,601888 / 600827 / 600859 / 000785 / 002419
2020-06-05,484606.2058569371,0.0,商贸零售,1.0,0.0,False,False,-0.010158773906888463,-0.19232299023843813,-0.342290518677812,601888 / 600827 / 600859 / 000785 / 002419
2020-06-08,477729.1507056568,0.0,商贸零售,1.0,0.0,False,False,-0.014191017506924974,-0.2037847488239053,-0.35162408544172574,601888 / 600827 / 600859 / 000785 / 002419
2020-06-09,499873.5418778577,0.0,商贸零售,1.0,0.0,False,False,0.04635344345115078,-0.1668774302035705,-0.3215696291511607,601888 / 600827 / 600859 / 000785 / 002419
2020-06-10,517037.76114587224,0.0,商贸零售,1.0,0.0,False,False,0.03433712295220559,-0.1382703980902129,-0.2982742820928136,601888 / 600827 / 600859 / 000785 / 002419
2020-06-11,534641.6438277285,0.0,商贸零售,1.0,0.0,False,False,0.03404757641461642,-0.10893059362045254,-0.2743822220902672,601888 / 600827 / 600859 / 000785 / 002419
2020-06-12,554289.3613783381,0.0,商贸零售,1.0,0.0,False,False,0.036749321302289806,-0.07618439770276986,-0.2477162612272088,601888 / 600827 / 600859 / 000785 / 002419
2020-06-15,578900.1381818032,0.0,商贸零售,1.0,0.0,False,False,0.04440059383832673,-0.035166436363661346,-0.2143144164907802,601888 / 600827 / 600859 / 000785 / 002419
2020-06-16,596248.1182450801,0.0,商贸零售,1.0,0.0,False,False,0.029967137540790834,-0.006253136258199787,-0.1907696685459429,601888 / 600827 / 600859 / 000785 / 002419
2020-06-17,604449.8088215701,0.0,商贸零售,1.0,0.0,False,False,0.013755499305607488,0.007416348035950149,-0.17963830128354996,601888 / 600827 / 600859 / 000785 / 002419
2020-06-18,613856.0626162427,0.0,商贸零售,1.0,0.0,False,False,0.01556167883154913,0.02309343769373773,-0.1668720960024206,601888 / 600827 / 600859 / 000785 / 002419
2020-06-19,627563.3536744517,0.0,商贸零售,1.0,0.0,False,False,0.02232981295287506,0.045938922790752734,-0.1482685057403338,601888 / 600827 / 600859 / 000785 / 002419
2020-06-22,613661.3999072374,0.0,商贸零售,1.0,0.0,False,False,-0.022152271457243078,0.02276899984539571,-0.16713629300985722,601888 / 600827 / 600859 / 000785 / 002419
2020-06-23,614677.0434577699,0.0,商贸零售,1.0,0.0,False,False,0.001655055297084207,0.02446173909628313,-0.16575785751985406,601888 / 600827 / 600859 / 000785 / 002419
2020-06-24,601542.5042493353,0.0,商贸零售,1.0,0.0,False,False,-0.021368195458461137,0.0025708404155588838,-0.1835841066800552,601888 / 600827 / 600859 / 000785 / 002419
2020-06-29,615798.6847479886,0.0,商贸零售,1.0,0.0,False,False,0.023699373523810463,0.026331141246647594,-0.1642355614734905,601888 / 600827 / 600859 / 000785 / 002419
2020-06-30,656940.2917534244,0.0,商贸零售,1.0,0.0,False,False,0.06681015731995732,0.09490048625570746,-0.10839800785310871,601888 / 600827 / 600859 / 000785 / 002419
2020-07-01,678933.2004374432,678933.2004374432,现金,0.0,883.762051235282,False,False,0.03347778932133694,0.13155533406240538,-0.0785491442015307,
2020-07-02,701390.1428187736,0.0,商贸零售,1.0,542.7123904376047,False,False,0.03307680691835535,0.1689835713646226,-0.04807049215953141,601888 / 600827 / 600859 / 000785 / 002419
2020-07-03,754282.8127387487,0.0,商贸零售,1.0,0.0,False,False,0.07541119655233253,0.25713802123124796,0.0,601888 / 600827 / 600859 / 000785 / 002419
2020-07-06,780543.088790186,780543.088790186,现金,0.0,1016.0268503326741,False,False,0.034814893840796834,0.3009051479836433,0.0,
2020-07-07,765788.3693461542,0.0,商贸零售,1.0,623.9353227739297,False,False,-0.01890314533038928,0.27631394891025685,-0.01890314533038928,601888 / 600827 / 600859 / 000785 / 002419
2020-07-08,800808.6056955543,0.0,商贸零售,1.0,0.0,False,False,0.0457309587755963,0.3346810094925905,0.0,601888 / 600827 / 600859 / 000785 / 002419
2020-07-09,830163.6202670261,0.0,商贸零售,1.0,0.0,False,False,0.036656717176478226,0.3836060337783769,0.0,601888 / 600827 / 600859 / 000785 / 002419
2020-07-10,854753.5839009604,0.0,商贸零售,1.0,0.0,False,False,0.029620623011671787,0.42458930650160065,0.0,601888 / 600827 / 600859 / 000785 / 002419
2020-07-13,824702.812108493,0.0,商贸零售,1.0,0.0,False,False,-0.03515723403617743,0.37450468684748817,-0.03515723403617743,601888 / 600827 / 600859 / 000785 / 002419
2020-07-14,790884.287007282,0.0,商贸零售,1.0,0.0,False,False,-0.04100692346949575,0.31814047834547,-0.07472246750015243,601888 / 600827 / 600859 / 000785 / 002419
2020-07-15,803598.7997495894,0.0,商贸零售,1.0,0.0,False,False,0.01607632488239119,0.3393313329159824,-0.05984740528130761,601888 / 600827 / 600859 / 000785 / 002419
2020-07-16,743043.7074838567,0.0,商贸零售,1.0,0.0,False,False,-0.07535488142167757,0.23840617913976114,-0.13069249257461713,601888 / 600827 / 600859 / 000785 / 002419
2020-07-17,721115.8729567046,0.0,商贸零售,1.0,0.0,False,False,-0.029510827298983022,0.20185978826117434,-0.156346476295957,601888 / 600827 / 600859 / 000785 / 002419
2020-07-20,746660.0014000336,0.0,商贸零售,1.0,0.0,False,False,0.035423056683794085,0.24443333566672276,-0.12646168970430605,601888 / 600827 / 600859 / 000785 / 002419
2020-07-21,752858.0294467944,0.0,商贸零售,1.0,0.0,False,False,0.008301004520316013,0.254763382411324,-0.11921044424187233,601888 / 600827 / 600859 / 000785 / 002419
2020-07-22,780801.1508888028,0.0,军工,1.0,1574.4023485218563,False,False,0.0371160568780029,0.3013352514813381,-0.08651900899280274,600760 / 000768 / 600893 / 600038 / 600316
2020-07-23,827677.7514938631,0.0,军工,1.0,0.0,False,False,0.06003654138022152,0.3794629191564385,-0.031676769676153294,600760 / 000768 / 600893 / 600038 / 600316
2020-07-24,821792.8797877843,0.0,军工,1.0,0.0,False,False,-0.007110100151245136,0.3696547996463071,-0.0385616448225331,600760 / 000768 / 600893 / 600038 / 600316
2020-07-27,824252.6687154897,0.0,军工,1.0,0.0,False,False,0.002993198150293752,0.37375444785914946,-0.035683869316194494,600760 / 000768 / 600893 / 600038 / 600316
2020-07-28,827388.5037500004,0.0,军工,1.0,0.0,False,False,0.003804458454951254,0.37898083958333406,-0.03201516865956866,600760 / 000768 / 600893 / 600038 / 600316
2020-07-29,838940.9378608001,0.0,军工,1.0,0.0,False,False,0.013962526743410475,0.3982348964346667,-0.018499654564762325,600760 / 000768 / 600893 / 600038 / 600316
2020-07-30,828890.7785731301,0.0,军工,1.0,0.0,False,False,-0.011979579055108047,0.3814846309552169,-0.030257615545519534,600760 / 000768 / 600893 / 600038 / 600316
2020-07-31,822161.8506597688,0.0,军工,1.0,0.0,False,False,-0.008117991039717776,0.3702697510996147,-0.03812997553335551,600760 / 000768 / 600893 / 600038 / 600316
2020-08-03,894001.9103783127,0.0,军工,1.0,0.0,False,False,0.08737946142951492,0.49000318396385456,0.0,600760 / 000768 / 600893 / 600038 / 600316
2020-08-04,892180.541751923,892180.541751923,现金,0.0,1161.3444520651847,False,False,-0.002037320731919756,0.4869675695865383,-0.002037320731919756,
2020-08-05,932310.1948594876,0.0,军工,1.0,713.1738942861097,False,False,0.04497929648719334,0.5538503247658126,0.0,600760 / 000768 / 600893 / 600038 / 600316
2020-08-06,1000012.4208826706,0.0,军工,1.0,0.0,False,False,0.07261770427533154,0.6666873681377843,0.0,600760 / 000768 / 600893 / 600038 / 600316
2020-08-07,1046849.906264917,0.0,军工,1.0,0.0,False,False,0.0468369036265619,0.7447498437748616,0.0,600760 / 000768 / 600893 / 600038 / 600316
2020-08-10,1041199.9391796902,0.0,军工,1.0,0.0,False,False,-0.005397112853919528,0.7353332319661503,-0.005397112853919528,600760 / 000768 / 600893 / 600038 / 600316
2020-08-11,1052753.360360954,0.0,军工,1.0,0.0,False,False,0.011096256104630609,0.7545889339349232,0.0,600760 / 000768 / 600893 / 600038 / 600316
2020-08-12,990477.1548030404,0.0,军工,1.0,0.0,False,False,-0.0591555514356763,0.6507952580050673,-0.0591555514356763,600760 / 000768 / 600893 / 600038 / 600316
2020-08-13,1020784.6758669871,0.0,军工,1.0,0.0,False,False,0.030598909744640634,0.7013077931116452,-0.030366737070310457,600760 / 000768 / 600893 / 600038 / 600316
2020-08-14,1082548.9696115262,0.0,军工,1.0,0.0,False,False,0.06050668197196507,0.804248282685877,0.0,600760 / 000768 / 600893 / 600038 / 600316
2020-08-17,1106759.2144958316,0.0,军工,1.0,0.0,False,False,0.022364110598150022,0.8445986908263861,0.0,600760 / 000768 / 600893 / 600038 / 600316
2020-08-18,1095556.9669843554,0.0,军工,1.0,0.0,False,False,-0.010121666361349702,0.825928278307259,-0.010121666361349702,600760 / 000768 / 600893 / 600038 / 600316
2020-08-19,1137677.7808676613,0.0,农业种植,1.0,2276.5985543475626,False,False,0.0384469408279593,0.8961296347794356,0.0,000998 / 002041 / 600598 / 601952 / 000713
2020-08-20,1062244.9012178492,0.0,农业种植,1.0,0.0,False,False,-0.06630425672221751,0.7704081686964155,-0.06630425672221751,000998 / 002041 / 600598 / 601952 / 000713
2020-08-21,1038996.5036705048,0.0,农业种植,1.0,0.0,False,False,-0.0218860994490917,0.7316608394508413,-0.08673921461478862,000998 / 002041 / 600598 / 601952 / 000713
2020-08-24,1067701.825115995,0.0,农业种植,1.0,0.0,False,False,0.0276279288179333,0.7795030418599918,-0.061507710643956215,000998 / 002041 / 600598 / 601952 / 000713
2020-08-25,1030847.6402155587,0.0,农业种植,1.0,0.0,False,False,-0.03451730064845815,0.7180794003592645,-0.09390193115191858,000998 / 002041 / 600598 / 601952 / 000713
2020-08-26,979229.5966937583,0.0,农业种植,1.0,0.0,False,False,-0.05007339737519956,0.6320493278229304,-0.1392733398142495,000998 / 002041 / 600598 / 601952 / 000713
2020-08-27,978693.162047718,978693.162047718,现金,0.0,1273.957255093655,False,False,-0.0005478129417774147,0.63115527007953,-0.13974485701803208,
2020-08-28,978693.162047718,978693.162047718,现金,0.0,0.0,False,False,0.0,0.63115527007953,-0.13974485701803208,
2020-08-31,978693.162047718,978693.162047718,现金,0.0,0.0,False,False,0.0,0.63115527007953,-0.13974485701803208,
2020-09-01,978693.162047718,978693.162047718,现金,0.0,0.0,False,False,0.0,0.63115527007953,-0.13974485701803208,
2020-09-02,968659.4238180015,0.0,纺织服饰,1.0,782.3286667048106,False,False,-0.010252179762575309,0.6144323730300025,-0.14856434738556312,600398 / 600177 / 002563 / 603877 / 002327
2020-09-03,986716.834655807,0.0,纺织服饰,1.0,0.0,False,False,0.01864165091857739,0.6445280577596784,-0.13269218116989367,600398 / 600177 / 002563 / 603877 / 002327
2020-09-04,979314.9046980274,0.0,纺织服饰,1.0,0.0,False,False,-0.007501574613715367,0.6321915078300457,-0.13919835548590642,600398 / 600177 / 002563 / 603877 / 002327
2020-09-07,969029.2310816215,0.0,纺织服饰,1.0,0.0,False,False,-0.010502927676340756,0.6150487184693691,-0.14823929290191318,600398 / 600177 / 002563 / 603877 / 002327
2020-09-08,982275.0352552019,0.0,纺织服饰,1.0,0.0,False,False,0.01366914820391485,0.6371250587586699,-0.1365964495623181,600398 / 600177 / 002563 / 603877 / 002327
2020-09-09,962124.1627425593,0.0,纺织服饰,1.0,0.0,False,False,-0.02051449114494408,0.6035402712375988,-0.1543087340522853,600398 / 600177 / 002563 / 603877 / 002327
2020-09-10,942525.4831921455,0.0,纺织服饰,1.0,0.0,False,False,-0.020370218636383997,0.5708758053202425,-0.17153565003852056,600398 / 600177 / 002563 / 603877 / 002327
2020-09-11,933190.5187252733,933190.5187252733,现金,0.0,1214.7268192078254,False,False,-0.009904203794317001,0.5553175312087888,-0.1797409297968655,
2020-09-14,933190.5187252733,933190.5187252733,现金,0.0,0.0,False,False,0.0,0.5553175312087888,-0.1797409297968655,
2020-09-15,933190.5187252733,933190.5187252733,现金,0.0,0.0,False,False,0.0,0.5553175312087888,-0.1797409297968655,
2020-09-16,933190.5187252733,933190.5187252733,现金,0.0,0.0,False,False,0.0,0.5553175312087888,-0.1797409297968655,
2020-09-17,933190.5187252733,933190.5187252733,现金,0.0,0.0,False,False,0.0,0.5553175312087888,-0.1797409297968655,
2020-09-18,933190.5187252733,933190.5187252733,现金,0.0,0.0,False,False,0.0,0.5553175312087888,-0.1797409297968655,
2020-09-21,931777.0198079795,0.0,工程机械,1.0,745.9556504598509,False,False,-0.0015146948976986208,0.5529616996799658,-0.18098337202529313,600031 / 000157 / 000425 / 601100 / 603298
2020-09-22,916243.6230112126,0.0,工程机械,1.0,0.0,False,False,-0.016670723216556715,0.5270727050186876,-0.19463697154001702,600031 / 000157 / 000425 / 601100 / 603298
2020-09-23,924500.0905041248,0.0,工程机械,1.0,0.0,False,False,0.00901121414169026,0.5408334841735412,-0.187379672828764,600031 / 000157 / 000425 / 601100 / 603298
2020-09-24,902776.1146392982,0.0,工程机械,1.0,0.0,False,False,-0.023498078678370504,0.5046268577321635,-0.20647468921227685,600031 / 000157 / 000425 / 601100 / 603298
2020-09-25,906055.2783185777,0.0,工程机械,1.0,0.0,False,False,0.003632311074811323,0.5100921305309627,-0.20359235843775947,600031 / 000157 / 000425 / 601100 / 603298
2020-09-28,906020.4576183175,0.0,工程机械,1.0,0.0,False,False,-3.843109917622822e-05,0.5100340960305292,-0.20362296525881707,600031 / 000157 / 000425 / 601100 / 603298
2020-09-29,904560.6578692954,0.0,工程机械,1.0,0.0,False,False,-0.0016112216194978934,0.5076010964488258,-0.20490610515446372,600031 / 000157 / 000425 / 601100 / 603298
2020-09-30,904588.382390788,0.0,工程机械,1.0,0.0,False,False,3.0649709614749554e-05,0.5076473039846467,-0.20488173575747026,600031 / 000157 / 000425 / 601100 / 603298
2020-10-09,939897.4568744537,0.0,工程机械,1.0,0.0,False,False,0.03903330528117688,0.5664957614574229,-0.173845641814652,600031 / 000157 / 000425 / 601100 / 603298
2020-10-12,967489.1232796573,0.0,工程机械,1.0,0.0,False,False,0.029356039005528745,0.6124818721327623,-0.14959302225117554,600031 / 000157 / 000425 / 601100 / 603298
2020-10-13,986155.7041126709,0.0,工程机械,1.0,0.0,False,False,0.019293840503070703,0.6435928401877848,-0.1331854056597912,600031 / 000157 / 000425 / 601100 / 603298
2020-10-14,986704.2972866371,0.0,工程机械,1.0,0.0,False,False,0.0005562946821464632,0.6445071621443952,-0.1327032013105528,600031 / 000157 / 000425 / 601100 / 603298
2020-10-15,982518.9015384064,0.0,工程机械,1.0,0.0,False,False,-0.004241793371874691,0.6375315025640107,-0.13638209512268185,600031 / 000157 / 000425 / 601100 / 603298
2020-10-16,948608.3392173003,0.0,风电设备,1.0,2051.719770578211,False,False,-0.03451390326232873,0.5810138986955005,-0.16618891994723262,002202 / 601615 / 603218 / 002487 / 300129
2020-10-19,921522.623728245,0.0,风电设备,1.0,0.0,False,False,-0.02855310708253289,0.5358710395470752,-0.18999681700258175,002202 / 601615 / 603218 / 002487 / 300129
2020-10-20,926011.768521829,0.0,风电设备,1.0,0.0,False,False,0.004871442846863694,0.5433529475363816,-0.18605093279083218,002202 / 601615 / 603218 / 002487 / 300129
2020-10-21,873386.3961746651,0.0,风电设备,1.0,0.0,False,False,-0.0568301334130652,0.45564399362444186,-0.23230776687176913,002202 / 601615 / 603218 / 002487 / 300129
2020-10-22,862278.6158630118,0.0,风电设备,1.0,0.0,False,False,-0.012718059681607219,0.437131026438353,-0.24207132250980024,002202 / 601615 / 603218 / 002487 / 300129
2020-10-23,868560.7357455628,0.0,风电设备,1.0,0.0,False,False,0.007285487274044877,0.4476012262426048,-0.23654944277531176,002202 / 601615 / 603218 / 002487 / 300129
2020-10-26,891572.3244155714,0.0,风电设备,1.0,0.0,False,False,0.0264939315386572,0.48595387402595236,-0.21632263597905121,002202 / 601615 / 603218 / 002487 / 300129
2020-10-27,873212.0141100828,0.0,风电设备,1.0,0.0,False,False,-0.020593181060800547,0.455353356850138,-0.2324610458295855,002202 / 601615 / 603218 / 002487 / 300129
2020-10-28,871652.6395626442,0.0,风电设备,1.0,0.0,False,False,-0.001785791448400742,0.45275439927107364,-0.23383171033025751,002202 / 601615 / 603218 / 002487 / 300129
2020-10-29,872008.9430562743,0.0,AI医疗,1.0,1787.317658880585,False,False,0.00040876775616593974,0.4533482384271239,-0.23351852543764373,300760 / 300015 / 300347 / 002044 / 300253
2020-10-30,848980.7868241542,0.0,AI医疗,1.0,0.0,False,False,-0.02640816520918876,0.4149679780402571,-0.25375989484766903,300760 / 300015 / 300347 / 002044 / 300253
2020-11-02,845134.5535624978,0.0,AI医疗,1.0,0.0,False,False,-0.00453041260927034,0.40855758927082975,-0.2571406704295943,300760 / 300015 / 300347 / 002044 / 300253
2020-11-03,853578.1077029649,0.0,AI医疗,1.0,0.0,False,False,0.009990780882020545,0.42263017950494164,-0.24971892564169174,300760 / 300015 / 300347 / 002044 / 300253
2020-11-04,849791.7778893805,0.0,机器人,1.0,1784.9695125604549,False,False,-0.004435832853977195,0.4163196298156342,-0.25304704708104764,002472 / 300124 / 688017 / 002896 / 601689
2020-11-05,867560.3959993467,0.0,机器人,1.0,0.0,False,False,0.0209093787116863,0.4459339933322446,-0.23742872490865286,002472 / 300124 / 688017 / 002896 / 601689
2020-11-06,864118.1857826924,0.0,机器人,1.0,0.0,False,False,-0.003967689434104749,0.4401969763044873,-0.24045437089958455,002472 / 300124 / 688017 / 002896 / 601689
2020-11-09,900081.775519211,0.0,机器人,1.0,0.0,False,False,0.041618832155399854,0.5001362925320183,-0.20884296884768672,002472 / 300124 / 688017 / 002896 / 601689
2020-11-10,904494.7849688854,0.0,机器人,1.0,0.0,False,False,0.004902898347351581,0.5074913082814756,-0.2049640063471545,002472 / 300124 / 688017 / 002896 / 601689
2020-11-11,872799.1481444918,0.0,机器人,1.0,0.0,False,False,-0.03504236547420658,0.45466524690748633,-0.23282394820188645,002472 / 300124 / 688017 / 002896 / 601689
2020-11-12,880899.4099614236,0.0,机器人,1.0,0.0,False,False,0.009280785658593249,0.4681656832690393,-0.22570395170274238,002472 / 300124 / 688017 / 002896 / 601689
2020-11-13,898210.0718484588,0.0,机器人,1.0,0.0,False,False,0.01965112212731901,0.49701678641409797,-0.21048816549495242,002472 / 300124 / 688017 / 002896 / 601689
2020-11-16,897993.1152879926,0.0,机器人,1.0,0.0,False,False,-0.0002415432283227048,0.49665519214665443,-0.21067886673225766,002472 / 300124 / 688017 / 002896 / 601689
2020-11-17,879781.1208923968,0.0,机器人,1.0,0.0,False,False,-0.020280772853982443,0.46630186815399455,-0.22668690934490876,002472 / 300124 / 688017 / 002896 / 601689
2020-11-18,872552.6550054166,0.0,机器人,1.0,0.0,False,False,-0.008216209367675531,0.4542544250090277,-0.2330406116044953,002472 / 300124 / 688017 / 002896 / 601689
2020-11-19,883106.1971854947,0.0,机器人,1.0,0.0,False,False,0.01209502042030075,0.4718436619758246,-0.22376422214031033,002472 / 300124 / 688017 / 002896 / 601689
2020-11-20,902421.281541591,0.0,机器人,1.0,0.0,False,False,0.021871757233336675,0.504035469235985,-0.20678658165113284,002472 / 300124 / 688017 / 002896 / 601689
2020-11-23,931090.419195453,0.0,机器人,1.0,0.0,False,False,0.03176912849937108,0.551817365325755,-0.18158688263618228,002472 / 300124 / 688017 / 002896 / 601689
2020-11-24,906156.2153209506,0.0,机器人,1.0,0.0,False,False,-0.026779573025837666,0.510260358868251,-0.20350363647793002,002472 / 300124 / 688017 / 002896 / 601689
2020-11-25,890658.9344948311,0.0,机器人,1.0,0.0,False,False,-0.017102217657504526,0.4844315574913851,-0.2171254906502954,002472 / 300124 / 688017 / 002896 / 601689
2020-11-26,867241.5167991659,0.0,机器人,1.0,0.0,False,False,-0.02629223913747325,0.4454025279986098,-0.2377090144647499,002472 / 300124 / 688017 / 002896 / 601689
2020-11-27,872538.6163869982,0.0,机器人,1.0,0.0,False,False,0.006107986627972961,0.45423102731166365,-0.23305295131847625,002472 / 300124 / 688017 / 002896 / 601689
2020-11-30,872855.8303338297,872855.8303338297,现金,0.0,1136.1896259477107,False,False,0.00036355290284473263,0.45475971722304953,-0.2327741254925999,
2020-12-01,872855.8303338297,872855.8303338297,现金,0.0,0.0,False,False,0.0,0.45475971722304953,-0.2327741254925999,
2020-12-02,872855.8303338297,872855.8303338297,现金,0.0,0.0,False,False,0.0,0.45475971722304953,-0.2327741254925999,
2020-12-03,872855.8303338297,872855.8303338297,现金,0.0,0.0,False,False,0.0,0.45475971722304953,-0.2327741254925999,
2020-12-04,880059.8101263002,0.0,工程机械,1.0,697.7264830805995,False,False,0.008253344415096953,0.4667663502105004,-0.22644194610611645,600031 / 000157 / 000425 / 601100 / 603298
2020-12-07,888324.4202018855,0.0,工程机械,1.0,0.0,False,False,0.009390964091860132,0.4805407003364759,-0.21917749019902977,600031 / 000157 / 000425 / 601100 / 603298
2020-12-08,869753.4380462464,0.0,工程机械,1.0,0.0,False,False,-0.02090563057066308,0.4495890634104107,-0.23550107713018686,600031 / 000157 / 000425 / 601100 / 603298
2020-12-09,853314.8896252017,0.0,工程机械,1.0,0.0,False,False,-0.01890023965639176,0.42219148270866946,-0.24995028998947966,600031 / 000157 / 000425 / 601100 / 603298
2020-12-10,856592.5741709743,0.0,工程机械,1.0,0.0,False,False,0.003841119597962628,0.42765429028495716,-0.2470692593489121,600031 / 000157 / 000425 / 601100 / 603298
2020-12-11,857778.0634205753,0.0,工程机械,1.0,0.0,False,False,0.0013839592886366603,0.42963010570095883,-0.246027233856688,600031 / 000157 / 000425 / 601100 / 603298
2020-12-14,856443.9359791393,0.0,工程机械,1.0,0.0,False,False,-0.0015553294008427976,0.42740655996523214,-0.24719990986730556,600031 / 000157 / 000425 / 601100 / 603298
2020-12-15,860164.0449239237,0.0,工程机械,1.0,0.0,False,False,0.004343668964777336,0.4336067415398728,-0.24392999547911454,600031 / 000157 / 000425 / 601100 / 603298
2020-12-16,869254.7574169821,0.0,工程机械,1.0,0.0,False,False,0.010568579966467206,0.44875792902830347,-0.23593940917608824,600031 / 000157 / 000425 / 601100 / 603298
2020-12-17,882417.607082816,0.0,工程机械,1.0,0.0,False,False,0.015142683492406439,0.4706960118046932,-0.22436948148022073,600031 / 000157 / 000425 / 601100 / 603298
2020-12-18,866162.1569974669,0.0,工程机械,1.0,0.0,False,False,-0.018421493355156304,0.44360359499577817,-0.23865775392318933,600031 / 000157 / 000425 / 601100 / 603298
2020-12-21,874151.7790787586,0.0,工程机械,1.0,0.0,False,False,0.00922416434006701,0.45691963179793094,-0.23163500792634106,600031 / 000157 / 000425 / 601100 / 603298
2020-12-22,856848.6755399733,0.0,储能,1.0,1832.2276600119426,False,False,-0.019794163843057655,0.4280811258999555,-0.24684415047071673,300750 / 300274 / 300763 / 300014 / 002074
2020-12-23,907241.9204519236,0.0,储能,1.0,0.0,False,False,0.05881230414482852,0.5120698674198727,-0.20254931957974387,300750 / 300274 / 300763 / 300014 / 002074
2020-12-24,883045.1386477978,0.0,储能,1.0,0.0,False,False,-0.026670705198534872,0.4717418977463297,-0.22381789158760357,300750 / 300274 / 300763 / 300014 / 002074
2020-12-25,927657.2317927076,0.0,储能,1.0,0.0,False,False,0.050520739192589925,0.5460953863211793,-0.18460459772254623,300750 / 300274 / 300763 / 300014 / 002074
2020-12-28,933889.7274034767,0.0,储能,1.0,0.0,False,False,0.006718532877412864,0.5564828790057945,-0.17912633690425384,300750 / 300274 / 300763 / 300014 / 002074
2020-12-29,858676.9614123078,0.0,储能,1.0,0.0,False,False,-0.08053709531668729,0.43112826902051293,-0.2452371173519542,300750 / 300274 / 300763 / 300014 / 002074
2020-12-30,901797.135183908,0.0,储能,1.0,0.0,False,False,0.0502169916154247,0.5029952253065133,-0.20733519600238348,300750 / 300274 / 300763 / 300014 / 002074
2020-12-31,941424.5193798454,0.0,储能,1.0,0.0,False,False,0.04394268139680424,0.5690408656330757,-0.172503379065856,300750 / 300274 / 300763 / 300014 / 002074
2021-01-04,1024275.6512643434,0.0,储能,1.0,0.0,False,False,0.08800613344878183,0.7071260854405723,-0.09967860101550952,300750 / 300274 / 300763 / 300014 / 002074
2021-01-05,1005220.9897056237,1005220.9897056237,现金,0.0,1308.4883214351764,False,False,-0.018603060157877493,0.6753683161760395,-0.11642733416224249,
2021-01-06,1006046.8013919302,0.0,储能,1.0,803.5339645928249,False,False,0.0008215225256571479,0.6767446689865504,-0.11570145931420184,300750 / 300274 / 300763 / 300014 / 002074
2021-01-07,1076120.8847042993,0.0,储能,1.0,0.0,False,False,0.06965290602327556,0.7935348078404987,-0.054107496163294244,300750 / 300274 / 300763 / 300014 / 002074
2021-01-08,1037674.2858095545,0.0,储能,1.0,0.0,False,False,-0.035727026062977396,0.7294571430159242,-0.08790142230064313,300750 / 300274 / 300763 / 300014 / 002074
2021-01-11,970192.0084405019,0.0,储能,1.0,0.0,False,False,-0.0650322343840346,0.6169866807341697,-0.14721723078693227,300750 / 300274 / 300763 / 300014 / 002074
2021-01-12,1018213.3099418436,0.0,储能,1.0,0.0,False,False,0.049496698677751194,0.6970221832364061,-0.10500729902161487,300750 / 300274 / 300763 / 300014 / 002074
2021-01-13,988940.545342114,0.0,储能,1.0,0.0,False,False,-0.028749147466360925,0.6482342422368568,-0.13073757616335913,300750 / 300274 / 300763 / 300014 / 002074
2021-01-14,969855.0914096581,0.0,储能,1.0,0.0,False,False,-0.019298889121644347,0.6164251523494302,-0.14751337529859432,300750 / 300274 / 300763 / 300014 / 002074
2021-01-15,977832.3944957334,0.0,储能,1.0,0.0,False,False,0.008225252573021535,0.6297206574928891,-0.14050145749530263,300750 / 300274 / 300763 / 300014 / 002074
2021-01-18,993073.5769662252,0.0,储能,1.0,0.0,False,False,0.015586702339056346,0.6551226282770419,-0.12710470955242914,300750 / 300274 / 300763 / 300014 / 002074
2021-01-19,970419.9860218943,0.0,储能,1.0,0.0,False,False,-0.022811593692318444,0.6173666433698237,-0.14701684225405742,300750 / 300274 / 300763 / 300014 / 002074
2021-01-20,1004351.8590311434,0.0,智能驾驶,1.0,2062.468865467618,False,False,0.034966172892159975,0.6739197650519055,-0.11719128568621218,002920 / 603596 / 002906 / 300496 / 002405
2021-01-21,1029422.9468226063,0.0,智能驾驶,1.0,0.0,False,False,0.024962454707504467,0.7157049113710103,-0.09515421313976391,002920 / 603596 / 002906 / 300496 / 002405
2021-01-22,1024479.1519934048,0.0,智能驾驶,1.0,0.0,False,False,-0.004802491380691332,0.7074652533223413,-0.09949972723201506,002920 / 603596 / 002906 / 300496 / 002405
2021-01-25,990537.8051421434,0.0,智能驾驶,1.0,0.0,False,False,-0.03313034412190752,0.6508963419035723,-0.12933361115068998,002920 / 603596 / 002906 / 300496 / 002405
2021-01-26,990030.6294146734,0.0,智能驾驶,1.0,0.0,False,False,-0.0005120205658351029,0.6500510490244558,-0.12977941024776218,002920 / 603596 / 002906 / 300496 / 002405
2021-01-27,1003625.6123253696,0.0,智能驾驶,1.0,0.0,False,False,0.013731881122439393,0.6727093538756159,-0.11782964455898537,002920 / 603596 / 002906 / 300496 / 002405
2021-01-28,958823.7767405027,0.0,智能驾驶,1.0,0.0,False,False,-0.044639988293107113,0.5980396279008378,-0.1572097188983983,002920 / 603596 / 002906 / 300496 / 002405
2021-01-29,953647.7513780305,0.0,储能,1.0,2038.7947563276712,False,False,-0.005398307267752478,0.5894129189633841,-0.16175935979806033,300750 / 300274 / 300763 / 300014 / 002074
2021-02-01,931074.3703714444,0.0,储能,1.0,0.0,False,False,-0.023670564916624004,0.5517906172857407,-0.18160098928771273,300750 / 300274 / 300763 / 300014 / 002074
2021-02-02,961795.6944133171,0.0,储能,1.0,0.0,False,False,0.03299556407037252,0.6029928240221951,-0.15459745229462596,300750 / 300274 / 300763 / 300014 / 002074
2021-02-03,989260.0124096797,0.0,基础化工,1.0,2058.7082898843573,False,False,0.02855525155279004,0.6487666873494662,-0.13045676988152954,002493 / 600309 / 002648 / 000830 / 002064
2021-02-04,993090.280045337,0.0,基础化工,1.0,0.0,False,False,0.0038718512702513586,0.6551504667422283,-0.12709002782145684,002493 / 600309 / 002648 / 000830 / 002064
2021-02-05,943446.6790778203,0.0,基础化工,1.0,0.0,False,False,-0.0499890110345762,0.5724111317963672,-0.1707259340528816,002493 / 600309 / 002648 / 000830 / 002064
2021-02-08,1015988.2257635425,0.0,基础化工,1.0,0.0,False,False,0.07688992742719547,0.6933137096059041,-0.1069631113049524,002493 / 600309 / 002648 / 000830 / 002064
2021-02-09,1060026.675009769,0.0,基础化工,1.0,0.0,False,False,0.04334543268267743,0.7667111250162815,-0.06825404096287357,002493 / 600309 / 002648 / 000830 / 002064
2021-02-10,1076677.2057995787,0.0,基础化工,1.0,0.0,False,False,0.01570765263020979,0.7944620096659645,-0.05361849909871663,002493 / 600309 / 002648 / 000830 / 002064
2021-02-18,1118915.3115466025,0.0,基础化工,1.0,0.0,False,False,0.0392300547643305,0.8648588525776708,-0.01649190099040998,002493 / 600309 / 002648 / 000830 / 002064
2021-02-19,1092311.0319184482,0.0,基础化工,1.0,0.0,False,False,-0.02377684830443605,0.820518386530747,-0.03987662386674529,002493 / 600309 / 002648 / 000830 / 002064
2021-02-22,1101991.9389755689,0.0,基础化工,1.0,0.0,False,False,0.008862775138430923,0.8366532316259481,-0.031367266278925054,002493 / 600309 / 002648 / 000830 / 002064
2021-02-23,1098301.8815985029,0.0,基础化工,1.0,0.0,False,False,-0.0033485339107800494,0.8305031359975048,-0.03461076583488165,002493 / 600309 / 002648 / 000830 / 002064
2021-02-24,1041164.022554135,0.0,基础化工,1.0,0.0,False,False,-0.05202381968171421,0.7352733709235582,-0.08483400127575602,002493 / 600309 / 002648 / 000830 / 002064
2021-02-25,1049302.3824083167,0.0,农林牧渔,1.0,2247.443738799724,False,False,0.007816597267947367,0.7488373040138612,-0.0776805172304097,002714 / 300498 / 002311 / 000876 / 002299
2021-02-26,1023994.4717689732,0.0,农林牧渔,1.0,0.0,False,False,-0.024118796510551932,0.7066574529482885,-0.09992575315304697,002714 / 300498 / 002311 / 000876 / 002299
2021-03-01,1030931.1727205138,0.0,农林牧渔,1.0,0.0,False,False,0.006774158594389013,0.7182186212008563,-0.0938285074581805,002714 / 300498 / 002311 / 000876 / 002299
2021-03-02,1028861.7905989565,0.0,农林牧渔,1.0,0.0,False,False,-0.002007294159217632,0.7147696509982608,-0.09564746020240922,002714 / 300498 / 002311 / 000876 / 002299
2021-03-03,1042669.5653736851,0.0,农林牧渔,1.0,0.0,False,False,0.013420436934187485,0.7377826089561419,-0.08351065397578328,002714 / 300498 / 002311 / 000876 / 002299
2021-03-04,1023522.3247460979,0.0,农林牧渔,1.0,0.0,False,False,-0.01836367077687262,0.7058705412434965,-0.10034076259668323,002714 / 300498 / 002311 / 000876 / 002299
2021-03-05,1010027.0392023548,0.0,农林牧渔,1.0,0.0,False,False,-0.013185140389674221,0.6833783986705915,-0.11220289594471322,002714 / 300498 / 002311 / 000876 / 002299
2021-03-08,1018963.6820514806,1018963.6820514806,现金,0.0,1326.3770768668517,False,False,0.008847924364661752,0.6982728034191343,-0.10434773431686628,
2021-03-09,1018963.6820514806,1018963.6820514806,现金,0.0,0.0,False,False,0.0,0.6982728034191343,-0.10434773431686628,
2021-03-10,1018963.6820514806,1018963.6820514806,现金,0.0,0.0,False,False,0.0,0.6982728034191343,-0.10434773431686628,
2021-03-11,1018963.6820514806,1018963.6820514806,现金,0.0,0.0,False,False,0.0,0.6982728034191343,-0.10434773431686628,
2021-03-12,1018963.6820514806,1018963.6820514806,现金,0.0,0.0,False,False,0.0,0.6982728034191343,-0.10434773431686628,
2021-03-15,1018963.6820514806,1018963.6820514806,现金,0.0,0.0,False,False,0.0,0.6982728034191343,-0.10434773431686628,
2021-03-16,1018963.6820514806,1018963.6820514806,现金,0.0,0.0,False,False,0.0,0.6982728034191343,-0.10434773431686628,
2021-03-17,1018963.6820514806,1018963.6820514806,现金,0.0,0.0,False,False,0.0,0.6982728034191343,-0.10434773431686628,
2021-03-18,1018963.6820514806,1018963.6820514806,现金,0.0,0.0,False,False,0.0,0.6982728034191343,-0.10434773431686628,
2021-03-19,1018963.6820514806,1018963.6820514806,现金,0.0,0.0,False,False,0.0,0.6982728034191343,-0.10434773431686628,
2021-03-22,1018963.6820514806,1018963.6820514806,现金,0.0,0.0,False,False,0.0,0.6982728034191343,-0.10434773431686628,
2021-03-23,1018963.6820514806,1018963.6820514806,现金,0.0,0.0,False,False,0.0,0.6982728034191343,-0.10434773431686628,
2021-03-24,1018963.6820514806,1018963.6820514806,现金,0.0,0.0,False,False,0.0,0.6982728034191343,-0.10434773431686628,
2021-03-25,1018963.6820514806,1018963.6820514806,现金,0.0,0.0,False,False,0.0,0.6982728034191343,-0.10434773431686628,
2021-03-26,1018963.6820514806,1018963.6820514806,现金,0.0,0.0,False,False,0.0,0.6982728034191343,-0.10434773431686628,
2021-03-29,1018963.6820514806,1018963.6820514806,现金,0.0,0.0,False,False,0.0,0.6982728034191343,-0.10434773431686628,
2021-03-30,1018963.6820514806,1018963.6820514806,现金,0.0,0.0,False,False,0.0,0.6982728034191343,-0.10434773431686628,
2021-03-31,1018963.6820514806,1018963.6820514806,现金,0.0,0.0,False,False,0.0,0.6982728034191343,-0.10434773431686628,
2021-04-01,1018963.6820514806,1018963.6820514806,现金,0.0,0.0,False,False,0.0,0.6982728034191343,-0.10434773431686628,
2021-04-02,1018963.6820514806,1018963.6820514806,现金,0.0,0.0,False,False,0.0,0.6982728034191343,-0.10434773431686628,
2021-04-06,1018963.6820514806,1018963.6820514806,现金,0.0,0.0,False,False,0.0,0.6982728034191343,-0.10434773431686628,
2021-04-07,1018963.6820514806,1018963.6820514806,现金,0.0,0.0,False,False,0.0,0.6982728034191343,-0.10434773431686628,
2021-04-08,981425.6191679562,0.0,航运港口,1.0,814.519330177043,False,False,-0.03683945124319743,0.635709365279927,-0.13734307228935938,601919 / 601872 / 600026 / 601018 / 601298
2021-04-09,988342.0468659152,0.0,航运港口,1.0,0.0,False,False,0.007047327441709328,0.6472367447765253,-0.1312636464499234,601919 / 601872 / 600026 / 601018 / 601298
2021-04-12,964097.852002841,0.0,航运港口,1.0,0.0,False,False,-0.024530166393258113,0.6068297533380682,-0.15257389375437913,601919 / 601872 / 600026 / 601018 / 601298
2021-04-13,952523.6774974194,0.0,航运港口,1.0,0.0,False,False,-0.012005186487426656,0.5875394624956991,-0.1627474021941716,601919 / 601872 / 600026 / 601018 / 601298
2021-04-14,950746.3000111424,950746.3000111424,现金,0.0,1237.579042770086,False,False,-0.0018659667242568734,0.5845771666852373,-0.16430968768147503,
2021-04-15,950746.3000111424,950746.3000111424,现金,0.0,0.0,False,False,0.0,0.5845771666852373,-0.16430968768147503,
2021-04-16,950746.3000111424,950746.3000111424,现金,0.0,0.0,False,False,0.0,0.5845771666852373,-0.16430968768147503,
2021-04-19,950746.3000111424,950746.3000111424,现金,0.0,0.0,False,False,0.0,0.5845771666852373,-0.16430968768147503,
2021-04-20,950746.3000111424,950746.3000111424,现金,0.0,0.0,False,False,0.0,0.5845771666852373,-0.16430968768147503,
2021-04-21,950746.3000111424,950746.3000111424,现金,0.0,0.0,False,False,0.0,0.5845771666852373,-0.16430968768147503,
2021-04-22,950746.3000111424,950746.3000111424,现金,0.0,0.0,False,False,0.0,0.5845771666852373,-0.16430968768147503,
2021-04-23,950746.3000111424,950746.3000111424,现金,0.0,0.0,False,False,0.0,0.5845771666852373,-0.16430968768147503,
2021-04-26,950746.3000111424,950746.3000111424,现金,0.0,0.0,False,False,0.0,0.5845771666852373,-0.16430968768147503,
2021-04-27,950746.3000111424,950746.3000111424,现金,0.0,0.0,False,False,0.0,0.5845771666852373,-0.16430968768147503,
2021-04-28,950746.3000111424,950746.3000111424,现金,0.0,0.0,False,False,0.0,0.5845771666852373,-0.16430968768147503,
2021-04-29,950746.3000111424,950746.3000111424,现金,0.0,0.0,False,False,0.0,0.5845771666852373,-0.16430968768147503,
2021-04-30,950746.3000111424,950746.3000111424,现金,0.0,0.0,False,False,0.0,0.5845771666852373,-0.16430968768147503,
2021-05-06,950746.3000111424,950746.3000111424,现金,0.0,0.0,False,False,0.0,0.5845771666852373,-0.16430968768147503,
2021-05-07,950746.3000111424,950746.3000111424,现金,0.0,0.0,False,False,0.0,0.5845771666852373,-0.16430968768147503,
2021-05-10,950746.3000111424,950746.3000111424,现金,0.0,0.0,False,False,0.0,0.5845771666852373,-0.16430968768147503,
2021-05-11,950746.3000111424,950746.3000111424,现金,0.0,0.0,False,False,0.0,0.5845771666852373,-0.16430968768147503,
2021-05-12,950746.3000111424,950746.3000111424,现金,0.0,0.0,False,False,0.0,0.5845771666852373,-0.16430968768147503,
2021-05-13,950746.3000111424,950746.3000111424,现金,0.0,0.0,False,False,0.0,0.5845771666852373,-0.16430968768147503,
2021-05-14,950746.3000111424,950746.3000111424,现金,0.0,0.0,False,False,0.0,0.5845771666852373,-0.16430968768147503,
2021-05-17,950746.3000111424,950746.3000111424,现金,0.0,0.0,False,False,0.0,0.5845771666852373,-0.16430968768147503,
2021-05-18,950746.3000111424,950746.3000111424,现金,0.0,0.0,False,False,0.0,0.5845771666852373,-0.16430968768147503,
2021-05-19,950746.3000111424,950746.3000111424,现金,0.0,0.0,False,False,0.0,0.5845771666852373,-0.16430968768147503,
2021-05-20,952569.4724489544,0.0,储能,1.0,759.9890487698981,False,False,0.0019176224380685891,0.5876157874149239,-0.16270714918729645,300750 / 300274 / 300763 / 300014 / 002074
2021-05-21,963546.2960451912,0.0,储能,1.0,0.0,False,False,0.011523383767502615,0.6059104934086521,-0.15305870234159535,300750 / 300274 / 300763 / 300014 / 002074
2021-05-24,962558.0150839633,0.0,储能,1.0,0.0,False,False,-0.0010256704480980927,0.6042633584732722,-0.15392738500187741,300750 / 300274 / 300763 / 300014 / 002074
2021-05-25,980842.6722895327,0.0,储能,1.0,0.0,False,False,0.018995901461559717,0.6347377871492212,-0.137855472978049,300750 / 300274 / 300763 / 300014 / 002074
2021-05-26,953005.297045988,0.0,储能,1.0,0.0,False,False,-0.028381080911340506,0.5883421617433133,-0.16232406655672837,300750 / 300274 / 300763 / 300014 / 002074
2021-05-27,957355.0399225464,0.0,储能,1.0,0.0,False,False,0.004564237879937538,0.595591733204244,-0.15850071433019464,300750 / 300274 / 300763 / 300014 / 002074
2021-05-28,990877.1824126197,0.0,储能,1.0,0.0,False,False,0.0350153716146786,0.6514619706876994,-0.1290353041289799,300750 / 300274 / 300763 / 300014 / 002074
2021-05-31,1047076.7763320194,0.0,储能,1.0,0.0,False,False,0.056717012882023354,0.7451279605533656,-0.07963678825347564,300750 / 300274 / 300763 / 300014 / 002074
2021-06-01,1032365.1430980758,0.0,储能,1.0,0.0,False,False,-0.014050195330928328,0.7206085718301263,-0.09256807115391485,300750 / 300274 / 300763 / 300014 / 002074
2021-06-02,1007487.8828056898,0.0,储能,1.0,0.0,False,False,-0.02409734623326254,0.6791464713428164,-0.11443477252643619,300750 / 300274 / 300763 / 300014 / 002074
2021-06-03,976803.7011143672,0.0,储能,1.0,0.0,False,False,-0.030456129760957684,0.6280061685239453,-0.141405662006163,300750 / 300274 / 300763 / 300014 / 002074
2021-06-04,994853.2660618126,0.0,储能,1.0,0.0,False,False,0.018478190578981035,0.6580887767696877,-0.12554039219867874,300750 / 300274 / 300763 / 300014 / 002074
2021-06-07,960739.2370756889,0.0,储能,1.0,0.0,False,False,-0.03429051313382747,0.6012320617928149,-0.15552606086499154,300750 / 300274 / 300763 / 300014 / 002074
2021-06-08,957040.8091827846,0.0,储能,1.0,0.0,False,False,-0.0038495647415854872,0.595068015304641,-0.15877691796627347,300750 / 300274 / 300763 / 300014 / 002074
2021-06-09,969351.8316627655,0.0,储能,1.0,0.0,False,False,0.012863633778054995,0.6155863861046091,-0.1479557323133448,300750 / 300274 / 300763 / 300014 / 002074
2021-06-10,1043327.1208318425,0.0,储能,1.0,0.0,False,False,0.07631417897275172,0.7388785347197375,-0.08293267357639822,300750 / 300274 / 300763 / 300014 / 002074
2021-06-11,1069615.5546100324,0.0,储能,1.0,0.0,False,False,0.025196731929320704,0.7826925910167206,-0.0598255739913639,300750 / 300274 / 300763 / 300014 / 002074
2021-06-15,1065106.589276105,0.0,储能,1.0,0.0,False,False,-0.004215500900761837,0.7751776487935083,-0.06378888013107653,300750 / 300274 / 300763 / 300014 / 002074
2021-06-16,989812.4675103605,0.0,储能,1.0,0.0,False,False,-0.07069163079435803,0.6496874458506008,-0.12997117096242305,300750 / 300274 / 300763 / 300014 / 002074
2021-06-17,996788.2978827995,996788.2978827995,现金,0.0,1297.5115522655847,False,False,0.007047628314871712,0.6613138298046659,-0.12383953115214319,
2021-06-18,996788.2978827995,996788.2978827995,现金,0.0,0.0,False,False,0.0,0.6613138298046659,-0.12383953115214319,
2021-06-21,996788.2978827995,996788.2978827995,现金,0.0,0.0,False,False,0.0,0.6613138298046659,-0.12383953115214319,
2021-06-22,996788.2978827995,996788.2978827995,现金,0.0,0.0,False,False,0.0,0.6613138298046659,-0.12383953115214319,
2021-06-23,996788.2978827995,996788.2978827995,现金,0.0,0.0,False,False,0.0,0.6613138298046659,-0.12383953115214319,
2021-06-24,996788.2978827995,996788.2978827995,现金,0.0,0.0,False,False,0.0,0.6613138298046659,-0.12383953115214319,
2021-06-25,996788.2978827995,996788.2978827995,现金,0.0,0.0,False,False,0.0,0.6613138298046659,-0.12383953115214319,
2021-06-28,996788.2978827995,996788.2978827995,现金,0.0,0.0,False,False,0.0,0.6613138298046659,-0.12383953115214319,
2021-06-29,977009.1238881467,0.0,消费电子,1.0,796.7932037432452,False,False,-0.019842903489802444,0.628348539813578,-0.14122509877707123,002475 / 002241 / 002600 / 300433 / 601231
2021-06-30,972230.842711895,0.0,消费电子,1.0,0.0,False,False,-0.004890723187144674,0.6203847378531584,-0.14542512909902006,002475 / 002241 / 002600 / 300433 / 601231
2021-07-01,964494.625529975,0.0,消费电子,1.0,0.0,False,False,-0.007957181403894675,0.6074910425499584,-0.15222513636998913,002475 / 002241 / 002600 / 300433 / 601231
2021-07-02,936779.7545987947,0.0,消费电子,1.0,0.0,False,False,-0.02873512220552954,0.5612995909979912,-0.17658605067917366,002475 / 002241 / 002600 / 300433 / 601231
2021-07-05,956782.9133361136,0.0,消费电子,1.0,0.0,False,False,0.02135310742906249,0.5946381888935226,-0.15900360416073744,002475 / 002241 / 002600 / 300433 / 601231
2021-07-06,947639.3819833199,0.0,消费电子,1.0,0.0,False,False,-0.009556537042360036,0.5793989699721998,-0.1670406173700666,002475 / 002241 / 002600 / 300433 / 601231
2021-07-07,951671.4069170249,0.0,消费电子,1.0,0.0,False,False,0.0042548093825167665,0.5861190115283748,-0.16349653397359742,002475 / 002241 / 002600 / 300433 / 601231
2021-07-08,967215.8900968443,0.0,消费电子,1.0,0.0,False,False,0.016333876448149542,0.6120264834947404,-0.14983318971107318,002475 / 002241 / 002600 / 300433 / 601231
2021-07-09,954572.3569662746,0.0,储能,1.0,2008.1838084568612,False,False,-0.01307208996463427,0.5909539282771243,-0.16094664674011616,300750 / 300274 / 300763 / 300014 / 002074
2021-07-12,989539.7512160563,0.0,储能,1.0,0.0,False,False,0.036631475858898366,0.6492329186934271,-0.13021088408584902,300750 / 300274 / 300763 / 300014 / 002074
2021-07-13,997849.5773719063,0.0,储能,1.0,0.0,False,False,0.008397667850774004,0.663082628953177,-0.12290668399018367,300750 / 300274 / 300763 / 300014 / 002074
2021-07-14,1003101.6762772268,0.0,储能,1.0,0.0,False,False,0.005263417477364918,0.6718361271287112,-0.11829017570141764,300750 / 300274 / 300763 / 300014 / 002074
2021-07-15,1042890.6392706789,0.0,储能,1.0,0.0,False,False,0.03966593211280367,0.7381510654511314,-0.08331633366759794,300750 / 300274 / 300763 / 300014 / 002074
2021-07-16,997355.4811770984,0.0,储能,1.0,0.0,False,False,-0.04366244779550854,0.6622591352951639,-0.12334098639383184,300750 / 300274 / 300763 / 300014 / 002074
2021-07-19,980342.3209222894,0.0,储能,1.0,0.0,False,False,-0.017058271174014816,0.6339038682038156,-0.1382952735750702,300750 / 300274 / 300763 / 300014 / 002074
2021-07-20,1002237.8773964274,0.0,储能,1.0,0.0,False,False,0.02233460293088152,0.670396462327379,-0.11904944066670553,300750 / 300274 / 300763 / 300014 / 002074
2021-07-21,1063268.081730006,0.0,储能,1.0,0.0,False,False,0.06089393118140807,0.77211346955001,-0.06540489793244098,300750 / 300274 / 300763 / 300014 / 002074
2021-07-22,1113633.6757046261,0.0,储能,1.0,0.0,False,False,0.04736866914378912,0.8560561261743769,-0.021134371759196857,300750 / 300274 / 300763 / 300014 / 002074
2021-07-23,1109018.9314671832,0.0,储能,1.0,0.0,False,False,-0.0041438619701609225,0.8483648857786386,-0.025190655809961604,300750 / 300274 / 300763 / 300014 / 002074
2021-07-26,1106739.8283646398,0.0,储能,1.0,0.0,False,False,-0.0020550623960298164,0.844566380607733,-0.027193949836505027,300750 / 300274 / 300763 / 300014 / 002074
2021-07-27,1059786.5913860027,0.0,稀土永磁,1.0,2326.2968235086905,False,False,-0.042424819072443554,0.7663109856433379,-0.0684650705072698,600111 / 000831 / 002600 / 300224 / 688077
2021-07-28,1056121.078605141,0.0,稀土永磁,1.0,0.0,False,False,-0.0034587272670320024,0.7602017976752351,-0.071686995768099,600111 / 000831 / 002600 / 300224 / 688077
2021-07-29,1134620.2565663082,0.0,稀土永磁,1.0,0.0,False,False,0.07432782050410736,0.891033760943847,-0.0026875134179216165,600111 / 000831 / 002600 / 300224 / 688077
2021-07-30,1137205.4110123294,1137205.4110123294,现金,0.0,1480.2914131531272,False,False,0.0022784314232540126,0.8953423516872157,-0.0004152053096894148,
2021-08-02,1137205.4110123294,1137205.4110123294,现金,0.0,0.0,False,False,0.0,0.8953423516872157,-0.0004152053096894148,
2021-08-03,1137205.4110123294,1137205.4110123294,现金,0.0,0.0,False,False,0.0,0.8953423516872157,-0.0004152053096894148,
2021-08-04,1137205.4110123294,1137205.4110123294,现金,0.0,0.0,False,False,0.0,0.8953423516872157,-0.0004152053096894148,
2021-08-05,1137205.4110123294,1137205.4110123294,现金,0.0,0.0,False,False,0.0,0.8953423516872157,-0.0004152053096894148,
2021-08-06,1137205.4110123294,1137205.4110123294,现金,0.0,0.0,False,False,0.0,0.8953423516872157,-0.0004152053096894148,
2021-08-09,1137205.4110123294,1137205.4110123294,现金,0.0,0.0,False,False,0.0,0.8953423516872157,-0.0004152053096894148,
2021-08-10,1147004.9389948472,0.0,液冷,1.0,909.0370991305592,False,False,0.008617201331986735,0.9116748983247454,0.0,002837 / 300499 / 301018 / 300249 / 600510
2021-08-11,1187352.5294196843,0.0,液冷,1.0,0.0,False,False,0.035176474880914466,0.9789208823661406,0.0,002837 / 300499 / 301018 / 300249 / 600510
2021-08-12,1149715.131577409,0.0,液冷,1.0,0.0,False,False,-0.031698587327447236,0.9161918859623486,-0.031698587327447236,002837 / 300499 / 301018 / 300249 / 600510
2021-08-13,1134048.9790643496,0.0,液冷,1.0,0.0,False,False,-0.013626116663843169,0.890081631773916,-0.04489277534228753,002837 / 300499 / 301018 / 300249 / 600510
2021-08-16,1122068.6788095399,0.0,液冷,1.0,0.0,False,False,-0.010564182390688348,0.8701144646825665,-0.054982702266235806,002837 / 300499 / 301018 / 300249 / 600510
2021-08-17,1080894.8377324976,0.0,液冷,1.0,0.0,False,False,-0.03669458194014086,0.8014913962208294,-0.08965971693277786,002837 / 300499 / 301018 / 300249 / 600510
2021-08-18,1068849.1230660677,1068849.1230660677,现金,0.0,1391.3125663221067,False,False,-0.011144205935611162,0.7814152051101129,-0.09980473651876154,
2021-08-19,1068849.1230660677,1068849.1230660677,现金,0.0,0.0,False,False,0.0,0.7814152051101129,-0.09980473651876154,
2021-08-20,1068849.1230660677,1068849.1230660677,现金,0.0,0.0,False,False,0.0,0.7814152051101129,-0.09980473651876154,
2021-08-23,1068849.1230660677,1068849.1230660677,现金,0.0,0.0,False,False,0.0,0.7814152051101129,-0.09980473651876154,
2021-08-24,1073434.5300040648,0.0,风电设备,1.0,854.3957818273923,False,False,0.00429004135293054,0.7890575500067747,-0.0959428616127147,002202 / 601615 / 603218 / 002487 / 300129
2021-08-25,1082064.0949575151,0.0,风电设备,1.0,0.0,False,False,0.008039209390271473,0.8034401582625252,-0.08867495697644967,002202 / 601615 / 603218 / 002487 / 300129
2021-08-26,1071494.3386774256,0.0,风电设备,1.0,0.0,False,False,-0.009768142505924726,0.7858238977957095,-0.09757690986592171,002202 / 601615 / 603218 / 002487 / 300129
2021-08-27,1049474.9896088268,0.0,风电设备,1.0,0.0,False,False,-0.02055013104014891,0.749124982681378,-0.11612182262183313,002202 / 601615 / 603218 / 002487 / 300129
2021-08-30,1086215.6630044202,0.0,煤炭,1.0,2192.3794896328354,False,False,0.035008622177159054,0.8103594383407005,-0.08517846545936492,601088 / 600188 / 601225 / 000723 / 600157
2021-08-31,1141668.8299452837,0.0,煤炭,1.0,0.0,False,False,0.05105170992239483,0.9027813832421394,-0.038475261847236264,601088 / 600188 / 601225 / 000723 / 600157
2021-09-01,1118212.251145488,0.0,煤炭,1.0,0.0,False,False,-0.020545869506588876,0.8636870852424798,-0.05823062364468001,601088 / 600188 / 601225 / 000723 / 600157
2021-09-02,1166086.1104679555,0.0,煤炭,1.0,0.0,False,False,0.04281285531742829,0.9434768507799258,-0.01791078759239495,601088 / 600188 / 601225 / 000723 / 600157
2021-09-03,1143586.7748802607,0.0,煤炭,1.0,0.0,False,False,-0.019294746233334048,0.9059779581337679,-0.03685994972429463,601088 / 600188 / 601225 / 000723 / 600157
2021-09-06,1165657.5375903018,0.0,煤炭,1.0,0.0,False,False,0.019299595968440553,0.942762562650503,-0.018271735892949947,601088 / 600188 / 601225 / 000723 / 600157
2021-09-07,1227056.6999727003,0.0,电网设备,1.0,2462.4958862895064,False,False,0.0526734142768257,1.0450944999545007,0.0,600089 / 000400 / 002028 / 600406 / 000682
2021-09-08,1208099.7733055735,0.0,电网设备,1.0,0.0,False,False,-0.01544910407770772,1.013499622175956,-0.01544910407770772,600089 / 000400 / 002028 / 600406 / 000682
2021-09-09,1191700.6761128546,0.0,电网设备,1.0,0.0,False,False,-0.01357429043120173,0.9861677935214244,-0.02881368388325678,600089 / 000400 / 002028 / 600406 / 000682
2021-09-10,1198643.4025773935,0.0,电网设备,1.0,0.0,False,False,0.0058258978984429,0.9977390042956558,-0.023155651565195834,600089 / 000400 / 002028 / 600406 / 000682
2021-09-13,1209394.5617383677,0.0,建筑装饰,1.0,2511.212169864581,False,False,0.008969439232599408,1.0156576028972792,-0.014393905542201657,601668 / 601390 / 601186 / 601800 / 601669
2021-09-14,1158269.8869610252,0.0,建筑装饰,1.0,0.0,False,False,-0.04227294912245727,0.9304498116017086,-0.05605838182799994,601668 / 601390 / 601186 / 601800 / 601669
2021-09-15,1138700.7142338995,0.0,建筑装饰,1.0,0.0,False,False,-0.016895175250104866,0.8978345237231657,-0.07200644089288344,601668 / 601390 / 601186 / 601800 / 601669
2021-09-16,1124236.6145708566,0.0,建筑装饰,1.0,0.0,False,False,-0.012702283824221672,0.8737276909514275,-0.0837940784677117,601668 / 601390 / 601186 / 601800 / 601669
2021-09-17,1117724.8886707444,0.0,建筑装饰,1.0,0.0,False,False,-0.005792131136555967,0.8628748144512406,-0.08910086331331579,601668 / 601390 / 601186 / 601800 / 601669
2021-09-22,1160109.6440708928,0.0,建筑装饰,1.0,0.0,False,False,0.03792056151720358,0.933516073451488,-0.05455905656462079,601668 / 601390 / 601186 / 601800 / 601669
2021-09-23,1117414.9479356362,0.0,风电设备,1.0,2464.370399607497,False,False,-0.0368022939499395,0.8623582465593935,-0.08935345207723777,002202 / 601615 / 603218 / 002487 / 300129
2021-09-24,1100729.3719721604,0.0,风电设备,1.0,0.0,False,False,-0.014932300659035835,0.8345489532869341,-0.10295150012493348,002202 / 601615 / 603218 / 002487 / 300129
2021-09-27,1063956.8099527943,0.0,风电设备,1.0,0.0,False,False,-0.03340745051027505,0.7732613499213239,-0.13291960348982623,002202 / 601615 / 603218 / 002487 / 300129
2021-09-28,1105427.727900719,0.0,风电设备,1.0,0.0,False,False,0.03897800884395353,0.8423795465011985,-0.0991225361262339,002202 / 601615 / 603218 / 002487 / 300129
2021-09-29,1071201.8945959378,0.0,风电设备,1.0,0.0,False,False,-0.03096162005070957,0.7853364909932297,-0.12701516187494022,002202 / 601615 / 603218 / 002487 / 300129
2021-09-30,1103249.3302611099,0.0,风电设备,1.0,0.0,False,False,0.029917269402571778,0.8387488837685164,-0.10089783928839224,002202 / 601615 / 603218 / 002487 / 300129
2021-10-08,1044221.9169573245,0.0,风电设备,1.0,0.0,False,False,-0.0535032396437668,0.7403698615955407,-0.14900271765717388,002202 / 601615 / 603218 / 002487 / 300129
2021-10-11,1045645.5196578151,0.0,风电设备,1.0,0.0,False,False,0.001363314327512688,0.7427425327630253,-0.14784254086948168,002202 / 601615 / 603218 / 002487 / 300129
2021-10-12,1062695.6278304372,0.0,风电设备,1.0,0.0,False,False,0.016305820521472336,0.7711593797173952,-0.13394741428486545,002202 / 601615 / 603218 / 002487 / 300129
2021-10-13,1064298.7739785458,0.0,风电设备,1.0,0.0,False,False,0.001508565675932605,0.773831289964243,-0.13264091708050296,002202 / 601615 / 603218 / 002487 / 300129
2021-10-14,1101343.876950029,0.0,风电设备,1.0,0.0,False,False,0.03480705218986757,0.8355731282500485,-0.1024507042139684,002202 / 601615 / 603218 / 002487 / 300129
2021-10-15,1067645.0630510224,0.0,风电设备,1.0,0.0,False,False,-0.03059790371044635,0.7794084384183706,-0.12991383114180832,002202 / 601615 / 603218 / 002487 / 300129
2021-10-18,1089054.450486365,1089054.450486365,现金,0.0,1417.6136834207214,False,False,0.02005290725942266,0.8150907508106084,-0.11246607388998864,
2021-10-19,1089054.450486365,1089054.450486365,现金,0.0,0.0,False,False,0.0,0.8150907508106084,-0.11246607388998864,
2021-10-20,1089054.450486365,1089054.450486365,现金,0.0,0.0,False,False,0.0,0.8150907508106084,-0.11246607388998864,
2021-10-21,1089054.450486365,1089054.450486365,现金,0.0,0.0,False,False,0.0,0.8150907508106084,-0.11246607388998864,
2021-10-22,1089054.450486365,1089054.450486365,现金,0.0,0.0,False,False,0.0,0.8150907508106084,-0.11246607388998864,
2021-10-25,1089054.450486365,1089054.450486365,现金,0.0,0.0,False,False,0.0,0.8150907508106084,-0.11246607388998864,
2021-10-26,1089054.450486365,1089054.450486365,现金,0.0,0.0,False,False,0.0,0.8150907508106084,-0.11246607388998864,
2021-10-27,1102746.3304222273,0.0,汽车零部件,1.0,870.5471226909394,False,False,0.012572263884278234,0.8379105507037121,-0.10130776316468404,601689 / 002920 / 603596 / 002472 / 002906
2021-10-28,1104313.1331062547,0.0,汽车零部件,1.0,0.0,False,False,0.0014208187692881236,0.8405218885104246,-0.10003088436677487,601689 / 002920 / 603596 / 002472 / 002906
2021-10-29,1138300.0950159833,0.0,汽车零部件,1.0,0.0,False,False,0.03077656227281178,0.8971668250266389,-0.0723329288358816,601689 / 002920 / 603596 / 002472 / 002906
2021-11-01,1149248.2754922006,0.0,汽车零部件,1.0,0.0,False,False,0.009618008927657629,0.9154137924870009,-0.06341061866353104,601689 / 002920 / 603596 / 002472 / 002906
2021-11-02,1157118.67056974,0.0,汽车零部件,1.0,0.0,False,False,0.0068482983576099166,0.9285311176162334,-0.05699657514156953,601689 / 002920 / 603596 / 002472 / 002906
2021-11-03,1140679.963719333,0.0,汽车零部件,1.0,0.0,False,False,-0.01420658681646969,0.901133272865555,-0.07039343516504903,601689 / 002920 / 603596 / 002472 / 002906
2021-11-04,1164585.5379023333,0.0,汽车零部件,1.0,0.0,False,False,0.020957301735232692,0.9409758965038888,-0.050911389890749836,601689 / 002920 / 603596 / 002472 / 002906
2021-11-05,1164653.5638094167,0.0,汽车零部件,1.0,0.0,False,False,5.8412117332373725e-05,0.9410892730156946,-0.050855951615497386,601689 / 002920 / 603596 / 002472 / 002906
2021-11-08,1190387.4873735479,0.0,汽车零部件,1.0,0.0,False,False,0.02209577539947505,0.9839791456225797,-0.02988387790064495,601689 / 002920 / 603596 / 002472 / 002906
2021-11-09,1148567.7283357512,0.0,风电设备,1.0,2484.1476131706727,False,False,-0.03513121523989393,0.9142795472262519,-0.06396523619380856,002202 / 601615 / 603218 / 002487 / 300129
2021-11-10,1132918.1801536093,0.0,风电设备,1.0,0.0,False,False,-0.013625272411943667,0.8881969669226821,-0.07671896483771734,002202 / 601615 / 603218 / 002487 / 300129
2021-11-11,1100845.486844607,0.0,风电设备,1.0,0.0,False,False,-0.02830980548361728,0.8347424780743449,-0.10285687134987431,002202 / 601615 / 603218 / 002487 / 300129
2021-11-12,1109149.464095356,0.0,风电设备,1.0,0.0,False,False,0.007543272284788127,0.8485824401589266,-0.09608947645203969,002202 / 601615 / 603218 / 002487 / 300129
2021-11-15,1059779.123995357,0.0,风电设备,1.0,0.0,False,False,-0.04451189104641218,0.7662985399922615,-0.13632424319191194,002202 / 601615 / 603218 / 002487 / 300129
2021-11-16,1082575.9933670824,0.0,风电设备,1.0,0.0,False,False,0.021510962855902926,0.8042933222784707,-0.1177457460676693,002202 / 601615 / 603218 / 002487 / 300129
2021-11-17,1084579.5592393137,1084579.5592393137,现金,0.0,1411.7887523892136,False,False,0.0018507392409465862,0.8076325987321895,-0.1161129234994247,
2021-11-18,1084579.5592393137,1084579.5592393137,现金,0.0,0.0,False,False,0.0,0.8076325987321895,-0.1161129234994247,
2021-11-19,1084579.5592393137,1084579.5592393137,现金,0.0,0.0,False,False,0.0,0.8076325987321895,-0.1161129234994247,
2021-11-22,1084579.5592393137,1084579.5592393137,现金,0.0,0.0,False,False,0.0,0.8076325987321895,-0.1161129234994247,
2021-11-23,1078184.2353278825,0.0,光纤概念,1.0,866.9700713343835,False,False,-0.00589659269986309,0.7969737255464708,-0.12132484558222123,600487 / 000070 / 002281 / 600522 / 002491
2021-11-24,1075663.2323051929,0.0,光纤概念,1.0,0.0,False,False,-0.0023381931770899422,0.792772053841988,-0.12337935783315934,600487 / 000070 / 002281 / 600522 / 002491
2021-11-25,1066782.1430289848,0.0,光纤概念,1.0,0.0,False,False,-0.008256384535125894,0.7779702383816414,-0.1306170749463178,600487 / 000070 / 002281 / 600522 / 002491
2021-11-26,1059008.8900090458,0.0,光纤概念,1.0,0.0,False,False,-0.007286635861627588,0.765014816681743,-0.13695195174550068,600487 / 000070 / 002281 / 600522 / 002491
2021-11-29,1058839.2531028164,0.0,光纤概念,1.0,0.0,False,False,-0.00016018459130029417,0.764732088504694,-0.13709019874438277,600487 / 000070 / 002281 / 600522 / 002491
2021-11-30,1082965.4830013253,0.0,光纤概念,1.0,0.0,False,False,0.022785545424208076,0.8049424716688756,-0.11742832827087846,600487 / 000070 / 002281 / 600522 / 002491
2021-12-01,1101775.2342692744,0.0,光纤概念,1.0,0.0,False,False,0.017368744953735638,0.8362920571154573,-0.10209916600122326,600487 / 000070 / 002281 / 600522 / 002491
2021-12-02,1089522.208828438,0.0,光纤概念,1.0,0.0,False,False,-0.011121166150519612,0.8158703480473968,-0.11208487036281378,600487 / 000070 / 002281 / 600522 / 002491
2021-12-03,1069233.288058836,0.0,稀土永磁,1.0,2280.9823563847885,False,False,-0.018621851491599006,0.7820554800980599,-0.12861949404406137,600111 / 000831 / 002600 / 300224 / 688077
2021-12-06,1036175.7837095468,0.0,稀土永磁,1.0,0.0,False,False,-0.030917017566207905,0.7269596395159112,-0.15555998045355224,600111 / 000831 / 002600 / 300224 / 688077
2021-12-07,1022165.7146346478,0.0,稀土永磁,1.0,0.0,False,False,-0.013520938527189275,0.7036095243910796,-0.16697760204773826,600111 / 000831 / 002600 / 300224 / 688077
2021-12-08,1029113.2107326116,0.0,稀土永磁,1.0,0.0,False,False,0.006796839297674051,0.7151886845543527,-0.16131568267749374,600111 / 000831 / 002600 / 300224 / 688077
2021-12-09,1024880.0041604878,0.0,稀土永磁,1.0,0.0,False,False,-0.004113450811801589,0.7081333402674796,-0.16476556936342923,600111 / 000831 / 002600 / 300224 / 688077
2021-12-10,1024484.5356515932,0.0,稀土永磁,1.0,0.0,False,False,-0.00038586810874363664,0.7074742260859888,-0.16508785969353656,600111 / 000831 / 002600 / 300224 / 688077
2021-12-13,1025260.7314357136,0.0,稀土永磁,1.0,0.0,False,False,0.0007576451933719586,0.7087678857261894,-0.1644552925235454,600111 / 000831 / 002600 / 300224 / 688077
2021-12-14,997406.1953175622,0.0,稀土永磁,1.0,0.0,False,False,-0.02716824634368431,0.6623436588626037,-0.18715557696742735,600111 / 000831 / 002600 / 300224 / 688077
2021-12-15,1005707.7678180818,0.0,稀土永磁,1.0,0.0,False,False,0.00832316115489573,0.6761796130301363,-0.18039014184066893,600111 / 000831 / 002600 / 300224 / 688077
2021-12-16,1004394.7016904829,0.0,稀土永磁,1.0,0.0,False,False,-0.00130561398610618,0.6739911694841383,-0.18146023593463223,600111 / 000831 / 002600 / 300224 / 688077
2021-12-17,994765.3259399829,994765.3259399829,现金,0.0,1294.878265467085,False,False,-0.009587242678891994,0.6579422098999714,-0.18930777529504994,
2021-12-20,994765.3259399829,994765.3259399829,现金,0.0,0.0,False,False,0.0,0.6579422098999714,-0.18930777529504994,
2021-12-21,994765.3259399829,994765.3259399829,现金,0.0,0.0,False,False,0.0,0.6579422098999714,-0.18930777529504994,
2021-12-22,994765.3259399829,994765.3259399829,现金,0.0,0.0,False,False,0.0,0.6579422098999714,-0.18930777529504994,
2021-12-23,994765.3259399829,994765.3259399829,现金,0.0,0.0,False,False,0.0,0.6579422098999714,-0.18930777529504994,
2021-12-24,994765.3259399829,994765.3259399829,现金,0.0,0.0,False,False,0.0,0.6579422098999714,-0.18930777529504994,
2021-12-27,994765.3259399829,994765.3259399829,现金,0.0,0.0,False,False,0.0,0.6579422098999714,-0.18930777529504994,
2021-12-28,994765.3259399829,994765.3259399829,现金,0.0,0.0,False,False,0.0,0.6579422098999714,-0.18930777529504994,
2021-12-29,996964.127285839,0.0,轻工制造,1.0,795.1761198561015,False,False,0.0022103719224213503,0.6616068788097316,-0.1875158439638368,002078 / 603816 / 002572 / 603833 / 002511
2021-12-30,994866.9870225668,0.0,轻工制造,1.0,0.0,False,False,-0.0021035263013740035,0.6581116450376114,-0.18922492575550853,002078 / 603816 / 002572 / 603833 / 002511
2021-12-31,1001834.2853841456,0.0,轻工制造,1.0,0.0,False,False,0.00700324611476999,0.669723808973576,-0.1835468683668534,002078 / 603816 / 002572 / 603833 / 002511
2022-01-04,1001063.8785867877,0.0,轻工制造,1.0,0.0,False,False,-0.0007689962387965599,0.6684397976446461,-0.184174717754233,002078 / 603816 / 002572 / 603833 / 002511
2022-01-05,1006351.4442986714,0.0,轻工制造,1.0,0.0,False,False,0.005281946362252432,0.6772524071644523,-0.17986557237244138,002078 / 603816 / 002572 / 603833 / 002511
2022-01-06,978207.0017193601,0.0,传媒,1.0,2096.067392307012,False,False,-0.02796681292480807,0.6303450028656001,-0.20280211848309593,300413 / 002027 / 300251 / 300133 / 002555
2022-01-07,973606.2577919345,0.0,传媒,1.0,0.0,False,False,-0.004703241664943181,0.6226770963198909,-0.20655153277465055,300413 / 002027 / 300251 / 300133 / 002555
2022-01-10,965426.2254679389,0.0,传媒,1.0,0.0,False,False,-0.008401786922104693,0.6090437091132315,-0.21321791772994858,300413 / 002027 / 300251 / 300133 / 002555
2022-01-11,931696.4689268889,0.0,传媒,1.0,0.0,False,False,-0.03493768415572229,0.5528274482114814,-0.24070626161968123,300413 / 002027 / 300251 / 300133 / 002555
2022-01-12,927980.4638434554,927980.4638434554,现金,0.0,1207.9449314073215,False,False,-0.003988428857859105,0.5466341064057589,-0.24373465067742894,
2022-01-13,927980.4638434554,927980.4638434554,现金,0.0,0.0,False,False,0.0,0.5466341064057589,-0.24373465067742894,
2022-01-14,927980.4638434554,927980.4638434554,现金,0.0,0.0,False,False,0.0,0.5466341064057589,-0.24373465067742894,
2022-01-17,927980.4638434554,927980.4638434554,现金,0.0,0.0,False,False,0.0,0.5466341064057589,-0.24373465067742894,
2022-01-18,927980.4638434554,927980.4638434554,现金,0.0,0.0,False,False,0.0,0.5466341064057589,-0.24373465067742894,
2022-01-19,927980.4638434554,927980.4638434554,现金,0.0,0.0,False,False,0.0,0.5466341064057589,-0.24373465067742894,
2022-01-20,927980.4638434554,927980.4638434554,现金,0.0,0.0,False,False,0.0,0.5466341064057589,-0.24373465067742894,
2022-01-21,927980.4638434554,927980.4638434554,现金,0.0,0.0,False,False,0.0,0.5466341064057589,-0.24373465067742894,
2022-01-24,927980.4638434554,927980.4638434554,现金,0.0,0.0,False,False,0.0,0.5466341064057589,-0.24373465067742894,
2022-01-25,927980.4638434554,927980.4638434554,现金,0.0,0.0,False,False,0.0,0.5466341064057589,-0.24373465067742894,
2022-01-26,927980.4638434554,927980.4638434554,现金,0.0,0.0,False,False,0.0,0.5466341064057589,-0.24373465067742894,
2022-01-27,927980.4638434554,927980.4638434554,现金,0.0,0.0,False,False,0.0,0.5466341064057589,-0.24373465067742894,
2022-01-28,927980.4638434554,927980.4638434554,现金,0.0,0.0,False,False,0.0,0.5466341064057589,-0.24373465067742894,
2022-02-07,927980.4638434554,927980.4638434554,现金,0.0,0.0,False,False,0.0,0.5466341064057589,-0.24373465067742894,
2022-02-08,927980.4638434554,927980.4638434554,现金,0.0,0.0,False,False,0.0,0.5466341064057589,-0.24373465067742894,
2022-02-09,927980.4638434554,927980.4638434554,现金,0.0,0.0,False,False,0.0,0.5466341064057589,-0.24373465067742894,
2022-02-10,927980.4638434554,927980.4638434554,现金,0.0,0.0,False,False,0.0,0.5466341064057589,-0.24373465067742894,
2022-02-11,927980.4638434554,927980.4638434554,现金,0.0,0.0,False,False,0.0,0.5466341064057589,-0.24373465067742894,
2022-02-14,927980.4638434554,927980.4638434554,现金,0.0,0.0,False,False,0.0,0.5466341064057589,-0.24373465067742894,
2022-02-15,927980.4638434554,927980.4638434554,现金,0.0,0.0,False,False,0.0,0.5466341064057589,-0.24373465067742894,
2022-02-16,927980.4638434554,927980.4638434554,现金,0.0,0.0,False,False,0.0,0.5466341064057589,-0.24373465067742894,
2022-02-17,927980.4638434554,927980.4638434554,现金,0.0,0.0,False,False,0.0,0.5466341064057589,-0.24373465067742894,
2022-02-18,927980.4638434554,927980.4638434554,现金,0.0,0.0,False,False,0.0,0.5466341064057589,-0.24373465067742894,
2022-02-21,927980.4638434554,927980.4638434554,现金,0.0,0.0,False,False,0.0,0.5466341064057589,-0.24373465067742894,
2022-02-22,927980.4638434554,927980.4638434554,现金,0.0,0.0,False,False,0.0,0.5466341064057589,-0.24373465067742894,
2022-02-23,927980.4638434554,927980.4638434554,现金,0.0,0.0,False,False,0.0,0.5466341064057589,-0.24373465067742894,
2022-02-24,883352.0354416489,0.0,液冷,1.0,741.7909383241051,False,False,-0.048091991308703896,0.4722533924027481,-0.280104957284124,002837 / 300499 / 301018 / 300249 / 600510
2022-02-25,895370.3732595847,0.0,液冷,1.0,0.0,False,False,0.013605377398521412,0.49228395543264103,-0.27031051354064983,002837 / 300499 / 301018 / 300249 / 600510
2022-02-28,877158.2313532035,0.0,液冷,1.0,0.0,False,False,-0.020340344566104007,0.4619303855886725,-0.2851526491214965,002837 / 300499 / 301018 / 300249 / 600510
2022-03-01,874132.417540055,0.0,液冷,1.0,0.0,False,False,-0.00344956440582056,0.45688736256675844,-0.2876185610986821,002837 / 300499 / 301018 / 300249 / 600510
2022-03-02,898485.2952995261,0.0,液冷,1.0,0.0,False,False,0.02785948361005053,0.49747549216587683,-0.2677719820775065,002837 / 300499 / 301018 / 300249 / 600510
2022-03-03,889407.2620068155,0.0,液冷,1.0,0.0,False,False,-0.010103708252325094,0.48234543667802576,-0.2751702003447737,002837 / 300499 / 301018 / 300249 / 600510
2022-03-04,865695.8171791467,0.0,液冷,1.0,0.0,False,False,-0.026659828225561677,0.4428263619652444,-0.29449403829635035,002837 / 300499 / 301018 / 300249 / 600510
2022-03-07,844428.9803715572,844428.9803715572,现金,0.0,1099.1866170852352,False,False,-0.02456617715548992,0.4073816339525953,-0.3118256227358165,
2022-03-08,844428.9803715572,844428.9803715572,现金,0.0,0.0,False,False,0.0,0.4073816339525953,-0.3118256227358165,
2022-03-09,844428.9803715572,844428.9803715572,现金,0.0,0.0,False,False,0.0,0.4073816339525953,-0.3118256227358165,
2022-03-10,844428.9803715572,844428.9803715572,现金,0.0,0.0,False,False,0.0,0.4073816339525953,-0.3118256227358165,
2022-03-11,844428.9803715572,844428.9803715572,现金,0.0,0.0,False,False,0.0,0.4073816339525953,-0.3118256227358165,
2022-03-14,844428.9803715572,844428.9803715572,现金,0.0,0.0,False,False,0.0,0.4073816339525953,-0.3118256227358165,
2022-03-15,844428.9803715572,844428.9803715572,现金,0.0,0.0,False,False,0.0,0.4073816339525953,-0.3118256227358165,
2022-03-16,844428.9803715572,844428.9803715572,现金,0.0,0.0,False,False,0.0,0.4073816339525953,-0.3118256227358165,
2022-03-17,844428.9803715572,844428.9803715572,现金,0.0,0.0,False,False,0.0,0.4073816339525953,-0.3118256227358165,
2022-03-18,844428.9803715572,844428.9803715572,现金,0.0,0.0,False,False,0.0,0.4073816339525953,-0.3118256227358165,
2022-03-21,844428.9803715572,844428.9803715572,现金,0.0,0.0,False,False,0.0,0.4073816339525953,-0.3118256227358165,
2022-03-22,844428.9803715572,844428.9803715572,现金,0.0,0.0,False,False,0.0,0.4073816339525953,-0.3118256227358165,
2022-03-23,844428.9803715572,844428.9803715572,现金,0.0,0.0,False,False,0.0,0.4073816339525953,-0.3118256227358165,
2022-03-24,844428.9803715572,844428.9803715572,现金,0.0,0.0,False,False,0.0,0.4073816339525953,-0.3118256227358165,
2022-03-25,844428.9803715572,844428.9803715572,现金,0.0,0.0,False,False,0.0,0.4073816339525953,-0.3118256227358165,
2022-03-28,844428.9803715572,844428.9803715572,现金,0.0,0.0,False,False,0.0,0.4073816339525953,-0.3118256227358165,
2022-03-29,844428.9803715572,844428.9803715572,现金,0.0,0.0,False,False,0.0,0.4073816339525953,-0.3118256227358165,
2022-03-30,844428.9803715572,844428.9803715572,现金,0.0,0.0,False,False,0.0,0.4073816339525953,-0.3118256227358165,
2022-03-31,844428.9803715572,844428.9803715572,现金,0.0,0.0,False,False,0.0,0.4073816339525953,-0.3118256227358165,
2022-04-01,844428.9803715572,844428.9803715572,现金,0.0,0.0,False,False,0.0,0.4073816339525953,-0.3118256227358165,
2022-04-06,844428.9803715572,844428.9803715572,现金,0.0,0.0,False,False,0.0,0.4073816339525953,-0.3118256227358165,
2022-04-07,844428.9803715572,844428.9803715572,现金,0.0,0.0,False,False,0.0,0.4073816339525953,-0.3118256227358165,
2022-04-08,844428.9803715572,844428.9803715572,现金,0.0,0.0,False,False,0.0,0.4073816339525953,-0.3118256227358165,
2022-04-11,844428.9803715572,844428.9803715572,现金,0.0,0.0,False,False,0.0,0.4073816339525953,-0.3118256227358165,
2022-04-12,844428.9803715572,844428.9803715572,现金,0.0,0.0,False,False,0.0,0.4073816339525953,-0.3118256227358165,
2022-04-13,844428.9803715572,844428.9803715572,现金,0.0,0.0,False,False,0.0,0.4073816339525953,-0.3118256227358165,
2022-04-14,844428.9803715572,844428.9803715572,现金,0.0,0.0,False,False,0.0,0.4073816339525953,-0.3118256227358165,
2022-04-15,844428.9803715572,844428.9803715572,现金,0.0,0.0,False,False,0.0,0.4073816339525953,-0.3118256227358165,
2022-04-18,844428.9803715572,844428.9803715572,现金,0.0,0.0,False,False,0.0,0.4073816339525953,-0.3118256227358165,
2022-04-19,844428.9803715572,844428.9803715572,现金,0.0,0.0,False,False,0.0,0.4073816339525953,-0.3118256227358165,
2022-04-20,844428.9803715572,844428.9803715572,现金,0.0,0.0,False,False,0.0,0.4073816339525953,-0.3118256227358165,
2022-04-21,844428.9803715572,844428.9803715572,现金,0.0,0.0,False,False,0.0,0.4073816339525953,-0.3118256227358165,
2022-04-22,844428.9803715572,844428.9803715572,现金,0.0,0.0,False,False,0.0,0.4073816339525953,-0.3118256227358165,
2022-04-25,844428.9803715572,844428.9803715572,现金,0.0,0.0,False,False,0.0,0.4073816339525953,-0.3118256227358165,
2022-04-26,844428.9803715572,844428.9803715572,现金,0.0,0.0,False,False,0.0,0.4073816339525953,-0.3118256227358165,
2022-04-27,844428.9803715572,844428.9803715572,现金,0.0,0.0,False,False,0.0,0.4073816339525953,-0.3118256227358165,
2022-04-28,844428.9803715572,844428.9803715572,现金,0.0,0.0,False,False,0.0,0.4073816339525953,-0.3118256227358165,
2022-04-29,844428.9803715572,844428.9803715572,现金,0.0,0.0,False,False,0.0,0.4073816339525953,-0.3118256227358165,
2022-05-05,844428.9803715572,844428.9803715572,现金,0.0,0.0,False,False,0.0,0.4073816339525953,-0.3118256227358165,
2022-05-06,844428.9803715572,844428.9803715572,现金,0.0,0.0,False,False,0.0,0.4073816339525953,-0.3118256227358165,
2022-05-09,844428.9803715572,844428.9803715572,现金,0.0,0.0,False,False,0.0,0.4073816339525953,-0.3118256227358165,
2022-05-10,844428.9803715572,844428.9803715572,现金,0.0,0.0,False,False,0.0,0.4073816339525953,-0.3118256227358165,
2022-05-11,844428.9803715572,844428.9803715572,现金,0.0,0.0,False,False,0.0,0.4073816339525953,-0.3118256227358165,
2022-05-12,844428.9803715572,844428.9803715572,现金,0.0,0.0,False,False,0.0,0.4073816339525953,-0.3118256227358165,
2022-05-13,844428.9803715572,844428.9803715572,现金,0.0,0.0,False,False,0.0,0.4073816339525953,-0.3118256227358165,
2022-05-16,822283.7878622985,0.0,汽车零部件,1.0,675.0031817518443,False,False,-0.026225050328702038,0.37047297977049753,-0.3298730304144928,601689 / 002920 / 603596 / 002472 / 002906
2022-05-17,841167.6382228835,0.0,汽车零部件,1.0,0.0,False,False,0.02296512547046259,0.4019460637048058,-0.31448348047682084,601689 / 002920 / 603596 / 002472 / 002906
2022-05-18,831630.5463980583,0.0,汽车零部件,1.0,0.0,False,False,-0.011337920518404543,0.38605091066343045,-0.32225581228922795,601689 / 002920 / 603596 / 002472 / 002906
2022-05-19,841040.8374880207,0.0,汽车零部件,1.0,0.0,False,False,0.01131547071078609,0.40173472914670105,-0.31458681778378117,601689 / 002920 / 603596 / 002472 / 002906
2022-05-20,833870.9585484267,0.0,汽车零部件,1.0,0.0,False,False,-0.008525006896227039,0.38978493091404465,-0.32042996988893935,601689 / 002920 / 603596 / 002472 / 002906
2022-05-23,849772.5794437969,0.0,汽车零部件,1.0,0.0,False,False,0.019069642289798905,0.41628763240632805,-0.30747081250385355,601689 / 002920 / 603596 / 002472 / 002906
2022-05-24,823270.7026317,0.0,汽车零部件,1.0,0.0,False,False,-0.03118702280255181,0.3721178377195,-0.3290687360657285,601689 / 002920 / 603596 / 002472 / 002906
2022-05-25,826435.8331527086,826435.8331527086,现金,0.0,1075.7650776995306,False,False,0.0038445805382005815,0.3773930552545144,-0.32648928678593647,
2022-05-26,826435.8331527086,826435.8331527086,现金,0.0,0.0,False,False,0.0,0.3773930552545144,-0.32648928678593647,
2022-05-27,826435.8331527086,826435.8331527086,现金,0.0,0.0,False,False,0.0,0.3773930552545144,-0.32648928678593647,
2022-05-30,826435.8331527086,826435.8331527086,现金,0.0,0.0,False,False,0.0,0.3773930552545144,-0.32648928678593647,
2022-05-31,826435.8331527086,826435.8331527086,现金,0.0,0.0,False,False,0.0,0.3773930552545144,-0.32648928678593647,
2022-06-01,826435.8331527086,826435.8331527086,现金,0.0,0.0,False,False,0.0,0.3773930552545144,-0.32648928678593647,
2022-06-02,826435.8331527086,826435.8331527086,现金,0.0,0.0,False,False,0.0,0.3773930552545144,-0.32648928678593647,
2022-06-06,826435.8331527086,826435.8331527086,现金,0.0,0.0,False,False,0.0,0.3773930552545144,-0.32648928678593647,
2022-06-07,826435.8331527086,826435.8331527086,现金,0.0,0.0,False,False,0.0,0.3773930552545144,-0.32648928678593647,
2022-06-08,826435.8331527086,826435.8331527086,现金,0.0,0.0,False,False,0.0,0.3773930552545144,-0.32648928678593647,
2022-06-09,826435.8331527086,826435.8331527086,现金,0.0,0.0,False,False,0.0,0.3773930552545144,-0.32648928678593647,
2022-06-10,826435.8331527086,826435.8331527086,现金,0.0,0.0,False,False,0.0,0.3773930552545144,-0.32648928678593647,
2022-06-13,826435.8331527086,826435.8331527086,现金,0.0,0.0,False,False,0.0,0.3773930552545144,-0.32648928678593647,
2022-06-14,826435.8331527086,826435.8331527086,现金,0.0,0.0,False,False,0.0,0.3773930552545144,-0.32648928678593647,
2022-06-15,826435.8331527086,826435.8331527086,现金,0.0,0.0,False,False,0.0,0.3773930552545144,-0.32648928678593647,
2022-06-16,826435.8331527086,826435.8331527086,现金,0.0,0.0,False,False,0.0,0.3773930552545144,-0.32648928678593647,
2022-06-17,826435.8331527086,826435.8331527086,现金,0.0,0.0,False,False,0.0,0.3773930552545144,-0.32648928678593647,
2022-06-20,826435.8331527086,826435.8331527086,现金,0.0,0.0,False,False,0.0,0.3773930552545144,-0.32648928678593647,
2022-06-21,826435.8331527086,826435.8331527086,现金,0.0,0.0,False,False,0.0,0.3773930552545144,-0.32648928678593647,
2022-06-22,826435.8331527086,826435.8331527086,现金,0.0,0.0,False,False,0.0,0.3773930552545144,-0.32648928678593647,
2022-06-23,826435.8331527086,826435.8331527086,现金,0.0,0.0,False,False,0.0,0.3773930552545144,-0.32648928678593647,
2022-06-24,826435.8331527086,826435.8331527086,现金,0.0,0.0,False,False,0.0,0.3773930552545144,-0.32648928678593647,
2022-06-27,826435.8331527086,826435.8331527086,现金,0.0,0.0,False,False,0.0,0.3773930552545144,-0.32648928678593647,
2022-06-28,826435.8331527086,826435.8331527086,现金,0.0,0.0,False,False,0.0,0.3773930552545144,-0.32648928678593647,
2022-06-29,826435.8331527086,826435.8331527086,现金,0.0,0.0,False,False,0.0,0.3773930552545144,-0.32648928678593647,
2022-06-30,826435.8331527086,826435.8331527086,现金,0.0,0.0,False,False,0.0,0.3773930552545144,-0.32648928678593647,
2022-07-01,826435.8331527086,826435.8331527086,现金,0.0,0.0,False,False,0.0,0.3773930552545144,-0.32648928678593647,
2022-07-04,826435.8331527086,826435.8331527086,现金,0.0,0.0,False,False,0.0,0.3773930552545144,-0.32648928678593647,
2022-07-05,826435.8331527086,826435.8331527086,现金,0.0,0.0,False,False,0.0,0.3773930552545144,-0.32648928678593647,
2022-07-06,826435.8331527086,826435.8331527086,现金,0.0,0.0,False,False,0.0,0.3773930552545144,-0.32648928678593647,
2022-07-07,845495.4476065229,0.0,风电设备,1.0,660.6201703858583,False,False,0.023062425041645795,0.4091590793442048,-0.31095649644769174,002202 / 601615 / 603218 / 002487 / 300129
2022-07-08,812074.0184375437,0.0,风电设备,1.0,0.0,False,False,-0.03952881031304256,0.3534566973959061,-0.33819356639704523,002202 / 601615 / 603218 / 002487 / 300129
2022-07-11,806933.5541997637,806933.5541997637,现金,0.0,1050.379113306992,False,False,-0.00633004396282788,0.34488925699960604,-0.3423828302166343,
2022-07-12,806933.5541997637,806933.5541997637,现金,0.0,0.0,False,False,0.0,0.34488925699960604,-0.3423828302166343,
2022-07-13,806933.5541997637,806933.5541997637,现金,0.0,0.0,False,False,0.0,0.34488925699960604,-0.3423828302166343,
2022-07-14,806933.5541997637,806933.5541997637,现金,0.0,0.0,False,False,0.0,0.34488925699960604,-0.3423828302166343,
2022-07-15,806933.5541997637,806933.5541997637,现金,0.0,0.0,False,False,0.0,0.34488925699960604,-0.3423828302166343,
2022-07-18,806933.5541997637,806933.5541997637,现金,0.0,0.0,False,False,0.0,0.34488925699960604,-0.3423828302166343,
2022-07-19,806933.5541997637,806933.5541997637,现金,0.0,0.0,False,False,0.0,0.34488925699960604,-0.3423828302166343,
2022-07-20,806933.5541997637,806933.5541997637,现金,0.0,0.0,False,False,0.0,0.34488925699960604,-0.3423828302166343,
2022-07-21,806933.5541997637,806933.5541997637,现金,0.0,0.0,False,False,0.0,0.34488925699960604,-0.3423828302166343,
2022-07-22,806933.5541997637,806933.5541997637,现金,0.0,0.0,False,False,0.0,0.34488925699960604,-0.3423828302166343,
2022-07-25,806933.5541997637,806933.5541997637,现金,0.0,0.0,False,False,0.0,0.34488925699960604,-0.3423828302166343,
2022-07-26,806933.5541997637,806933.5541997637,现金,0.0,0.0,False,False,0.0,0.34488925699960604,-0.3423828302166343,
2022-07-27,806933.5541997637,806933.5541997637,现金,0.0,0.0,False,False,0.0,0.34488925699960604,-0.3423828302166343,
2022-07-28,806933.5541997637,806933.5541997637,现金,0.0,0.0,False,False,0.0,0.34488925699960604,-0.3423828302166343,
2022-07-29,806933.5541997637,806933.5541997637,现金,0.0,0.0,False,False,0.0,0.34488925699960604,-0.3423828302166343,
2022-08-01,806933.5541997637,806933.5541997637,现金,0.0,0.0,False,False,0.0,0.34488925699960604,-0.3423828302166343,
2022-08-02,806933.5541997637,806933.5541997637,现金,0.0,0.0,False,False,0.0,0.34488925699960604,-0.3423828302166343,
2022-08-03,806933.5541997637,806933.5541997637,现金,0.0,0.0,False,False,0.0,0.34488925699960604,-0.3423828302166343,
2022-08-04,806933.5541997637,806933.5541997637,现金,0.0,0.0,False,False,0.0,0.34488925699960604,-0.3423828302166343,
2022-08-05,806933.5541997637,806933.5541997637,现金,0.0,0.0,False,False,0.0,0.34488925699960604,-0.3423828302166343,
2022-08-08,806933.5541997637,806933.5541997637,现金,0.0,0.0,False,False,0.0,0.34488925699960604,-0.3423828302166343,
2022-08-09,806933.5541997637,806933.5541997637,现金,0.0,0.0,False,False,0.0,0.34488925699960604,-0.3423828302166343,
2022-08-10,806933.5541997637,806933.5541997637,现金,0.0,0.0,False,False,0.0,0.34488925699960604,-0.3423828302166343,
2022-08-11,806933.5541997637,806933.5541997637,现金,0.0,0.0,False,False,0.0,0.34488925699960604,-0.3423828302166343,
2022-08-12,806933.5541997637,806933.5541997637,现金,0.0,0.0,False,False,0.0,0.34488925699960604,-0.3423828302166343,
2022-08-15,806933.5541997637,806933.5541997637,现金,0.0,0.0,False,False,0.0,0.34488925699960604,-0.3423828302166343,
2022-08-16,806933.5541997637,806933.5541997637,现金,0.0,0.0,False,False,0.0,0.34488925699960604,-0.3423828302166343,
2022-08-17,808507.3101533478,0.0,半导体设备,1.0,645.0308187048472,False,False,0.001950291873963339,0.347512183588913,-0.34110028479422705,002371 / 688012 / 688072 / 688120 / 688082
2022-08-18,804094.9489336285,804094.9489336285,现金,0.0,1046.6841229735826,False,False,-0.005457416605030296,0.3401582482227141,-0.3446961750410408,
2022-08-19,804094.9489336285,804094.9489336285,现金,0.0,0.0,False,False,0.0,0.3401582482227141,-0.3446961750410408,
2022-08-22,804094.9489336285,804094.9489336285,现金,0.0,0.0,False,False,0.0,0.3401582482227141,-0.3446961750410408,
2022-08-23,804094.9489336285,804094.9489336285,现金,0.0,0.0,False,False,0.0,0.3401582482227141,-0.3446961750410408,
2022-08-24,804094.9489336285,804094.9489336285,现金,0.0,0.0,False,False,0.0,0.3401582482227141,-0.3446961750410408,
2022-08-25,804094.9489336285,804094.9489336285,现金,0.0,0.0,False,False,0.0,0.3401582482227141,-0.3446961750410408,
2022-08-26,804094.9489336285,804094.9489336285,现金,0.0,0.0,False,False,0.0,0.3401582482227141,-0.3446961750410408,
2022-08-29,804094.9489336285,804094.9489336285,现金,0.0,0.0,False,False,0.0,0.3401582482227141,-0.3446961750410408,
2022-08-30,804094.9489336285,804094.9489336285,现金,0.0,0.0,False,False,0.0,0.3401582482227141,-0.3446961750410408,
2022-08-31,804094.9489336285,804094.9489336285,现金,0.0,0.0,False,False,0.0,0.3401582482227141,-0.3446961750410408,
2022-09-01,804094.9489336285,804094.9489336285,现金,0.0,0.0,False,False,0.0,0.3401582482227141,-0.3446961750410408,
2022-09-02,804094.9489336285,804094.9489336285,现金,0.0,0.0,False,False,0.0,0.3401582482227141,-0.3446961750410408,
2022-09-05,804094.9489336285,804094.9489336285,现金,0.0,0.0,False,False,0.0,0.3401582482227141,-0.3446961750410408,
2022-09-06,804094.9489336285,804094.9489336285,现金,0.0,0.0,False,False,0.0,0.3401582482227141,-0.3446961750410408,
2022-09-07,804094.9489336285,804094.9489336285,现金,0.0,0.0,False,False,0.0,0.3401582482227141,-0.3446961750410408,
2022-09-08,804094.9489336285,804094.9489336285,现金,0.0,0.0,False,False,0.0,0.3401582482227141,-0.3446961750410408,
2022-09-09,804094.9489336285,804094.9489336285,现金,0.0,0.0,False,False,0.0,0.3401582482227141,-0.3446961750410408,
2022-09-13,804094.9489336285,804094.9489336285,现金,0.0,0.0,False,False,0.0,0.3401582482227141,-0.3446961750410408,
2022-09-14,804094.9489336285,804094.9489336285,现金,0.0,0.0,False,False,0.0,0.3401582482227141,-0.3446961750410408,
2022-09-15,804094.9489336285,804094.9489336285,现金,0.0,0.0,False,False,0.0,0.3401582482227141,-0.3446961750410408,
2022-09-16,804094.9489336285,804094.9489336285,现金,0.0,0.0,False,False,0.0,0.3401582482227141,-0.3446961750410408,
2022-09-19,804094.9489336285,804094.9489336285,现金,0.0,0.0,False,False,0.0,0.3401582482227141,-0.3446961750410408,
2022-09-20,804094.9489336285,804094.9489336285,现金,0.0,0.0,False,False,0.0,0.3401582482227141,-0.3446961750410408,
2022-09-21,804094.9489336285,804094.9489336285,现金,0.0,0.0,False,False,0.0,0.3401582482227141,-0.3446961750410408,
2022-09-22,804094.9489336285,804094.9489336285,现金,0.0,0.0,False,False,0.0,0.3401582482227141,-0.3446961750410408,
2022-09-23,804094.9489336285,804094.9489336285,现金,0.0,0.0,False,False,0.0,0.3401582482227141,-0.3446961750410408,
2022-09-26,804094.9489336285,804094.9489336285,现金,0.0,0.0,False,False,0.0,0.3401582482227141,-0.3446961750410408,
2022-09-27,804094.9489336285,804094.9489336285,现金,0.0,0.0,False,False,0.0,0.3401582482227141,-0.3446961750410408,
2022-09-28,804094.9489336285,804094.9489336285,现金,0.0,0.0,False,False,0.0,0.3401582482227141,-0.3446961750410408,
2022-09-29,804094.9489336285,804094.9489336285,现金,0.0,0.0,False,False,0.0,0.3401582482227141,-0.3446961750410408,
2022-09-30,804094.9489336285,804094.9489336285,现金,0.0,0.0,False,False,0.0,0.3401582482227141,-0.3446961750410408,
2022-10-10,804094.9489336285,804094.9489336285,现金,0.0,0.0,False,False,0.0,0.3401582482227141,-0.3446961750410408,
2022-10-11,804094.9489336285,804094.9489336285,现金,0.0,0.0,False,False,0.0,0.3401582482227141,-0.3446961750410408,
2022-10-12,804094.9489336285,804094.9489336285,现金,0.0,0.0,False,False,0.0,0.3401582482227141,-0.3446961750410408,
2022-10-13,804094.9489336285,804094.9489336285,现金,0.0,0.0,False,False,0.0,0.3401582482227141,-0.3446961750410408,
2022-10-14,804094.9489336285,804094.9489336285,现金,0.0,0.0,False,False,0.0,0.3401582482227141,-0.3446961750410408,
2022-10-17,804094.9489336285,804094.9489336285,现金,0.0,0.0,False,False,0.0,0.3401582482227141,-0.3446961750410408,
2022-10-18,804094.9489336285,804094.9489336285,现金,0.0,0.0,False,False,0.0,0.3401582482227141,-0.3446961750410408,
2022-10-19,817480.8608222469,0.0,信创,1.0,642.7617497471052,False,False,0.016647178180102307,0.3624681013704114,-0.33378721550484647,600536 / 002368 / 300369 / 002439 / 688111
2022-10-20,836040.7645499519,0.0,信创,1.0,0.0,False,False,0.02270377768726828,0.3934012742499198,-0.3186616685532525,600536 / 002368 / 300369 / 002439 / 688111
2022-10-21,864355.751976412,0.0,信创,1.0,0.0,False,False,0.03386795073527593,0.4405929199606866,-0.295586135509759,600536 / 002368 / 300369 / 002439 / 688111
2022-10-24,889692.2412902582,0.0,信创,1.0,0.0,False,False,0.029312570959252104,0.4828204021504303,-0.2749379541222079,600536 / 002368 / 300369 / 002439 / 688111
2022-10-25,855522.2120516552,0.0,信创,1.0,0.0,False,False,-0.03840657212998588,0.42587035341942525,-0.30278510188592844,600536 / 002368 / 300369 / 002439 / 688111
2022-10-26,911745.8145064419,0.0,信创,1.0,0.0,False,False,0.06571846021385608,0.5195763575107366,-0.25696521234371117,600536 / 002368 / 300369 / 002439 / 688111
2022-10-27,924853.5177678149,0.0,信创,1.0,0.0,False,False,0.014376488548476285,0.5414225296130248,-0.24628298122785108,600536 / 002368 / 300369 / 002439 / 688111
2022-10-28,924827.4909929156,0.0,信创,1.0,0.0,False,False,-2.814151041141688e-05,0.5413791516548594,-0.2463041919631821,600536 / 002368 / 300369 / 002439 / 688111
2022-10-31,986097.9636344803,0.0,信创,1.0,0.0,False,False,0.06625070430787394,0.6434966060574672,-0.1963713138468507,600536 / 002368 / 300369 / 002439 / 688111
2022-11-01,999336.6312210864,0.0,信创,1.0,0.0,False,False,0.01342530668840669,0.665561052035144,-0.18558235227164344,600536 / 002368 / 300369 / 002439 / 688111
2022-11-02,991388.6306279886,0.0,信创,1.0,0.0,False,False,-0.007953276548450017,0.652314384379981,-0.1920596410499652,600536 / 002368 / 300369 / 002439 / 688111
2022-11-03,935580.464993096,0.0,信创,1.0,0.0,False,False,-0.05629292480340564,0.5593007749884933,-0.23754096692197613,600536 / 002368 / 300369 / 002439 / 688111
2022-11-04,930378.1892553082,930378.1892553082,现金,0.0,1211.066031873336,False,False,-0.005560479223800541,0.5506303154255137,-0.24178060453440542,
2022-11-07,930378.1892553082,930378.1892553082,现金,0.0,0.0,False,False,0.0,0.5506303154255137,-0.24178060453440542,
2022-11-08,930378.1892553082,930378.1892553082,现金,0.0,0.0,False,False,0.0,0.5506303154255137,-0.24178060453440542,
2022-11-09,930378.1892553082,930378.1892553082,现金,0.0,0.0,False,False,0.0,0.5506303154255137,-0.24178060453440542,
2022-11-10,930378.1892553082,930378.1892553082,现金,0.0,0.0,False,False,0.0,0.5506303154255137,-0.24178060453440542,
2022-11-11,930378.1892553082,930378.1892553082,现金,0.0,0.0,False,False,0.0,0.5506303154255137,-0.24178060453440542,
2022-11-14,930378.1892553082,930378.1892553082,现金,0.0,0.0,False,False,0.0,0.5506303154255137,-0.24178060453440542,
2022-11-15,930378.1892553082,930378.1892553082,现金,0.0,0.0,False,False,0.0,0.5506303154255137,-0.24178060453440542,
2022-11-16,918135.4472665179,0.0,建材,1.0,743.7075853359779,False,False,-0.013158887568709754,0.5302257454441965,-0.25175792831175225,600585 / 000786 / 002271 / 000401 / 600801
2022-11-17,916701.3284975629,0.0,建材,1.0,0.0,False,False,-0.0015619904157111453,0.5278355474959382,-0.25292667525636126,600585 / 000786 / 002271 / 000401 / 600801
2022-11-18,909430.0074169489,0.0,建材,1.0,0.0,False,False,-0.007932050335883511,0.5157166790282481,-0.25885249847282366,600585 / 000786 / 002271 / 000401 / 600801
2022-11-21,904365.0585156459,0.0,建材,1.0,0.0,False,False,-0.005569366372337958,0.5072750975260765,-0.2629802204447713,600585 / 000786 / 002271 / 000401 / 600801
2022-11-22,900728.5280498049,0.0,建材,1.0,0.0,False,False,-0.004021086873712054,0.5012142134163413,-0.265943841006007,600585 / 000786 / 002271 / 000401 / 600801
2022-11-23,899085.219322359,899085.219322359,现金,0.0,1170.3322170011681,False,False,-0.0018244217611314006,0.4984753655372649,-0.2672830690363682,
2022-11-24,899085.219322359,899085.219322359,现金,0.0,0.0,False,False,0.0,0.4984753655372649,-0.2672830690363682,
2022-11-25,899085.219322359,899085.219322359,现金,0.0,0.0,False,False,0.0,0.4984753655372649,-0.2672830690363682,
2022-11-28,899085.219322359,899085.219322359,现金,0.0,0.0,False,False,0.0,0.4984753655372649,-0.2672830690363682,
2022-11-29,917209.7815685363,0.0,建筑装饰,1.0,718.6932208811824,False,False,0.020158892457199817,0.5286829692808939,-0.2525123072235028,601668 / 601390 / 601186 / 601800 / 601669
2022-11-30,911236.1786440448,0.0,建筑装饰,1.0,0.0,False,False,-0.006512798974162681,0.5187269644067414,-0.2573805443022168,601668 / 601390 / 601186 / 601800 / 601669
2022-12-01,894406.2799048844,0.0,建筑装饰,1.0,0.0,False,False,-0.018469304812067433,0.49067713317480743,-0.2710962093888708,601668 / 601390 / 601186 / 601800 / 601669
2022-12-02,892714.5920691806,0.0,建筑装饰,1.0,0.0,False,False,-0.001891408718511789,0.4878576534486343,-0.27247486437338897,601668 / 601390 / 601186 / 601800 / 601669
2022-12-05,972321.5469980555,0.0,建筑装饰,1.0,0.0,False,False,0.08917402676745523,0.6205359116634259,-0.20759851845502508,601668 / 601390 / 601186 / 601800 / 601669
2022-12-06,961367.6461759111,961367.6461759111,现金,0.0,1251.4047662247765,False,False,-0.01126571848167257,0.6022794102931852,-0.216525490470571,
2022-12-07,961367.6461759111,961367.6461759111,现金,0.0,0.0,False,False,0.0,0.6022794102931852,-0.216525490470571,
2022-12-08,961367.6461759111,961367.6461759111,现金,0.0,0.0,False,False,0.0,0.6022794102931852,-0.216525490470571,
2022-12-09,961367.6461759111,961367.6461759111,现金,0.0,0.0,False,False,0.0,0.6022794102931852,-0.216525490470571,
2022-12-12,961367.6461759111,961367.6461759111,现金,0.0,0.0,False,False,0.0,0.6022794102931852,-0.216525490470571,
2022-12-13,961367.6461759111,961367.6461759111,现金,0.0,0.0,False,False,0.0,0.6022794102931852,-0.216525490470571,
2022-12-14,961367.6461759111,961367.6461759111,现金,0.0,0.0,False,False,0.0,0.6022794102931852,-0.216525490470571,
2022-12-15,961367.6461759111,961367.6461759111,现金,0.0,0.0,False,False,0.0,0.6022794102931852,-0.216525490470571,
2022-12-16,961367.6461759111,961367.6461759111,现金,0.0,0.0,False,False,0.0,0.6022794102931852,-0.216525490470571,
2022-12-19,961367.6461759111,961367.6461759111,现金,0.0,0.0,False,False,0.0,0.6022794102931852,-0.216525490470571,
2022-12-20,961367.6461759111,961367.6461759111,现金,0.0,0.0,False,False,0.0,0.6022794102931852,-0.216525490470571,
2022-12-21,961367.6461759111,961367.6461759111,现金,0.0,0.0,False,False,0.0,0.6022794102931852,-0.216525490470571,
2022-12-22,961367.6461759111,961367.6461759111,现金,0.0,0.0,False,False,0.0,0.6022794102931852,-0.216525490470571,
2022-12-23,961367.6461759111,961367.6461759111,现金,0.0,0.0,False,False,0.0,0.6022794102931852,-0.216525490470571,
2022-12-26,961367.6461759111,961367.6461759111,现金,0.0,0.0,False,False,0.0,0.6022794102931852,-0.216525490470571,
2022-12-27,961367.6461759111,961367.6461759111,现金,0.0,0.0,False,False,0.0,0.6022794102931852,-0.216525490470571,
2022-12-28,961367.6461759111,961367.6461759111,现金,0.0,0.0,False,False,0.0,0.6022794102931852,-0.216525490470571,
2022-12-29,961367.6461759111,961367.6461759111,现金,0.0,0.0,False,False,0.0,0.6022794102931852,-0.216525490470571,
2022-12-30,961367.6461759111,961367.6461759111,现金,0.0,0.0,False,False,0.0,0.6022794102931852,-0.216525490470571,
2023-01-03,961367.6461759111,961367.6461759111,现金,0.0,0.0,False,False,0.0,0.6022794102931852,-0.216525490470571,
2023-01-04,961367.6461759111,961367.6461759111,现金,0.0,0.0,False,False,0.0,0.6022794102931852,-0.216525490470571,
2023-01-05,961367.6461759111,961367.6461759111,现金,0.0,0.0,False,False,0.0,0.6022794102931852,-0.216525490470571,
2023-01-06,961367.6461759111,961367.6461759111,现金,0.0,0.0,False,False,0.0,0.6022794102931852,-0.216525490470571,
2023-01-09,961367.6461759111,961367.6461759111,现金,0.0,0.0,False,False,0.0,0.6022794102931852,-0.216525490470571,
2023-01-10,960567.1362507013,0.0,网络安全,1.0,768.4793334739499,False,False,-0.0008326782458241144,0.6009452270845022,-0.2171778726508139,002212 / 300369 / 300454 / 002439 / 688561
2023-01-11,924148.1839353782,0.0,网络安全,1.0,0.0,False,False,-0.03791401031839792,0.5402469732256303,-0.24685779886460113,002212 / 300369 / 300454 / 002439 / 688561
2023-01-12,929192.2217291107,0.0,网络安全,1.0,0.0,False,False,0.00545804004315964,0.5486537028818512,-0.24274711857261078,002212 / 300369 / 300454 / 002439 / 688561
2023-01-13,928153.9957154376,0.0,网络安全,1.0,0.0,False,False,-0.0011173425577553076,0.546923326192396,-0.24359322944401252,002212 / 300369 / 300454 / 002439 / 688561
2023-01-16,973021.5067128967,0.0,网络安全,1.0,0.0,False,False,0.04834058917440154,0.6217025111881613,-0.20702808049982968,002212 / 300369 / 300454 / 002439 / 688561
2023-01-17,974680.9492872502,0.0,网络安全,1.0,0.0,False,False,0.0017054531301774478,0.6244682488120836,-0.2056757040575754,002212 / 300369 / 300454 / 002439 / 688561
2023-01-18,1027688.508216351,0.0,网络安全,1.0,0.0,False,False,0.05438452343596478,0.712814180360585,-0.16247675576913834,002212 / 300369 / 300454 / 002439 / 688561
2023-01-19,1056621.2265763087,0.0,网络安全,1.0,0.0,False,False,0.028153198297578674,0.7610353776271812,-0.1388977977954755,002212 / 300369 / 300454 / 002439 / 688561
2023-01-20,1053412.2979588525,0.0,网络安全,1.0,0.0,False,False,-0.003036971562509594,0.7556871632647542,-0.14151294069598508,002212 / 300369 / 300454 / 002439 / 688561
2023-01-30,1085012.3600496408,0.0,网络安全,1.0,0.0,False,False,0.029997810118619572,0.8083539334160679,-0.11576020890169114,002212 / 300369 / 300454 / 002439 / 688561
2023-01-31,1052056.845324712,0.0,网络安全,1.0,0.0,False,False,-0.030373400284049223,0.7534280755411868,-0.14261757802380415,002212 / 300369 / 300454 / 002439 / 688561
2023-02-01,1072485.706372943,0.0,网络安全,1.0,0.0,False,False,0.019418020175445694,0.7874761772882384,-0.12596890885579792,002212 / 300369 / 300454 / 002439 / 688561
2023-02-02,1051951.44936942,0.0,网络安全,1.0,0.0,False,False,-0.019146415548015217,0.7532524156157001,-0.14270347132872996,002212 / 300369 / 300454 / 002439 / 688561
2023-02-03,1065583.0831094463,0.0,网络安全,1.0,0.0,False,False,0.01295842479060938,0.7759718051824105,-0.13159425873869268,002212 / 300369 / 300454 / 002439 / 688561
2023-02-06,1067873.250565926,0.0,网络安全,1.0,0.0,False,False,0.00214921529140355,0.7797887509432102,-0.12972786784043133,002212 / 300369 / 300454 / 002439 / 688561
2023-02-07,1049354.1000074323,0.0,网络安全,1.0,0.0,False,False,-0.017342086758591835,0.7489235000123871,-0.14482020265992723,002212 / 300369 / 300454 / 002439 / 688561
2023-02-08,1029115.6801853895,0.0,AIGC,1.0,2201.4899080134755,False,False,-0.01928654952784714,0.7151928003089825,-0.16131367017654086,688111 / 002230 / 300364 / 300624 / 002315
2023-02-09,1038430.970231035,0.0,AIGC,1.0,0.0,False,False,0.00905174240855744,0.7307182837183916,-0.1537220975574004,688111 / 002230 / 300364 / 300624 / 002315
2023-02-10,1034918.9936232539,0.0,AIGC,1.0,0.0,False,False,-0.0033820029529740836,0.7248649893720898,-0.15658421192249805,688111 / 002230 / 300364 / 300624 / 002315
2023-02-13,1039562.9738121292,0.0,AIGC,1.0,0.0,False,False,0.0044872885873092905,0.7326049563535488,-0.15279956188230137,688111 / 002230 / 300364 / 300624 / 002315
2023-02-14,1052231.2937858389,0.0,CPO,1.0,2239.7156140312286,False,False,0.012186197751209216,0.753718822976398,-0.14247540980848805,300308 / 300502 / 300394 / 002281 / 603083
2023-02-15,1075394.7627995145,0.0,CPO,1.0,0.0,False,False,0.022013666719923775,0.7923246046658574,-0.12359814927587298,300308 / 300502 / 300394 / 002281 / 603083
2023-02-16,1025312.4557816461,0.0,CPO,1.0,0.0,False,False,-0.04657109068254339,0.70885409296941,-0.1644131393402951,300308 / 300502 / 300394 / 002281 / 603083
2023-02-17,998065.2535873147,0.0,CPO,1.0,0.0,False,False,-0.026574535441061697,0.6634420893121913,-0.18661847198298187,300308 / 300502 / 300394 / 002281 / 603083
2023-02-20,1028301.3438353015,0.0,CPO,1.0,0.0,False,False,0.03029470281558244,0.7138355730588357,-0.16197732031602186,300308 / 300502 / 300394 / 002281 / 603083
2023-02-21,1021717.1632429693,0.0,CPO,1.0,0.0,False,False,-0.006402967993579423,0.7028619387382822,-0.16734315271193212,300308 / 300502 / 300394 / 002281 / 603083
2023-02-22,1022952.3288207459,0.0,CPO,1.0,0.0,False,False,0.001208911450460759,0.7049205480345766,-0.16633654431494105,300308 / 300502 / 300394 / 002281 / 603083
2023-02-23,1017926.9768637537,0.0,CPO,1.0,0.0,False,False,-0.004912596428403804,0.6965449614395895,-0.1704319964298303,300308 / 300502 / 300394 / 002281 / 603083
2023-02-24,1072749.6307626553,0.0,CPO,1.0,0.0,False,False,0.0538571578757161,0.7879160512710921,-0.12575382149290903,300308 / 300502 / 300394 / 002281 / 603083
2023-02-27,1063025.3800043855,0.0,CPO,1.0,0.0,False,False,-0.00906479058991283,0.7717089666739758,-0.1336786800251074,300308 / 300502 / 300394 / 002281 / 603083
2023-02-28,1099913.1948770385,0.0,CPO,1.0,0.0,False,False,0.03470078472867777,0.8331886581283974,-0.10361665039479473,300308 / 300502 / 300394 / 002281 / 603083
2023-03-01,1137270.0138156754,0.0,CPO,1.0,0.0,False,False,0.033963424670810705,0.8954500230261258,-0.07317240202430952,300308 / 300502 / 300394 / 002281 / 603083
2023-03-02,1186811.7985345803,0.0,CPO,1.0,0.0,False,False,0.04356202495191641,0.9780196642243004,-0.032797915075167605,300308 / 300502 / 300394 / 002281 / 603083
2023-03-03,1146709.1835001938,0.0,CPO,1.0,0.0,False,False,-0.033790205897770265,0.911181972500323,-0.06547987266953037,300308 / 300502 / 300394 / 002281 / 603083
2023-03-06,1128308.0084549293,0.0,CPO,1.0,0.0,False,False,-0.016046941378019652,0.8805133474248823,-0.08047606236938187,300308 / 300502 / 300394 / 002281 / 603083
2023-03-07,1091209.7838202554,0.0,CPO,1.0,0.0,False,False,-0.032879519029094806,0.818682973033759,-0.11070956717441605,300308 / 300502 / 300394 / 002281 / 603083
2023-03-08,1108319.6090612144,0.0,CPO,1.0,0.0,False,False,0.015679684598371768,0.8471993484353573,-0.09676577367136141,300308 / 300502 / 300394 / 002281 / 603083
2023-03-09,1129440.663414597,0.0,商业航天,1.0,2315.042585560762,False,False,0.01905682637093542,0.8824011056909951,-0.0795529958479303,600118 / 601698 / 600879 / 002465 / 300045
2023-03-10,1137163.7489324233,0.0,商业航天,1.0,0.0,False,False,0.006837973669619135,0.8952729148873722,-0.07325900346925862,600118 / 601698 / 600879 / 002465 / 300045
2023-03-13,1186045.9049885678,0.0,商业航天,1.0,0.0,False,False,0.04298603090543063,0.9767431749809463,-0.03342208635105859,600118 / 601698 / 600879 / 002465 / 300045
2023-03-14,1199476.2986371093,0.0,商业航天,1.0,0.0,False,False,0.011323671024917825,0.9991271643951822,-0.02247687603694648,600118 / 601698 / 600879 / 002465 / 300045
2023-03-15,1213055.329098075,0.0,商业航天,1.0,0.0,False,False,0.011320799315830188,1.021758881830125,-0.011410532923977312,600118 / 601698 / 600879 / 002465 / 300045
2023-03-16,1201158.1753996783,0.0,商业航天,1.0,0.0,False,False,-0.009807593613427645,1.0019302923327973,-0.02110621666757395,600118 / 601698 / 600879 / 002465 / 300045
2023-03-17,1236595.876484789,0.0,商业航天,1.0,0.0,False,False,0.029502942918670172,1.0609931274746485,0.0,600118 / 601698 / 600879 / 002465 / 300045
2023-03-20,1194055.8938645264,0.0,商业航天,1.0,0.0,False,False,-0.03440087697946148,0.9900931564408773,-0.03440087697946148,600118 / 601698 / 600879 / 002465 / 300045
2023-03-21,1185306.5020837523,0.0,商业航天,1.0,0.0,False,False,-0.007327455796442672,0.975510836806254,-0.04147626187047826,600118 / 601698 / 600879 / 002465 / 300045
2023-03-22,1203522.2736272118,0.0,商业航天,1.0,0.0,False,False,0.015367984155521208,1.0058704560453529,-0.02674568425021262,600118 / 601698 / 600879 / 002465 / 300045
2023-03-23,1263995.6258014303,0.0,商业航天,1.0,0.0,False,False,0.050246973819572105,1.1066593763357173,0.0,600118 / 601698 / 600879 / 002465 / 300045
2023-03-24,1302414.8585597805,0.0,CPO,1.0,2659.5494563507873,False,False,0.03039506781045276,1.1706914309329677,0.0,300308 / 300502 / 300394 / 002281 / 603083
2023-03-27,1382806.630296564,0.0,CPO,1.0,0.0,False,False,0.06172516476484402,1.3046777171609398,0.0,300308 / 300502 / 300394 / 002281 / 603083
2023-03-28,1352756.76507167,0.0,CPO,1.0,0.0,False,False,-0.02173106822495441,1.2545946084527833,-0.02173106822495441,300308 / 300502 / 300394 / 002281 / 603083
2023-03-29,1424243.6586043832,0.0,CPO,1.0,0.0,False,False,0.05284534173364541,1.3737394310073054,0.0,300308 / 300502 / 300394 / 002281 / 603083
2023-03-30,1422657.763915851,0.0,CPO,1.0,0.0,False,False,-0.0011134995609433096,1.3710962731930851,-0.0011134995609433096,300308 / 300502 / 300394 / 002281 / 603083
2023-03-31,1474387.0818170903,0.0,CPO,1.0,0.0,False,False,0.03636104143476837,1.457311803028484,0.0,300308 / 300502 / 300394 / 002281 / 603083
2023-04-03,1676749.9081559633,0.0,CPO,1.0,0.0,False,False,0.1372521699589726,1.7945831802599388,0.0,300308 / 300502 / 300394 / 002281 / 603083
2023-04-04,1694786.0813529473,1694786.0813529473,现金,0.0,2206.089822528118,False,False,0.010756626918095202,1.824643468921579,0.0,
2023-04-06,1775297.771158128,0.0,CPO,1.0,1354.7450690271364,False,False,0.04750551747563825,1.95882961859688,0.0,300308 / 300502 / 300394 / 002281 / 603083
2023-04-07,1852700.960739302,0.0,CPO,1.0,0.0,False,False,0.043600116464225236,2.087834934565503,0.0,300308 / 300502 / 300394 / 002281 / 603083
2023-04-10,1806268.1428373521,0.0,CPO,1.0,0.0,False,False,-0.025062230163372612,2.01044690472892,-0.025062230163372612,300308 / 300502 / 300394 / 002281 / 603083
2023-04-11,1792230.8935278174,0.0,CPO,1.0,0.0,False,False,-0.007771409447262068,1.9870514892130289,-0.03263887075837357,300308 / 300502 / 300394 / 002281 / 603083
2023-04-12,1824531.6011122572,0.0,CPO,1.0,0.0,False,False,0.018022626270468578,2.040886001853762,-0.015204482657473206,300308 / 300502 / 300394 / 002281 / 603083
2023-04-13,1710378.889059585,0.0,CPO,1.0,0.0,False,False,-0.06256548912777571,1.850631481765975,-0.07681869589084944,300308 / 300502 / 300394 / 002281 / 603083
2023-04-14,1738280.06212671,0.0,CPO,1.0,0.0,False,False,0.0163128609956511,1.89713343687785,-0.06175896760313293,300308 / 300502 / 300394 / 002281 / 603083
2023-04-17,1701052.739614003,0.0,CPO,1.0,0.0,False,False,-0.021416182192851574,1.835087899356672,-0.08185250849375347,300308 / 300502 / 300394 / 002281 / 603083
2023-04-18,1904289.318590136,0.0,CPO,1.0,0.0,False,False,0.11947694168627043,2.17381553098356,0.0,300308 / 300502 / 300394 / 002281 / 603083
2023-04-19,1931942.6067698842,1931942.6067698842,现金,0.0,2514.794621809201,False,False,0.014521579210569513,2.2199043446164737,0.0,
2023-04-20,2052944.3775955532,0.0,CPO,1.0,1544.3186305114984,False,False,0.06263217675393484,2.4215739626592554,0.0,300308 / 300502 / 300394 / 002281 / 603083
2023-04-21,2031942.0938795998,2031942.0938795998,现金,0.0,2644.9631741699004,False,False,-0.010230322820802162,2.3865701564659996,-0.010230322820802162,
2023-04-24,2031942.0938795998,2031942.0938795998,现金,0.0,0.0,False,False,0.0,2.3865701564659996,-0.010230322820802162,
2023-04-25,2031942.0938795998,2031942.0938795998,现金,0.0,0.0,False,False,0.0,2.3865701564659996,-0.010230322820802162,
2023-04-26,2031942.0938795998,2031942.0938795998,现金,0.0,0.0,False,False,0.0,2.3865701564659996,-0.010230322820802162,
2023-04-27,2031942.0938795998,2031942.0938795998,现金,0.0,0.0,False,False,0.0,2.3865701564659996,-0.010230322820802162,
2023-04-28,2031942.0938795998,2031942.0938795998,现金,0.0,0.0,False,False,0.0,2.3865701564659996,-0.010230322820802162,
2023-05-04,1974862.7902801754,0.0,CPO,1.0,1624.254271686331,False,False,-0.02809100897675809,2.2914379838002925,-0.03803395170736601,300308 / 300502 / 300394 / 002281 / 603083
2023-05-05,1865376.7047565442,0.0,CPO,1.0,0.0,False,False,-0.05543984425778681,2.1089611745942403,-0.09136519960598821,300308 / 300502 / 300394 / 002281 / 603083
2023-05-08,1892319.064998304,0.0,CPO,1.0,0.0,False,False,0.014443388390698253,2.1538651083305065,-0.07824143427859287,300308 / 300502 / 300394 / 002281 / 603083
2023-05-09,1923599.0926635622,0.0,CPO,1.0,0.0,False,False,0.016529996576072126,2.2059984877726038,-0.06300476834325275,300308 / 300502 / 300394 / 002281 / 603083
2023-05-10,1901416.7798430114,0.0,保险,1.0,4097.145388715022,False,False,-0.011531671492855278,2.169027966405019,-0.07380988954509027,601318 / 601601 / 601628 / 000627 / 601319
2023-05-11,1919338.6381479958,0.0,保险,1.0,0.0,False,False,0.009425528634739555,2.1988977302466597,-0.06508005813778495,601318 / 601601 / 601628 / 000627 / 601319
2023-05-12,1898854.6822179658,0.0,保险,1.0,0.0,False,False,-0.010672403255423069,2.1647578036966095,-0.0750579007688752,601318 / 601601 / 601628 / 000627 / 601319
2023-05-15,2011033.9346847998,0.0,保险,1.0,0.0,False,False,0.05907732356633133,2.351723224474666,-0.0204147970924764,601318 / 601601 / 601628 / 000627 / 601319
2023-05-16,1968347.6710370376,0.0,保险,1.0,0.0,False,False,-0.021226028517739803,2.280579451728396,-0.041207500544947484,601318 / 601601 / 601628 / 000627 / 601319
2023-05-17,1923130.8725029086,0.0,保险,1.0,0.0,False,False,-0.02297195724081924,2.205218120838181,-0.06323284084524716,601318 / 601601 / 601628 / 000627 / 601319
2023-05-18,1939032.6171886993,0.0,保险,1.0,0.0,False,False,0.00826867526966324,2.2317210286478324,-0.05548701740291151,601318 / 601601 / 601628 / 000627 / 601319
2023-05-19,1913479.738485099,0.0,保险,1.0,0.0,False,False,-0.013178158261539674,2.189132897475165,-0.06793395896765486,601318 / 601601 / 601628 / 000627 / 601319
2023-05-22,1912719.967796429,0.0,保险,1.0,0.0,False,False,-0.0003970623118650929,2.1878666129940485,-0.06830404726471817,601318 / 601601 / 601628 / 000627 / 601319
2023-05-23,1847290.0573761598,0.0,保险,1.0,0.0,False,False,-0.03420778342981823,2.0788167622935996,-0.10017530063832492,601318 / 601601 / 601628 / 000627 / 601319
2023-05-24,1842927.7826002373,1842927.7826002373,现金,0.0,2398.9247195156786,False,False,-0.0023614454906548676,2.071546304333729,-0.10230018761701243,
2023-05-25,1842927.7826002373,1842927.7826002373,现金,0.0,0.0,False,False,0.0,2.071546304333729,-0.10230018761701243,
2023-05-26,1842927.7826002373,1842927.7826002373,现金,0.0,0.0,False,False,0.0,2.071546304333729,-0.10230018761701243,
2023-05-29,1842927.7826002373,1842927.7826002373,现金,0.0,0.0,False,False,0.0,2.071546304333729,-0.10230018761701243,
2023-05-30,1842927.7826002373,1842927.7826002373,现金,0.0,0.0,False,False,0.0,2.071546304333729,-0.10230018761701243,
2023-05-31,1842927.7826002373,1842927.7826002373,现金,0.0,0.0,False,False,0.0,2.071546304333729,-0.10230018761701243,
2023-06-01,1842927.7826002373,1842927.7826002373,现金,0.0,0.0,False,False,0.0,2.071546304333729,-0.10230018761701243,
2023-06-02,1842927.7826002373,1842927.7826002373,现金,0.0,0.0,False,False,0.0,2.071546304333729,-0.10230018761701243,
2023-06-05,1842927.7826002373,1842927.7826002373,现金,0.0,0.0,False,False,0.0,2.071546304333729,-0.10230018761701243,
2023-06-06,1842927.7826002373,1842927.7826002373,现金,0.0,0.0,False,False,0.0,2.071546304333729,-0.10230018761701243,
2023-06-07,1842927.7826002373,1842927.7826002373,现金,0.0,0.0,False,False,0.0,2.071546304333729,-0.10230018761701243,
2023-06-08,1842927.7826002373,1842927.7826002373,现金,0.0,0.0,False,False,0.0,2.071546304333729,-0.10230018761701243,
2023-06-09,1842927.7826002373,1842927.7826002373,现金,0.0,0.0,False,False,0.0,2.071546304333729,-0.10230018761701243,
2023-06-12,1842927.7826002373,1842927.7826002373,现金,0.0,0.0,False,False,0.0,2.071546304333729,-0.10230018761701243,
2023-06-13,1842927.7826002373,1842927.7826002373,现金,0.0,0.0,False,False,0.0,2.071546304333729,-0.10230018761701243,
2023-06-14,1981672.6986749868,0.0,CPO,1.0,1473.1636951240907,False,False,0.07528505315546896,2.302787831124978,-0.03471680952410461,300308 / 300502 / 300394 / 002281 / 603083
2023-06-15,2010329.0083168743,2010329.0083168743,现金,0.0,2616.829589277998,False,False,0.014460667324653675,2.3505483471947906,-0.02075817043255246,
2023-06-16,2143529.848860174,0.0,CPO,1.0,1606.9776245538565,False,False,0.06625822937053494,2.57254974810029,0.0,300308 / 300502 / 300394 / 002281 / 603083
2023-06-19,2171589.880371292,2171589.880371292,现金,0.0,2826.741608573826,False,False,0.01309057185559559,2.6193164672854867,0.0,
2023-06-20,2290961.809056048,0.0,CPO,1.0,1735.8831977388427,False,False,0.05496983098132047,2.81826968176008,0.0,300308 / 300502 / 300394 / 002281 / 603083
2023-06-21,2109176.7753587123,0.0,CPO,1.0,0.0,False,False,-0.07934878398179712,2.515294625597854,-0.07934878398179712,300308 / 300502 / 300394 / 002281 / 603083
2023-06-26,1938543.1582747968,0.0,CPO,1.0,0.0,False,False,-0.08090057650805271,2.230905263791328,-0.15382999812050957,300308 / 300502 / 300394 / 002281 / 603083
2023-06-27,1918684.1870330193,1918684.1870330193,现金,0.0,2497.536240255257,False,False,-0.010244276046683987,2.1978069783883654,-0.16249839720218617,
2023-06-28,1918684.1870330193,1918684.1870330193,现金,0.0,0.0,False,False,0.0,2.1978069783883654,-0.16249839720218617,
2023-06-29,1918684.1870330193,1918684.1870330193,现金,0.0,0.0,False,False,0.0,2.1978069783883654,-0.16249839720218617,
2023-06-30,1918684.1870330193,1918684.1870330193,现金,0.0,0.0,False,False,0.0,2.1978069783883654,-0.16249839720218617,
2023-07-03,1918684.1870330193,1918684.1870330193,现金,0.0,0.0,False,False,0.0,2.1978069783883654,-0.16249839720218617,
2023-07-04,2025268.439594216,0.0,汽车零部件,1.0,1533.7203733277534,False,False,0.05555070150758601,2.375447399323693,-0.11597459565303991,601689 / 002920 / 603596 / 002472 / 002906
2023-07-05,1961398.8991371584,0.0,汽车零部件,1.0,0.0,False,False,-0.0315363332624955,2.2689981652285973,-0.14385351541703795,601689 / 002920 / 603596 / 002472 / 002906
2023-07-06,1986465.2897328094,0.0,汽车零部件,1.0,0.0,False,False,0.012779853504903071,2.310775482888016,-0.13291208876533,601689 / 002920 / 603596 / 002472 / 002906
2023-07-07,1947344.6341436545,0.0,汽车零部件,1.0,0.0,False,False,-0.01969360138903653,2.2455743902394243,-0.14998817245843787,601689 / 002920 / 603596 / 002472 / 002906
2023-07-10,1926803.0554915613,0.0,汽车零部件,1.0,0.0,False,False,-0.010548507075701208,2.2113384258192688,-0.15895452823568978,601689 / 002920 / 603596 / 002472 / 002906
2023-07-11,1918492.0682073436,1918492.0682073436,现金,0.0,2497.2861606784286,False,False,-0.004313355877514691,2.1974867803455727,-0.16258225666458148,
2023-07-12,1918492.0682073436,1918492.0682073436,现金,0.0,0.0,False,False,0.0,2.1974867803455727,-0.16258225666458148,
2023-07-13,1918492.0682073436,1918492.0682073436,现金,0.0,0.0,False,False,0.0,2.1974867803455727,-0.16258225666458148,
2023-07-14,1918492.0682073436,1918492.0682073436,现金,0.0,0.0,False,False,0.0,2.1974867803455727,-0.16258225666458148,
2023-07-17,1918492.0682073436,1918492.0682073436,现金,0.0,0.0,False,False,0.0,2.1974867803455727,-0.16258225666458148,
2023-07-18,1918492.0682073436,1918492.0682073436,现金,0.0,0.0,False,False,0.0,2.1974867803455727,-0.16258225666458148,
2023-07-19,1918492.0682073436,1918492.0682073436,现金,0.0,0.0,False,False,0.0,2.1974867803455727,-0.16258225666458148,
2023-07-20,1918492.0682073436,1918492.0682073436,现金,0.0,0.0,False,False,0.0,2.1974867803455727,-0.16258225666458148,
2023-07-21,1918492.0682073436,1918492.0682073436,现金,0.0,0.0,False,False,0.0,2.1974867803455727,-0.16258225666458148,
2023-07-24,1918492.0682073436,1918492.0682073436,现金,0.0,0.0,False,False,0.0,2.1974867803455727,-0.16258225666458148,
2023-07-25,1918492.0682073436,1918492.0682073436,现金,0.0,0.0,False,False,0.0,2.1974867803455727,-0.16258225666458148,
2023-07-26,1923815.0132430042,0.0,有色金属,1.0,1533.5668011249752,False,False,0.002774546282401147,2.206358355405007,-0.1602588023779935,601600 / 603993 / 601899 / 000630 / 000060
2023-07-27,1908461.1967258481,0.0,有色金属,1.0,0.0,False,False,-0.007980921456306689,2.180768661209747,-0.16696071091983966,601600 / 603993 / 601899 / 000630 / 000060
2023-07-28,1928811.7914573879,0.0,有色金属,1.0,0.0,False,False,0.010663352635334356,2.2146863190956463,-0.15807771922128977,601600 / 603993 / 601899 / 000630 / 000060
2023-07-31,1962513.3757283129,0.0,有色金属,1.0,0.0,False,False,0.017472717877497157,2.2708556262138546,-0.14336704873446426,601600 / 603993 / 601899 / 000630 / 000060
2023-08-01,1992329.1332399822,0.0,有色金属,1.0,0.0,False,False,0.015192639133276842,2.3205485553999705,-0.1303525334362131,601600 / 603993 / 601899 / 000630 / 000060
2023-08-02,1968649.2924192757,0.0,有色金属,1.0,0.0,False,False,-0.011885506478639729,2.281082154032126,-0.14068873403418958,601600 / 603993 / 601899 / 000630 / 000060
2023-08-03,1945200.7859550798,0.0,有色金属,1.0,0.0,False,False,-0.011910961771855244,2.2420013099251332,-0.15092395767323286,601600 / 603993 / 601899 / 000630 / 000060
2023-08-04,1956148.2339842268,0.0,有色金属,1.0,0.0,False,False,0.005627927002801236,2.260247056640378,-0.14614541968719041,601600 / 603993 / 601899 / 000630 / 000060
2023-08-07,1958468.1279188297,0.0,有色金属,1.0,0.0,False,False,0.0011859499675430651,2.264113546531383,-0.145132790875382,601600 / 603993 / 601899 / 000630 / 000060
2023-08-08,1991079.859869426,0.0,证券,1.0,4095.660486895282,False,False,0.016651653139360123,2.3184664331157103,-0.13089783862882598,600030 / 601066 / 601211 / 601688 / 601881
2023-08-09,1975231.1133192393,0.0,证券,1.0,0.0,False,False,-0.007959874874745698,2.2920518555320655,-0.1378157830867115,600030 / 601066 / 601211 / 601688 / 601881
2023-08-10,1992270.062702224,0.0,证券,1.0,0.0,False,False,0.008626306698030772,2.3204501045037067,-0.13037831760141594,600030 / 601066 / 601211 / 601688 / 601881
2023-08-11,1914657.6000879365,0.0,证券,1.0,0.0,False,False,-0.0389567981105019,2.191096000146561,-0.16425599391513257,600030 / 601066 / 601211 / 601688 / 601881
2023-08-14,1871779.8435225761,1871779.8435225761,现金,0.0,2436.4812221681673,False,False,-0.022394477510438993,2.119633072537627,-0.18297204426388436,
2023-08-15,1871779.8435225761,1871779.8435225761,现金,0.0,0.0,False,False,0.0,2.119633072537627,-0.18297204426388436,
2023-08-16,1871779.8435225761,1871779.8435225761,现金,0.0,0.0,False,False,0.0,2.119633072537627,-0.18297204426388436,
2023-08-17,1871779.8435225761,1871779.8435225761,现金,0.0,0.0,False,False,0.0,2.119633072537627,-0.18297204426388436,
2023-08-18,1871779.8435225761,1871779.8435225761,现金,0.0,0.0,False,False,0.0,2.119633072537627,-0.18297204426388436,
2023-08-21,1871779.8435225761,1871779.8435225761,现金,0.0,0.0,False,False,0.0,2.119633072537627,-0.18297204426388436,
2023-08-22,1871779.8435225761,1871779.8435225761,现金,0.0,0.0,False,False,0.0,2.119633072537627,-0.18297204426388436,
2023-08-23,1871779.8435225761,1871779.8435225761,现金,0.0,0.0,False,False,0.0,2.119633072537627,-0.18297204426388436,
2023-08-24,1871779.8435225761,1871779.8435225761,现金,0.0,0.0,False,False,0.0,2.119633072537627,-0.18297204426388436,
2023-08-25,1871779.8435225761,1871779.8435225761,现金,0.0,0.0,False,False,0.0,2.119633072537627,-0.18297204426388436,
2023-08-28,1871779.8435225761,1871779.8435225761,现金,0.0,0.0,False,False,0.0,2.119633072537627,-0.18297204426388436,
2023-08-29,1871779.8435225761,1871779.8435225761,现金,0.0,0.0,False,False,0.0,2.119633072537627,-0.18297204426388436,
2023-08-30,1871779.8435225761,1871779.8435225761,现金,0.0,0.0,False,False,0.0,2.119633072537627,-0.18297204426388436,
2023-08-31,1871779.8435225761,1871779.8435225761,现金,0.0,0.0,False,False,0.0,2.119633072537627,-0.18297204426388436,
2023-09-01,1871779.8435225761,1871779.8435225761,现金,0.0,0.0,False,False,0.0,2.119633072537627,-0.18297204426388436,
2023-09-04,1871779.8435225761,1871779.8435225761,现金,0.0,0.0,False,False,0.0,2.119633072537627,-0.18297204426388436,
2023-09-05,1871779.8435225761,1871779.8435225761,现金,0.0,0.0,False,False,0.0,2.119633072537627,-0.18297204426388436,
2023-09-06,1871779.8435225761,1871779.8435225761,现金,0.0,0.0,False,False,0.0,2.119633072537627,-0.18297204426388436,
2023-09-07,1832801.7823628392,0.0,商业航天,1.0,1496.2268933034184,False,False,-0.020824062880377303,2.054669637271399,-0.19998588578915932,600118 / 601698 / 600879 / 002465 / 300045
2023-09-08,2014225.630256651,0.0,商业航天,1.0,0.0,False,False,0.09898716251788064,2.3570427170944184,-0.12079475864917244,600118 / 601698 / 600879 / 002465 / 300045
2023-09-11,2036563.1701390808,2036563.1701390808,现金,0.0,2650.9783930918243,False,False,0.011089889606649361,2.3942719502318015,-0.11104446958100433,
2023-09-12,2084001.3540488433,0.0,商业航天,1.0,1627.9481775692095,False,False,0.023293254344044056,2.4733355900814056,-0.09033780231041,600118 / 601698 / 600879 / 002465 / 300045
2023-09-13,2031923.5173338875,0.0,商业航天,1.0,0.0,False,False,-0.024989348789902555,2.386539195556479,-0.11306966824946452,600118 / 601698 / 600879 / 002465 / 300045
2023-09-14,1978236.9387584683,0.0,商业航天,1.0,0.0,False,False,-0.026421554806286274,2.2970615645974473,-0.13650374661916886,600118 / 601698 / 600879 / 002465 / 300045
2023-09-15,1966280.801014444,0.0,商业航天,1.0,0.0,False,False,-0.0060438350481554215,2.277134668357407,-0.1417225755393029,600118 / 601698 / 600879 / 002465 / 300045
2023-09-18,1939128.574394179,1939128.574394179,现金,0.0,2524.1485398141913,False,False,-0.013808926276580924,2.231880957323632,-0.15357446521853446,
2023-09-19,1939128.574394179,1939128.574394179,现金,0.0,0.0,False,False,0.0,2.231880957323632,-0.15357446521853446,
2023-09-20,1939128.574394179,1939128.574394179,现金,0.0,0.0,False,False,0.0,2.231880957323632,-0.15357446521853446,
2023-09-21,1939128.574394179,1939128.574394179,现金,0.0,0.0,False,False,0.0,2.231880957323632,-0.15357446521853446,
2023-09-22,1939128.574394179,1939128.574394179,现金,0.0,0.0,False,False,0.0,2.231880957323632,-0.15357446521853446,
2023-09-25,1939128.574394179,1939128.574394179,现金,0.0,0.0,False,False,0.0,2.231880957323632,-0.15357446521853446,
2023-09-26,1939128.574394179,1939128.574394179,现金,0.0,0.0,False,False,0.0,2.231880957323632,-0.15357446521853446,
2023-09-27,1939128.574394179,1939128.574394179,现金,0.0,0.0,False,False,0.0,2.231880957323632,-0.15357446521853446,
2023-09-28,1939128.574394179,1939128.574394179,现金,0.0,0.0,False,False,0.0,2.231880957323632,-0.15357446521853446,
2023-10-09,1939128.574394179,1939128.574394179,现金,0.0,0.0,False,False,0.0,2.231880957323632,-0.15357446521853446,
2023-10-10,1939128.574394179,1939128.574394179,现金,0.0,0.0,False,False,0.0,2.231880957323632,-0.15357446521853446,
2023-10-11,1939128.574394179,1939128.574394179,现金,0.0,0.0,False,False,0.0,2.231880957323632,-0.15357446521853446,
2023-10-12,1939128.574394179,1939128.574394179,现金,0.0,0.0,False,False,0.0,2.231880957323632,-0.15357446521853446,
2023-10-13,1939128.574394179,1939128.574394179,现金,0.0,0.0,False,False,0.0,2.231880957323632,-0.15357446521853446,
2023-10-16,1939128.574394179,1939128.574394179,现金,0.0,0.0,False,False,0.0,2.231880957323632,-0.15357446521853446,
2023-10-17,1939128.574394179,1939128.574394179,现金,0.0,0.0,False,False,0.0,2.231880957323632,-0.15357446521853446,
2023-10-18,1939128.574394179,1939128.574394179,现金,0.0,0.0,False,False,0.0,2.231880957323632,-0.15357446521853446,
2023-10-19,1939128.574394179,1939128.574394179,现金,0.0,0.0,False,False,0.0,2.231880957323632,-0.15357446521853446,
2023-10-20,1939128.574394179,1939128.574394179,现金,0.0,0.0,False,False,0.0,2.231880957323632,-0.15357446521853446,
2023-10-23,1939128.574394179,1939128.574394179,现金,0.0,0.0,False,False,0.0,2.231880957323632,-0.15357446521853446,
2023-10-24,1939128.574394179,1939128.574394179,现金,0.0,0.0,False,False,0.0,2.231880957323632,-0.15357446521853446,
2023-10-25,1939128.574394179,1939128.574394179,现金,0.0,0.0,False,False,0.0,2.231880957323632,-0.15357446521853446,
2023-10-26,1939128.574394179,1939128.574394179,现金,0.0,0.0,False,False,0.0,2.231880957323632,-0.15357446521853446,
2023-10-27,1939128.574394179,1939128.574394179,现金,0.0,0.0,False,False,0.0,2.231880957323632,-0.15357446521853446,
2023-10-30,1939128.574394179,1939128.574394179,现金,0.0,0.0,False,False,0.0,2.231880957323632,-0.15357446521853446,
2023-10-31,1939128.574394179,1939128.574394179,现金,0.0,0.0,False,False,0.0,2.231880957323632,-0.15357446521853446,
2023-11-01,1939128.574394179,1939128.574394179,现金,0.0,0.0,False,False,0.0,2.231880957323632,-0.15357446521853446,
2023-11-02,1939128.574394179,1939128.574394179,现金,0.0,0.0,False,False,0.0,2.231880957323632,-0.15357446521853446,
2023-11-03,1939128.574394179,1939128.574394179,现金,0.0,0.0,False,False,0.0,2.231880957323632,-0.15357446521853446,
2023-11-06,1939128.574394179,1939128.574394179,现金,0.0,0.0,False,False,0.0,2.231880957323632,-0.15357446521853446,
2023-11-07,1954703.4780106382,0.0,光学光电子,1.0,1550.0628092679292,False,False,0.008031908673887145,2.25783913001773,-0.14677605262392357,002456 / 300433 / 002273 / 600703 / 300296
2023-11-08,1954004.7714731304,0.0,光学光电子,1.0,0.0,False,False,-0.00035744886391608777,2.2566746191218843,-0.14708103655457916,002456 / 300433 / 002273 / 600703 / 300296
2023-11-09,1898524.4046578514,0.0,光学光电子,1.0,0.0,False,False,-0.028393158310177635,2.164207341096419,-0.17129809970943755,002456 / 300433 / 002273 / 600703 / 300296
2023-11-10,1906321.3141135937,0.0,光学光电子,1.0,0.0,False,False,0.004106826036375022,2.177202190189323,-0.16789476516893087,002456 / 300433 / 002273 / 600703 / 300296
2023-11-13,1911340.5186404614,0.0,光学光电子,1.0,0.0,False,False,0.002632926825980375,2.1855675310674356,-0.16570389297410548,002456 / 300433 / 002273 / 600703 / 300296
2023-11-14,1919295.8822468724,0.0,光学光电子,1.0,0.0,False,False,0.004162190634701579,2.198826470411454,-0.16223139353087435,002456 / 300433 / 002273 / 600703 / 300296
2023-11-15,1911613.009580247,0.0,光学光电子,1.0,0.0,False,False,-0.004002964179567359,2.1860216826337453,-0.16558495125333628,002456 / 300433 / 002273 / 600703 / 300296
2023-11-16,1894714.5412486165,1894714.5412486165,现金,0.0,2466.335139304297,False,False,-0.008839900255408484,2.157857568747694,-0.1729610970558686,
2023-11-17,1894714.5412486165,1894714.5412486165,现金,0.0,0.0,False,False,0.0,2.157857568747694,-0.1729610970558686,
2023-11-20,1894714.5412486165,1894714.5412486165,现金,0.0,0.0,False,False,0.0,2.157857568747694,-0.1729610970558686,
2023-11-21,1894714.5412486165,1894714.5412486165,现金,0.0,0.0,False,False,0.0,2.157857568747694,-0.1729610970558686,
2023-11-22,1861916.0174513606,0.0,智能驾驶,1.0,1514.5599850108847,False,False,-0.017310535747322553,2.1031933624189345,-0.18727758354970936,002920 / 603596 / 002906 / 300496 / 002405
2023-11-23,1858729.518304528,1858729.518304528,现金,0.0,2419.4937156262004,False,False,-0.0017114086333466227,2.0978825305075466,-0.18866848370973666,
2023-11-24,1858729.518304528,1858729.518304528,现金,0.0,0.0,False,False,0.0,2.0978825305075466,-0.18866848370973666,
2023-11-27,1858729.518304528,1858729.518304528,现金,0.0,0.0,False,False,0.0,2.0978825305075466,-0.18866848370973666,
2023-11-28,1858729.518304528,1858729.518304528,现金,0.0,0.0,False,False,0.0,2.0978825305075466,-0.18866848370973666,
2023-11-29,1858729.518304528,1858729.518304528,现金,0.0,0.0,False,False,0.0,2.0978825305075466,-0.18866848370973666,
2023-11-30,1858729.518304528,1858729.518304528,现金,0.0,0.0,False,False,0.0,2.0978825305075466,-0.18866848370973666,
2023-12-01,1858729.518304528,1858729.518304528,现金,0.0,0.0,False,False,0.0,2.0978825305075466,-0.18866848370973666,
2023-12-04,1858729.518304528,1858729.518304528,现金,0.0,0.0,False,False,0.0,2.0978825305075466,-0.18866848370973666,
2023-12-05,1858729.518304528,1858729.518304528,现金,0.0,0.0,False,False,0.0,2.0978825305075466,-0.18866848370973666,
2023-12-06,1858729.518304528,1858729.518304528,现金,0.0,0.0,False,False,0.0,2.0978825305075466,-0.18866848370973666,
2023-12-07,1858729.518304528,1858729.518304528,现金,0.0,0.0,False,False,0.0,2.0978825305075466,-0.18866848370973666,
2023-12-08,1858729.518304528,1858729.518304528,现金,0.0,0.0,False,False,0.0,2.0978825305075466,-0.18866848370973666,
2023-12-11,1858729.518304528,1858729.518304528,现金,0.0,0.0,False,False,0.0,2.0978825305075466,-0.18866848370973666,
2023-12-12,1858729.518304528,1858729.518304528,现金,0.0,0.0,False,False,0.0,2.0978825305075466,-0.18866848370973666,
2023-12-13,1858729.518304528,1858729.518304528,现金,0.0,0.0,False,False,0.0,2.0978825305075466,-0.18866848370973666,
2023-12-14,1858729.518304528,1858729.518304528,现金,0.0,0.0,False,False,0.0,2.0978825305075466,-0.18866848370973666,
2023-12-15,1858729.518304528,1858729.518304528,现金,0.0,0.0,False,False,0.0,2.0978825305075466,-0.18866848370973666,
2023-12-18,1858729.518304528,1858729.518304528,现金,0.0,0.0,False,False,0.0,2.0978825305075466,-0.18866848370973666,
2023-12-19,1858729.518304528,1858729.518304528,现金,0.0,0.0,False,False,0.0,2.0978825305075466,-0.18866848370973666,
2023-12-20,1858729.518304528,1858729.518304528,现金,0.0,0.0,False,False,0.0,2.0978825305075466,-0.18866848370973666,
2023-12-21,1858729.518304528,1858729.518304528,现金,0.0,0.0,False,False,0.0,2.0978825305075466,-0.18866848370973666,
2023-12-22,1858729.518304528,1858729.518304528,现金,0.0,0.0,False,False,0.0,2.0978825305075466,-0.18866848370973666,
2023-12-25,1858729.518304528,1858729.518304528,现金,0.0,0.0,False,False,0.0,2.0978825305075466,-0.18866848370973666,
2023-12-26,1858729.518304528,1858729.518304528,现金,0.0,0.0,False,False,0.0,2.0978825305075466,-0.18866848370973666,
2023-12-27,1858729.518304528,1858729.518304528,现金,0.0,0.0,False,False,0.0,2.0978825305075466,-0.18866848370973666,
2023-12-28,1858729.518304528,1858729.518304528,现金,0.0,0.0,False,False,0.0,2.0978825305075466,-0.18866848370973666,
2023-12-29,1858729.518304528,1858729.518304528,现金,0.0,0.0,False,False,0.0,2.0978825305075466,-0.18866848370973666,
2024-01-02,1841108.2391662155,0.0,消费电子,1.0,1485.794978660694,False,False,-0.009480281538965407,2.0685137319436926,-0.1963601349056041,002475 / 002241 / 002600 / 300433 / 601231
2024-01-03,1777342.845092702,0.0,消费电子,1.0,0.0,False,False,-0.03463424513400204,1.9622380751545032,-0.22419359499273972,002475 / 002241 / 002600 / 300433 / 601231
2024-01-04,1753143.6994351067,0.0,消费电子,1.0,0.0,False,False,-0.013615350422913508,1.921906165725178,-0.23475647105725428,002475 / 002241 / 002600 / 300433 / 601231
2024-01-05,1754320.2654465293,1754320.2654465293,现金,0.0,2283.5850055877518,False,False,0.0006711178392289074,1.9238671090775488,-0.23424290247362645,
2024-01-08,1754320.2654465293,1754320.2654465293,现金,0.0,0.0,False,False,0.0,1.9238671090775488,-0.23424290247362645,
2024-01-09,1754320.2654465293,1754320.2654465293,现金,0.0,0.0,False,False,0.0,1.9238671090775488,-0.23424290247362645,
2024-01-10,1754320.2654465293,1754320.2654465293,现金,0.0,0.0,False,False,0.0,1.9238671090775488,-0.23424290247362645,
2024-01-11,1754320.2654465293,1754320.2654465293,现金,0.0,0.0,False,False,0.0,1.9238671090775488,-0.23424290247362645,
2024-01-12,1754320.2654465293,1754320.2654465293,现金,0.0,0.0,False,False,0.0,1.9238671090775488,-0.23424290247362645,
2024-01-15,1754320.2654465293,1754320.2654465293,现金,0.0,0.0,False,False,0.0,1.9238671090775488,-0.23424290247362645,
2024-01-16,1754320.2654465293,1754320.2654465293,现金,0.0,0.0,False,False,0.0,1.9238671090775488,-0.23424290247362645,
2024-01-17,1754320.2654465293,1754320.2654465293,现金,0.0,0.0,False,False,0.0,1.9238671090775488,-0.23424290247362645,
2024-01-18,1754320.2654465293,1754320.2654465293,现金,0.0,0.0,False,False,0.0,1.9238671090775488,-0.23424290247362645,
2024-01-19,1754320.2654465293,1754320.2654465293,现金,0.0,0.0,False,False,0.0,1.9238671090775488,-0.23424290247362645,
2024-01-22,1754320.2654465293,1754320.2654465293,现金,0.0,0.0,False,False,0.0,1.9238671090775488,-0.23424290247362645,
2024-01-23,1754320.2654465293,1754320.2654465293,现金,0.0,0.0,False,False,0.0,1.9238671090775488,-0.23424290247362645,
2024-01-24,1754320.2654465293,1754320.2654465293,现金,0.0,0.0,False,False,0.0,1.9238671090775488,-0.23424290247362645,
2024-01-25,1754320.2654465293,1754320.2654465293,现金,0.0,0.0,False,False,0.0,1.9238671090775488,-0.23424290247362645,
2024-01-26,1754320.2654465293,1754320.2654465293,现金,0.0,0.0,False,False,0.0,1.9238671090775488,-0.23424290247362645,
2024-01-29,1754320.2654465293,1754320.2654465293,现金,0.0,0.0,False,False,0.0,1.9238671090775488,-0.23424290247362645,
2024-01-30,1754320.2654465293,1754320.2654465293,现金,0.0,0.0,False,False,0.0,1.9238671090775488,-0.23424290247362645,
2024-01-31,1754320.2654465293,1754320.2654465293,现金,0.0,0.0,False,False,0.0,1.9238671090775488,-0.23424290247362645,
2024-02-01,1754320.2654465293,1754320.2654465293,现金,0.0,0.0,False,False,0.0,1.9238671090775488,-0.23424290247362645,
2024-02-02,1754320.2654465293,1754320.2654465293,现金,0.0,0.0,False,False,0.0,1.9238671090775488,-0.23424290247362645,
2024-02-05,1754320.2654465293,1754320.2654465293,现金,0.0,0.0,False,False,0.0,1.9238671090775488,-0.23424290247362645,
2024-02-06,1754320.2654465293,1754320.2654465293,现金,0.0,0.0,False,False,0.0,1.9238671090775488,-0.23424290247362645,
2024-02-07,1754320.2654465293,1754320.2654465293,现金,0.0,0.0,False,False,0.0,1.9238671090775488,-0.23424290247362645,
2024-02-08,1754320.2654465293,1754320.2654465293,现金,0.0,0.0,False,False,0.0,1.9238671090775488,-0.23424290247362645,
2024-02-19,1754320.2654465293,1754320.2654465293,现金,0.0,0.0,False,False,0.0,1.9238671090775488,-0.23424290247362645,
2024-02-20,1768370.2430125186,0.0,CPO,1.0,1402.3343448813187,False,False,0.008008787131244421,1.9472837383541979,-0.22811011688529814,300308 / 300502 / 300394 / 002281 / 603083
2024-02-21,1693233.5784280426,0.0,CPO,1.0,0.0,False,False,-0.04248921563873209,1.8220559640467378,-0.26090711257831445,300308 / 300502 / 300394 / 002281 / 603083
2024-02-22,1733051.7249567434,0.0,CPO,1.0,0.0,False,False,0.023516038800545758,1.8884195415945721,-0.24352657556049873,300308 / 300502 / 300394 / 002281 / 603083
2024-02-23,1727786.8300449904,0.0,CPO,1.0,0.0,False,False,-0.0030379329341047034,1.8796447167416508,-0.2458246910903784,300308 / 300502 / 300394 / 002281 / 603083
2024-02-26,1734406.1893479216,0.0,CPO,1.0,0.0,False,False,0.003831120360350715,1.8906769822465361,-0.24293535470914096,300308 / 300502 / 300394 / 002281 / 603083
2024-02-27,1859953.0534158677,0.0,CPO,1.0,0.0,False,False,0.07238607936192132,2.0999217556931127,-0.18813441321301205,300308 / 300502 / 300394 / 002281 / 603083
2024-02-28,1837508.5545502503,1837508.5545502503,现金,0.0,2391.870552633749,False,False,-0.012067239452306255,2.0625142575837505,-0.19793138965185775,
2024-02-29,1922019.9639488938,0.0,CPO,1.0,1468.8317782176262,False,False,0.04599238963506691,2.20336660658149,-0.16104233761066944,300308 / 300502 / 300394 / 002281 / 603083
2024-03-01,2025784.590288559,0.0,CPO,1.0,0.0,False,False,0.05398727811675541,2.3763076504809315,-0.11574929696307357,300308 / 300502 / 300394 / 002281 / 603083
2024-03-04,2124320.7821613187,0.0,CPO,1.0,0.0,False,False,0.04864100178525099,2.540534636935531,-0.07273845693804504,300308 / 300502 / 300394 / 002281 / 603083
2024-03-05,2111393.5907247737,0.0,CPO,1.0,0.0,False,False,-0.006085329270936524,2.518989317874623,-0.07838114874785373,300308 / 300502 / 300394 / 002281 / 603083
2024-03-06,2125648.624998685,0.0,CPO,1.0,0.0,False,False,0.00675148126646441,2.5427477083311416,-0.07215885633880448,300308 / 300502 / 300394 / 002281 / 603083
2024-03-07,2040401.3414234342,0.0,CPO,1.0,0.0,False,False,-0.040104127546152446,2.40066890237239,-0.1093691159067609,300308 / 300502 / 300394 / 002281 / 603083
2024-03-08,2182512.5278525185,0.0,CPO,1.0,0.0,False,False,0.06964864389372738,2.6375208797541974,-0.047337882619795435,300308 / 300502 / 300394 / 002281 / 603083
2024-03-11,2197487.6032890445,0.0,CPO,1.0,0.0,False,False,0.006861392658882304,2.662479338815074,-0.04080129376120756,300308 / 300502 / 300394 / 002281 / 603083
2024-03-12,2149245.8820945024,0.0,CPO,1.0,0.0,False,False,-0.021953125524957318,2.5820764701575043,-0.06185870336264443,300308 / 300502 / 300394 / 002281 / 603083
2024-03-13,2181869.888543736,0.0,液冷,1.0,4647.714163659375,False,False,0.01517928065887042,2.6364498142395605,-0.04761839332330953,002837 / 300499 / 301018 / 300249 / 600510
2024-03-14,2155346.366005978,0.0,液冷,1.0,0.0,False,False,-0.012156326404715645,2.5922439433432967,-0.05919585499591884,002837 / 300499 / 301018 / 300249 / 600510
2024-03-15,2190591.092004826,0.0,液冷,1.0,0.0,False,False,0.016352233012162598,2.6509851533413764,-0.04381160639800363,002837 / 300499 / 301018 / 300249 / 600510
2024-03-18,2253370.319097328,0.0,液冷,1.0,0.0,False,False,0.02865857864648147,2.7556171984955466,-0.016408606119107993,002837 / 300499 / 301018 / 300249 / 600510
2024-03-19,2191354.93637424,0.0,液冷,1.0,0.0,False,False,-0.027521167824705595,2.6522582272904,-0.043478189941040135,002837 / 300499 / 301018 / 300249 / 600510
2024-03-20,2210125.4686268847,0.0,液冷,1.0,0.0,False,False,0.008565719747665401,2.6835424477114747,-0.03528489218354558,002837 / 300499 / 301018 / 300249 / 600510
2024-03-21,2181954.587806071,0.0,液冷,1.0,0.0,False,False,-0.012746281249958025,2.6365909796767855,-0.04758142227385764,002837 / 300499 / 301018 / 300249 / 600510
2024-03-22,2187980.8620360335,0.0,液冷,1.0,0.0,False,False,0.0027618696849331936,2.646634770060056,-0.044950966276668725,002837 / 300499 / 301018 / 300249 / 600510
2024-03-25,2206190.488193092,2206190.488193092,现金,0.0,2871.780949885871,False,False,0.008322571039361515,2.6769841469884867,-0.03700250284743267,
2024-03-26,2206190.488193092,2206190.488193092,现金,0.0,0.0,False,False,0.0,2.6769841469884867,-0.03700250284743267,
2024-03-27,2206190.488193092,2206190.488193092,现金,0.0,0.0,False,False,0.0,2.6769841469884867,-0.03700250284743267,
2024-03-28,2206190.488193092,2206190.488193092,现金,0.0,0.0,False,False,0.0,2.6769841469884867,-0.03700250284743267,
2024-03-29,2206190.488193092,2206190.488193092,现金,0.0,0.0,False,False,0.0,2.6769841469884867,-0.03700250284743267,
2024-04-01,2206190.488193092,2206190.488193092,现金,0.0,0.0,False,False,0.0,2.6769841469884867,-0.03700250284743267,
2024-04-02,2179798.2541000824,0.0,低空经济,1.0,1763.541557308627,False,False,-0.011962808394947455,2.6329970901668043,-0.04852265739068273,001696 / 002097 / 300699 / 603809 / 002984
2024-04-03,2117214.9565273677,0.0,低空经济,1.0,0.0,False,False,-0.02871059165911294,2.5286915942122796,-0.07584013484723673,001696 / 002097 / 300699 / 603809 / 002984
2024-04-08,2046509.5663569607,0.0,低空经济,1.0,0.0,False,False,-0.0333954707586126,2.410849277261601,-0.10670288860022925,001696 / 002097 / 300699 / 603809 / 002984
2024-04-09,2094004.4093164161,0.0,低空经济,1.0,0.0,False,False,0.02320773073345661,2.4900073488606935,-0.0859714897738888,001696 / 002097 / 300699 / 603809 / 002984
2024-04-10,2138746.824511442,0.0,低空经济,1.0,0.0,False,False,0.021366915463961078,2.5645780408524033,-0.06644151986423708,001696 / 002097 / 300699 / 603809 / 002984
2024-04-11,2088099.9841974194,0.0,低空经济,1.0,0.0,False,False,-0.023680615084299084,2.480166640329032,-0.08854875889101543,001696 / 002097 / 300699 / 603809 / 002984
2024-04-12,2081192.9269895684,0.0,低空经济,1.0,0.0,False,False,-0.0033078191945419277,2.4686548783159474,-0.09156367480124483,001696 / 002097 / 300699 / 603809 / 002984
2024-04-15,2106552.8167840997,0.0,黄金概念,1.0,4359.659949687273,False,False,0.012185266183474042,2.5109213613068326,-0.08049413636796099,600547 / 601899 / 600489 / 000975 / 002237
2024-04-16,2017404.6460356265,0.0,黄金概念,1.0,0.0,False,False,-0.04231945671534043,2.3623410767260444,-0.11940712496343875,600547 / 601899 / 600489 / 000975 / 002237
2024-04-17,2019140.0330923616,2019140.0330923616,现金,0.0,2628.2988315010216,False,False,0.0008602077229005189,2.3652333884872694,-0.11864963217160118,
2024-04-18,2019140.0330923616,2019140.0330923616,现金,0.0,0.0,False,False,0.0,2.3652333884872694,-0.11864963217160118,
2024-04-19,2019140.0330923616,2019140.0330923616,现金,0.0,0.0,False,False,0.0,2.3652333884872694,-0.11864963217160118,
2024-04-22,2019140.0330923616,2019140.0330923616,现金,0.0,0.0,False,False,0.0,2.3652333884872694,-0.11864963217160118,
2024-04-23,2026329.269807163,0.0,低空经济,1.0,1614.0208098260289,False,False,0.0035605438934271927,2.377215449678605,-0.11551154550146003,001696 / 002097 / 300699 / 603809 / 002984
2024-04-24,2098925.2397042885,0.0,低空经济,1.0,0.0,False,False,0.03582634420714559,2.4982087328404807,-0.08382355768334904,001696 / 002097 / 300699 / 603809 / 002984
2024-04-25,2071749.4895032453,0.0,低空经济,1.0,0.0,False,False,-0.012947459817516882,2.4529158158387423,-0.09568571535599946,001696 / 002097 / 300699 / 603809 / 002984
2024-04-26,2120767.619674125,0.0,低空经济,1.0,0.0,False,False,0.023660259321523158,2.534612699456875,-0.07428940487316471,001696 / 002097 / 300699 / 603809 / 002984
2024-04-29,2186524.0371391154,0.0,低空经济,1.0,0.0,False,False,0.031005951267350174,2.6442067285651922,-0.045586867272992326,001696 / 002097 / 300699 / 603809 / 002984
2024-04-30,2160037.053303204,0.0,低空经济,1.0,0.0,False,False,-0.012113740066890588,2.60006175550534,-0.057148379879274014,001696 / 002097 / 300699 / 603809 / 002984
2024-05-06,2170540.9567392278,0.0,低空经济,1.0,0.0,False,False,0.004862834838856411,2.617568261232046,-0.052563448173078675,001696 / 002097 / 300699 / 603809 / 002984
2024-05-07,2278632.82233431,0.0,低空经济,1.0,0.0,False,False,0.04979950516919396,2.7977213705571833,-0.0053815767128906344,001696 / 002097 / 300699 / 603809 / 002984
2024-05-08,2274208.136347918,0.0,低空经济,1.0,0.0,False,False,-0.0019418161377396936,2.7903468939131963,-0.007312942818122781,001696 / 002097 / 300699 / 603809 / 002984
2024-05-09,2275170.6256949585,0.0,低空经济,1.0,0.0,False,False,0.0004232195513056425,2.791951042824931,-0.0068928182471954536,001696 / 002097 / 300699 / 603809 / 002984
2024-05-10,2209759.6400653925,0.0,低空经济,1.0,0.0,False,False,-0.02874992534223053,2.6829327334423207,-0.03544457557942149,001696 / 002097 / 300699 / 603809 / 002984
2024-05-13,2188447.441314768,0.0,低空经济,1.0,0.0,False,False,-0.009644577792177311,2.64741240219128,-0.0447473054051124,001696 / 002097 / 300699 / 603809 / 002984
2024-05-14,2162697.4867545734,0.0,低空经济,1.0,0.0,False,False,-0.011766311620773795,2.6044958112576224,-0.05598710628629966,001696 / 002097 / 300699 / 603809 / 002984
2024-05-15,2170849.7517325003,0.0,低空经济,1.0,0.0,False,False,0.0037694892733983743,2.6180829195541673,-0.05242865980949618,001696 / 002097 / 300699 / 603809 / 002984
2024-05-16,2181409.798299026,0.0,低空经济,1.0,0.0,False,False,0.004864476022856223,2.6356829971650435,-0.04781922174519382,001696 / 002097 / 300699 / 603809 / 002984
2024-05-17,2276282.324978455,0.0,低空经济,1.0,0.0,False,False,0.043491381928056905,2.7938038749640914,-0.006407563853559561,001696 / 002097 / 300699 / 603809 / 002984
2024-05-20,2251173.841237898,0.0,低空经济,1.0,0.0,False,False,-0.011030478717438785,2.7519564020631635,-0.017367364074280967,001696 / 002097 / 300699 / 603809 / 002984
2024-05-21,2198166.055328539,0.0,低空经济,1.0,0.0,False,False,-0.02354673145997932,2.663610092214232,-0.04050515087623552,001696 / 002097 / 300699 / 603809 / 002984
2024-05-22,2166906.3019109247,0.0,低空经济,1.0,0.0,False,False,-0.014220833472447736,2.6115105031848747,-0.05414996734329591,001696 / 002097 / 300699 / 603809 / 002984
2024-05-23,2143232.4013219015,0.0,低空经济,1.0,0.0,False,False,-0.010925207318907115,2.5720540022031693,-0.06448357504266544,001696 / 002097 / 300699 / 603809 / 002984
2024-05-24,2080992.1176281983,0.0,低空经济,1.0,0.0,False,False,-0.02904038015444088,2.468320196046997,-0.09165132766414985,001696 / 002097 / 300699 / 603809 / 002984
2024-05-27,2084117.7426580386,2084117.7426580386,现金,0.0,2712.87980920742,False,False,0.0015019879236268796,2.473529571096731,-0.09028699892785896,
2024-05-28,2084117.7426580386,2084117.7426580386,现金,0.0,0.0,False,False,0.0,2.473529571096731,-0.09028699892785896,
2024-05-29,2084117.7426580386,2084117.7426580386,现金,0.0,0.0,False,False,0.0,2.473529571096731,-0.09028699892785896,
2024-05-30,2084117.7426580386,2084117.7426580386,现金,0.0,0.0,False,False,0.0,2.473529571096731,-0.09028699892785896,
2024-05-31,2084117.7426580386,2084117.7426580386,现金,0.0,0.0,False,False,0.0,2.473529571096731,-0.09028699892785896,
2024-06-03,2084117.7426580386,2084117.7426580386,现金,0.0,0.0,False,False,0.0,2.473529571096731,-0.09028699892785896,
2024-06-04,2084117.7426580386,2084117.7426580386,现金,0.0,0.0,False,False,0.0,2.473529571096731,-0.09028699892785896,
2024-06-05,2084117.7426580386,2084117.7426580386,现金,0.0,0.0,False,False,0.0,2.473529571096731,-0.09028699892785896,
2024-06-06,2084117.7426580386,2084117.7426580386,现金,0.0,0.0,False,False,0.0,2.473529571096731,-0.09028699892785896,
2024-06-07,2084117.7426580386,2084117.7426580386,现金,0.0,0.0,False,False,0.0,2.473529571096731,-0.09028699892785896,
2024-06-11,2084117.7426580386,2084117.7426580386,现金,0.0,0.0,False,False,0.0,2.473529571096731,-0.09028699892785896,
2024-06-12,2084117.7426580386,2084117.7426580386,现金,0.0,0.0,False,False,0.0,2.473529571096731,-0.09028699892785896,
2024-06-13,2084117.7426580386,2084117.7426580386,现金,0.0,0.0,False,False,0.0,2.473529571096731,-0.09028699892785896,
2024-06-14,2084117.7426580386,2084117.7426580386,现金,0.0,0.0,False,False,0.0,2.473529571096731,-0.09028699892785896,
2024-06-17,2084117.7426580386,2084117.7426580386,现金,0.0,0.0,False,False,0.0,2.473529571096731,-0.09028699892785896,
2024-06-18,2084117.7426580386,2084117.7426580386,现金,0.0,0.0,False,False,0.0,2.473529571096731,-0.09028699892785896,
2024-06-19,2084117.7426580386,2084117.7426580386,现金,0.0,0.0,False,False,0.0,2.473529571096731,-0.09028699892785896,
2024-06-20,2084117.7426580386,2084117.7426580386,现金,0.0,0.0,False,False,0.0,2.473529571096731,-0.09028699892785896,
2024-06-21,2084117.7426580386,2084117.7426580386,现金,0.0,0.0,False,False,0.0,2.473529571096731,-0.09028699892785896,
2024-06-24,2084117.7426580386,2084117.7426580386,现金,0.0,0.0,False,False,0.0,2.473529571096731,-0.09028699892785896,
2024-06-25,2084117.7426580386,2084117.7426580386,现金,0.0,0.0,False,False,0.0,2.473529571096731,-0.09028699892785896,
2024-06-26,2084117.7426580386,2084117.7426580386,现金,0.0,0.0,False,False,0.0,2.473529571096731,-0.09028699892785896,
2024-06-27,2084117.7426580386,2084117.7426580386,现金,0.0,0.0,False,False,0.0,2.473529571096731,-0.09028699892785896,
2024-06-28,2084117.7426580386,2084117.7426580386,现金,0.0,0.0,False,False,0.0,2.473529571096731,-0.09028699892785896,
2024-07-01,2084117.7426580386,2084117.7426580386,现金,0.0,0.0,False,False,0.0,2.473529571096731,-0.09028699892785896,
2024-07-02,2084117.7426580386,2084117.7426580386,现金,0.0,0.0,False,False,0.0,2.473529571096731,-0.09028699892785896,
2024-07-03,2084117.7426580386,2084117.7426580386,现金,0.0,0.0,False,False,0.0,2.473529571096731,-0.09028699892785896,
2024-07-04,2084117.7426580386,2084117.7426580386,现金,0.0,0.0,False,False,0.0,2.473529571096731,-0.09028699892785896,
2024-07-05,2084117.7426580386,2084117.7426580386,现金,0.0,0.0,False,False,0.0,2.473529571096731,-0.09028699892785896,
2024-07-08,2084117.7426580386,2084117.7426580386,现金,0.0,0.0,False,False,0.0,2.473529571096731,-0.09028699892785896,
2024-07-09,2084117.7426580386,2084117.7426580386,现金,0.0,0.0,False,False,0.0,2.473529571096731,-0.09028699892785896,
2024-07-10,2084117.7426580386,2084117.7426580386,现金,0.0,0.0,False,False,0.0,2.473529571096731,-0.09028699892785896,
2024-07-11,2084117.7426580386,2084117.7426580386,现金,0.0,0.0,False,False,0.0,2.473529571096731,-0.09028699892785896,
2024-07-12,2084117.7426580386,2084117.7426580386,现金,0.0,0.0,False,False,0.0,2.473529571096731,-0.09028699892785896,
2024-07-15,2084117.7426580386,2084117.7426580386,现金,0.0,0.0,False,False,0.0,2.473529571096731,-0.09028699892785896,
2024-07-16,2203319.205825298,0.0,消费电子,1.0,1665.961424986442,False,False,0.05719516739742003,2.672198676375497,-0.038255811547928564,002475 / 002241 / 002600 / 300433 / 601231
2024-07-17,2110797.2484857375,0.0,消费电子,1.0,0.0,False,False,-0.04199208044614877,2.517995414142896,-0.0786414508780241,002475 / 002241 / 002600 / 300433 / 601231
2024-07-18,2071864.9017293174,0.0,消费电子,1.0,0.0,False,False,-0.01844438009588545,2.4531081695488623,-0.09563533816262337,002475 / 002241 / 002600 / 300433 / 601231
2024-07-19,2036550.2479116034,0.0,消费电子,1.0,0.0,False,False,-0.01704486319944798,2.394250413186006,-0.11105011010605648,002475 / 002241 / 002600 / 300433 / 601231
2024-07-22,2023180.3609096545,2023180.3609096545,现金,0.0,2633.5580947056683,False,False,-0.006564967898856966,2.3719672681827575,-0.11688603759690264,
2024-07-23,2023180.3609096545,2023180.3609096545,现金,0.0,0.0,False,False,0.0,2.3719672681827575,-0.11688603759690264,
2024-07-24,2023180.3609096545,2023180.3609096545,现金,0.0,0.0,False,False,0.0,2.3719672681827575,-0.11688603759690264,
2024-07-25,2023180.3609096545,2023180.3609096545,现金,0.0,0.0,False,False,0.0,2.3719672681827575,-0.11688603759690264,
2024-07-26,2023180.3609096545,2023180.3609096545,现金,0.0,0.0,False,False,0.0,2.3719672681827575,-0.11688603759690264,
2024-07-29,2023180.3609096545,2023180.3609096545,现金,0.0,0.0,False,False,0.0,2.3719672681827575,-0.11688603759690264,
2024-07-30,2023180.3609096545,2023180.3609096545,现金,0.0,0.0,False,False,0.0,2.3719672681827575,-0.11688603759690264,
2024-07-31,2023180.3609096545,2023180.3609096545,现金,0.0,0.0,False,False,0.0,2.3719672681827575,-0.11688603759690264,
2024-08-01,2023180.3609096545,2023180.3609096545,现金,0.0,0.0,False,False,0.0,2.3719672681827575,-0.11688603759690264,
2024-08-02,2023180.3609096545,2023180.3609096545,现金,0.0,0.0,False,False,0.0,2.3719672681827575,-0.11688603759690264,
2024-08-05,2023180.3609096545,2023180.3609096545,现金,0.0,0.0,False,False,0.0,2.3719672681827575,-0.11688603759690264,
2024-08-06,2023180.3609096545,2023180.3609096545,现金,0.0,0.0,False,False,0.0,2.3719672681827575,-0.11688603759690264,
2024-08-07,2023180.3609096545,2023180.3609096545,现金,0.0,0.0,False,False,0.0,2.3719672681827575,-0.11688603759690264,
2024-08-08,2023180.3609096545,2023180.3609096545,现金,0.0,0.0,False,False,0.0,2.3719672681827575,-0.11688603759690264,
2024-08-09,2023180.3609096545,2023180.3609096545,现金,0.0,0.0,False,False,0.0,2.3719672681827575,-0.11688603759690264,
2024-08-12,2023180.3609096545,2023180.3609096545,现金,0.0,0.0,False,False,0.0,2.3719672681827575,-0.11688603759690264,
2024-08-13,2023180.3609096545,2023180.3609096545,现金,0.0,0.0,False,False,0.0,2.3719672681827575,-0.11688603759690264,
2024-08-14,2023180.3609096545,2023180.3609096545,现金,0.0,0.0,False,False,0.0,2.3719672681827575,-0.11688603759690264,
2024-08-15,2023180.3609096545,2023180.3609096545,现金,0.0,0.0,False,False,0.0,2.3719672681827575,-0.11688603759690264,
2024-08-16,2023180.3609096545,2023180.3609096545,现金,0.0,0.0,False,False,0.0,2.3719672681827575,-0.11688603759690264,
2024-08-19,2023180.3609096545,2023180.3609096545,现金,0.0,0.0,False,False,0.0,2.3719672681827575,-0.11688603759690264,
2024-08-20,2023180.3609096545,2023180.3609096545,现金,0.0,0.0,False,False,0.0,2.3719672681827575,-0.11688603759690264,
2024-08-21,2023180.3609096545,2023180.3609096545,现金,0.0,0.0,False,False,0.0,2.3719672681827575,-0.11688603759690264,
2024-08-22,2023180.3609096545,2023180.3609096545,现金,0.0,0.0,False,False,0.0,2.3719672681827575,-0.11688603759690264,
2024-08-23,2023180.3609096545,2023180.3609096545,现金,0.0,0.0,False,False,0.0,2.3719672681827575,-0.11688603759690264,
2024-08-26,2023180.3609096545,2023180.3609096545,现金,0.0,0.0,False,False,0.0,2.3719672681827575,-0.11688603759690264,
2024-08-27,2023180.3609096545,2023180.3609096545,现金,0.0,0.0,False,False,0.0,2.3719672681827575,-0.11688603759690264,
2024-08-28,2023180.3609096545,2023180.3609096545,现金,0.0,0.0,False,False,0.0,2.3719672681827575,-0.11688603759690264,
2024-08-29,2023180.3609096545,2023180.3609096545,现金,0.0,0.0,False,False,0.0,2.3719672681827575,-0.11688603759690264,
2024-08-30,2023180.3609096545,2023180.3609096545,现金,0.0,0.0,False,False,0.0,2.3719672681827575,-0.11688603759690264,
2024-09-02,2023180.3609096545,2023180.3609096545,现金,0.0,0.0,False,False,0.0,2.3719672681827575,-0.11688603759690264,
2024-09-03,2023180.3609096545,2023180.3609096545,现金,0.0,0.0,False,False,0.0,2.3719672681827575,-0.11688603759690264,
2024-09-04,2023180.3609096545,2023180.3609096545,现金,0.0,0.0,False,False,0.0,2.3719672681827575,-0.11688603759690264,
2024-09-05,2023180.3609096545,2023180.3609096545,现金,0.0,0.0,False,False,0.0,2.3719672681827575,-0.11688603759690264,
2024-09-06,2023180.3609096545,2023180.3609096545,现金,0.0,0.0,False,False,0.0,2.3719672681827575,-0.11688603759690264,
2024-09-09,2023180.3609096545,2023180.3609096545,现金,0.0,0.0,False,False,0.0,2.3719672681827575,-0.11688603759690264,
2024-09-10,2023180.3609096545,2023180.3609096545,现金,0.0,0.0,False,False,0.0,2.3719672681827575,-0.11688603759690264,
2024-09-11,2023180.3609096545,2023180.3609096545,现金,0.0,0.0,False,False,0.0,2.3719672681827575,-0.11688603759690264,
2024-09-12,2023180.3609096545,2023180.3609096545,现金,0.0,0.0,False,False,0.0,2.3719672681827575,-0.11688603759690264,
2024-09-13,2023180.3609096545,2023180.3609096545,现金,0.0,0.0,False,False,0.0,2.3719672681827575,-0.11688603759690264,
2024-09-18,2023180.3609096545,2023180.3609096545,现金,0.0,0.0,False,False,0.0,2.3719672681827575,-0.11688603759690264,
2024-09-19,2023180.3609096545,2023180.3609096545,现金,0.0,0.0,False,False,0.0,2.3719672681827575,-0.11688603759690264,
2024-09-20,2023180.3609096545,2023180.3609096545,现金,0.0,0.0,False,False,0.0,2.3719672681827575,-0.11688603759690264,
2024-09-23,2023180.3609096545,2023180.3609096545,现金,0.0,0.0,False,False,0.0,2.3719672681827575,-0.11688603759690264,
2024-09-24,2023180.3609096545,2023180.3609096545,现金,0.0,0.0,False,False,0.0,2.3719672681827575,-0.11688603759690264,
2024-09-25,2037730.9201551694,0.0,保险,1.0,1617.250488337054,False,False,0.0071919239266304835,2.3962182002586156,-0.11053474916075445,601318 / 601601 / 601628 / 000627 / 601319
2024-09-26,2128076.671976964,0.0,保险,1.0,0.0,False,False,0.04433644841337281,2.54679445329494,-0.07109901895143245,601318 / 601601 / 601628 / 000627 / 601319
2024-09-27,2210219.549925399,0.0,保险,1.0,0.0,False,False,0.03859958573396938,2.683699249875665,-0.035243825895080017,601318 / 601601 / 601628 / 000627 / 601319
2024-09-30,2432983.993414443,0.0,保险,1.0,0.0,False,False,0.10078837801274676,3.054973322357405,0.0,601318 / 601601 / 601628 / 000627 / 601319
2024-10-08,2676403.07468402,2676403.07468402,现金,0.0,3483.853005997022,False,False,0.10004960243407246,3.460671791140034,0.0,
2024-10-09,2676403.07468402,2676403.07468402,现金,0.0,0.0,False,False,0.0,3.460671791140034,0.0,
2024-10-10,2676403.07468402,2676403.07468402,现金,0.0,0.0,False,False,0.0,3.460671791140034,0.0,
2024-10-11,2676403.07468402,2676403.07468402,现金,0.0,0.0,False,False,0.0,3.460671791140034,0.0,
2024-10-14,2676403.07468402,2676403.07468402,现金,0.0,0.0,False,False,0.0,3.460671791140034,0.0,
2024-10-15,2676403.07468402,2676403.07468402,现金,0.0,0.0,False,False,0.0,3.460671791140034,0.0,
2024-10-16,2676403.07468402,2676403.07468402,现金,0.0,0.0,False,False,0.0,3.460671791140034,0.0,
2024-10-17,2717297.5942329387,0.0,大数据,1.0,2139.410931002414,False,False,0.015279656467195757,3.528829323721564,0.0,002401 / 300166 / 300168 / 300290 / 002642
2024-10-18,2768630.303243565,0.0,大数据,1.0,0.0,False,False,0.018891088381181476,3.6143838387392746,0.0,002401 / 300166 / 300168 / 300290 / 002642
2024-10-21,2896831.2336394405,0.0,大数据,1.0,0.0,False,False,0.04630482092379151,3.828052056065734,0.0,002401 / 300166 / 300168 / 300290 / 002642
2024-10-22,2747811.642747698,0.0,大数据,1.0,0.0,False,False,-0.051442275670481985,3.5796860712461633,-0.051442275670481985,002401 / 300166 / 300168 / 300290 / 002642
2024-10-23,2730039.834396714,0.0,大数据,1.0,0.0,False,False,-0.00646762247983379,3.55006639066119,-0.05757718893177555,002401 / 300166 / 300168 / 300290 / 002642
2024-10-24,2745350.6397571764,0.0,大数据,1.0,0.0,False,False,0.00560827177961154,3.575584399595294,-0.05229182567599944,002401 / 300166 / 300168 / 300290 / 002642
2024-10-25,2798829.060454838,0.0,大数据,1.0,0.0,False,False,0.019479632190950946,3.6647151007580634,-0.03383081901581031,002401 / 300166 / 300168 / 300290 / 002642
2024-10-28,2853348.286066764,0.0,低空经济,1.0,5787.401547270101,False,False,0.019479298104424503,3.75558047677794,-0.01501052152011162,001696 / 002097 / 300699 / 603809 / 002984
2024-10-29,2900632.9685686566,2900632.9685686566,现金,0.0,3775.7313098420477,False,False,0.016571647678900403,3.8343882809477607,0.0,
2024-10-30,3108511.843170806,0.0,低空经济,1.0,2318.651453691972,False,False,0.07166672821233533,4.1808530719513435,0.0,001696 / 002097 / 300699 / 603809 / 002984
2024-10-31,3165449.6478701667,3165449.6478701667,现金,0.0,4120.441115681602,False,False,0.018316740476459703,4.2757494131169445,0.0,
2024-11-01,3079327.432119153,0.0,低空经济,1.0,2530.335449936185,False,False,-0.027206945404726346,4.132212386865255,-0.027206945404726346,001696 / 002097 / 300699 / 603809 / 002984
2024-11-04,3147226.172650793,0.0,低空经济,1.0,0.0,False,False,0.022049860571310864,4.2453769544179885,-0.005756994186160935,001696 / 002097 / 300699 / 603809 / 002984
2024-11-05,3260707.264340567,0.0,低空经济,1.0,0.0,False,False,0.036057494906440946,4.434512107234278,0.0,001696 / 002097 / 300699 / 603809 / 002984
2024-11-06,3266132.1888123527,0.0,低空经济,1.0,0.0,False,False,0.001663726312114422,4.443553648020588,0.0,001696 / 002097 / 300699 / 603809 / 002984
2024-11-07,3118861.3202707083,0.0,低空经济,1.0,0.0,False,False,-0.045090296420364995,4.1981022004511805,-0.045090296420364995,001696 / 002097 / 300699 / 603809 / 002984
2024-11-08,3198934.0138732856,0.0,低空经济,1.0,0.0,False,False,0.025673694781538803,4.331556689788809,-0.020574236146731706,001696 / 002097 / 300699 / 603809 / 002984
2024-11-11,3270353.1101993863,0.0,低空经济,1.0,0.0,False,False,0.02232590482215846,4.450588516998977,0.0,001696 / 002097 / 300699 / 603809 / 002984
2024-11-12,3174128.448763665,0.0,低空经济,1.0,0.0,False,False,-0.029423324697147146,4.290214081272775,-0.029423324697147146,001696 / 002097 / 300699 / 603809 / 002984
2024-11-13,3190546.1113219177,0.0,低空经济,1.0,0.0,False,False,0.005172337170112895,4.317576852203196,-0.024403174883033563,001696 / 002097 / 300699 / 603809 / 002984
2024-11-14,3074896.163643206,0.0,低空经济,1.0,0.0,False,False,-0.03624769667748051,4.124826939405343,-0.05976631267938637,001696 / 002097 / 300699 / 603809 / 002984
2024-11-15,2933616.576779916,0.0,低空经济,1.0,0.0,False,False,-0.0459461325991245,3.88936096129986,-0.10296641435118303,001696 / 002097 / 300699 / 603809 / 002984
2024-11-18,2931965.3310492425,2931965.3310492425,现金,0.0,3816.5164016862072,False,False,-0.0005628703300026849,3.8866088850820706,-0.10347132794156066,
2024-11-19,2931965.3310492425,2931965.3310492425,现金,0.0,0.0,False,False,0.0,3.8866088850820706,-0.10347132794156066,
2024-11-20,2931965.3310492425,2931965.3310492425,现金,0.0,0.0,False,False,0.0,3.8866088850820706,-0.10347132794156066,
2024-11-21,2931965.3310492425,2931965.3310492425,现金,0.0,0.0,False,False,0.0,3.8866088850820706,-0.10347132794156066,
2024-11-22,2931965.3310492425,2931965.3310492425,现金,0.0,0.0,False,False,0.0,3.8866088850820706,-0.10347132794156066,
2024-11-25,2931965.3310492425,2931965.3310492425,现金,0.0,0.0,False,False,0.0,3.8866088850820706,-0.10347132794156066,
2024-11-26,2931965.3310492425,2931965.3310492425,现金,0.0,0.0,False,False,0.0,3.8866088850820706,-0.10347132794156066,
2024-11-27,2931965.3310492425,2931965.3310492425,现金,0.0,0.0,False,False,0.0,3.8866088850820706,-0.10347132794156066,
2024-11-28,2931965.3310492425,2931965.3310492425,现金,0.0,0.0,False,False,0.0,3.8866088850820706,-0.10347132794156066,
2024-11-29,2931965.3310492425,2931965.3310492425,现金,0.0,0.0,False,False,0.0,3.8866088850820706,-0.10347132794156066,
2024-12-02,2931965.3310492425,2931965.3310492425,现金,0.0,0.0,False,False,0.0,3.8866088850820706,-0.10347132794156066,
2024-12-03,2945695.8128217105,0.0,液冷,1.0,2343.6973069937994,False,False,0.004683030057369253,3.909493021369517,-0.09927285722301782,002837 / 300499 / 301018 / 300249 / 600510
2024-12-04,2904843.2001890363,0.0,液冷,1.0,0.0,False,False,-0.01386857816576148,3.841405333648394,-0.11176466200864332,002837 / 300499 / 301018 / 300249 / 600510
2024-12-05,2945821.8672024524,0.0,液冷,1.0,0.0,False,False,0.014107015143106194,3.9097031120040873,-0.09923431264495719,002837 / 300499 / 301018 / 300249 / 600510
2024-12-06,2931659.584991551,0.0,液冷,1.0,0.0,False,False,-0.004807582688070244,3.8860993083192517,-0.10356481816949292,002837 / 300499 / 301018 / 300249 / 600510
2024-12-09,2935521.1487526386,0.0,液冷,1.0,0.0,False,False,0.0013171937768139408,3.8925352479210646,-0.10238403932666884,002837 / 300499 / 301018 / 300249 / 600510
2024-12-10,2936224.9563740045,0.0,液冷,1.0,0.0,False,False,0.000239755595583091,3.893708260623341,-0.10216883087741269,002837 / 300499 / 301018 / 300249 / 600510
2024-12-11,3066813.4978192323,0.0,液冷,1.0,0.0,False,False,0.04447497837716563,4.11135582969872,-0.0622378090443404,002837 / 300499 / 301018 / 300249 / 600510
2024-12-12,3075658.757090274,0.0,液冷,1.0,0.0,False,False,0.002884185581331078,4.12609792848379,-0.05953312885446871,002837 / 300499 / 301018 / 300249 / 600510
2024-12-13,3143813.810793999,0.0,液冷,1.0,0.0,False,False,0.022159497878823098,4.239689684656665,-0.03869285521821597,002837 / 300499 / 301018 / 300249 / 600510
2024-12-16,3064549.1932203555,0.0,液冷,1.0,0.0,False,False,-0.025212885477344682,4.107581988700592,-0.06293018216815227,002837 / 300499 / 301018 / 300249 / 600510
2024-12-17,2886315.6899330844,0.0,液冷,1.0,0.0,False,False,-0.05815977882866874,3.8105261498884744,-0.11742995552027347,002837 / 300499 / 301018 / 300249 / 600510
2024-12-18,2900817.9953587228,0.0,液冷,1.0,0.0,False,False,0.005024504241244232,3.834696658931205,-0.11299547858859005,002837 / 300499 / 301018 / 300249 / 600510
2024-12-19,2843298.95742857,0.0,纺织服饰,1.0,5975.230721589329,False,False,-0.01982855802128325,3.7388315957142835,-0.13058349920653667,600398 / 600177 / 002563 / 603877 / 002327
2024-12-20,2872583.474585229,0.0,纺织服饰,1.0,0.0,False,False,0.010299485771676942,3.787639124308715,-0.12162895632695336,600398 / 600177 / 002563 / 603877 / 002327
2024-12-23,2843988.7487653377,0.0,纺织服饰,1.0,0.0,False,False,-0.00995435853226867,3.7399812479422296,-0.13037257662003787,600398 / 600177 / 002563 / 603877 / 002327
2024-12-24,2875834.9576175,0.0,存储,1.0,5964.092540657549,False,False,0.011197726737135483,3.7930582626958333,-0.1206347263699098,603986 / 301308 / 300223 / 688525 / 000021
2024-12-25,2819567.9025112675,0.0,存储,1.0,0.0,False,False,-0.01956546739832632,3.6992798375187794,-0.1378399189623396,603986 / 301308 / 300223 / 688525 / 000021
2024-12-26,2922451.242403375,0.0,存储,1.0,0.0,False,False,0.03648904493503191,3.8707520706722915,-0.10638052102416562,603986 / 301308 / 300223 / 688525 / 000021
2024-12-27,2846358.1686630417,0.0,存储,1.0,0.0,False,False,-0.026037414289846517,3.7439302811050696,-0.12964806161573617,603986 / 301308 / 300223 / 688525 / 000021
2024-12-30,2829268.903038713,0.0,存储,1.0,0.0,False,False,-0.006003905556395739,3.7154481717311887,-0.13487357245462128,603986 / 301308 / 300223 / 688525 / 000021
2024-12-31,2658238.7301309863,0.0,存储,1.0,0.0,False,False,-0.060450306693731304,3.4303978835516435,-0.18717073032859155,603986 / 301308 / 300223 / 688525 / 000021
2025-01-02,2540924.060341986,0.0,存储,1.0,0.0,False,False,-0.04413248082621224,3.23487343390331,-0.22304290248734904,603986 / 301308 / 300223 / 688525 / 000021
2025-01-03,2546576.6790678953,2546576.6790678953,现金,0.0,3314.8589994875974,False,False,0.002224631115165465,3.2442944651131587,-0.22131445955307372,
2025-01-06,2546576.6790678953,2546576.6790678953,现金,0.0,0.0,False,False,0.0,3.2442944651131587,-0.22131445955307372,
2025-01-07,2546576.6790678953,2546576.6790678953,现金,0.0,0.0,False,False,0.0,3.2442944651131587,-0.22131445955307372,
2025-01-08,2546576.6790678953,2546576.6790678953,现金,0.0,0.0,False,False,0.0,3.2442944651131587,-0.22131445955307372,
2025-01-09,2546576.6790678953,2546576.6790678953,现金,0.0,0.0,False,False,0.0,3.2442944651131587,-0.22131445955307372,
2025-01-10,2546576.6790678953,2546576.6790678953,现金,0.0,0.0,False,False,0.0,3.2442944651131587,-0.22131445955307372,
2025-01-13,2546576.6790678953,2546576.6790678953,现金,0.0,0.0,False,False,0.0,3.2442944651131587,-0.22131445955307372,
2025-01-14,2546576.6790678953,2546576.6790678953,现金,0.0,0.0,False,False,0.0,3.2442944651131587,-0.22131445955307372,
2025-01-15,2546576.6790678953,2546576.6790678953,现金,0.0,0.0,False,False,0.0,3.2442944651131587,-0.22131445955307372,
2025-01-16,2546576.6790678953,2546576.6790678953,现金,0.0,0.0,False,False,0.0,3.2442944651131587,-0.22131445955307372,
2025-01-17,2546576.6790678953,2546576.6790678953,现金,0.0,0.0,False,False,0.0,3.2442944651131587,-0.22131445955307372,
2025-01-20,2546576.6790678953,2546576.6790678953,现金,0.0,0.0,False,False,0.0,3.2442944651131587,-0.22131445955307372,
2025-01-21,2546576.6790678953,2546576.6790678953,现金,0.0,0.0,False,False,0.0,3.2442944651131587,-0.22131445955307372,
2025-01-22,2546576.6790678953,2546576.6790678953,现金,0.0,0.0,False,False,0.0,3.2442944651131587,-0.22131445955307372,
2025-01-23,2546576.6790678953,2546576.6790678953,现金,0.0,0.0,False,False,0.0,3.2442944651131587,-0.22131445955307372,
2025-01-24,2546576.6790678953,2546576.6790678953,现金,0.0,0.0,False,False,0.0,3.2442944651131587,-0.22131445955307372,
2025-01-27,2480496.6857944233,0.0,PCB,1.0,2035.6328369847288,False,False,-0.02594855824159148,3.1341611429907053,-0.24152022665124595,002463 / 600183 / 002916 / 002938 / 300476
2025-02-05,2266716.7535988176,0.0,PCB,1.0,0.0,False,False,-0.08618432486521899,2.7778612559980296,-0.30688929384123265,002463 / 600183 / 002916 / 002938 / 300476
2025-02-06,2283255.1069714692,2283255.1069714692,现金,0.0,2972.0953630348554,False,False,0.007296171145509955,2.805425178285782,-0.3018322395063131,
2025-02-07,2283255.1069714692,2283255.1069714692,现金,0.0,0.0,False,False,0.0,2.805425178285782,-0.3018322395063131,
2025-02-10,2283255.1069714692,2283255.1069714692,现金,0.0,0.0,False,False,0.0,2.805425178285782,-0.3018322395063131,
2025-02-11,2283255.1069714692,2283255.1069714692,现金,0.0,0.0,False,False,0.0,2.805425178285782,-0.3018322395063131,
2025-02-12,2283255.1069714692,2283255.1069714692,现金,0.0,0.0,False,False,0.0,2.805425178285782,-0.3018322395063131,
2025-02-13,2283255.1069714692,2283255.1069714692,现金,0.0,0.0,False,False,0.0,2.805425178285782,-0.3018322395063131,
2025-02-14,2283255.1069714692,2283255.1069714692,现金,0.0,0.0,False,False,0.0,2.805425178285782,-0.3018322395063131,
2025-02-17,2283255.1069714692,2283255.1069714692,现金,0.0,0.0,False,False,0.0,2.805425178285782,-0.3018322395063131,
2025-02-18,2283255.1069714692,2283255.1069714692,现金,0.0,0.0,False,False,0.0,2.805425178285782,-0.3018322395063131,
2025-02-19,2283255.1069714692,2283255.1069714692,现金,0.0,0.0,False,False,0.0,2.805425178285782,-0.3018322395063131,
2025-02-20,2283255.1069714692,2283255.1069714692,现金,0.0,0.0,False,False,0.0,2.805425178285782,-0.3018322395063131,
2025-02-21,2283255.1069714692,2283255.1069714692,现金,0.0,0.0,False,False,0.0,2.805425178285782,-0.3018322395063131,
2025-02-24,2283255.1069714692,2283255.1069714692,现金,0.0,0.0,False,False,0.0,2.805425178285782,-0.3018322395063131,
2025-02-25,2283255.1069714692,2283255.1069714692,现金,0.0,0.0,False,False,0.0,2.805425178285782,-0.3018322395063131,
2025-02-26,2283255.1069714692,2283255.1069714692,现金,0.0,0.0,False,False,0.0,2.805425178285782,-0.3018322395063131,
2025-02-27,2283255.1069714692,2283255.1069714692,现金,0.0,0.0,False,False,0.0,2.805425178285782,-0.3018322395063131,
2025-02-28,2283255.1069714692,2283255.1069714692,现金,0.0,0.0,False,False,0.0,2.805425178285782,-0.3018322395063131,
2025-03-03,2283255.1069714692,2283255.1069714692,现金,0.0,0.0,False,False,0.0,2.805425178285782,-0.3018322395063131,
2025-03-04,2283255.1069714692,2283255.1069714692,现金,0.0,0.0,False,False,0.0,2.805425178285782,-0.3018322395063131,
2025-03-05,2283255.1069714692,2283255.1069714692,现金,0.0,0.0,False,False,0.0,2.805425178285782,-0.3018322395063131,
2025-03-06,2283255.1069714692,2283255.1069714692,现金,0.0,0.0,False,False,0.0,2.805425178285782,-0.3018322395063131,
2025-03-07,2283255.1069714692,2283255.1069714692,现金,0.0,0.0,False,False,0.0,2.805425178285782,-0.3018322395063131,
2025-03-10,2283255.1069714692,2283255.1069714692,现金,0.0,0.0,False,False,0.0,2.805425178285782,-0.3018322395063131,
2025-03-11,2283255.1069714692,2283255.1069714692,现金,0.0,0.0,False,False,0.0,2.805425178285782,-0.3018322395063131,
2025-03-12,2283255.1069714692,2283255.1069714692,现金,0.0,0.0,False,False,0.0,2.805425178285782,-0.3018322395063131,
2025-03-13,2283255.1069714692,2283255.1069714692,现金,0.0,0.0,False,False,0.0,2.805425178285782,-0.3018322395063131,
2025-03-14,2322289.677793928,0.0,工程机械,1.0,1825.143970400855,False,False,0.017096018181794292,2.870482796323213,-0.28989635077897047,600031 / 000157 / 000425 / 601100 / 603298
2025-03-17,2297187.604525744,0.0,工程机械,1.0,0.0,False,False,-0.010809191251295536,2.8286460075429067,-0.2975719969316434,600031 / 000157 / 000425 / 601100 / 603298
2025-03-18,2287843.9135814765,0.0,工程机械,1.0,0.0,False,False,-0.0040674479201695535,2.813073189302461,-0.30042908625179265,600031 / 000157 / 000425 / 601100 / 603298
2025-03-19,2291402.8193161297,0.0,工程机械,1.0,0.0,False,False,0.0015555719135935675,2.819004698860216,-0.29934085338679894,600031 / 000157 / 000425 / 601100 / 603298
2025-03-20,2279514.3274933784,0.0,工程机械,1.0,0.0,False,False,-0.005188302869549299,2.7991905458222974,-0.3029760852477482,600031 / 000157 / 000425 / 601100 / 603298
2025-03-21,2250917.718310925,0.0,工程机械,1.0,0.0,False,False,-0.012545044721828491,2.7515295305182086,-0.31172028143049924,600031 / 000157 / 000425 / 601100 / 603298
2025-03-24,2253822.595795672,2253822.595795672,现金,0.0,2933.783292815033,False,False,0.0012905302850991784,2.7563709929927867,-0.3108320356090657,
2025-03-25,2253822.595795672,2253822.595795672,现金,0.0,0.0,False,False,0.0,2.7563709929927867,-0.3108320356090657,
2025-03-26,2253822.595795672,2253822.595795672,现金,0.0,0.0,False,False,0.0,2.7563709929927867,-0.3108320356090657,
2025-03-27,2253822.595795672,2253822.595795672,现金,0.0,0.0,False,False,0.0,2.7563709929927867,-0.3108320356090657,
2025-03-28,2253822.595795672,2253822.595795672,现金,0.0,0.0,False,False,0.0,2.7563709929927867,-0.3108320356090657,
2025-03-31,2253822.595795672,2253822.595795672,现金,0.0,0.0,False,False,0.0,2.7563709929927867,-0.3108320356090657,
2025-04-01,2253822.595795672,2253822.595795672,现金,0.0,0.0,False,False,0.0,2.7563709929927867,-0.3108320356090657,
2025-04-02,2253822.595795672,2253822.595795672,现金,0.0,0.0,False,False,0.0,2.7563709929927867,-0.3108320356090657,
2025-04-03,2253822.595795672,2253822.595795672,现金,0.0,0.0,False,False,0.0,2.7563709929927867,-0.3108320356090657,
2025-04-07,2253822.595795672,2253822.595795672,现金,0.0,0.0,False,False,0.0,2.7563709929927867,-0.3108320356090657,
2025-04-08,2253822.595795672,2253822.595795672,现金,0.0,0.0,False,False,0.0,2.7563709929927867,-0.3108320356090657,
2025-04-09,2253822.595795672,2253822.595795672,现金,0.0,0.0,False,False,0.0,2.7563709929927867,-0.3108320356090657,
2025-04-10,2253822.595795672,2253822.595795672,现金,0.0,0.0,False,False,0.0,2.7563709929927867,-0.3108320356090657,
2025-04-11,2253822.595795672,2253822.595795672,现金,0.0,0.0,False,False,0.0,2.7563709929927867,-0.3108320356090657,
2025-04-14,2253822.595795672,2253822.595795672,现金,0.0,0.0,False,False,0.0,2.7563709929927867,-0.3108320356090657,
2025-04-15,2253822.595795672,2253822.595795672,现金,0.0,0.0,False,False,0.0,2.7563709929927867,-0.3108320356090657,
2025-04-16,2253822.595795672,2253822.595795672,现金,0.0,0.0,False,False,0.0,2.7563709929927867,-0.3108320356090657,
2025-04-17,2253822.595795672,2253822.595795672,现金,0.0,0.0,False,False,0.0,2.7563709929927867,-0.3108320356090657,
2025-04-18,2253822.595795672,2253822.595795672,现金,0.0,0.0,False,False,0.0,2.7563709929927867,-0.3108320356090657,
2025-04-21,2253822.595795672,2253822.595795672,现金,0.0,0.0,False,False,0.0,2.7563709929927867,-0.3108320356090657,
2025-04-22,2253822.595795672,2253822.595795672,现金,0.0,0.0,False,False,0.0,2.7563709929927867,-0.3108320356090657,
2025-04-23,2253822.595795672,2253822.595795672,现金,0.0,0.0,False,False,0.0,2.7563709929927867,-0.3108320356090657,
2025-04-24,2253822.595795672,2253822.595795672,现金,0.0,0.0,False,False,0.0,2.7563709929927867,-0.3108320356090657,
2025-04-25,2253822.595795672,2253822.595795672,现金,0.0,0.0,False,False,0.0,2.7563709929927867,-0.3108320356090657,
2025-04-28,2253822.595795672,2253822.595795672,现金,0.0,0.0,False,False,0.0,2.7563709929927867,-0.3108320356090657,
2025-04-29,2253822.595795672,2253822.595795672,现金,0.0,0.0,False,False,0.0,2.7563709929927867,-0.3108320356090657,
2025-04-30,2253822.595795672,2253822.595795672,现金,0.0,0.0,False,False,0.0,2.7563709929927867,-0.3108320356090657,
2025-05-06,2253822.595795672,2253822.595795672,现金,0.0,0.0,False,False,0.0,2.7563709929927867,-0.3108320356090657,
2025-05-07,2253822.595795672,2253822.595795672,现金,0.0,0.0,False,False,0.0,2.7563709929927867,-0.3108320356090657,
2025-05-08,2240732.8784381473,0.0,美容护理,1.0,1801.61678320997,False,False,-0.005807785130002019,2.734554797396912,-0.3148345750647291,603605 / 300957 / 603983 / 600315 / 300856
2025-05-09,2304295.5371424807,0.0,美容护理,1.0,0.0,False,False,0.02836690589760904,2.8404925619041346,-0.29539855193129505,603605 / 300957 / 603983 / 600315 / 300856
2025-05-12,2277751.777096982,0.0,CPO,1.0,4803.853894584939,False,False,-0.011519251596700641,2.7962529618283036,-0.303515033286998,300308 / 300502 / 300394 / 002281 / 603083
2025-05-13,2282159.3752903566,0.0,CPO,1.0,0.0,False,False,0.001935065197925967,2.803598958817261,-0.302167289467033,300308 / 300502 / 300394 / 002281 / 603083
2025-05-14,2286365.262691034,0.0,CPO,1.0,0.0,False,False,0.0018429420163270649,2.810608771151723,-0.30088122424442443,300308 / 300502 / 300394 / 002281 / 603083
2025-05-15,2211350.019442881,0.0,CPO,1.0,0.0,False,False,-0.03280982460337967,2.685583365738135,-0.32381918865389436,300308 / 300502 / 300394 / 002281 / 603083
2025-05-16,2257078.3623178657,0.0,CPO,1.0,0.0,False,False,0.020678925757083633,2.761797270529776,-0.3098364958577037,300308 / 300502 / 300394 / 002281 / 603083
2025-05-19,2207147.901861788,0.0,CPO,1.0,0.0,False,False,-0.022121722173971348,2.678579836436313,-0.325104101150954,300308 / 300502 / 300394 / 002281 / 603083
2025-05-20,2227214.9626064384,0.0,CPO,1.0,0.0,False,False,0.009091851401405115,2.7120249376773975,-0.3189680479272007,300308 / 300502 / 300394 / 002281 / 603083
2025-05-21,2229353.679317571,0.0,CPO,1.0,0.0,False,False,0.0009602650606432839,2.7155894655292854,-0.3183140767384436,300308 / 300502 / 300394 / 002281 / 603083
2025-05-22,2209738.050228613,0.0,CPO,1.0,0.0,False,False,-0.00879879638252945,2.6828967503810217,-0.32431209237405867,300308 / 300502 / 300394 / 002281 / 603083
2025-05-23,2154303.825978614,0.0,CPO,1.0,0.0,False,False,-0.025086332854821425,2.5905063766310232,-0.3412626241307408,300308 / 300502 / 300394 / 002281 / 603083
2025-05-26,2168306.5540941805,0.0,CPO,1.0,0.0,False,False,0.006499885460309107,2.613844256823634,-0.336980906639166,300308 / 300502 / 300394 / 002281 / 603083
2025-05-27,2118169.0067213257,0.0,CPO,1.0,0.0,False,False,-0.023122905420446815,2.530281677868876,-0.35231183442689906,300308 / 300502 / 300394 / 002281 / 603083
2025-05-28,2202385.8503598482,0.0,CPO,1.0,0.0,False,False,0.03975926537084029,2.6706430839330806,-0.32656022877432533,300308 / 300502 / 300394 / 002281 / 603083
2025-05-29,2261571.5527657387,0.0,CPO,1.0,0.0,False,False,0.026873448354301832,2.7692859212762313,-0.3084625798625593,300308 / 300502 / 300394 / 002281 / 603083
2025-05-30,2239042.9410255,0.0,CPO,1.0,0.0,False,False,-0.009961485283402904,2.7317382350425,-0.3153513196961809,300308 / 300502 / 300394 / 002281 / 603083
2025-06-03,2212226.0142951477,0.0,CPO,1.0,0.0,False,False,-0.011976959547756683,2.6870433571585797,-0.3235513292446047,300308 / 300502 / 300394 / 002281 / 603083
2025-06-04,2323545.761054367,0.0,CPO,1.0,0.0,False,False,0.05032024125920409,2.872576268423945,-0.2895122689327253,300308 / 300502 / 300394 / 002281 / 603083
2025-06-05,2450401.474568083,0.0,CPO,1.0,0.0,False,False,0.05459574570898584,3.0840024576134715,-0.25072266143802213,300308 / 300502 / 300394 / 002281 / 603083
2025-06-06,2525087.0038417797,0.0,CPO,1.0,0.0,False,False,0.030478895009178553,3.208478339736299,-0.22788551610323493,300308 / 300502 / 300394 / 002281 / 603083
2025-06-09,2601708.477621801,0.0,CPO,1.0,0.0,False,False,0.030344092565304237,3.336180796036335,-0.20445640273285937,300308 / 300502 / 300394 / 002281 / 603083
2025-06-10,2565526.524076304,0.0,CPO,1.0,0.0,False,False,-0.013906997596660364,3.2758775401271736,-0.21552002562809203,300308 / 300502 / 300394 / 002281 / 603083
2025-06-11,2545902.1630535726,0.0,CPO,1.0,0.0,False,False,-0.007649252829220687,3.2431702717559547,-0.2215207112915233,300308 / 300502 / 300394 / 002281 / 603083
2025-06-12,2683925.086695278,0.0,CPO,1.0,0.0,False,False,0.05421375795374628,3.4732084778254633,-0.17931642356147737,300308 / 300502 / 300394 / 002281 / 603083
2025-06-13,2658925.957798363,0.0,CPO,1.0,0.0,False,False,-0.009314391456319071,3.4315432629972715,-0.18696059165419776,300308 / 300502 / 300394 / 002281 / 603083
2025-06-16,2755321.992194174,0.0,CPO,1.0,0.0,False,False,0.036253749042199024,3.592203320323623,-0.15748486498261105,300308 / 300502 / 300394 / 002281 / 603083
2025-06-17,2726440.6860617744,0.0,CPO,1.0,0.0,False,False,-0.010482007625323031,3.5440678101029572,-0.16631611505231336,300308 / 300502 / 300394 / 002281 / 603083
2025-06-18,2834778.5337954913,0.0,CPO,1.0,0.0,False,False,0.03973600023193846,3.724630889659152,-0.13318885200666875,300308 / 300502 / 300394 / 002281 / 603083
2025-06-19,2841625.342333676,0.0,CPO,1.0,0.0,False,False,0.002415288692417583,3.736042237222793,-0.13109525284245893,300308 / 300502 / 300394 / 002281 / 603083
2025-06-20,2784031.779450111,0.0,CPO,1.0,0.0,False,False,-0.020267824201013807,3.6400529657501854,-0.14870606150527432,300308 / 300502 / 300394 / 002281 / 603083
2025-06-23,2753140.791357031,0.0,CPO,1.0,0.0,False,False,-0.011095774236880795,3.588567985595052,-0.1581518268560369,300308 / 300502 / 300394 / 002281 / 603083
2025-06-24,2777252.4965313114,0.0,CPO,1.0,0.0,False,False,0.008757890351984265,3.628754160885519,-0.15077901286262374,300308 / 300502 / 300394 / 002281 / 603083
2025-06-25,2825329.740999905,0.0,CPO,1.0,0.0,False,False,0.017311081555832608,3.7088829016665086,-0.13607807909536385,300308 / 300502 / 300394 / 002281 / 603083
2025-06-26,2892293.8969678176,0.0,CPO,1.0,0.0,False,False,0.02370135952492869,3.8204898282796957,-0.11560195504653603,300308 / 300502 / 300394 / 002281 / 603083
2025-06-27,2987165.4399660043,0.0,CPO,1.0,0.0,False,False,0.03280148780787684,3.978609066610007,-0.08659238335768471,300308 / 300502 / 300394 / 002281 / 603083
2025-06-30,3088806.101359294,0.0,CPO,1.0,0.0,False,False,0.03402578914224663,4.1480101689321565,-0.055512968392891326,300308 / 300502 / 300394 / 002281 / 603083
2025-07-01,3073961.0514483526,0.0,CPO,1.0,0.0,False,False,-0.004806080221224751,4.1232684190805875,-0.060052248834701505,300308 / 300502 / 300394 / 002281 / 603083
2025-07-02,2951186.5255026734,0.0,CPO,1.0,0.0,False,False,-0.03994016966735214,3.9186442091711227,-0.0975939214946896,300308 / 300502 / 300394 / 002281 / 603083
2025-07-03,3041285.4526968743,0.0,CPO,1.0,0.0,False,False,0.03052972979363089,4.068809087828124,-0.07004370775379243,300308 / 300502 / 300394 / 002281 / 603083
2025-07-04,2973699.676604404,0.0,CPO,1.0,0.0,False,False,-0.022222766374178415,3.956166127674007,-0.09070990917457711,300308 / 300502 / 300394 / 002281 / 603083
2025-07-07,2921830.0530033126,0.0,CPO,1.0,0.0,False,False,-0.017442791553288317,3.8697167550055207,-0.10657046669031556,300308 / 300502 / 300394 / 002281 / 603083
2025-07-08,3134273.941899352,0.0,CPO,1.0,0.0,False,False,0.07270918740727939,4.223789903165586,-0.04160993131770352,300308 / 300502 / 300394 / 002281 / 603083
2025-07-09,3085539.928131359,0.0,PCB,1.0,6572.334685800286,False,False,-0.015548741007130995,4.1425665468855986,-0.05651169027945102,002463 / 600183 / 002916 / 002938 / 300476
2025-07-10,3100833.715708449,0.0,PCB,1.0,0.0,False,False,0.004956600119691901,4.168056192847415,-0.0518351960105623,002463 / 600183 / 002916 / 002938 / 300476
2025-07-11,3030580.8318139915,0.0,PCB,1.0,0.0,False,False,-0.02265612745971024,4.050968053023319,-0.07331693866255817,002463 / 600183 / 002916 / 002938 / 300476
2025-07-14,3105913.1618804485,0.0,PCB,1.0,0.0,False,False,0.024857390133153467,4.176521936467414,-0.05028201627710849,002463 / 600183 / 002916 / 002938 / 300476
2025-07-15,3387195.8512559053,0.0,PCB,1.0,0.0,False,False,0.09056360391130736,4.645326418759843,0.0,002463 / 600183 / 002916 / 002938 / 300476
2025-07-16,3375198.8798545855,3375198.8798545855,现金,0.0,4393.4700548823075,False,False,-0.003541859381078205,4.625331466424309,-0.003541859381078205,
2025-07-17,3598133.4327781023,0.0,CPO,1.0,2698.0007033210118,False,False,0.06605079014873394,4.996889054630171,0.0,300308 / 300502 / 300394 / 002281 / 603083
2025-07-18,3566259.5958470944,0.0,CPO,1.0,0.0,False,False,-0.008858436610672982,4.9437659930784905,-0.008858436610672982,300308 / 300502 / 300394 / 002281 / 603083
2025-07-21,3537790.4851264735,0.0,CPO,1.0,0.0,False,False,-0.007982904764917587,4.896317475210789,-0.01677062531976148,300308 / 300502 / 300394 / 002281 / 603083
2025-07-22,3509143.652641573,0.0,CPO,1.0,0.0,False,False,-0.008097379594788623,4.848572754402622,-0.024732206795294087,300308 / 300502 / 300394 / 002281 / 603083
2025-07-23,3496136.839239017,0.0,CPO,1.0,0.0,False,False,-0.0037065491441949927,4.826894732065028,-0.028347084799557942,300308 / 300502 / 300394 / 002281 / 603083
2025-07-24,3452791.9558749516,0.0,CPO,1.0,0.0,False,False,-0.012397936739083737,4.754653259791586,-0.0403935761745593,300308 / 300502 / 300394 / 002281 / 603083
2025-07-25,3449054.8049435876,0.0,CPO,1.0,0.0,False,False,-0.0010823562436205192,4.748424674905979,-0.041432212178805106,300308 / 300502 / 300394 / 002281 / 603083
2025-07-28,3528359.5039032097,0.0,稀土永磁,1.0,7297.356344696172,False,False,0.02299316869246426,4.880599173172016,-0.019391701330270128,600111 / 000831 / 002600 / 300224 / 688077
2025-07-29,3471682.9172515348,0.0,稀土永磁,1.0,0.0,False,False,-0.016063155296102027,4.786138195419225,-0.03514336471644852,600111 / 000831 / 002600 / 300224 / 688077
2025-07-30,3404343.4752938617,0.0,稀土永磁,1.0,0.0,False,False,-0.019396771987167605,4.673905792156436,-0.05385846887134926,600111 / 000831 / 002600 / 300224 / 688077
2025-07-31,3311662.393594926,0.0,稀土永磁,1.0,0.0,False,False,-0.02722436275056983,4.51943732265821,-0.07961656912817516,600111 / 000831 / 002600 / 300224 / 688077
2025-08-01,3249900.601792058,0.0,稀土永磁,1.0,0.0,False,False,-0.018649785051254475,4.416501002986763,-0.09678152227867087,600111 / 000831 / 002600 / 300224 / 688077
2025-08-04,3251002.362803361,0.0,CPO,1.0,6789.002990777648,False,False,0.0003390137565115747,4.418337271338935,-0.09647531878958782,300308 / 300502 / 300394 / 002281 / 603083
2025-08-05,3260235.636998711,0.0,CPO,1.0,0.0,False,False,0.0028401314932875454,4.433726061664519,-0.0939091898875195,300308 / 300502 / 300394 / 002281 / 603083
2025-08-06,3273516.750587998,0.0,CPO,1.0,0.0,False,False,0.00407366677382659,4.455861250979996,-0.09021807786029468,300308 / 300502 / 300394 / 002281 / 603083
2025-08-07,3229664.049071308,0.0,CPO,1.0,0.0,False,False,-0.013396205016764529,4.382773415118847,-0.10240570300982432,300308 / 300502 / 300394 / 002281 / 603083
2025-08-08,3209519.7710139058,0.0,CPO,1.0,0.0,False,False,-0.006237267329149865,4.34919961835651,-0.10800423859327246,300308 / 300502 / 300394 / 002281 / 603083
2025-08-11,3322666.108671378,0.0,CPO,1.0,0.0,False,False,0.03525335431154808,4.53777684778563,-0.07655839597200187,300308 / 300502 / 300394 / 002281 / 603083
2025-08-12,3558612.3442167398,0.0,液冷,1.0,6996.126426666274,False,False,0.07101111812878158,4.931020573694567,-0.010983775143338259,002837 / 300499 / 301018 / 300249 / 600510
2025-08-13,3710505.510323602,0.0,液冷,1.0,0.0,False,False,0.04268325724034261,5.1841758505393365,0.0,002837 / 300499 / 301018 / 300249 / 600510
2025-08-14,3655675.4175772015,0.0,液冷,1.0,0.0,False,False,-0.014776987284845333,5.0927923626286695,-0.014776987284845333,002837 / 300499 / 301018 / 300249 / 600510
2025-08-15,3904099.3178881854,0.0,液冷,1.0,0.0,False,False,0.06795567766123689,5.506832196480309,0.0,002837 / 300499 / 301018 / 300249 / 600510
2025-08-18,3987587.5692940746,3987587.5692940746,现金,0.0,5190.611635208067,False,False,0.02138476626948349,5.645979282156791,0.0,
2025-08-19,3941836.431399177,0.0,液冷,1.0,3187.520039403737,False,False,-0.011473387630957288,5.569727385665295,-0.011473387630957288,002837 / 300499 / 301018 / 300249 / 600510
2025-08-20,4041769.7631205744,0.0,液冷,1.0,0.0,False,False,0.025351973239012837,5.73628293853429,0.0,002837 / 300499 / 301018 / 300249 / 600510
2025-08-21,3845325.982682003,0.0,液冷,1.0,0.0,False,False,-0.04860340691125875,5.408876637803338,-0.04860340691125875,002837 / 300499 / 301018 / 300249 / 600510
2025-08-22,3930774.1023237463,0.0,液冷,1.0,0.0,False,False,0.022221294118254686,5.551290170539577,-0.02746214339312847,002837 / 300499 / 301018 / 300249 / 600510
2025-08-25,3978667.4306796426,0.0,液冷,1.0,0.0,False,False,0.012184197592932877,5.631112384466071,-0.01561254998162287,002837 / 300499 / 301018 / 300249 / 600510
2025-08-26,3964848.4484382225,0.0,液冷,1.0,0.0,False,False,-0.0034732689982734932,5.608080747397038,-0.01903159239406116,002837 / 300499 / 301018 / 300249 / 600510
2025-08-27,3966948.9362981357,0.0,液冷,1.0,0.0,False,False,0.0005297775910553248,5.611581560496893,-0.01851189731417824,002837 / 300499 / 301018 / 300249 / 600510
2025-08-28,4228200.325245064,0.0,液冷,1.0,0.0,False,False,0.06585700828070706,6.047000542075106,0.0,002837 / 300499 / 301018 / 300249 / 600510
2025-08-29,4329983.430351915,4329983.430351915,现金,0.0,5636.305656811343,False,False,0.02407244153006194,6.216639050586525,0.0,
2025-09-01,4588214.115837991,0.0,CPO,1.0,3461.2177700654797,False,False,0.05963779992227103,6.647023526396652,0.0,300308 / 300502 / 300394 / 002281 / 603083
2025-09-02,4516066.196615548,4516066.196615548,现金,0.0,5878.528142185052,False,False,-0.01572461907856415,6.526776994359246,-0.01572461907856415,
2025-09-03,4662452.404790711,0.0,CPO,1.0,3609.9649853041956,False,False,0.03241453995622745,6.770754007984518,0.0,300308 / 300502 / 300394 / 002281 / 603083
2025-09-04,4063454.1309023993,0.0,CPO,1.0,0.0,False,False,-0.12847279111585896,5.772423551503999,-0.12847279111585896,300308 / 300502 / 300394 / 002281 / 603083
2025-09-05,4395649.826981601,0.0,CPO,1.0,0.0,False,False,0.08175204773516875,6.3260830449693355,-0.057223657132664196,300308 / 300502 / 300394 / 002281 / 603083
2025-09-08,4303195.795753635,4303195.795753635,现金,0.0,5601.436401802067,False,False,-0.021033074714109534,6.171992992922724,-0.0770531423908879,
2025-09-09,4264342.439808118,0.0,CPO,1.0,3439.804792768693,False,False,-0.0090289537798528,6.107237399680197,-0.08538638690950084,300308 / 300502 / 300394 / 002281 / 603083
2025-09-10,4468107.431793788,0.0,CPO,1.0,0.0,False,False,0.04778344958498204,6.446845719656314,-0.04168299343865278,300308 / 300502 / 300394 / 002281 / 603083
2025-09-11,4993158.996242384,0.0,CPO,1.0,0.0,False,False,0.11751095345480667,7.321931660403974,0.0,300308 / 300502 / 300394 / 002281 / 603083
2025-09-12,4838891.228748253,4838891.228748253,现金,0.0,6298.746968431689,False,False,-0.030895825190070392,7.06481871458042,-0.030895825190070392,
2025-09-15,4804775.600816144,0.0,储能,1.0,3868.0185681440876,False,False,-0.0070502985744802515,7.007959334693572,-0.037728298972255714,300750 / 300274 / 300763 / 300014 / 002074
2025-09-16,4823373.171770762,0.0,储能,1.0,0.0,False,False,0.0038706429810080323,7.038955286284603,-0.03400368876684989,300750 / 300274 / 300763 / 300014 / 002074
2025-09-17,4875539.559885505,0.0,储能,1.0,0.0,False,False,0.01081533322365602,7.125899266475841,-0.023556116768040924,300750 / 300274 / 300763 / 300014 / 002074
2025-09-18,4806717.510529052,0.0,储能,1.0,0.0,False,False,-0.014115781137886918,7.011195850881753,-0.0373393849171717,300750 / 300274 / 300763 / 300014 / 002074
2025-09-19,4789974.18131529,0.0,储能,1.0,0.0,False,False,-0.0034833187465428406,6.98329030219215,-0.04069263868424822,300750 / 300274 / 300763 / 300014 / 002074
2025-09-22,4763425.507354721,0.0,储能,1.0,0.0,False,False,-0.00554255053485031,6.939042512257869,-0.04600964821279463,300750 / 300274 / 300763 / 300014 / 002074
2025-09-23,4834469.158282104,0.0,储能,1.0,0.0,False,False,0.014914403682327215,7.05744859713684,-0.03178145099719498,300750 / 300274 / 300763 / 300014 / 002074
2025-09-24,5026420.776155227,0.0,储能,1.0,0.0,False,False,0.03970479727733567,7.377367960258711,0.0,300750 / 300274 / 300763 / 300014 / 002074
2025-09-25,5209404.559149479,0.0,储能,1.0,0.0,False,False,0.036404390150205135,7.682340931915798,0.0,300750 / 300274 / 300763 / 300014 / 002074
2025-09-26,5020503.637401864,0.0,储能,1.0,0.0,False,False,-0.03626151887471296,7.367506062336441,-0.03626151887471296,300750 / 300274 / 300763 / 300014 / 002074
2025-09-29,5291803.69275502,0.0,储能,1.0,0.0,False,False,0.054038414260278334,7.819672821258367,0.0,300750 / 300274 / 300763 / 300014 / 002074
2025-09-30,5441661.910713104,0.0,储能,1.0,0.0,False,False,0.02831892992615237,8.069436517855173,0.0,300750 / 300274 / 300763 / 300014 / 002074
2025-10-09,5548862.3088463545,0.0,储能,1.0,0.0,False,False,0.019699937242003918,8.248103848077257,0.0,300750 / 300274 / 300763 / 300014 / 002074
2025-10-10,5053622.555275735,0.0,储能,1.0,0.0,False,False,-0.08925068347453424,7.422704258792892,-0.08925068347453424,300750 / 300274 / 300763 / 300014 / 002074
2025-10-13,4976814.872537475,0.0,储能,1.0,0.0,False,False,-0.0151985396412474,7.294691454229126,-0.1030927430649855,300750 / 300274 / 300763 / 300014 / 002074
2025-10-14,4707822.633964922,0.0,存储,1.0,10626.126804319552,False,False,-0.05404907465151598,6.846371056608204,-0.15156975035055253,603986 / 301308 / 300223 / 688525 / 000021
2025-10-15,4779190.514631919,0.0,存储,1.0,0.0,False,False,0.015159424263800458,6.965317524386531,-0.13870803623787442,603986 / 301308 / 300223 / 688525 / 000021
2025-10-16,4996893.26776649,0.0,存储,1.0,0.0,False,False,0.04555222322024077,7.328155446277483,-0.09947427244678253,603986 / 301308 / 300223 / 688525 / 000021
2025-10-17,4699774.438839935,0.0,存储,1.0,0.0,False,False,-0.05946071148711185,6.832957398066558,-0.15302017291954584,603986 / 301308 / 300223 / 688525 / 000021
2025-10-20,4731465.783694762,0.0,存储,1.0,0.0,False,False,0.006743162946911463,6.885776306157936,-0.14730884993279547,603986 / 301308 / 300223 / 688525 / 000021
2025-10-21,4902288.104249494,0.0,存储,1.0,0.0,False,False,0.03610346737440384,7.170480173749157,-0.11652374281590117,603986 / 301308 / 300223 / 688525 / 000021
2025-10-22,4785349.115631409,0.0,存储,1.0,0.0,False,False,-0.023853960871193625,6.975581859385682,-0.13759815088539928,603986 / 301308 / 300223 / 688525 / 000021
2025-10-23,4830044.82784058,0.0,存储,1.0,0.0,False,False,0.009340115241157854,7.050074713067632,-0.1295432182304812,603986 / 301308 / 300223 / 688525 / 000021
2025-10-24,5301492.169188577,0.0,存储,1.0,0.0,False,False,0.09760723930149773,7.835820281980961,-0.044580334830692125,603986 / 301308 / 300223 / 688525 / 000021
2025-10-27,5781701.768270966,0.0,存储,1.0,0.0,False,False,0.09058008269318774,8.636169613784944,0.0,603986 / 301308 / 300223 / 688525 / 000021
2025-10-28,5509460.096058234,5509460.096058234,现金,0.0,7171.621232477924,False,False,-0.04708677187515098,8.18243349343039,-0.04708677187515098,
2025-10-29,5588568.9794063475,0.0,存储,1.0,4404.044840973809,False,False,0.014358736059221666,8.314281632343912,-0.03340414234516542,603986 / 301308 / 300223 / 688525 / 000021
2025-10-30,5600001.530364452,0.0,存储,1.0,0.0,False,False,0.0020457027550762064,8.333335883940753,-0.031426774536115865,603986 / 301308 / 300223 / 688525 / 000021
2025-10-31,5285268.950621195,0.0,存储,1.0,0.0,False,False,-0.056202231023814386,7.808781584368658,-0.08586275071711802,603986 / 301308 / 300223 / 688525 / 000021
2025-11-03,5462518.710575559,0.0,存储,1.0,0.0,False,False,0.033536563911952255,8.104197850959265,-0.05520572843224658,603986 / 301308 / 300223 / 688525 / 000021
2025-11-04,5263503.250634446,0.0,存储,1.0,0.0,False,False,-0.03643291135201332,7.772505417724076,-0.08962733437416448,603986 / 301308 / 300223 / 688525 / 000021
2025-11-05,5201781.149119573,0.0,存储,1.0,0.0,False,False,-0.011726429827403129,7.669635248532622,-0.10030275555441182,603986 / 301308 / 300223 / 688525 / 000021
2025-11-06,5452817.037698975,0.0,电网设备,1.0,11237.885405032095,False,False,0.0482596021214563,8.088028396164958,-0.056883724507697075,600089 / 000400 / 002028 / 600406 / 000682
2025-11-07,5464546.233181409,0.0,电网设备,1.0,0.0,False,False,0.0021510341171071534,8.107577055302349,-0.054855049222714114,600089 / 000400 / 002028 / 600406 / 000682
2025-11-10,5450489.393412341,0.0,电网设备,1.0,0.0,False,False,-0.002572370910454036,8.08414898902057,-0.057286312600256184,600089 / 000400 / 002028 / 600406 / 000682
2025-11-11,5370031.611350354,0.0,电网设备,1.0,0.0,False,False,-0.014761570247110556,7.950052685583923,-0.0712022469197201,600089 / 000400 / 002028 / 600406 / 000682
2025-11-12,5231478.882045072,0.0,电网设备,1.0,0.0,False,False,-0.025801101247231117,7.719131470075119,-0.09516625178514526,600089 / 000400 / 002028 / 600406 / 000682
2025-11-13,5350714.730629554,0.0,电网设备,1.0,0.0,False,False,0.02279199654111408,7.91785788438259,-0.074543284125549,600089 / 000400 / 002028 / 600406 / 000682
2025-11-14,5184077.889854834,0.0,电网设备,1.0,0.0,False,False,-0.031142912519859456,7.640129816424723,-0.10336470166894351,600089 / 000400 / 002028 / 600406 / 000682
2025-11-17,5123186.280438602,0.0,电网设备,1.0,0.0,False,False,-0.011745890148640803,7.538643800731004,-0.11389648138653385,600089 / 000400 / 002028 / 600406 / 000682
2025-11-18,5039785.851418808,0.0,电网设备,1.0,0.0,False,False,-0.016279015529502394,7.399643085698013,-0.12832137432678914,600089 / 000400 / 002028 / 600406 / 000682
2025-11-19,5027106.307108671,0.0,电网设备,1.0,0.0,False,False,-0.0025158895008539073,7.378510511847786,-0.1305144214292392,600089 / 000400 / 002028 / 600406 / 000682
2025-11-20,4999049.737295345,0.0,电网设备,1.0,0.0,False,False,-0.005581057590457572,7.331749562158908,-0.1353670705173149,600089 / 000400 / 002028 / 600406 / 000682
2025-11-21,4900422.436647014,4900422.436647014,现金,0.0,6378.84166180146,False,False,-0.01972920971610348,7.167370727745023,-0.15242559491052765,
2025-11-24,4900422.436647014,4900422.436647014,现金,0.0,0.0,False,False,0.0,7.167370727745023,-0.15242559491052765,
2025-11-25,4900422.436647014,4900422.436647014,现金,0.0,0.0,False,False,0.0,7.167370727745023,-0.15242559491052765,
2025-11-26,4900422.436647014,4900422.436647014,现金,0.0,0.0,False,False,0.0,7.167370727745023,-0.15242559491052765,
2025-11-27,4900422.436647014,4900422.436647014,现金,0.0,0.0,False,False,0.0,7.167370727745023,-0.15242559491052765,
2025-11-28,4900422.436647014,4900422.436647014,现金,0.0,0.0,False,False,0.0,7.167370727745023,-0.15242559491052765,
2025-12-01,4900422.436647014,4900422.436647014,现金,0.0,0.0,False,False,0.0,7.167370727745023,-0.15242559491052765,
2025-12-02,4900422.436647014,4900422.436647014,现金,0.0,0.0,False,False,0.0,7.167370727745023,-0.15242559491052765,
2025-12-03,4900422.436647014,4900422.436647014,现金,0.0,0.0,False,False,0.0,7.167370727745023,-0.15242559491052765,
2025-12-04,4900422.436647014,4900422.436647014,现金,0.0,0.0,False,False,0.0,7.167370727745023,-0.15242559491052765,
2025-12-05,4900422.436647014,4900422.436647014,现金,0.0,0.0,False,False,0.0,7.167370727745023,-0.15242559491052765,
2025-12-08,4900422.436647014,4900422.436647014,现金,0.0,0.0,False,False,0.0,7.167370727745023,-0.15242559491052765,
2025-12-09,5021953.834168091,0.0,CPO,1.0,3917.2041859688366,False,False,0.024800187961802056,7.369923056946819,-0.13140559035269628,300308 / 300502 / 300394 / 002281 / 603083
2025-12-10,5063489.769149389,0.0,CPO,1.0,0.0,False,False,0.008270871527869872,7.439149615248981,-0.12422155758067743,300308 / 300502 / 300394 / 002281 / 603083
2025-12-11,4852764.540901454,0.0,CPO,1.0,0.0,False,False,-0.04161659998442824,7.087940901502424,-0.16066847869382805,300308 / 300502 / 300394 / 002281 / 603083
2025-12-12,4904350.920521064,0.0,CPO,1.0,0.0,False,False,0.010630307566916741,7.173918200868439,-0.15174612647173535,300308 / 300502 / 300394 / 002281 / 603083
2025-12-15,4763328.150354025,0.0,CPO,1.0,0.0,False,False,-0.028754624710267684,6.938880250590041,-0.17613734826407146,300308 / 300502 / 300394 / 002281 / 603083
2025-12-16,4561546.17719031,0.0,CPO,1.0,0.0,False,False,-0.042361552006178194,6.602576961983851,-0.21103744883153086,300308 / 300502 / 300394 / 002281 / 603083
2025-12-17,4939922.344621196,0.0,CPO,1.0,0.0,False,False,0.08294910381986909,7.233203907701993,-0.14559371226466866,300308 / 300502 / 300394 / 002281 / 603083
2025-12-18,4858933.295807136,4858933.295807136,现金,0.0,6324.835570791306,False,False,-0.016394802015915255,7.09822215967856,-0.15960153419324252,
2025-12-19,4858933.295807136,4858933.295807136,现金,0.0,0.0,False,False,0.0,7.09822215967856,-0.15960153419324252,
2025-12-22,4897160.273280975,0.0,商业航天,1.0,3884.039405121612,False,False,0.007867360004062185,7.161933788801626,-0.1529898169158792,600118 / 601698 / 600879 / 002465 / 300045
2025-12-23,4609550.226222349,0.0,商业航天,1.0,0.0,False,False,-0.05872996410344855,6.682583710370582,-0.202734694563665,600118 / 601698 / 600879 / 002465 / 300045
2025-12-24,4862478.392049931,0.0,商业航天,1.0,0.0,False,False,0.05487046531975048,7.1041306534165525,-0.1589883762710803,600118 / 601698 / 600879 / 002465 / 300045
2025-12-25,5150700.874687033,0.0,商业航天,1.0,0.0,False,False,0.05927480996282486,7.5845014578117205,-0.10913757209802188,600118 / 601698 / 600879 / 002465 / 300045
2025-12-26,5186893.891800774,5186893.891800774,现金,0.0,6751.739320457602,False,False,0.007026814018963989,7.6448231530012904,-0.10287764750067185,
2025-12-29,5493708.185835286,0.0,商业航天,1.0,4146.198154916687,False,False,0.05915183545965941,8.156180309725476,-0.04981121371844899,600118 / 601698 / 600879 / 002465 / 300045
2025-12-30,5554374.587707441,0.0,商业航天,1.0,0.0,False,False,0.011042887576113714,8.257290979512403,-0.039318385775457765,600118 / 601698 / 600879 / 002465 / 300045
2025-12-31,5975240.726327917,0.0,商业航天,1.0,0.0,False,False,0.07577201212750517,8.958734543879862,0.0,600118 / 601698 / 600879 / 002465 / 300045
2026-01-05,6230108.159546118,6230108.159546118,现金,0.0,8109.6831955641865,False,False,0.04265391887814873,9.38351359924353,0.0,
2026-01-06,6736935.233352544,0.0,商业航天,1.0,4980.102445680351,False,False,0.081351247976303,10.228225388920906,0.0,600118 / 601698 / 600879 / 002465 / 300045
2026-01-07,6715954.868768278,6715954.868768278,现金,0.0,8742.106067286231,False,False,-0.003114229817795855,10.193258114613796,-0.003114229817795855,
2026-01-08,7093386.088670796,0.0,商业航天,1.0,5368.469119718848,False,False,0.05619918943435964,10.822310147784659,0.0,600118 / 601698 / 600879 / 002465 / 300045
2026-01-09,7513618.724395976,0.0,商业航天,1.0,0.0,False,False,0.05924288209778328,11.522697873993295,0.0,600118 / 601698 / 600879 / 002465 / 300045
2026-01-12,8414781.166764874,0.0,商业航天,1.0,0.0,False,False,0.11993720674738428,13.024635277941456,0.0,600118 / 601698 / 600879 / 002465 / 300045
2026-01-13,8681129.940029029,8681129.940029029,现金,0.0,11300.159128905316,False,False,0.03165248958774236,13.468549900048382,0.0,
2026-01-14,8720464.363570515,0.0,商业航天,1.0,6939.352470047186,False,False,0.00453102577812059,13.534107272617526,0.0,600118 / 601698 / 600879 / 002465 / 300045
2026-01-15,7855085.275461586,0.0,商业航天,1.0,0.0,False,False,-0.09923543655817513,12.091808792435977,-0.09923543655817513,600118 / 601698 / 600879 / 002465 / 300045
2026-01-16,7562532.602165332,0.0,商业航天,1.0,0.0,False,False,-0.03724372976702828,11.604221003608886,-0.1327832685427176,600118 / 601698 / 600879 / 002465 / 300045
2026-01-19,7513153.935847662,0.0,商业航天,1.0,0.0,False,False,-0.006529382273807505,11.52192322641277,-0.1384456580966441,600118 / 601698 / 600879 / 002465 / 300045
2026-01-20,7161634.006068142,0.0,商业航天,1.0,0.0,False,False,-0.0467872657449897,10.936056676780236,-0.17875543004502614,600118 / 601698 / 600879 / 002465 / 300045
2026-01-21,7061667.188638164,0.0,商业航天,1.0,0.0,False,False,-0.013958660460067551,10.76944531439694,-0.19021890415170184,600118 / 601698 / 600879 / 002465 / 300045
2026-01-22,7388402.206743626,0.0,商业航天,1.0,0.0,False,False,0.04626882142380784,11.314003677906044,-0.15275128723552156,600118 / 601698 / 600879 / 002465 / 300045
2026-01-23,8033254.662254248,0.0,商业航天,1.0,0.0,False,False,0.08727901344109901,12.388757770423746,-0.07880425544619685,600118 / 601698 / 600879 / 002465 / 300045
2026-01-26,7815886.734844447,7815886.734844447,现金,0.0,10173.878797734837,False,False,-0.02705851321148134,12.026477891407412,-0.1037304426705663,
2026-01-27,7971604.84759861,0.0,黄金概念,1.0,6247.711218900438,False,False,0.019923281648894342,12.286008079331017,-0.08587381184656218,600547 / 601899 / 600489 / 000975 / 002237
2026-01-28,8642384.564755851,0.0,黄金概念,1.0,0.0,False,False,0.08414613242643454,13.403974274593086,-0.008953628563731053,600547 / 601899 / 600489 / 000975 / 002237
2026-01-29,9112851.229143629,9112851.229143629,现金,0.0,11862.127363459214,False,False,0.054437136054598545,14.188085381906047,0.0,
2026-01-30,8992606.771084089,0.0,黄金概念,1.0,7284.453420578441,False,False,-0.0131950423677486,13.987677951806814,-0.0131950423677486,600547 / 601899 / 600489 / 000975 / 002237
2026-02-02,8125751.715759926,0.0,黄金概念,1.0,0.0,False,False,-0.0963964151208695,12.542919526266543,-0.10831950270699908,600547 / 601899 / 600489 / 000975 / 002237
2026-02-03,8168584.616964713,0.0,黄金概念,1.0,0.0,False,False,0.005271253996318004,12.614307694941187,-0.1036192283222046,600547 / 601899 / 600489 / 000975 / 002237
2026-02-04,8077474.750390493,0.0,黄金概念,1.0,0.0,False,False,-0.011153690736703692,12.462457917317488,-0.11361718223182649,600547 / 601899 / 600489 / 000975 / 002237
2026-02-05,7837266.089567623,7837266.089567623,现金,0.0,10201.70813701603,False,False,-0.029738088727700118,12.062110149279372,-0.13997651311332526,
2026-02-06,7837266.089567623,7837266.089567623,现金,0.0,0.0,False,False,0.0,12.062110149279372,-0.13997651311332526,
2026-02-09,7837266.089567623,7837266.089567623,现金,0.0,0.0,False,False,0.0,12.062110149279372,-0.13997651311332526,
2026-02-10,7837266.089567623,7837266.089567623,现金,0.0,0.0,False,False,0.0,12.062110149279372,-0.13997651311332526,
2026-02-11,7957631.380248984,0.0,光纤概念,1.0,6264.801030829436,False,False,0.015358071208221746,12.262718967081641,-0.12676821116097658,600487 / 000070 / 002281 / 600522 / 002491
2026-02-12,8335193.796955305,0.0,光纤概念,1.0,0.0,False,False,0.04744658286678605,12.891989661592175,-0.08533634672991397,600487 / 000070 / 002281 / 600522 / 002491
2026-02-13,7761061.612018362,0.0,光纤概念,1.0,0.0,False,False,-0.06888048423621096,11.93510268669727,-0.14833882208041926,600487 / 000070 / 002281 / 600522 / 002491
2026-02-24,8268729.96785924,0.0,光纤概念,1.0,0.0,False,False,0.06541223111213679,12.781216613098733,-0.09262976428110903,600487 / 000070 / 002281 / 600522 / 002491
2026-02-25,8019809.875297099,0.0,光纤概念,1.0,0.0,False,False,-0.030103787828324235,12.366349792161833,-0.11994504533892703,600487 / 000070 / 002281 / 600522 / 002491
2026-02-26,8564341.877274236,0.0,光纤概念,1.0,0.0,False,False,0.06789836797184212,13.273903128790392,-0.06019075019190656,600487 / 000070 / 002281 / 600522 / 002491
2026-02-27,8216443.278398373,8216443.278398373,现金,0.0,10695.28012608179,False,False,-0.040621755163583906,12.694072130663955,-0.09836745143808245,
2026-03-02,8873459.36775752,0.0,光纤概念,1.0,6567.900302476718,False,False,0.07996356417216322,13.789098946262532,-0.026269699281440517,600487 / 000070 / 002281 / 600522 / 002491
2026-03-03,8777644.811033644,0.0,光纤概念,1.0,0.0,False,False,-0.010797880821095118,13.629408018389407,-0.03678392302048872,600487 / 000070 / 002281 / 600522 / 002491
2026-03-04,8977785.242310733,0.0,光纤概念,1.0,0.0,False,False,0.022801154020894998,13.962975403851221,-0.014821484893876469,600487 / 000070 / 002281 / 600522 / 002491
2026-03-05,8863331.225867774,0.0,光纤概念,1.0,0.0,False,False,-0.012748580340678717,13.772218709779624,-0.02738111234361751,600487 / 000070 / 002281 / 600522 / 002491
2026-03-06,8554391.633570334,0.0,光纤概念,1.0,0.0,False,False,-0.03485592317658115,13.25731938928389,-0.06128264157186025,600487 / 000070 / 002281 / 600522 / 002491
2026-03-09,8278758.719118768,0.0,光纤概念,1.0,0.0,False,False,-0.03222121762228991,12.79793119853128,-0.09152925786359445,600487 / 000070 / 002281 / 600522 / 002491
2026-03-10,8937267.522068892,0.0,光纤概念,1.0,0.0,False,False,0.0795419730532041,13.89544587011482,-0.01926770257295618,600487 / 000070 / 002281 / 600522 / 002491
2026-03-11,9141058.760225575,9141058.760225575,现金,0.0,11898.844886645888,False,False,0.02280240998196148,14.235097933709293,0.0,
2026-03-12,9379659.321127404,0.0,光纤概念,1.0,7307.001407054818,False,False,0.026102070576334402,14.63276553521234,0.0,600487 / 000070 / 002281 / 600522 / 002491
2026-03-13,9019744.127421122,0.0,光纤概念,1.0,0.0,False,False,-0.03837188338979258,14.032906879035204,-0.03837188338979258,600487 / 000070 / 002281 / 600522 / 002491
2026-03-16,8626701.087852675,0.0,光纤概念,1.0,0.0,False,False,-0.04357585248716178,13.377835146421125,-0.0802756483467062,600487 / 000070 / 002281 / 600522 / 002491
2026-03-17,8019527.355420556,0.0,光纤概念,1.0,0.0,False,False,-0.07038307300192492,12.365878925700926,-0.14500867453076793,600487 / 000070 / 002281 / 600522 / 002491
2026-03-18,8078501.01778677,8078501.01778677,现金,0.0,10515.721761412637,False,False,0.00735375786533754,12.46416836297795,-0.13872127534630319,
2026-03-19,8078501.01778677,8078501.01778677,现金,0.0,0.0,False,False,0.0,12.46416836297795,-0.13872127534630319,
2026-03-20,8078501.01778677,8078501.01778677,现金,0.0,0.0,False,False,0.0,12.46416836297795,-0.13872127534630319,
2026-03-23,8078501.01778677,8078501.01778677,现金,0.0,0.0,False,False,0.0,12.46416836297795,-0.13872127534630319,
2026-03-24,8078501.01778677,8078501.01778677,现金,0.0,0.0,False,False,0.0,12.46416836297795,-0.13872127534630319,
2026-03-25,8078501.01778677,8078501.01778677,现金,0.0,0.0,False,False,0.0,12.46416836297795,-0.13872127534630319,
2026-03-26,8078501.01778677,8078501.01778677,现金,0.0,0.0,False,False,0.0,12.46416836297795,-0.13872127534630319,
2026-03-27,8078501.01778677,8078501.01778677,现金,0.0,0.0,False,False,0.0,12.46416836297795,-0.13872127534630319,
2026-03-30,8078501.01778677,8078501.01778677,现金,0.0,0.0,False,False,0.0,12.46416836297795,-0.13872127534630319,
2026-03-31,8078501.01778677,8078501.01778677,现金,0.0,0.0,False,False,0.0,12.46416836297795,-0.13872127534630319,
2026-04-01,8078501.01778677,8078501.01778677,现金,0.0,0.0,False,False,0.0,12.46416836297795,-0.13872127534630319,
2026-04-02,8078501.01778677,8078501.01778677,现金,0.0,0.0,False,False,0.0,12.46416836297795,-0.13872127534630319,
2026-04-03,8078501.01778677,8078501.01778677,现金,0.0,0.0,False,False,0.0,12.46416836297795,-0.13872127534630319,
2026-04-07,8078501.01778677,8078501.01778677,现金,0.0,0.0,False,False,0.0,12.46416836297795,-0.13872127534630319,
2026-04-08,8078501.01778677,8078501.01778677,现金,0.0,0.0,False,False,0.0,12.46416836297795,-0.13872127534630319,
2026-04-09,8374540.247053132,0.0,CPO,1.0,6457.634706464245,False,False,0.03664531682481198,12.957567078421887,-0.10715944360689844,300308 / 300502 / 300394 / 002281 / 603083
2026-04-10,8642799.949420538,0.0,CPO,1.0,0.0,False,False,0.03203276770468699,13.404666582367563,-0.07855928946663471,300308 / 300502 / 300394 / 002281 / 603083
2026-04-13,8711007.209374083,0.0,CPO,1.0,0.0,False,False,0.00789180130891709,13.518345348956805,-0.07128746246115802,300308 / 300502 / 300394 / 002281 / 603083
2026-04-14,8784089.220008638,0.0,CPO,1.0,0.0,False,False,0.008389616594038474,13.640148700014397,-0.06349592034513041,300308 / 300502 / 300394 / 002281 / 603083
2026-04-15,8649308.679588387,0.0,CPO,1.0,0.0,False,False,-0.01534371259723144,13.415514465980644,-0.07786536978948944,300308 / 300502 / 300394 / 002281 / 603083
2026-04-16,9053642.512896413,0.0,CPO,1.0,0.0,False,False,0.04674753188797842,14.089404188160689,-0.034757851758714486,300308 / 300502 / 300394 / 002281 / 603083
2026-04-17,9797209.418081403,0.0,CPO,1.0,0.0,False,False,0.08212903305225705,15.328682363469003,0.0,300308 / 300502 / 300394 / 002281 / 603083
2026-04-20,9905213.279715588,0.0,CPO,1.0,0.0,False,False,0.011023941310763119,15.50868879952598,0.0,300308 / 300502 / 300394 / 002281 / 603083
2026-04-21,9977937.487146283,0.0,CPO,1.0,0.0,False,False,0.007342013278969217,15.629895811910473,0.0,300308 / 300502 / 300394 / 002281 / 603083
2026-04-22,10475133.32879946,0.0,CPO,1.0,0.0,False,False,0.0498295206092112,16.4585555479991,0.0,300308 / 300502 / 300394 / 002281 / 603083
2026-04-23,10611432.143914413,0.0,光纤概念,1.0,21938.15614058797,False,False,0.013011654442643072,16.685720239857353,0.0,600487 / 000070 / 002281 / 600522 / 002491
2026-04-24,10266018.615577841,0.0,光纤概念,1.0,0.0,False,False,-0.03255107544881808,16.110031025963067,-0.03255107544881808,600487 / 000070 / 002281 / 600522 / 002491
2026-04-27,10737426.213915821,0.0,光纤概念,1.0,0.0,False,False,0.04591922302017437,16.89571035652637,0.0,600487 / 000070 / 002281 / 600522 / 002491
2026-04-28,10514002.861651083,0.0,光纤概念,1.0,0.0,False,False,-0.020807905713492003,16.523338102751804,-0.020807905713492003,600487 / 000070 / 002281 / 600522 / 002491
2026-04-29,10382953.294981066,0.0,光纤概念,1.0,0.0,False,False,-0.01246428866288496,16.30492215830178,-0.0330128386330939,600487 / 000070 / 002281 / 600522 / 002491
2026-04-30,10230056.107452901,0.0,光纤概念,1.0,0.0,False,False,-0.014725789781032006,16.0500935124215,-0.047252488292339856,600487 / 000070 / 002281 / 600522 / 002491
2026-05-06,10811658.88006055,0.0,光纤概念,1.0,0.0,False,False,0.05685235413165857,17.019431466767582,0.0,600487 / 000070 / 002281 / 600522 / 002491
2026-05-07,11764969.57619682,0.0,光纤概念,1.0,0.0,False,False,0.08817432243394374,18.6082826269947,0.0,600487 / 000070 / 002281 / 600522 / 002491
2026-05-08,12554279.015236832,0.0,光纤概念,1.0,0.0,False,False,0.06708979856921715,19.923798358728053,0.0,600487 / 000070 / 002281 / 600522 / 002491
2026-05-11,13198151.372061908,0.0,光纤概念,1.0,0.0,False,False,0.05128708355482803,20.996918953436513,0.0,600487 / 000070 / 002281 / 600522 / 002491
2026-05-12,13601322.051227843,0.0,光纤概念,1.0,0.0,False,False,0.030547511374916736,21.66887008537974,0.0,600487 / 000070 / 002281 / 600522 / 002491
2026-05-13,13730715.544332808,0.0,光纤概念,1.0,0.0,False,False,0.00951330264937611,21.884525907221345,0.0,600487 / 000070 / 002281 / 600522 / 002491
2026-05-14,13455636.200577162,0.0,光纤概念,1.0,0.0,False,False,-0.020033868072460437,21.426060334295272,-0.020033868072460437,600487 / 000070 / 002281 / 600522 / 002491
2026-05-15,12625529.421954945,0.0,光纤概念,1.0,0.0,False,False,-0.06169212412168301,20.042549036591573,-0.0804900603183798,600487 / 000070 / 002281 / 600522 / 002491
2026-05-18,13266299.836020265,0.0,光纤概念,1.0,0.0,False,False,0.050751963949413836,21.110499726700443,-0.033823125008530575,600487 / 000070 / 002281 / 600522 / 002491
2026-05-19,13690731.054586364,0.0,光纤概念,1.0,0.0,False,False,0.03199318753626357,21.817885090977274,-0.0029120470537274956,600487 / 000070 / 002281 / 600522 / 002491
2026-05-20,14005417.243047722,0.0,光纤概念,1.0,0.0,False,False,0.022985345866971763,22.3423620717462,0.0,600487 / 000070 / 002281 / 600522 / 002491
2026-05-21,12816969.356072983,0.0,光纤概念,1.0,0.0,False,False,-0.08485629998382826,20.36161559345497,-0.08485629998382826,600487 / 000070 / 002281 / 600522 / 002491
2026-05-22,13187657.34877497,0.0,光纤概念,1.0,0.0,False,False,0.028921657094104436,20.97942891462495,-0.05838882770013065,600487 / 000070 / 002281 / 600522 / 002491
2026-05-25,13354608.375379816,0.0,光纤概念,1.0,0.0,False,False,0.012659642436065655,21.257680625633025,-0.046468366945009554,600487 / 000070 / 002281 / 600522 / 002491
2026-05-26,13207497.918758122,0.0,被动元件,1.0,27538.75159767687,False,False,-0.011015707273970055,21.012496531263537,-0.056972192291213974,000636 / 002138 / 603678 / 300408 / 300319
2026-05-27,13842315.795107292,0.0,被动元件,1.0,0.0,False,False,0.04806496130107751,22.07052632517882,-0.0116455972078513,000636 / 002138 / 603678 / 300408 / 300319
2026-05-28,14748956.447696349,0.0,被动元件,1.0,0.0,False,False,0.06549775817927217,23.581594079493915,0.0,000636 / 002138 / 603678 / 300408 / 300319
2026-05-29,14979669.112232545,0.0,被动元件,1.0,0.0,False,False,0.01564264328492415,23.966115187054243,0.0,000636 / 002138 / 603678 / 300408 / 300319
2026-06-01,15302992.778684715,0.0,被动元件,1.0,0.0,False,False,0.021584166114065884,24.504987964474523,0.0,000636 / 002138 / 603678 / 300408 / 300319
2026-06-02,16439871.77456766,0.0,被动元件,1.0,0.0,False,False,0.07429128486987757,26.3997862909461,0.0,000636 / 002138 / 603678 / 300408 / 300319
2026-06-03,17084756.505659707,0.0,被动元件,1.0,0.0,False,False,0.039226871105508154,27.47459417609951,0.0,000636 / 002138 / 603678 / 300408 / 300319
2026-06-04,17815973.610547885,0.0,被动元件,1.0,0.0,False,False,0.042799386964979425,28.693289350913144,0.0,000636 / 002138 / 603678 / 300408 / 300319
2026-06-05,18150413.809934203,0.0,被动元件,1.0,0.0,False,False,0.018771929432378265,29.250689683223673,0.0,000636 / 002138 / 603678 / 300408 / 300319
2026-06-08,17355186.497141793,0.0,被动元件,1.0,0.0,False,False,-0.04381317809719354,27.925310828569657,-0.04381317809719354,000636 / 002138 / 603678 / 300408 / 300319
2026-06-09,18829888.75402456,0.0,被动元件,1.0,0.0,False,False,0.08497184729911345,30.38314792337427,0.0,000636 / 002138 / 603678 / 300408 / 300319
2026-06-10,18367208.86094934,18367208.86094934,现金,0.0,23908.452507493883,False,False,-0.024571568059653548,29.6120147682489,-0.024571568059653548,
2026-06-11,18367208.86094934,18367208.86094934,现金,0.0,0.0,False,False,0.0,29.6120147682489,-0.024571568059653548,
2026-06-12,18367208.86094934,18367208.86094934,现金,0.0,0.0,False,False,0.0,29.6120147682489,-0.024571568059653548,
2026-06-15,18367208.86094934,18367208.86094934,现金,0.0,0.0,False,False,0.0,29.6120147682489,-0.024571568059653548,
2026-06-16,18728306.401009433,0.0,被动元件,1.0,14682.021471582208,False,False,0.01965990275353291,30.21384400168239,-0.00539473994467532,000636 / 002138 / 603678 / 300408 / 300319
2026-06-17,19524580.823526055,0.0,被动元件,1.0,0.0,False,False,0.042517161213984744,31.540968039210092,0.0,000636 / 002138 / 603678 / 300408 / 300319
2026-06-18,20582058.08443299,0.0,被动元件,1.0,0.0,False,False,0.0541613297855148,33.30343014072165,0.0,000636 / 002138 / 603678 / 300408 / 300319
2026-06-22,21122720.02187958,0.0,被动元件,1.0,0.0,False,False,0.02626860420025312,34.2045333697993,0.0,000636 / 002138 / 603678 / 300408 / 300319
2026-06-23,20208838.381795198,0.0,被动元件,1.0,0.0,False,False,-0.043265338892801486,32.681397302991996,-0.043265338892801486,000636 / 002138 / 603678 / 300408 / 300319
2026-06-24,20586677.61560143,0.0,被动元件,1.0,0.0,False,False,0.018696731928273813,33.311129359335716,-0.02537752740759236,000636 / 002138 / 603678 / 300408 / 300319
2026-06-25,21798941.335068017,0.0,被动元件,1.0,0.0,False,False,0.05888583588387686,35.33156889178003,0.0,000636 / 002138 / 603678 / 300408 / 300319
2026-06-26,21425670.000032995,21425670.000032995,现金,0.0,27889.627515813452,False,False,-0.017123369859917914,34.70945000005499,-0.017123369859917914,
2026-06-29,21425670.000032995,21425670.000032995,现金,0.0,0.0,False,False,0.0,34.70945000005499,-0.017123369859917914,
2026-06-30,22144041.6700577,0.0,存储,1.0,17126.834532400477,False,False,0.03352855103357788,35.90673611676283,0.0,603986 / 301308 / 300223 / 688525 / 000021
2026-07-01,21469694.688175537,0.0,存储,1.0,0.0,False,False,-0.03045275076383136,34.78282448029256,-0.03045275076383136,603986 / 301308 / 300223 / 688525 / 000021
2026-07-02,19365421.160823464,0.0,存储,1.0,0.0,False,False,-0.09801133914172533,31.275701934705772,-0.1254793750226444,603986 / 301308 / 300223 / 688525 / 000021
2026-07-03,19923681.14493836,0.0,存储,1.0,0.0,False,False,0.02882767069606862,32.206135241563935,-0.10026898242887716,603986 / 301308 / 300223 / 688525 / 000021
2026-07-06,20113502.109660365,0.0,存储,1.0,0.0,False,False,0.00952740426536236,32.522503516100606,-0.09169688129439124,603986 / 301308 / 300223 / 688525 / 000021
2026-07-07,18995004.7143563,0.0,存储,1.0,0.0,False,False,-0.055609281228397256,30.658341190593834,-0.1422069648631218,603986 / 301308 / 300223 / 688525 / 000021
2026-07-08,19024770.08691762,19024770.08691762,现金,0.0,24764.394826267053,False,False,0.0015670105382403765,30.7079501448627,-0.1408627941374332,
2026-07-09,19024770.08691762,19024770.08691762,现金,0.0,0.0,False,False,0.0,30.7079501448627,-0.1408627941374332,
2026-07-10,19024770.08691762,19024770.08691762,现金,0.0,0.0,False,False,0.0,30.7079501448627,-0.1408627941374332,
2026-07-13,19024770.08691762,19024770.08691762,现金,0.0,0.0,False,False,0.0,30.7079501448627,-0.1408627941374332,
2026-07-14,19024770.08691762,19024770.08691762,现金,0.0,0.0,False,False,0.0,30.7079501448627,-0.1408627941374332,
2026-07-15,19024770.08691762,19024770.08691762,现金,0.0,0.0,False,False,0.0,30.7079501448627,-0.1408627941374332,
2026-07-16,19024770.08691762,19024770.08691762,现金,0.0,0.0,False,False,0.0,30.7079501448627,-0.1408627941374332,
2026-07-17,19024770.08691762,19024770.08691762,现金,0.0,0.0,False,False,0.0,30.7079501448627,-0.1408627941374332,
2026-07-20,19024770.08691762,19024770.08691762,现金,0.0,0.0,False,False,0.0,30.7079501448627,-0.1408627941374332,
2026-07-21,19024770.08691762,19024770.08691762,现金,0.0,0.0,False,False,0.0,30.7079501448627,-0.1408627941374332,
2026-07-22,19024770.08691762,19024770.08691762,现金,0.0,0.0,False,False,0.0,30.7079501448627,-0.1408627941374332,
2026-07-23,19024770.08691762,19024770.08691762,现金,0.0,0.0,False,False,0.0,30.7079501448627,-0.1408627941374332,
2026-07-24,19024770.08691762,19024770.08691762,现金,0.0,0.0,False,False,0.0,30.7079501448627,-0.1408627941374332,
2026-07-27,19024770.08691762,19024770.08691762,现金,0.0,0.0,False,False,0.0,30.7079501448627,-0.1408627941374332,
2026-07-28,19024770.08691762,19024770.08691762,现金,0.0,0.0,False,False,0.0,30.7079501448627,-0.1408627941374332,
2026-07-29,19024770.08691762,19024770.08691762,现金,0.0,0.0,False,False,0.0,30.7079501448627,-0.1408627941374332,
2026-07-30,19024770.08691762,19024770.08691762,现金,0.0,0.0,False,False,0.0,30.7079501448627,-0.1408627941374332,
2026-07-31,19024770.08691762,19024770.08691762,现金,0.0,0.0,False,False,0.0,30.7079501448627,-0.1408627941374332,
2026-08-03,19024770.08691762,19024770.08691762,现金,0.0,0.0,False,False,0.0,30.7079501448627,-0.1408627941374332,
2026-08-04,19024770.08691762,19024770.08691762,现金,0.0,0.0,False,False,0.0,30.7079501448627,-0.1408627941374332,
2026-08-05,19024770.08691762,19024770.08691762,现金,0.0,0.0,False,False,0.0,30.7079501448627,-0.1408627941374332,
2026-08-06,19024770.08691762,19024770.08691762,现金,0.0,0.0,False,False,0.0,30.7079501448627,-0.1408627941374332,
2026-08-07,19024770.08691762,19024770.08691762,现金,0.0,0.0,False,False,0.0,30.7079501448627,-0.1408627941374332,
2026-08-10,19024770.08691762,19024770.08691762,现金,0.0,0.0,False,False,0.0,30.7079501448627,-0.1408627941374332,
2026-08-11,19024770.08691762,19024770.08691762,现金,0.0,0.0,False,False,0.0,30.7079501448627,-0.1408627941374332,
2026-08-12,19292088.357436188,0.0,黄金概念,1.0,15207.64994957444,False,False,0.014051064443737493,31.153480595726982,-0.12879100189184567,600547 / 601899 / 600489 / 000975 / 002237
2026-08-13,18528202.068115573,0.0,黄金概念,1.0,0.0,False,False,-0.03959583198913619,29.88033678019262,-0.16328724700835984,600547 / 601899 / 600489 / 000975 / 002237
2026-08-14,18602184.293457955,0.0,黄金概念,1.0,0.0,False,False,0.003992952207148903,30.003640489096593,-0.15994629297455232,600547 / 601899 / 600489 / 000975 / 002237
2026-08-17,19051869.61543417,19051869.61543417,现金,0.0,24799.670071156925,False,False,0.024173791361391972,30.753116025723617,-0.13963900992855527,
2026-08-18,19051869.61543417,19051869.61543417,现金,0.0,0.0,False,False,0.0,30.753116025723617,-0.13963900992855527,
2026-08-19,19051869.61543417,19051869.61543417,现金,0.0,0.0,False,False,0.0,30.753116025723617,-0.13963900992855527,
2026-08-20,19051869.61543417,19051869.61543417,现金,0.0,0.0,False,False,0.0,30.753116025723617,-0.13963900992855527,
2026-08-21,19393602.67320556,0.0,黄金概念,1.0,15229.312242553295,False,False,0.01793698280900191,31.32267112200926,-0.12420672964010793,600547 / 601899 / 600489 / 000975 / 002237
2026-08-24,19341988.143830933,0.0,黄金概念,1.0,0.0,False,False,-0.0026614203788931645,31.23664690638489,-0.1265375836975412,600547 / 601899 / 600489 / 000975 / 002237
2026-08-25,18684581.624079052,0.0,黄金概念,1.0,0.0,False,False,-0.033988570092343795,30.140969373465087,-0.1562253222570653,600547 / 601899 / 600489 / 000975 / 002237
2026-08-26,18703392.57226657,0.0,黄金概念,1.0,0.0,False,False,0.0010067631465333626,30.172320953777618,-0.15537584100753554,600547 / 601899 / 600489 / 000975 / 002237
2026-08-27,18908189.72563222,0.0,黄金概念,1.0,0.0,False,False,0.010949732920075839,30.51364954272037,-0.14612743204872447,600547 / 601899 / 600489 / 000975 / 002237
2026-08-28,19031692.28521221,0.0,黄金概念,1.0,0.0,False,False,0.00653169665483988,30.719487142020352,-0.14055019545297753,600547 / 601899 / 600489 / 000975 / 002237
2026-08-31,19046320.891572945,0.0,液冷,1.0,37874.086159167695,False,False,0.0007686445399339714,30.743868152621573,-0.13988958405336505,002837 / 300499 / 301018 / 300249 / 600510
2026-09-01,18765547.631852943,0.0,液冷,1.0,0.0,False,False,-0.014741600822457457,30.275912719754906,-0.1525689884684882,002837 / 300499 / 301018 / 300249 / 600510
2026-09-02,18784304.635517403,0.0,液冷,1.0,0.0,False,False,0.0009995446992776547,30.307174392529006,-0.15172194329290845,002837 / 300499 / 301018 / 300249 / 600510
2026-09-03,19366927.886478,0.0,液冷,1.0,0.0,False,False,0.0310164928787926,31.27821314413,-0.12541133298781693,002837 / 300499 / 301018 / 300249 / 600510
2026-09-04,18445500.262678895,0.0,液冷,1.0,0.0,False,False,-0.047577376711483765,29.74250043779816,-0.16702196746584996,002837 / 300499 / 301018 / 300249 / 600510
2026-09-07,18989669.48879963,0.0,液冷,1.0,0.0,False,False,0.02950146205694204,30.649449147999388,-0.1424478976447775,002837 / 300499 / 301018 / 300249 / 600510
2026-09-08,18456440.71332787,0.0,液冷,1.0,0.0,False,False,-0.0280799397686341,29.760734522213117,-0.16652790902737769,002837 / 300499 / 301018 / 300249 / 600510
2026-09-09,18452041.05113759,18452041.05113759,现金,0.0,24018.877907758953,False,False,-0.00023838085894334338,29.753401751895982,-0.1667265928203291,
2026-09-10,18452041.05113759,18452041.05113759,现金,0.0,0.0,False,False,0.0,29.753401751895982,-0.1667265928203291,
2026-09-11,18452041.05113759,18452041.05113759,现金,0.0,0.0,False,False,0.0,29.753401751895982,-0.1667265928203291,
2026-09-14,18452041.05113759,18452041.05113759,现金,0.0,0.0,False,False,0.0,29.753401751895982,-0.1667265928203291,
2026-09-15,18452041.05113759,18452041.05113759,现金,0.0,0.0,False,False,0.0,29.753401751895982,-0.1667265928203291,
